ISO-10303-21;
HEADER;
/* Generated by software containing ST-Developer
 * from STEP Tools, Inc. (www.steptools.com) 
 */

FILE_DESCRIPTION(
/* description */ (''),
/* implementation_level */ '2;1');

FILE_NAME(
/* name */ 'V02_caseA_04.12.24.step',
/* time_stamp */ '2024-12-04T18:05:19+03:00',
/* author */ (''),
/* organization */ (''),
/* preprocessor_version */ 'ST-DEVELOPER v20',
/* originating_system */ 'Autodesk Translation Framework v13.20.0.188',

/* authorisation */ '');

FILE_SCHEMA (('AUTOMOTIVE_DESIGN { 1 0 10303 214 3 1 1 }'));
ENDSEC;

DATA;
#10=MECHANICAL_DESIGN_GEOMETRIC_PRESENTATION_REPRESENTATION('',(#13),#5179);
#11=SHAPE_REPRESENTATION_RELATIONSHIP('SRR','None',#5185,#12);
#12=ADVANCED_BREP_SHAPE_REPRESENTATION('',(#14),#5178);
#13=STYLED_ITEM('',(#5197),#14);
#14=MANIFOLD_SOLID_BREP('bottom case',#3109);
#15=CONICAL_SURFACE('',#3233,2.05,0.78539816339764);
#16=CONICAL_SURFACE('',#3243,2.04999999999995,0.785398163397462);
#17=CONICAL_SURFACE('',#3261,2.04999999999996,0.785398163397358);
#18=CONICAL_SURFACE('',#3273,2.05,0.785398163397521);
#19=(
BOUNDED_SURFACE()
B_SPLINE_SURFACE(2,2,((#4581,#4582,#4583),(#4584,#4585,#4586),(#4587,#4588,
#4589)),.UNSPECIFIED.,.F.,.F.,.F.)
B_SPLINE_SURFACE_WITH_KNOTS((3,3),(3,3),(1.73564597129704E-15,1.5707963267949),
(-3.14159265978138,-1.5707963267948),.UNSPECIFIED.)
GEOMETRIC_REPRESENTATION_ITEM()
RATIONAL_B_SPLINE_SURFACE(((1.,0.707106778997455,1.),(0.707106781186556,
0.499999998452084,0.707106781186556),(1.,0.707106778997455,1.)))
REPRESENTATION_ITEM('')
SURFACE()
);
#20=(
BOUNDED_SURFACE()
B_SPLINE_SURFACE(2,2,((#4599,#4600,#4601),(#4602,#4603,#4604),(#4605,#4606,
#4607)),.UNSPECIFIED.,.F.,.F.,.F.)
B_SPLINE_SURFACE_WITH_KNOTS((3,3),(3,3),(-7.58615219210339E-15,1.57079632679737),
(-1.57079632686682,3.293039010729E-14),.UNSPECIFIED.)
GEOMETRIC_REPRESENTATION_ITEM()
RATIONAL_B_SPLINE_SURFACE(((1.,0.707106781161107,1.),(0.707106781185668,
0.499999999981389,0.707106781185668),(1.,0.707106781161107,1.)))
REPRESENTATION_ITEM('')
SURFACE()
);
#21=(
BOUNDED_SURFACE()
B_SPLINE_SURFACE(2,2,((#4615,#4616,#4617),(#4618,#4619,#4620),(#4621,#4622,
#4623)),.UNSPECIFIED.,.F.,.F.,.F.)
B_SPLINE_SURFACE_WITH_KNOTS((3,3),(3,3),(-7.67162222962915E-15,1.5707963267949),
(-2.19366942639525E-13,1.57079632679519),.UNSPECIFIED.)
GEOMETRIC_REPRESENTATION_ITEM()
RATIONAL_B_SPLINE_SURFACE(((1.,0.707106781186367,1.),(0.707106781186553,
0.499999999999876,0.707106781186553),(1.,0.707106781186367,1.)))
REPRESENTATION_ITEM('')
SURFACE()
);
#22=(
BOUNDED_SURFACE()
B_SPLINE_SURFACE(2,2,((#4631,#4632,#4633),(#4634,#4635,#4636),(#4637,#4638,
#4639)),.UNSPECIFIED.,.F.,.F.,.F.)
B_SPLINE_SURFACE_WITH_KNOTS((3,3),(3,3),(-2.02456685614475E-14,1.5707963267949),
(1.5707963266324,3.14159265358979),.UNSPECIFIED.)
GEOMETRIC_REPRESENTATION_ITEM()
RATIONAL_B_SPLINE_SURFACE(((1.,0.707106781129097,1.),(0.707106781186523,
0.499999999959359,0.707106781186523),(1.,0.707106781129097,1.)))
REPRESENTATION_ITEM('')
SURFACE()
);
#23=FACE_BOUND('',#346,.T.);
#24=FACE_BOUND('',#347,.T.);
#25=FACE_BOUND('',#348,.T.);
#26=FACE_BOUND('',#349,.T.);
#27=FACE_BOUND('',#350,.T.);
#28=FACE_BOUND('',#351,.T.);
#29=FACE_BOUND('',#352,.T.);
#30=FACE_BOUND('',#383,.T.);
#31=FACE_BOUND('',#457,.T.);
#32=FACE_BOUND('',#471,.T.);
#33=FACE_BOUND('',#473,.T.);
#34=FACE_BOUND('',#475,.T.);
#35=FACE_BOUND('',#477,.T.);
#36=FACE_BOUND('',#499,.T.);
#37=FACE_BOUND('',#500,.T.);
#38=FACE_BOUND('',#501,.T.);
#39=FACE_BOUND('',#502,.T.);
#40=FACE_BOUND('',#503,.T.);
#41=FACE_BOUND('',#504,.T.);
#42=TOROIDAL_SURFACE('',#3127,1.49999992250451,1.);
#43=TOROIDAL_SURFACE('',#3133,1.5,1.);
#44=TOROIDAL_SURFACE('',#3139,1.5,1.);
#45=TOROIDAL_SURFACE('',#3145,1.50000000055266,1.);
#46=TOROIDAL_SURFACE('',#3170,0.98,0.48);
#47=TOROIDAL_SURFACE('',#3175,0.979999999999998,0.48);
#48=TOROIDAL_SURFACE('',#3180,0.98,0.48);
#49=TOROIDAL_SURFACE('',#3185,0.979999999999998,0.48);
#50=PLANE('',#3114);
#51=PLANE('',#3118);
#52=PLANE('',#3119);
#53=PLANE('',#3123);
#54=PLANE('',#3150);
#55=PLANE('',#3153);
#56=PLANE('',#3154);
#57=PLANE('',#3189);
#58=PLANE('',#3192);
#59=PLANE('',#3201);
#60=PLANE('',#3202);
#61=PLANE('',#3203);
#62=PLANE('',#3204);
#63=PLANE('',#3223);
#64=PLANE('',#3228);
#65=PLANE('',#3229);
#66=PLANE('',#3230);
#67=PLANE('',#3231);
#68=PLANE('',#3232);
#69=PLANE('',#3236);
#70=PLANE('',#3237);
#71=PLANE('',#3239);
#72=PLANE('',#3240);
#73=PLANE('',#3241);
#74=PLANE('',#3242);
#75=PLANE('',#3246);
#76=PLANE('',#3247);
#77=PLANE('',#3249);
#78=PLANE('',#3250);
#79=PLANE('',#3251);
#80=PLANE('',#3252);
#81=PLANE('',#3253);
#82=PLANE('',#3254);
#83=PLANE('',#3255);
#84=PLANE('',#3256);
#85=PLANE('',#3257);
#86=PLANE('',#3258);
#87=PLANE('',#3259);
#88=PLANE('',#3260);
#89=PLANE('',#3264);
#90=PLANE('',#3265);
#91=PLANE('',#3266);
#92=PLANE('',#3267);
#93=PLANE('',#3269);
#94=PLANE('',#3270);
#95=PLANE('',#3271);
#96=PLANE('',#3272);
#97=PLANE('',#3276);
#98=PLANE('',#3277);
#99=PLANE('',#3279);
#100=PLANE('',#3280);
#101=PLANE('',#3281);
#102=PLANE('',#3282);
#103=PLANE('',#3283);
#104=PLANE('',#3284);
#105=PLANE('',#3285);
#106=PLANE('',#3286);
#107=PLANE('',#3287);
#108=PLANE('',#3288);
#109=PLANE('',#3289);
#110=PLANE('',#3290);
#111=PLANE('',#3291);
#112=PLANE('',#3292);
#113=PLANE('',#3293);
#114=PLANE('',#3294);
#115=PLANE('',#3295);
#116=PLANE('',#3296);
#117=PLANE('',#3297);
#118=PLANE('',#3298);
#119=PLANE('',#3299);
#120=PLANE('',#3300);
#121=PLANE('',#3301);
#122=PLANE('',#3302);
#123=PLANE('',#3303);
#124=PLANE('',#3304);
#125=PLANE('',#3305);
#126=PLANE('',#3306);
#127=PLANE('',#3307);
#128=PLANE('',#3308);
#129=PLANE('',#3313);
#130=PLANE('',#3314);
#131=PLANE('',#3315);
#132=PLANE('',#3316);
#133=PLANE('',#3317);
#134=PLANE('',#3318);
#135=PLANE('',#3319);
#136=PLANE('',#3320);
#137=PLANE('',#3321);
#138=PLANE('',#3322);
#139=PLANE('',#3323);
#140=PLANE('',#3324);
#141=PLANE('',#3325);
#142=PLANE('',#3328);
#143=PLANE('',#3331);
#144=PLANE('',#3334);
#145=PLANE('',#3345);
#146=PLANE('',#3348);
#147=PLANE('',#3351);
#148=PLANE('',#3354);
#149=PLANE('',#3357);
#150=PLANE('',#3358);
#151=PLANE('',#3359);
#152=PLANE('',#3360);
#153=PLANE('',#3365);
#154=PLANE('',#3371);
#155=PLANE('',#3373);
#156=PLANE('',#3375);
#157=PLANE('',#3377);
#158=FACE_OUTER_BOUND('',#326,.T.);
#159=FACE_OUTER_BOUND('',#327,.T.);
#160=FACE_OUTER_BOUND('',#328,.T.);
#161=FACE_OUTER_BOUND('',#329,.T.);
#162=FACE_OUTER_BOUND('',#330,.T.);
#163=FACE_OUTER_BOUND('',#331,.T.);
#164=FACE_OUTER_BOUND('',#332,.T.);
#165=FACE_OUTER_BOUND('',#333,.T.);
#166=FACE_OUTER_BOUND('',#334,.T.);
#167=FACE_OUTER_BOUND('',#335,.T.);
#168=FACE_OUTER_BOUND('',#336,.T.);
#169=FACE_OUTER_BOUND('',#337,.T.);
#170=FACE_OUTER_BOUND('',#338,.T.);
#171=FACE_OUTER_BOUND('',#339,.T.);
#172=FACE_OUTER_BOUND('',#340,.T.);
#173=FACE_OUTER_BOUND('',#341,.T.);
#174=FACE_OUTER_BOUND('',#342,.T.);
#175=FACE_OUTER_BOUND('',#343,.T.);
#176=FACE_OUTER_BOUND('',#344,.T.);
#177=FACE_OUTER_BOUND('',#345,.T.);
#178=FACE_OUTER_BOUND('',#353,.T.);
#179=FACE_OUTER_BOUND('',#354,.T.);
#180=FACE_OUTER_BOUND('',#355,.T.);
#181=FACE_OUTER_BOUND('',#356,.T.);
#182=FACE_OUTER_BOUND('',#357,.T.);
#183=FACE_OUTER_BOUND('',#358,.T.);
#184=FACE_OUTER_BOUND('',#359,.T.);
#185=FACE_OUTER_BOUND('',#360,.T.);
#186=FACE_OUTER_BOUND('',#361,.T.);
#187=FACE_OUTER_BOUND('',#362,.T.);
#188=FACE_OUTER_BOUND('',#363,.T.);
#189=FACE_OUTER_BOUND('',#364,.T.);
#190=FACE_OUTER_BOUND('',#365,.T.);
#191=FACE_OUTER_BOUND('',#366,.T.);
#192=FACE_OUTER_BOUND('',#367,.T.);
#193=FACE_OUTER_BOUND('',#368,.T.);
#194=FACE_OUTER_BOUND('',#369,.T.);
#195=FACE_OUTER_BOUND('',#370,.T.);
#196=FACE_OUTER_BOUND('',#371,.T.);
#197=FACE_OUTER_BOUND('',#372,.T.);
#198=FACE_OUTER_BOUND('',#373,.T.);
#199=FACE_OUTER_BOUND('',#374,.T.);
#200=FACE_OUTER_BOUND('',#375,.T.);
#201=FACE_OUTER_BOUND('',#376,.T.);
#202=FACE_OUTER_BOUND('',#377,.T.);
#203=FACE_OUTER_BOUND('',#378,.T.);
#204=FACE_OUTER_BOUND('',#379,.T.);
#205=FACE_OUTER_BOUND('',#380,.T.);
#206=FACE_OUTER_BOUND('',#381,.T.);
#207=FACE_OUTER_BOUND('',#382,.T.);
#208=FACE_OUTER_BOUND('',#384,.T.);
#209=FACE_OUTER_BOUND('',#385,.T.);
#210=FACE_OUTER_BOUND('',#386,.T.);
#211=FACE_OUTER_BOUND('',#387,.T.);
#212=FACE_OUTER_BOUND('',#388,.T.);
#213=FACE_OUTER_BOUND('',#389,.T.);
#214=FACE_OUTER_BOUND('',#390,.T.);
#215=FACE_OUTER_BOUND('',#391,.T.);
#216=FACE_OUTER_BOUND('',#392,.T.);
#217=FACE_OUTER_BOUND('',#393,.T.);
#218=FACE_OUTER_BOUND('',#394,.T.);
#219=FACE_OUTER_BOUND('',#395,.T.);
#220=FACE_OUTER_BOUND('',#396,.T.);
#221=FACE_OUTER_BOUND('',#397,.T.);
#222=FACE_OUTER_BOUND('',#398,.T.);
#223=FACE_OUTER_BOUND('',#399,.T.);
#224=FACE_OUTER_BOUND('',#400,.T.);
#225=FACE_OUTER_BOUND('',#401,.T.);
#226=FACE_OUTER_BOUND('',#402,.T.);
#227=FACE_OUTER_BOUND('',#403,.T.);
#228=FACE_OUTER_BOUND('',#404,.T.);
#229=FACE_OUTER_BOUND('',#405,.T.);
#230=FACE_OUTER_BOUND('',#406,.T.);
#231=FACE_OUTER_BOUND('',#407,.T.);
#232=FACE_OUTER_BOUND('',#408,.T.);
#233=FACE_OUTER_BOUND('',#409,.T.);
#234=FACE_OUTER_BOUND('',#410,.T.);
#235=FACE_OUTER_BOUND('',#411,.T.);
#236=FACE_OUTER_BOUND('',#412,.T.);
#237=FACE_OUTER_BOUND('',#413,.T.);
#238=FACE_OUTER_BOUND('',#414,.T.);
#239=FACE_OUTER_BOUND('',#415,.T.);
#240=FACE_OUTER_BOUND('',#416,.T.);
#241=FACE_OUTER_BOUND('',#417,.T.);
#242=FACE_OUTER_BOUND('',#418,.T.);
#243=FACE_OUTER_BOUND('',#419,.T.);
#244=FACE_OUTER_BOUND('',#420,.T.);
#245=FACE_OUTER_BOUND('',#421,.T.);
#246=FACE_OUTER_BOUND('',#422,.T.);
#247=FACE_OUTER_BOUND('',#423,.T.);
#248=FACE_OUTER_BOUND('',#424,.T.);
#249=FACE_OUTER_BOUND('',#425,.T.);
#250=FACE_OUTER_BOUND('',#426,.T.);
#251=FACE_OUTER_BOUND('',#427,.T.);
#252=FACE_OUTER_BOUND('',#428,.T.);
#253=FACE_OUTER_BOUND('',#429,.T.);
#254=FACE_OUTER_BOUND('',#430,.T.);
#255=FACE_OUTER_BOUND('',#431,.T.);
#256=FACE_OUTER_BOUND('',#432,.T.);
#257=FACE_OUTER_BOUND('',#433,.T.);
#258=FACE_OUTER_BOUND('',#434,.T.);
#259=FACE_OUTER_BOUND('',#435,.T.);
#260=FACE_OUTER_BOUND('',#436,.T.);
#261=FACE_OUTER_BOUND('',#437,.T.);
#262=FACE_OUTER_BOUND('',#438,.T.);
#263=FACE_OUTER_BOUND('',#439,.T.);
#264=FACE_OUTER_BOUND('',#440,.T.);
#265=FACE_OUTER_BOUND('',#441,.T.);
#266=FACE_OUTER_BOUND('',#442,.T.);
#267=FACE_OUTER_BOUND('',#443,.T.);
#268=FACE_OUTER_BOUND('',#444,.T.);
#269=FACE_OUTER_BOUND('',#445,.T.);
#270=FACE_OUTER_BOUND('',#446,.T.);
#271=FACE_OUTER_BOUND('',#447,.T.);
#272=FACE_OUTER_BOUND('',#448,.T.);
#273=FACE_OUTER_BOUND('',#449,.T.);
#274=FACE_OUTER_BOUND('',#450,.T.);
#275=FACE_OUTER_BOUND('',#451,.T.);
#276=FACE_OUTER_BOUND('',#452,.T.);
#277=FACE_OUTER_BOUND('',#453,.T.);
#278=FACE_OUTER_BOUND('',#454,.T.);
#279=FACE_OUTER_BOUND('',#455,.T.);
#280=FACE_OUTER_BOUND('',#456,.T.);
#281=FACE_OUTER_BOUND('',#458,.T.);
#282=FACE_OUTER_BOUND('',#459,.T.);
#283=FACE_OUTER_BOUND('',#460,.T.);
#284=FACE_OUTER_BOUND('',#461,.T.);
#285=FACE_OUTER_BOUND('',#462,.T.);
#286=FACE_OUTER_BOUND('',#463,.T.);
#287=FACE_OUTER_BOUND('',#464,.T.);
#288=FACE_OUTER_BOUND('',#465,.T.);
#289=FACE_OUTER_BOUND('',#466,.T.);
#290=FACE_OUTER_BOUND('',#467,.T.);
#291=FACE_OUTER_BOUND('',#468,.T.);
#292=FACE_OUTER_BOUND('',#469,.T.);
#293=FACE_OUTER_BOUND('',#470,.T.);
#294=FACE_OUTER_BOUND('',#472,.T.);
#295=FACE_OUTER_BOUND('',#474,.T.);
#296=FACE_OUTER_BOUND('',#476,.T.);
#297=FACE_OUTER_BOUND('',#478,.T.);
#298=FACE_OUTER_BOUND('',#479,.T.);
#299=FACE_OUTER_BOUND('',#480,.T.);
#300=FACE_OUTER_BOUND('',#481,.T.);
#301=FACE_OUTER_BOUND('',#482,.T.);
#302=FACE_OUTER_BOUND('',#483,.T.);
#303=FACE_OUTER_BOUND('',#484,.T.);
#304=FACE_OUTER_BOUND('',#485,.T.);
#305=FACE_OUTER_BOUND('',#486,.T.);
#306=FACE_OUTER_BOUND('',#487,.T.);
#307=FACE_OUTER_BOUND('',#488,.T.);
#308=FACE_OUTER_BOUND('',#489,.T.);
#309=FACE_OUTER_BOUND('',#490,.T.);
#310=FACE_OUTER_BOUND('',#491,.T.);
#311=FACE_OUTER_BOUND('',#492,.T.);
#312=FACE_OUTER_BOUND('',#493,.T.);
#313=FACE_OUTER_BOUND('',#494,.T.);
#314=FACE_OUTER_BOUND('',#495,.T.);
#315=FACE_OUTER_BOUND('',#496,.T.);
#316=FACE_OUTER_BOUND('',#497,.T.);
#317=FACE_OUTER_BOUND('',#498,.T.);
#318=FACE_OUTER_BOUND('',#505,.T.);
#319=FACE_OUTER_BOUND('',#506,.T.);
#320=FACE_OUTER_BOUND('',#507,.T.);
#321=FACE_OUTER_BOUND('',#508,.T.);
#322=FACE_OUTER_BOUND('',#509,.T.);
#323=FACE_OUTER_BOUND('',#510,.T.);
#324=FACE_OUTER_BOUND('',#511,.T.);
#325=FACE_OUTER_BOUND('',#512,.T.);
#326=EDGE_LOOP('',(#2015,#2016,#2017,#2018));
#327=EDGE_LOOP('',(#2019,#2020,#2021,#2022));
#328=EDGE_LOOP('',(#2023,#2024,#2025,#2026));
#329=EDGE_LOOP('',(#2027,#2028,#2029,#2030));
#330=EDGE_LOOP('',(#2031,#2032,#2033,#2034));
#331=EDGE_LOOP('',(#2035,#2036,#2037,#2038));
#332=EDGE_LOOP('',(#2039,#2040,#2041,#2042,#2043,#2044));
#333=EDGE_LOOP('',(#2045,#2046,#2047,#2048));
#334=EDGE_LOOP('',(#2049,#2050,#2051,#2052));
#335=EDGE_LOOP('',(#2053,#2054,#2055,#2056));
#336=EDGE_LOOP('',(#2057,#2058,#2059,#2060));
#337=EDGE_LOOP('',(#2061,#2062,#2063,#2064));
#338=EDGE_LOOP('',(#2065,#2066,#2067,#2068));
#339=EDGE_LOOP('',(#2069,#2070,#2071,#2072));
#340=EDGE_LOOP('',(#2073,#2074,#2075,#2076));
#341=EDGE_LOOP('',(#2077,#2078,#2079,#2080));
#342=EDGE_LOOP('',(#2081,#2082,#2083,#2084));
#343=EDGE_LOOP('',(#2085,#2086,#2087,#2088));
#344=EDGE_LOOP('',(#2089,#2090,#2091,#2092));
#345=EDGE_LOOP('',(#2093,#2094,#2095,#2096,#2097,#2098,#2099,#2100,#2101,
#2102,#2103,#2104,#2105,#2106,#2107,#2108,#2109,#2110,#2111,#2112,#2113,
#2114,#2115,#2116,#2117,#2118,#2119,#2120,#2121,#2122,#2123,#2124,#2125,
#2126,#2127,#2128,#2129,#2130,#2131,#2132,#2133,#2134,#2135,#2136,#2137,
#2138,#2139,#2140,#2141,#2142,#2143,#2144,#2145,#2146,#2147,#2148,#2149,
#2150,#2151,#2152));
#346=EDGE_LOOP('',(#2153,#2154,#2155,#2156,#2157,#2158));
#347=EDGE_LOOP('',(#2159,#2160,#2161,#2162,#2163,#2164,#2165,#2166));
#348=EDGE_LOOP('',(#2167));
#349=EDGE_LOOP('',(#2168));
#350=EDGE_LOOP('',(#2169));
#351=EDGE_LOOP('',(#2170));
#352=EDGE_LOOP('',(#2171,#2172,#2173,#2174,#2175,#2176,#2177,#2178));
#353=EDGE_LOOP('',(#2179,#2180,#2181,#2182));
#354=EDGE_LOOP('',(#2183,#2184,#2185,#2186));
#355=EDGE_LOOP('',(#2187,#2188,#2189,#2190));
#356=EDGE_LOOP('',(#2191,#2192,#2193,#2194));
#357=EDGE_LOOP('',(#2195,#2196,#2197,#2198));
#358=EDGE_LOOP('',(#2199,#2200,#2201,#2202));
#359=EDGE_LOOP('',(#2203,#2204,#2205,#2206));
#360=EDGE_LOOP('',(#2207,#2208,#2209,#2210));
#361=EDGE_LOOP('',(#2211,#2212,#2213,#2214));
#362=EDGE_LOOP('',(#2215,#2216,#2217,#2218));
#363=EDGE_LOOP('',(#2219,#2220,#2221,#2222));
#364=EDGE_LOOP('',(#2223,#2224,#2225,#2226,#2227));
#365=EDGE_LOOP('',(#2228,#2229,#2230,#2231));
#366=EDGE_LOOP('',(#2232,#2233,#2234,#2235));
#367=EDGE_LOOP('',(#2236,#2237,#2238,#2239));
#368=EDGE_LOOP('',(#2240,#2241,#2242,#2243));
#369=EDGE_LOOP('',(#2244,#2245,#2246,#2247));
#370=EDGE_LOOP('',(#2248,#2249,#2250,#2251));
#371=EDGE_LOOP('',(#2252,#2253,#2254,#2255));
#372=EDGE_LOOP('',(#2256,#2257,#2258,#2259));
#373=EDGE_LOOP('',(#2260,#2261,#2262,#2263));
#374=EDGE_LOOP('',(#2264,#2265,#2266,#2267));
#375=EDGE_LOOP('',(#2268,#2269,#2270,#2271));
#376=EDGE_LOOP('',(#2272,#2273,#2274,#2275));
#377=EDGE_LOOP('',(#2276,#2277,#2278,#2279));
#378=EDGE_LOOP('',(#2280,#2281,#2282,#2283));
#379=EDGE_LOOP('',(#2284,#2285,#2286,#2287));
#380=EDGE_LOOP('',(#2288,#2289,#2290,#2291));
#381=EDGE_LOOP('',(#2292,#2293,#2294,#2295));
#382=EDGE_LOOP('',(#2296,#2297,#2298,#2299,#2300,#2301,#2302,#2303,#2304));
#383=EDGE_LOOP('',(#2305,#2306,#2307,#2308,#2309,#2310,#2311,#2312));
#384=EDGE_LOOP('',(#2313,#2314,#2315,#2316));
#385=EDGE_LOOP('',(#2317,#2318,#2319,#2320));
#386=EDGE_LOOP('',(#2321,#2322,#2323,#2324));
#387=EDGE_LOOP('',(#2325,#2326,#2327,#2328));
#388=EDGE_LOOP('',(#2329,#2330,#2331,#2332));
#389=EDGE_LOOP('',(#2333,#2334,#2335,#2336));
#390=EDGE_LOOP('',(#2337,#2338,#2339,#2340));
#391=EDGE_LOOP('',(#2341,#2342,#2343,#2344));
#392=EDGE_LOOP('',(#2345,#2346,#2347,#2348));
#393=EDGE_LOOP('',(#2349,#2350,#2351,#2352));
#394=EDGE_LOOP('',(#2353,#2354,#2355,#2356));
#395=EDGE_LOOP('',(#2357,#2358,#2359,#2360));
#396=EDGE_LOOP('',(#2361,#2362,#2363,#2364));
#397=EDGE_LOOP('',(#2365,#2366,#2367,#2368));
#398=EDGE_LOOP('',(#2369,#2370,#2371,#2372));
#399=EDGE_LOOP('',(#2373,#2374,#2375,#2376));
#400=EDGE_LOOP('',(#2377,#2378,#2379,#2380));
#401=EDGE_LOOP('',(#2381,#2382,#2383,#2384));
#402=EDGE_LOOP('',(#2385,#2386,#2387,#2388));
#403=EDGE_LOOP('',(#2389,#2390,#2391,#2392));
#404=EDGE_LOOP('',(#2393,#2394,#2395,#2396));
#405=EDGE_LOOP('',(#2397,#2398,#2399,#2400));
#406=EDGE_LOOP('',(#2401,#2402,#2403,#2404));
#407=EDGE_LOOP('',(#2405,#2406,#2407,#2408));
#408=EDGE_LOOP('',(#2409,#2410,#2411,#2412));
#409=EDGE_LOOP('',(#2413,#2414,#2415,#2416));
#410=EDGE_LOOP('',(#2417,#2418,#2419,#2420));
#411=EDGE_LOOP('',(#2421,#2422,#2423,#2424));
#412=EDGE_LOOP('',(#2425,#2426,#2427,#2428));
#413=EDGE_LOOP('',(#2429,#2430,#2431,#2432));
#414=EDGE_LOOP('',(#2433,#2434,#2435,#2436));
#415=EDGE_LOOP('',(#2437,#2438,#2439,#2440));
#416=EDGE_LOOP('',(#2441,#2442,#2443,#2444));
#417=EDGE_LOOP('',(#2445,#2446,#2447,#2448));
#418=EDGE_LOOP('',(#2449,#2450,#2451,#2452));
#419=EDGE_LOOP('',(#2453,#2454,#2455,#2456));
#420=EDGE_LOOP('',(#2457,#2458,#2459,#2460));
#421=EDGE_LOOP('',(#2461,#2462,#2463,#2464));
#422=EDGE_LOOP('',(#2465,#2466,#2467,#2468));
#423=EDGE_LOOP('',(#2469,#2470,#2471,#2472));
#424=EDGE_LOOP('',(#2473,#2474,#2475,#2476));
#425=EDGE_LOOP('',(#2477,#2478,#2479,#2480));
#426=EDGE_LOOP('',(#2481,#2482,#2483,#2484));
#427=EDGE_LOOP('',(#2485,#2486,#2487,#2488));
#428=EDGE_LOOP('',(#2489,#2490,#2491,#2492));
#429=EDGE_LOOP('',(#2493,#2494,#2495,#2496));
#430=EDGE_LOOP('',(#2497,#2498,#2499,#2500));
#431=EDGE_LOOP('',(#2501,#2502,#2503,#2504));
#432=EDGE_LOOP('',(#2505,#2506,#2507,#2508));
#433=EDGE_LOOP('',(#2509,#2510,#2511,#2512,#2513));
#434=EDGE_LOOP('',(#2514,#2515,#2516,#2517,#2518));
#435=EDGE_LOOP('',(#2519,#2520,#2521,#2522));
#436=EDGE_LOOP('',(#2523,#2524,#2525,#2526,#2527));
#437=EDGE_LOOP('',(#2528,#2529,#2530,#2531,#2532));
#438=EDGE_LOOP('',(#2533,#2534,#2535,#2536));
#439=EDGE_LOOP('',(#2537,#2538,#2539,#2540,#2541));
#440=EDGE_LOOP('',(#2542,#2543,#2544,#2545,#2546));
#441=EDGE_LOOP('',(#2547,#2548,#2549,#2550));
#442=EDGE_LOOP('',(#2551,#2552,#2553,#2554,#2555));
#443=EDGE_LOOP('',(#2556,#2557,#2558,#2559,#2560));
#444=EDGE_LOOP('',(#2561,#2562,#2563,#2564));
#445=EDGE_LOOP('',(#2565,#2566,#2567,#2568,#2569));
#446=EDGE_LOOP('',(#2570,#2571,#2572,#2573,#2574));
#447=EDGE_LOOP('',(#2575,#2576,#2577,#2578));
#448=EDGE_LOOP('',(#2579,#2580,#2581,#2582,#2583));
#449=EDGE_LOOP('',(#2584,#2585,#2586,#2587,#2588));
#450=EDGE_LOOP('',(#2589,#2590,#2591,#2592));
#451=EDGE_LOOP('',(#2593,#2594,#2595,#2596,#2597));
#452=EDGE_LOOP('',(#2598,#2599,#2600,#2601,#2602));
#453=EDGE_LOOP('',(#2603,#2604,#2605,#2606));
#454=EDGE_LOOP('',(#2607,#2608,#2609,#2610,#2611));
#455=EDGE_LOOP('',(#2612,#2613,#2614,#2615,#2616));
#456=EDGE_LOOP('',(#2617,#2618,#2619,#2620,#2621,#2622,#2623,#2624,#2625,
#2626,#2627,#2628));
#457=EDGE_LOOP('',(#2629,#2630,#2631,#2632,#2633,#2634,#2635,#2636,#2637,
#2638,#2639,#2640,#2641,#2642,#2643,#2644,#2645,#2646,#2647,#2648,#2649,
#2650,#2651,#2652,#2653,#2654,#2655,#2656,#2657,#2658,#2659,#2660,#2661,
#2662,#2663,#2664,#2665,#2666,#2667,#2668,#2669,#2670,#2671,#2672,#2673,
#2674,#2675,#2676,#2677,#2678,#2679,#2680,#2681,#2682,#2683,#2684,#2685,
#2686,#2687,#2688));
#458=EDGE_LOOP('',(#2689,#2690,#2691,#2692));
#459=EDGE_LOOP('',(#2693,#2694,#2695,#2696,#2697));
#460=EDGE_LOOP('',(#2698,#2699,#2700,#2701,#2702));
#461=EDGE_LOOP('',(#2703,#2704,#2705,#2706));
#462=EDGE_LOOP('',(#2707,#2708,#2709,#2710,#2711));
#463=EDGE_LOOP('',(#2712,#2713,#2714,#2715,#2716));
#464=EDGE_LOOP('',(#2717,#2718,#2719,#2720));
#465=EDGE_LOOP('',(#2721,#2722,#2723,#2724,#2725));
#466=EDGE_LOOP('',(#2726,#2727,#2728,#2729,#2730));
#467=EDGE_LOOP('',(#2731,#2732,#2733,#2734));
#468=EDGE_LOOP('',(#2735,#2736,#2737,#2738,#2739));
#469=EDGE_LOOP('',(#2740,#2741,#2742,#2743,#2744));
#470=EDGE_LOOP('',(#2745));
#471=EDGE_LOOP('',(#2746));
#472=EDGE_LOOP('',(#2747));
#473=EDGE_LOOP('',(#2748));
#474=EDGE_LOOP('',(#2749));
#475=EDGE_LOOP('',(#2750));
#476=EDGE_LOOP('',(#2751));
#477=EDGE_LOOP('',(#2752));
#478=EDGE_LOOP('',(#2753,#2754,#2755,#2756));
#479=EDGE_LOOP('',(#2757,#2758,#2759,#2760));
#480=EDGE_LOOP('',(#2761,#2762,#2763,#2764));
#481=EDGE_LOOP('',(#2765,#2766,#2767,#2768));
#482=EDGE_LOOP('',(#2769,#2770,#2771,#2772));
#483=EDGE_LOOP('',(#2773,#2774,#2775,#2776));
#484=EDGE_LOOP('',(#2777,#2778,#2779,#2780));
#485=EDGE_LOOP('',(#2781,#2782,#2783,#2784));
#486=EDGE_LOOP('',(#2785,#2786,#2787,#2788));
#487=EDGE_LOOP('',(#2789,#2790,#2791,#2792));
#488=EDGE_LOOP('',(#2793,#2794,#2795,#2796));
#489=EDGE_LOOP('',(#2797,#2798,#2799,#2800));
#490=EDGE_LOOP('',(#2801,#2802,#2803,#2804));
#491=EDGE_LOOP('',(#2805,#2806,#2807,#2808));
#492=EDGE_LOOP('',(#2809,#2810,#2811,#2812));
#493=EDGE_LOOP('',(#2813,#2814,#2815,#2816));
#494=EDGE_LOOP('',(#2817,#2818,#2819,#2820));
#495=EDGE_LOOP('',(#2821,#2822,#2823,#2824));
#496=EDGE_LOOP('',(#2825,#2826,#2827,#2828));
#497=EDGE_LOOP('',(#2829,#2830,#2831,#2832));
#498=EDGE_LOOP('',(#2833,#2834,#2835,#2836,#2837,#2838,#2839,#2840,#2841,
#2842,#2843,#2844));
#499=EDGE_LOOP('',(#2845,#2846,#2847,#2848,#2849,#2850,#2851,#2852));
#500=EDGE_LOOP('',(#2853));
#501=EDGE_LOOP('',(#2854));
#502=EDGE_LOOP('',(#2855));
#503=EDGE_LOOP('',(#2856));
#504=EDGE_LOOP('',(#2857,#2858,#2859,#2860,#2861,#2862,#2863,#2864));
#505=EDGE_LOOP('',(#2865,#2866,#2867,#2868));
#506=EDGE_LOOP('',(#2869,#2870,#2871,#2872));
#507=EDGE_LOOP('',(#2873,#2874,#2875,#2876));
#508=EDGE_LOOP('',(#2877,#2878,#2879,#2880));
#509=EDGE_LOOP('',(#2881,#2882,#2883,#2884));
#510=EDGE_LOOP('',(#2885,#2886,#2887,#2888));
#511=EDGE_LOOP('',(#2889,#2890,#2891,#2892));
#512=EDGE_LOOP('',(#2893,#2894,#2895,#2896));
#513=LINE('',#4258,#851);
#514=LINE('',#4261,#852);
#515=LINE('',#4264,#853);
#516=LINE('',#4266,#854);
#517=LINE('',#4267,#855);
#518=LINE('',#4273,#856);
#519=LINE('',#4276,#857);
#520=LINE('',#4278,#858);
#521=LINE('',#4279,#859);
#522=LINE('',#4282,#860);
#523=LINE('',#4284,#861);
#524=LINE('',#4285,#862);
#525=LINE('',#4295,#863);
#526=LINE('',#4298,#864);
#527=LINE('',#4309,#865);
#528=LINE('',#4310,#866);
#529=LINE('',#4321,#867);
#530=LINE('',#4322,#868);
#531=LINE('',#4333,#869);
#532=LINE('',#4334,#870);
#533=LINE('',#4340,#871);
#534=LINE('',#4343,#872);
#535=LINE('',#4346,#873);
#536=LINE('',#4347,#874);
#537=LINE('',#4350,#875);
#538=LINE('',#4354,#876);
#539=LINE('',#4355,#877);
#540=LINE('',#4359,#878);
#541=LINE('',#4361,#879);
#542=LINE('',#4363,#880);
#543=LINE('',#4365,#881);
#544=LINE('',#4367,#882);
#545=LINE('',#4369,#883);
#546=LINE('',#4371,#884);
#547=LINE('',#4373,#885);
#548=LINE('',#4375,#886);
#549=LINE('',#4377,#887);
#550=LINE('',#4379,#888);
#551=LINE('',#4383,#889);
#552=LINE('',#4385,#890);
#553=LINE('',#4387,#891);
#554=LINE('',#4389,#892);
#555=LINE('',#4391,#893);
#556=LINE('',#4393,#894);
#557=LINE('',#4395,#895);
#558=LINE('',#4397,#896);
#559=LINE('',#4399,#897);
#560=LINE('',#4403,#898);
#561=LINE('',#4405,#899);
#562=LINE('',#4407,#900);
#563=LINE('',#4409,#901);
#564=LINE('',#4411,#902);
#565=LINE('',#4413,#903);
#566=LINE('',#4415,#904);
#567=LINE('',#4417,#905);
#568=LINE('',#4419,#906);
#569=LINE('',#4421,#907);
#570=LINE('',#4423,#908);
#571=LINE('',#4425,#909);
#572=LINE('',#4427,#910);
#573=LINE('',#4429,#911);
#574=LINE('',#4431,#912);
#575=LINE('',#4433,#913);
#576=LINE('',#4435,#914);
#577=LINE('',#4437,#915);
#578=LINE('',#4439,#916);
#579=LINE('',#4441,#917);
#580=LINE('',#4443,#918);
#581=LINE('',#4447,#919);
#582=LINE('',#4449,#920);
#583=LINE('',#4451,#921);
#584=LINE('',#4453,#922);
#585=LINE('',#4455,#923);
#586=LINE('',#4457,#924);
#587=LINE('',#4459,#925);
#588=LINE('',#4461,#926);
#589=LINE('',#4463,#927);
#590=LINE('',#4467,#928);
#591=LINE('',#4469,#929);
#592=LINE('',#4471,#930);
#593=LINE('',#4473,#931);
#594=LINE('',#4475,#932);
#595=LINE('',#4476,#933);
#596=LINE('',#4479,#934);
#597=LINE('',#4483,#935);
#598=LINE('',#4487,#936);
#599=LINE('',#4491,#937);
#600=LINE('',#4505,#938);
#601=LINE('',#4514,#939);
#602=LINE('',#4522,#940);
#603=LINE('',#4530,#941);
#604=LINE('',#4535,#942);
#605=LINE('',#4538,#943);
#606=LINE('',#4541,#944);
#607=LINE('',#4542,#945);
#608=LINE('',#4545,#946);
#609=LINE('',#4549,#947);
#610=LINE('',#4551,#948);
#611=LINE('',#4552,#949);
#612=LINE('',#4555,#950);
#613=LINE('',#4559,#951);
#614=LINE('',#4562,#952);
#615=LINE('',#4565,#953);
#616=LINE('',#4569,#954);
#617=LINE('',#4572,#955);
#618=LINE('',#4574,#956);
#619=LINE('',#4576,#957);
#620=LINE('',#4578,#958);
#621=LINE('',#4580,#959);
#622=LINE('',#4598,#960);
#623=LINE('',#4614,#961);
#624=LINE('',#4630,#962);
#625=LINE('',#4646,#963);
#626=LINE('',#4648,#964);
#627=LINE('',#4654,#965);
#628=LINE('',#4658,#966);
#629=LINE('',#4662,#967);
#630=LINE('',#4665,#968);
#631=LINE('',#4669,#969);
#632=LINE('',#4671,#970);
#633=LINE('',#4673,#971);
#634=LINE('',#4674,#972);
#635=LINE('',#4676,#973);
#636=LINE('',#4677,#974);
#637=LINE('',#4681,#975);
#638=LINE('',#4683,#976);
#639=LINE('',#4685,#977);
#640=LINE('',#4686,#978);
#641=LINE('',#4688,#979);
#642=LINE('',#4689,#980);
#643=LINE('',#4693,#981);
#644=LINE('',#4695,#982);
#645=LINE('',#4697,#983);
#646=LINE('',#4698,#984);
#647=LINE('',#4702,#985);
#648=LINE('',#4708,#986);
#649=LINE('',#4709,#987);
#650=LINE('',#4710,#988);
#651=LINE('',#4712,#989);
#652=LINE('',#4713,#990);
#653=LINE('',#4715,#991);
#654=LINE('',#4717,#992);
#655=LINE('',#4721,#993);
#656=LINE('',#4723,#994);
#657=LINE('',#4725,#995);
#658=LINE('',#4726,#996);
#659=LINE('',#4729,#997);
#660=LINE('',#4731,#998);
#661=LINE('',#4732,#999);
#662=LINE('',#4735,#1000);
#663=LINE('',#4737,#1001);
#664=LINE('',#4738,#1002);
#665=LINE('',#4742,#1003);
#666=LINE('',#4748,#1004);
#667=LINE('',#4749,#1005);
#668=LINE('',#4750,#1006);
#669=LINE('',#4752,#1007);
#670=LINE('',#4753,#1008);
#671=LINE('',#4755,#1009);
#672=LINE('',#4757,#1010);
#673=LINE('',#4759,#1011);
#674=LINE('',#4761,#1012);
#675=LINE('',#4765,#1013);
#676=LINE('',#4767,#1014);
#677=LINE('',#4769,#1015);
#678=LINE('',#4770,#1016);
#679=LINE('',#4772,#1017);
#680=LINE('',#4773,#1018);
#681=LINE('',#4777,#1019);
#682=LINE('',#4779,#1020);
#683=LINE('',#4781,#1021);
#684=LINE('',#4782,#1022);
#685=LINE('',#4784,#1023);
#686=LINE('',#4785,#1024);
#687=LINE('',#4789,#1025);
#688=LINE('',#4791,#1026);
#689=LINE('',#4793,#1027);
#690=LINE('',#4794,#1028);
#691=LINE('',#4796,#1029);
#692=LINE('',#4797,#1030);
#693=LINE('',#4801,#1031);
#694=LINE('',#4803,#1032);
#695=LINE('',#4805,#1033);
#696=LINE('',#4806,#1034);
#697=LINE('',#4809,#1035);
#698=LINE('',#4811,#1036);
#699=LINE('',#4812,#1037);
#700=LINE('',#4816,#1038);
#701=LINE('',#4818,#1039);
#702=LINE('',#4820,#1040);
#703=LINE('',#4821,#1041);
#704=LINE('',#4825,#1042);
#705=LINE('',#4829,#1043);
#706=LINE('',#4830,#1044);
#707=LINE('',#4832,#1045);
#708=LINE('',#4833,#1046);
#709=LINE('',#4835,#1047);
#710=LINE('',#4837,#1048);
#711=LINE('',#4839,#1049);
#712=LINE('',#4841,#1050);
#713=LINE('',#4845,#1051);
#714=LINE('',#4847,#1052);
#715=LINE('',#4849,#1053);
#716=LINE('',#4850,#1054);
#717=LINE('',#4852,#1055);
#718=LINE('',#4853,#1056);
#719=LINE('',#4857,#1057);
#720=LINE('',#4859,#1058);
#721=LINE('',#4861,#1059);
#722=LINE('',#4862,#1060);
#723=LINE('',#4866,#1061);
#724=LINE('',#4872,#1062);
#725=LINE('',#4873,#1063);
#726=LINE('',#4874,#1064);
#727=LINE('',#4876,#1065);
#728=LINE('',#4877,#1066);
#729=LINE('',#4879,#1067);
#730=LINE('',#4881,#1068);
#731=LINE('',#4885,#1069);
#732=LINE('',#4887,#1070);
#733=LINE('',#4889,#1071);
#734=LINE('',#4890,#1072);
#735=LINE('',#4892,#1073);
#736=LINE('',#4893,#1074);
#737=LINE('',#4897,#1075);
#738=LINE('',#4899,#1076);
#739=LINE('',#4901,#1077);
#740=LINE('',#4902,#1078);
#741=LINE('',#4904,#1079);
#742=LINE('',#4905,#1080);
#743=LINE('',#4908,#1081);
#744=LINE('',#4910,#1082);
#745=LINE('',#4911,#1083);
#746=LINE('',#4913,#1084);
#747=LINE('',#4915,#1085);
#748=LINE('',#4918,#1086);
#749=LINE('',#4920,#1087);
#750=LINE('',#4921,#1088);
#751=LINE('',#4923,#1089);
#752=LINE('',#4925,#1090);
#753=LINE('',#4928,#1091);
#754=LINE('',#4930,#1092);
#755=LINE('',#4931,#1093);
#756=LINE('',#4933,#1094);
#757=LINE('',#4935,#1095);
#758=LINE('',#4938,#1096);
#759=LINE('',#4940,#1097);
#760=LINE('',#4941,#1098);
#761=LINE('',#4943,#1099);
#762=LINE('',#4945,#1100);
#763=LINE('',#4948,#1101);
#764=LINE('',#4950,#1102);
#765=LINE('',#4951,#1103);
#766=LINE('',#4953,#1104);
#767=LINE('',#4955,#1105);
#768=LINE('',#4958,#1106);
#769=LINE('',#4960,#1107);
#770=LINE('',#4961,#1108);
#771=LINE('',#4963,#1109);
#772=LINE('',#4965,#1110);
#773=LINE('',#4968,#1111);
#774=LINE('',#4970,#1112);
#775=LINE('',#4971,#1113);
#776=LINE('',#4973,#1114);
#777=LINE('',#4975,#1115);
#778=LINE('',#4978,#1116);
#779=LINE('',#4980,#1117);
#780=LINE('',#4981,#1118);
#781=LINE('',#4983,#1119);
#782=LINE('',#4985,#1120);
#783=LINE('',#4991,#1121);
#784=LINE('',#4995,#1122);
#785=LINE('',#4999,#1123);
#786=LINE('',#5003,#1124);
#787=LINE('',#5005,#1125);
#788=LINE('',#5007,#1126);
#789=LINE('',#5009,#1127);
#790=LINE('',#5010,#1128);
#791=LINE('',#5012,#1129);
#792=LINE('',#5014,#1130);
#793=LINE('',#5015,#1131);
#794=LINE('',#5017,#1132);
#795=LINE('',#5019,#1133);
#796=LINE('',#5020,#1134);
#797=LINE('',#5022,#1135);
#798=LINE('',#5024,#1136);
#799=LINE('',#5025,#1137);
#800=LINE('',#5027,#1138);
#801=LINE('',#5029,#1139);
#802=LINE('',#5030,#1140);
#803=LINE('',#5032,#1141);
#804=LINE('',#5033,#1142);
#805=LINE('',#5037,#1143);
#806=LINE('',#5038,#1144);
#807=LINE('',#5042,#1145);
#808=LINE('',#5043,#1146);
#809=LINE('',#5047,#1147);
#810=LINE('',#5048,#1148);
#811=LINE('',#5073,#1149);
#812=LINE('',#5077,#1150);
#813=LINE('',#5081,#1151);
#814=LINE('',#5085,#1152);
#815=LINE('',#5089,#1153);
#816=LINE('',#5091,#1154);
#817=LINE('',#5092,#1155);
#818=LINE('',#5096,#1156);
#819=LINE('',#5099,#1157);
#820=LINE('',#5100,#1158);
#821=LINE('',#5104,#1159);
#822=LINE('',#5107,#1160);
#823=LINE('',#5108,#1161);
#824=LINE('',#5112,#1162);
#825=LINE('',#5115,#1163);
#826=LINE('',#5116,#1164);
#827=LINE('',#5120,#1165);
#828=LINE('',#5123,#1166);
#829=LINE('',#5124,#1167);
#830=LINE('',#5127,#1168);
#831=LINE('',#5128,#1169);
#832=LINE('',#5131,#1170);
#833=LINE('',#5132,#1171);
#834=LINE('',#5134,#1172);
#835=LINE('',#5136,#1173);
#836=LINE('',#5138,#1174);
#837=LINE('',#5140,#1175);
#838=LINE('',#5142,#1176);
#839=LINE('',#5146,#1177);
#840=LINE('',#5150,#1178);
#841=LINE('',#5154,#1179);
#842=LINE('',#5158,#1180);
#843=LINE('',#5161,#1181);
#844=LINE('',#5162,#1182);
#845=LINE('',#5164,#1183);
#846=LINE('',#5166,#1184);
#847=LINE('',#5168,#1185);
#848=LINE('',#5170,#1186);
#849=LINE('',#5172,#1187);
#850=LINE('',#5174,#1188);
#851=VECTOR('',#3384,10.);
#852=VECTOR('',#3387,10.);
#853=VECTOR('',#3390,10.);
#854=VECTOR('',#3391,10.);
#855=VECTOR('',#3392,10.);
#856=VECTOR('',#3399,10.);
#857=VECTOR('',#3402,10.);
#858=VECTOR('',#3403,10.);
#859=VECTOR('',#3404,10.);
#860=VECTOR('',#3407,10.);
#861=VECTOR('',#3408,10.);
#862=VECTOR('',#3409,10.);
#863=VECTOR('',#3422,10.);
#864=VECTOR('',#3425,10.);
#865=VECTOR('',#3438,10.);
#866=VECTOR('',#3439,10.);
#867=VECTOR('',#3452,10.);
#868=VECTOR('',#3453,10.);
#869=VECTOR('',#3466,10.);
#870=VECTOR('',#3467,10.);
#871=VECTOR('',#3476,1.);
#872=VECTOR('',#3479,1.);
#873=VECTOR('',#3482,1.);
#874=VECTOR('',#3483,1.);
#875=VECTOR('',#3486,1.);
#876=VECTOR('',#3491,1.);
#877=VECTOR('',#3492,1.);
#878=VECTOR('',#3495,10.);
#879=VECTOR('',#3496,10.);
#880=VECTOR('',#3497,10.);
#881=VECTOR('',#3498,10.);
#882=VECTOR('',#3499,10.);
#883=VECTOR('',#3500,10.);
#884=VECTOR('',#3501,10.);
#885=VECTOR('',#3502,10.);
#886=VECTOR('',#3503,10.);
#887=VECTOR('',#3504,10.);
#888=VECTOR('',#3505,10.);
#889=VECTOR('',#3508,10.);
#890=VECTOR('',#3509,10.);
#891=VECTOR('',#3510,10.);
#892=VECTOR('',#3511,10.);
#893=VECTOR('',#3512,10.);
#894=VECTOR('',#3513,10.);
#895=VECTOR('',#3514,10.);
#896=VECTOR('',#3515,10.);
#897=VECTOR('',#3516,10.);
#898=VECTOR('',#3519,10.);
#899=VECTOR('',#3520,10.);
#900=VECTOR('',#3521,10.);
#901=VECTOR('',#3522,10.);
#902=VECTOR('',#3523,10.);
#903=VECTOR('',#3524,10.);
#904=VECTOR('',#3525,10.);
#905=VECTOR('',#3526,10.);
#906=VECTOR('',#3527,10.);
#907=VECTOR('',#3528,10.);
#908=VECTOR('',#3529,10.);
#909=VECTOR('',#3530,10.);
#910=VECTOR('',#3531,10.);
#911=VECTOR('',#3532,10.);
#912=VECTOR('',#3533,10.);
#913=VECTOR('',#3534,10.);
#914=VECTOR('',#3535,10.);
#915=VECTOR('',#3536,10.);
#916=VECTOR('',#3537,10.);
#917=VECTOR('',#3538,10.);
#918=VECTOR('',#3539,10.);
#919=VECTOR('',#3542,10.);
#920=VECTOR('',#3543,10.);
#921=VECTOR('',#3544,10.);
#922=VECTOR('',#3545,10.);
#923=VECTOR('',#3546,10.);
#924=VECTOR('',#3547,10.);
#925=VECTOR('',#3548,10.);
#926=VECTOR('',#3549,10.);
#927=VECTOR('',#3550,10.);
#928=VECTOR('',#3553,10.);
#929=VECTOR('',#3554,10.);
#930=VECTOR('',#3555,10.);
#931=VECTOR('',#3556,10.);
#932=VECTOR('',#3557,10.);
#933=VECTOR('',#3558,10.);
#934=VECTOR('',#3559,10.);
#935=VECTOR('',#3562,10.);
#936=VECTOR('',#3565,10.);
#937=VECTOR('',#3568,10.);
#938=VECTOR('',#3583,10.);
#939=VECTOR('',#3596,10.);
#940=VECTOR('',#3607,10.);
#941=VECTOR('',#3618,10.);
#942=VECTOR('',#3625,10.);
#943=VECTOR('',#3628,10.);
#944=VECTOR('',#3631,10.);
#945=VECTOR('',#3632,10.);
#946=VECTOR('',#3635,10.);
#947=VECTOR('',#3640,10.);
#948=VECTOR('',#3641,10.);
#949=VECTOR('',#3642,10.);
#950=VECTOR('',#3645,10.);
#951=VECTOR('',#3650,10.);
#952=VECTOR('',#3653,10.);
#953=VECTOR('',#3656,1.);
#954=VECTOR('',#3661,1.);
#955=VECTOR('',#3664,1.);
#956=VECTOR('',#3667,10.);
#957=VECTOR('',#3670,10.);
#958=VECTOR('',#3673,1.);
#959=VECTOR('',#3676,1.);
#960=VECTOR('',#3687,10.);
#961=VECTOR('',#3696,10.);
#962=VECTOR('',#3705,10.);
#963=VECTOR('',#3714,10.);
#964=VECTOR('',#3717,10.);
#965=VECTOR('',#3722,1.);
#966=VECTOR('',#3725,1.);
#967=VECTOR('',#3728,1.);
#968=VECTOR('',#3731,1.);
#969=VECTOR('',#3734,10.);
#970=VECTOR('',#3735,10.);
#971=VECTOR('',#3736,10.);
#972=VECTOR('',#3737,10.);
#973=VECTOR('',#3740,10.);
#974=VECTOR('',#3741,10.);
#975=VECTOR('',#3744,10.);
#976=VECTOR('',#3745,10.);
#977=VECTOR('',#3746,10.);
#978=VECTOR('',#3747,10.);
#979=VECTOR('',#3750,10.);
#980=VECTOR('',#3751,10.);
#981=VECTOR('',#3754,10.);
#982=VECTOR('',#3755,10.);
#983=VECTOR('',#3756,10.);
#984=VECTOR('',#3757,10.);
#985=VECTOR('',#3760,10.);
#986=VECTOR('',#3767,10.);
#987=VECTOR('',#3768,10.);
#988=VECTOR('',#3769,10.);
#989=VECTOR('',#3772,10.);
#990=VECTOR('',#3773,10.);
#991=VECTOR('',#3776,10.);
#992=VECTOR('',#3779,10.);
#993=VECTOR('',#3782,10.);
#994=VECTOR('',#3783,10.);
#995=VECTOR('',#3784,10.);
#996=VECTOR('',#3785,10.);
#997=VECTOR('',#3788,10.);
#998=VECTOR('',#3789,10.);
#999=VECTOR('',#3790,10.);
#1000=VECTOR('',#3793,10.);
#1001=VECTOR('',#3794,10.);
#1002=VECTOR('',#3795,10.);
#1003=VECTOR('',#3798,10.);
#1004=VECTOR('',#3805,10.);
#1005=VECTOR('',#3806,10.);
#1006=VECTOR('',#3807,10.);
#1007=VECTOR('',#3810,10.);
#1008=VECTOR('',#3811,10.);
#1009=VECTOR('',#3814,10.);
#1010=VECTOR('',#3817,10.);
#1011=VECTOR('',#3820,10.);
#1012=VECTOR('',#3823,10.);
#1013=VECTOR('',#3826,10.);
#1014=VECTOR('',#3827,10.);
#1015=VECTOR('',#3828,10.);
#1016=VECTOR('',#3829,10.);
#1017=VECTOR('',#3832,10.);
#1018=VECTOR('',#3833,10.);
#1019=VECTOR('',#3836,10.);
#1020=VECTOR('',#3837,10.);
#1021=VECTOR('',#3838,10.);
#1022=VECTOR('',#3839,10.);
#1023=VECTOR('',#3842,10.);
#1024=VECTOR('',#3843,10.);
#1025=VECTOR('',#3846,10.);
#1026=VECTOR('',#3847,10.);
#1027=VECTOR('',#3848,10.);
#1028=VECTOR('',#3849,10.);
#1029=VECTOR('',#3852,10.);
#1030=VECTOR('',#3853,10.);
#1031=VECTOR('',#3856,10.);
#1032=VECTOR('',#3857,10.);
#1033=VECTOR('',#3858,10.);
#1034=VECTOR('',#3859,10.);
#1035=VECTOR('',#3862,10.);
#1036=VECTOR('',#3863,10.);
#1037=VECTOR('',#3864,10.);
#1038=VECTOR('',#3867,10.);
#1039=VECTOR('',#3868,10.);
#1040=VECTOR('',#3869,10.);
#1041=VECTOR('',#3870,10.);
#1042=VECTOR('',#3873,10.);
#1043=VECTOR('',#3880,10.);
#1044=VECTOR('',#3881,10.);
#1045=VECTOR('',#3884,10.);
#1046=VECTOR('',#3885,10.);
#1047=VECTOR('',#3888,10.);
#1048=VECTOR('',#3891,10.);
#1049=VECTOR('',#3894,10.);
#1050=VECTOR('',#3897,10.);
#1051=VECTOR('',#3900,10.);
#1052=VECTOR('',#3901,10.);
#1053=VECTOR('',#3902,10.);
#1054=VECTOR('',#3903,10.);
#1055=VECTOR('',#3906,10.);
#1056=VECTOR('',#3907,10.);
#1057=VECTOR('',#3910,10.);
#1058=VECTOR('',#3911,10.);
#1059=VECTOR('',#3912,10.);
#1060=VECTOR('',#3913,10.);
#1061=VECTOR('',#3916,10.);
#1062=VECTOR('',#3923,10.);
#1063=VECTOR('',#3924,10.);
#1064=VECTOR('',#3925,10.);
#1065=VECTOR('',#3928,10.);
#1066=VECTOR('',#3929,10.);
#1067=VECTOR('',#3932,10.);
#1068=VECTOR('',#3935,10.);
#1069=VECTOR('',#3938,10.);
#1070=VECTOR('',#3939,10.);
#1071=VECTOR('',#3940,10.);
#1072=VECTOR('',#3941,10.);
#1073=VECTOR('',#3944,10.);
#1074=VECTOR('',#3945,10.);
#1075=VECTOR('',#3948,10.);
#1076=VECTOR('',#3949,10.);
#1077=VECTOR('',#3950,10.);
#1078=VECTOR('',#3951,10.);
#1079=VECTOR('',#3954,10.);
#1080=VECTOR('',#3955,10.);
#1081=VECTOR('',#3958,10.);
#1082=VECTOR('',#3959,10.);
#1083=VECTOR('',#3960,10.);
#1084=VECTOR('',#3963,10.);
#1085=VECTOR('',#3966,10.);
#1086=VECTOR('',#3969,10.);
#1087=VECTOR('',#3970,10.);
#1088=VECTOR('',#3971,10.);
#1089=VECTOR('',#3974,10.);
#1090=VECTOR('',#3977,10.);
#1091=VECTOR('',#3980,10.);
#1092=VECTOR('',#3981,10.);
#1093=VECTOR('',#3982,10.);
#1094=VECTOR('',#3985,10.);
#1095=VECTOR('',#3988,10.);
#1096=VECTOR('',#3991,10.);
#1097=VECTOR('',#3992,10.);
#1098=VECTOR('',#3993,10.);
#1099=VECTOR('',#3996,10.);
#1100=VECTOR('',#3999,10.);
#1101=VECTOR('',#4002,10.);
#1102=VECTOR('',#4003,10.);
#1103=VECTOR('',#4004,10.);
#1104=VECTOR('',#4007,10.);
#1105=VECTOR('',#4010,10.);
#1106=VECTOR('',#4013,10.);
#1107=VECTOR('',#4014,10.);
#1108=VECTOR('',#4015,10.);
#1109=VECTOR('',#4018,10.);
#1110=VECTOR('',#4021,10.);
#1111=VECTOR('',#4024,10.);
#1112=VECTOR('',#4025,10.);
#1113=VECTOR('',#4026,10.);
#1114=VECTOR('',#4029,10.);
#1115=VECTOR('',#4032,10.);
#1116=VECTOR('',#4035,10.);
#1117=VECTOR('',#4036,10.);
#1118=VECTOR('',#4037,10.);
#1119=VECTOR('',#4040,10.);
#1120=VECTOR('',#4043,10.);
#1121=VECTOR('',#4048,10.);
#1122=VECTOR('',#4051,10.);
#1123=VECTOR('',#4054,10.);
#1124=VECTOR('',#4057,10.);
#1125=VECTOR('',#4058,10.);
#1126=VECTOR('',#4059,10.);
#1127=VECTOR('',#4060,10.);
#1128=VECTOR('',#4061,10.);
#1129=VECTOR('',#4062,10.);
#1130=VECTOR('',#4063,10.);
#1131=VECTOR('',#4064,10.);
#1132=VECTOR('',#4065,10.);
#1133=VECTOR('',#4066,10.);
#1134=VECTOR('',#4067,10.);
#1135=VECTOR('',#4068,10.);
#1136=VECTOR('',#4069,10.);
#1137=VECTOR('',#4070,10.);
#1138=VECTOR('',#4071,10.);
#1139=VECTOR('',#4072,10.);
#1140=VECTOR('',#4073,10.);
#1141=VECTOR('',#4076,10.);
#1142=VECTOR('',#4077,10.);
#1143=VECTOR('',#4084,10.);
#1144=VECTOR('',#4085,10.);
#1145=VECTOR('',#4092,10.);
#1146=VECTOR('',#4093,10.);
#1147=VECTOR('',#4100,10.);
#1148=VECTOR('',#4101,10.);
#1149=VECTOR('',#4132,1.6);
#1150=VECTOR('',#4137,1.6);
#1151=VECTOR('',#4142,1.6);
#1152=VECTOR('',#4147,1.6);
#1153=VECTOR('',#4152,10.);
#1154=VECTOR('',#4153,1.);
#1155=VECTOR('',#4154,10.);
#1156=VECTOR('',#4159,1.);
#1157=VECTOR('',#4162,1.);
#1158=VECTOR('',#4163,1.);
#1159=VECTOR('',#4168,1.);
#1160=VECTOR('',#4171,1.);
#1161=VECTOR('',#4172,1.);
#1162=VECTOR('',#4177,1.);
#1163=VECTOR('',#4180,1.);
#1164=VECTOR('',#4181,1.);
#1165=VECTOR('',#4186,1.);
#1166=VECTOR('',#4189,1.);
#1167=VECTOR('',#4190,1.);
#1168=VECTOR('',#4193,1.);
#1169=VECTOR('',#4194,1.);
#1170=VECTOR('',#4197,1.);
#1171=VECTOR('',#4198,1.);
#1172=VECTOR('',#4201,1.);
#1173=VECTOR('',#4204,3.25);
#1174=VECTOR('',#4207,3.25);
#1175=VECTOR('',#4210,3.25);
#1176=VECTOR('',#4213,3.25);
#1177=VECTOR('',#4216,1.);
#1178=VECTOR('',#4219,1.);
#1179=VECTOR('',#4222,1.);
#1180=VECTOR('',#4225,1.);
#1181=VECTOR('',#4230,1.);
#1182=VECTOR('',#4231,1.);
#1183=VECTOR('',#4234,1.);
#1184=VECTOR('',#4237,1.);
#1185=VECTOR('',#4240,1.);
#1186=VECTOR('',#4243,1.);
#1187=VECTOR('',#4246,1.);
#1188=VECTOR('',#4249,1.);
#1189=CIRCLE('',#3112,0.2);
#1190=CIRCLE('',#3113,0.2);
#1191=CIRCLE('',#3116,0.2);
#1192=CIRCLE('',#3117,0.2);
#1193=CIRCLE('',#3121,0.2);
#1194=CIRCLE('',#3122,0.2);
#1195=CIRCLE('',#3125,0.999999999999996);
#1196=CIRCLE('',#3126,0.999999999999983);
#1197=CIRCLE('',#3128,1.);
#1198=CIRCLE('',#3129,1.49999992250451);
#1199=CIRCLE('',#3130,0.499999922504509);
#1200=CIRCLE('',#3132,1.00000000000001);
#1201=CIRCLE('',#3134,1.);
#1202=CIRCLE('',#3135,1.5);
#1203=CIRCLE('',#3136,0.5);
#1204=CIRCLE('',#3138,1.);
#1205=CIRCLE('',#3140,0.999999999999996);
#1206=CIRCLE('',#3141,1.5);
#1207=CIRCLE('',#3142,0.5);
#1208=CIRCLE('',#3144,0.999999999999996);
#1209=CIRCLE('',#3146,1.50000000055266);
#1210=CIRCLE('',#3147,0.50000000055266);
#1211=CIRCLE('',#3149,0.5);
#1212=CIRCLE('',#3152,0.499999922504509);
#1213=CIRCLE('',#3155,1.79999999999999);
#1214=CIRCLE('',#3156,1.79999999999994);
#1215=CIRCLE('',#3157,1.79999999999996);
#1216=CIRCLE('',#3158,1.80000000000001);
#1217=CIRCLE('',#3159,0.98);
#1218=CIRCLE('',#3160,0.979999999999998);
#1219=CIRCLE('',#3161,0.98);
#1220=CIRCLE('',#3162,0.979999999999998);
#1221=CIRCLE('',#3163,3.25);
#1222=CIRCLE('',#3164,3.25);
#1223=CIRCLE('',#3165,3.25);
#1224=CIRCLE('',#3166,3.25);
#1225=CIRCLE('',#3168,0.479999999999992);
#1226=CIRCLE('',#3169,0.48);
#1227=CIRCLE('',#3171,0.479999999999999);
#1228=CIRCLE('',#3172,0.5);
#1229=CIRCLE('',#3174,0.479999999998809);
#1230=CIRCLE('',#3176,0.48);
#1231=CIRCLE('',#3177,0.499999999999998);
#1232=CIRCLE('',#3179,0.480000000000009);
#1233=CIRCLE('',#3181,0.48);
#1234=CIRCLE('',#3182,0.5);
#1235=CIRCLE('',#3184,0.48000000003501);
#1236=CIRCLE('',#3186,0.499999999999998);
#1237=CIRCLE('',#3188,0.499999999999998);
#1238=CIRCLE('',#3191,0.5);
#1239=CIRCLE('',#3194,0.499999999999998);
#1240=CIRCLE('',#3196,0.5);
#1241=CIRCLE('',#3198,0.50000000055266);
#1242=CIRCLE('',#3200,0.5);
#1243=CIRCLE('',#3205,0.48);
#1244=CIRCLE('',#3206,0.0200000000000004);
#1245=CIRCLE('',#3207,0.48);
#1246=CIRCLE('',#3209,0.48);
#1247=CIRCLE('',#3210,0.480000000000009);
#1248=CIRCLE('',#3211,0.0199999999999982);
#1249=CIRCLE('',#3213,0.48);
#1250=CIRCLE('',#3214,0.48);
#1251=CIRCLE('',#3215,0.0199999999999999);
#1252=CIRCLE('',#3217,0.48);
#1253=CIRCLE('',#3218,0.48);
#1254=CIRCLE('',#3219,0.0199999999999982);
#1255=CIRCLE('',#3221,0.480000000000005);
#1256=CIRCLE('',#3224,1.65000003167556);
#1257=CIRCLE('',#3225,1.65);
#1258=CIRCLE('',#3226,1.65000008130318);
#1259=CIRCLE('',#3227,1.65);
#1260=CIRCLE('',#3234,2.3);
#1261=CIRCLE('',#3235,1.79999999999999);
#1262=CIRCLE('',#3244,2.29999999999995);
#1263=CIRCLE('',#3245,1.79999999999994);
#1264=CIRCLE('',#3262,2.29999999999996);
#1265=CIRCLE('',#3263,1.79999999999996);
#1266=CIRCLE('',#3274,2.3);
#1267=CIRCLE('',#3275,1.80000000000001);
#1268=CIRCLE('',#3309,2.99999999999996);
#1269=CIRCLE('',#3310,3.);
#1270=CIRCLE('',#3311,3.);
#1271=CIRCLE('',#3312,2.99999999999994);
#1272=CIRCLE('',#3326,3.25);
#1273=CIRCLE('',#3327,1.6);
#1274=CIRCLE('',#3329,3.25);
#1275=CIRCLE('',#3330,1.6);
#1276=CIRCLE('',#3332,3.25);
#1277=CIRCLE('',#3333,1.6);
#1278=CIRCLE('',#3335,3.25);
#1279=CIRCLE('',#3336,1.6);
#1280=CIRCLE('',#3338,1.6);
#1281=CIRCLE('',#3340,1.6);
#1282=CIRCLE('',#3342,1.6);
#1283=CIRCLE('',#3344,1.6);
#1284=CIRCLE('',#3347,3.);
#1285=CIRCLE('',#3350,3.);
#1286=CIRCLE('',#3353,3.);
#1287=CIRCLE('',#3356,3.);
#1288=CIRCLE('',#3366,1.65);
#1289=CIRCLE('',#3367,1.65000008130318);
#1290=CIRCLE('',#3368,1.65);
#1291=CIRCLE('',#3369,1.65000003167556);
#1292=VERTEX_POINT('',#4254);
#1293=VERTEX_POINT('',#4255);
#1294=VERTEX_POINT('',#4257);
#1295=VERTEX_POINT('',#4259);
#1296=VERTEX_POINT('',#4263);
#1297=VERTEX_POINT('',#4265);
#1298=VERTEX_POINT('',#4269);
#1299=VERTEX_POINT('',#4271);
#1300=VERTEX_POINT('',#4275);
#1301=VERTEX_POINT('',#4277);
#1302=VERTEX_POINT('',#4281);
#1303=VERTEX_POINT('',#4283);
#1304=VERTEX_POINT('',#4291);
#1305=VERTEX_POINT('',#4292);
#1306=VERTEX_POINT('',#4294);
#1307=VERTEX_POINT('',#4296);
#1308=VERTEX_POINT('',#4300);
#1309=VERTEX_POINT('',#4301);
#1310=VERTEX_POINT('',#4306);
#1311=VERTEX_POINT('',#4307);
#1312=VERTEX_POINT('',#4312);
#1313=VERTEX_POINT('',#4313);
#1314=VERTEX_POINT('',#4318);
#1315=VERTEX_POINT('',#4319);
#1316=VERTEX_POINT('',#4324);
#1317=VERTEX_POINT('',#4325);
#1318=VERTEX_POINT('',#4330);
#1319=VERTEX_POINT('',#4331);
#1320=VERTEX_POINT('',#4339);
#1321=VERTEX_POINT('',#4341);
#1322=VERTEX_POINT('',#4345);
#1323=VERTEX_POINT('',#4349);
#1324=VERTEX_POINT('',#4353);
#1325=VERTEX_POINT('',#4357);
#1326=VERTEX_POINT('',#4358);
#1327=VERTEX_POINT('',#4360);
#1328=VERTEX_POINT('',#4362);
#1329=VERTEX_POINT('',#4364);
#1330=VERTEX_POINT('',#4366);
#1331=VERTEX_POINT('',#4368);
#1332=VERTEX_POINT('',#4370);
#1333=VERTEX_POINT('',#4372);
#1334=VERTEX_POINT('',#4374);
#1335=VERTEX_POINT('',#4376);
#1336=VERTEX_POINT('',#4378);
#1337=VERTEX_POINT('',#4380);
#1338=VERTEX_POINT('',#4382);
#1339=VERTEX_POINT('',#4384);
#1340=VERTEX_POINT('',#4386);
#1341=VERTEX_POINT('',#4388);
#1342=VERTEX_POINT('',#4390);
#1343=VERTEX_POINT('',#4392);
#1344=VERTEX_POINT('',#4394);
#1345=VERTEX_POINT('',#4396);
#1346=VERTEX_POINT('',#4398);
#1347=VERTEX_POINT('',#4400);
#1348=VERTEX_POINT('',#4402);
#1349=VERTEX_POINT('',#4404);
#1350=VERTEX_POINT('',#4406);
#1351=VERTEX_POINT('',#4408);
#1352=VERTEX_POINT('',#4410);
#1353=VERTEX_POINT('',#4412);
#1354=VERTEX_POINT('',#4414);
#1355=VERTEX_POINT('',#4416);
#1356=VERTEX_POINT('',#4418);
#1357=VERTEX_POINT('',#4420);
#1358=VERTEX_POINT('',#4422);
#1359=VERTEX_POINT('',#4424);
#1360=VERTEX_POINT('',#4426);
#1361=VERTEX_POINT('',#4428);
#1362=VERTEX_POINT('',#4430);
#1363=VERTEX_POINT('',#4432);
#1364=VERTEX_POINT('',#4434);
#1365=VERTEX_POINT('',#4436);
#1366=VERTEX_POINT('',#4438);
#1367=VERTEX_POINT('',#4440);
#1368=VERTEX_POINT('',#4442);
#1369=VERTEX_POINT('',#4444);
#1370=VERTEX_POINT('',#4446);
#1371=VERTEX_POINT('',#4448);
#1372=VERTEX_POINT('',#4450);
#1373=VERTEX_POINT('',#4452);
#1374=VERTEX_POINT('',#4454);
#1375=VERTEX_POINT('',#4456);
#1376=VERTEX_POINT('',#4458);
#1377=VERTEX_POINT('',#4460);
#1378=VERTEX_POINT('',#4462);
#1379=VERTEX_POINT('',#4464);
#1380=VERTEX_POINT('',#4466);
#1381=VERTEX_POINT('',#4468);
#1382=VERTEX_POINT('',#4470);
#1383=VERTEX_POINT('',#4472);
#1384=VERTEX_POINT('',#4474);
#1385=VERTEX_POINT('',#4477);
#1386=VERTEX_POINT('',#4478);
#1387=VERTEX_POINT('',#4480);
#1388=VERTEX_POINT('',#4482);
#1389=VERTEX_POINT('',#4484);
#1390=VERTEX_POINT('',#4486);
#1391=VERTEX_POINT('',#4488);
#1392=VERTEX_POINT('',#4490);
#1393=VERTEX_POINT('',#4493);
#1394=VERTEX_POINT('',#4495);
#1395=VERTEX_POINT('',#4497);
#1396=VERTEX_POINT('',#4499);
#1397=VERTEX_POINT('',#4502);
#1398=VERTEX_POINT('',#4504);
#1399=VERTEX_POINT('',#4508);
#1400=VERTEX_POINT('',#4512);
#1401=VERTEX_POINT('',#4516);
#1402=VERTEX_POINT('',#4520);
#1403=VERTEX_POINT('',#4524);
#1404=VERTEX_POINT('',#4528);
#1405=VERTEX_POINT('',#4534);
#1406=VERTEX_POINT('',#4536);
#1407=VERTEX_POINT('',#4540);
#1408=VERTEX_POINT('',#4544);
#1409=VERTEX_POINT('',#4548);
#1410=VERTEX_POINT('',#4550);
#1411=VERTEX_POINT('',#4554);
#1412=VERTEX_POINT('',#4558);
#1413=VERTEX_POINT('',#4560);
#1414=VERTEX_POINT('',#4564);
#1415=VERTEX_POINT('',#4568);
#1416=VERTEX_POINT('',#4570);
#1417=VERTEX_POINT('',#4590);
#1418=VERTEX_POINT('',#4592);
#1419=VERTEX_POINT('',#4596);
#1420=VERTEX_POINT('',#4608);
#1421=VERTEX_POINT('',#4612);
#1422=VERTEX_POINT('',#4624);
#1423=VERTEX_POINT('',#4628);
#1424=VERTEX_POINT('',#4640);
#1425=VERTEX_POINT('',#4644);
#1426=VERTEX_POINT('',#4650);
#1427=VERTEX_POINT('',#4651);
#1428=VERTEX_POINT('',#4653);
#1429=VERTEX_POINT('',#4655);
#1430=VERTEX_POINT('',#4657);
#1431=VERTEX_POINT('',#4659);
#1432=VERTEX_POINT('',#4661);
#1433=VERTEX_POINT('',#4663);
#1434=VERTEX_POINT('',#4667);
#1435=VERTEX_POINT('',#4668);
#1436=VERTEX_POINT('',#4670);
#1437=VERTEX_POINT('',#4672);
#1438=VERTEX_POINT('',#4679);
#1439=VERTEX_POINT('',#4680);
#1440=VERTEX_POINT('',#4682);
#1441=VERTEX_POINT('',#4684);
#1442=VERTEX_POINT('',#4691);
#1443=VERTEX_POINT('',#4692);
#1444=VERTEX_POINT('',#4694);
#1445=VERTEX_POINT('',#4696);
#1446=VERTEX_POINT('',#4700);
#1447=VERTEX_POINT('',#4701);
#1448=VERTEX_POINT('',#4706);
#1449=VERTEX_POINT('',#4707);
#1450=VERTEX_POINT('',#4719);
#1451=VERTEX_POINT('',#4720);
#1452=VERTEX_POINT('',#4722);
#1453=VERTEX_POINT('',#4724);
#1454=VERTEX_POINT('',#4728);
#1455=VERTEX_POINT('',#4730);
#1456=VERTEX_POINT('',#4734);
#1457=VERTEX_POINT('',#4736);
#1458=VERTEX_POINT('',#4740);
#1459=VERTEX_POINT('',#4741);
#1460=VERTEX_POINT('',#4746);
#1461=VERTEX_POINT('',#4747);
#1462=VERTEX_POINT('',#4763);
#1463=VERTEX_POINT('',#4764);
#1464=VERTEX_POINT('',#4766);
#1465=VERTEX_POINT('',#4768);
#1466=VERTEX_POINT('',#4775);
#1467=VERTEX_POINT('',#4776);
#1468=VERTEX_POINT('',#4778);
#1469=VERTEX_POINT('',#4780);
#1470=VERTEX_POINT('',#4787);
#1471=VERTEX_POINT('',#4788);
#1472=VERTEX_POINT('',#4790);
#1473=VERTEX_POINT('',#4792);
#1474=VERTEX_POINT('',#4799);
#1475=VERTEX_POINT('',#4800);
#1476=VERTEX_POINT('',#4802);
#1477=VERTEX_POINT('',#4804);
#1478=VERTEX_POINT('',#4808);
#1479=VERTEX_POINT('',#4810);
#1480=VERTEX_POINT('',#4814);
#1481=VERTEX_POINT('',#4815);
#1482=VERTEX_POINT('',#4817);
#1483=VERTEX_POINT('',#4819);
#1484=VERTEX_POINT('',#4823);
#1485=VERTEX_POINT('',#4824);
#1486=VERTEX_POINT('',#4843);
#1487=VERTEX_POINT('',#4844);
#1488=VERTEX_POINT('',#4846);
#1489=VERTEX_POINT('',#4848);
#1490=VERTEX_POINT('',#4855);
#1491=VERTEX_POINT('',#4856);
#1492=VERTEX_POINT('',#4858);
#1493=VERTEX_POINT('',#4860);
#1494=VERTEX_POINT('',#4864);
#1495=VERTEX_POINT('',#4865);
#1496=VERTEX_POINT('',#4870);
#1497=VERTEX_POINT('',#4871);
#1498=VERTEX_POINT('',#4883);
#1499=VERTEX_POINT('',#4884);
#1500=VERTEX_POINT('',#4886);
#1501=VERTEX_POINT('',#4888);
#1502=VERTEX_POINT('',#4895);
#1503=VERTEX_POINT('',#4896);
#1504=VERTEX_POINT('',#4898);
#1505=VERTEX_POINT('',#4900);
#1506=VERTEX_POINT('',#4907);
#1507=VERTEX_POINT('',#4909);
#1508=VERTEX_POINT('',#4917);
#1509=VERTEX_POINT('',#4919);
#1510=VERTEX_POINT('',#4927);
#1511=VERTEX_POINT('',#4929);
#1512=VERTEX_POINT('',#4937);
#1513=VERTEX_POINT('',#4939);
#1514=VERTEX_POINT('',#4947);
#1515=VERTEX_POINT('',#4949);
#1516=VERTEX_POINT('',#4957);
#1517=VERTEX_POINT('',#4959);
#1518=VERTEX_POINT('',#4967);
#1519=VERTEX_POINT('',#4969);
#1520=VERTEX_POINT('',#4977);
#1521=VERTEX_POINT('',#4979);
#1522=VERTEX_POINT('',#4987);
#1523=VERTEX_POINT('',#4988);
#1524=VERTEX_POINT('',#4990);
#1525=VERTEX_POINT('',#4992);
#1526=VERTEX_POINT('',#4994);
#1527=VERTEX_POINT('',#4996);
#1528=VERTEX_POINT('',#4998);
#1529=VERTEX_POINT('',#5000);
#1530=VERTEX_POINT('',#5002);
#1531=VERTEX_POINT('',#5004);
#1532=VERTEX_POINT('',#5006);
#1533=VERTEX_POINT('',#5008);
#1534=VERTEX_POINT('',#5011);
#1535=VERTEX_POINT('',#5013);
#1536=VERTEX_POINT('',#5016);
#1537=VERTEX_POINT('',#5018);
#1538=VERTEX_POINT('',#5021);
#1539=VERTEX_POINT('',#5023);
#1540=VERTEX_POINT('',#5026);
#1541=VERTEX_POINT('',#5028);
#1542=VERTEX_POINT('',#5052);
#1543=VERTEX_POINT('',#5054);
#1544=VERTEX_POINT('',#5057);
#1545=VERTEX_POINT('',#5059);
#1546=VERTEX_POINT('',#5062);
#1547=VERTEX_POINT('',#5064);
#1548=VERTEX_POINT('',#5067);
#1549=VERTEX_POINT('',#5069);
#1550=VERTEX_POINT('',#5072);
#1551=VERTEX_POINT('',#5076);
#1552=VERTEX_POINT('',#5080);
#1553=VERTEX_POINT('',#5084);
#1554=VERTEX_POINT('',#5088);
#1555=VERTEX_POINT('',#5090);
#1556=VERTEX_POINT('',#5094);
#1557=VERTEX_POINT('',#5098);
#1558=VERTEX_POINT('',#5102);
#1559=VERTEX_POINT('',#5106);
#1560=VERTEX_POINT('',#5110);
#1561=VERTEX_POINT('',#5114);
#1562=VERTEX_POINT('',#5118);
#1563=VERTEX_POINT('',#5122);
#1564=VERTEX_POINT('',#5126);
#1565=VERTEX_POINT('',#5130);
#1566=VERTEX_POINT('',#5144);
#1567=VERTEX_POINT('',#5145);
#1568=VERTEX_POINT('',#5147);
#1569=VERTEX_POINT('',#5149);
#1570=VERTEX_POINT('',#5151);
#1571=VERTEX_POINT('',#5153);
#1572=VERTEX_POINT('',#5155);
#1573=VERTEX_POINT('',#5157);
#1574=EDGE_CURVE('',#1292,#1293,#1189,.T.);
#1575=EDGE_CURVE('',#1292,#1294,#513,.T.);
#1576=EDGE_CURVE('',#1294,#1295,#1190,.T.);
#1577=EDGE_CURVE('',#1293,#1295,#514,.T.);
#1578=EDGE_CURVE('',#1293,#1296,#515,.T.);
#1579=EDGE_CURVE('',#1295,#1297,#516,.T.);
#1580=EDGE_CURVE('',#1296,#1297,#517,.T.);
#1581=EDGE_CURVE('',#1296,#1298,#1191,.T.);
#1582=EDGE_CURVE('',#1297,#1299,#1192,.T.);
#1583=EDGE_CURVE('',#1298,#1299,#518,.T.);
#1584=EDGE_CURVE('',#1298,#1300,#519,.T.);
#1585=EDGE_CURVE('',#1299,#1301,#520,.T.);
#1586=EDGE_CURVE('',#1300,#1301,#521,.T.);
#1587=EDGE_CURVE('',#1302,#1292,#522,.T.);
#1588=EDGE_CURVE('',#1302,#1303,#523,.T.);
#1589=EDGE_CURVE('',#1303,#1294,#524,.T.);
#1590=EDGE_CURVE('',#1300,#1302,#1193,.T.);
#1591=EDGE_CURVE('',#1301,#1303,#1194,.T.);
#1592=EDGE_CURVE('',#1304,#1305,#1195,.T.);
#1593=EDGE_CURVE('',#1305,#1306,#525,.T.);
#1594=EDGE_CURVE('',#1306,#1307,#1196,.T.);
#1595=EDGE_CURVE('',#1307,#1304,#526,.T.);
#1596=EDGE_CURVE('',#1308,#1309,#1197,.T.);
#1597=EDGE_CURVE('',#1309,#1307,#1198,.T.);
#1598=EDGE_CURVE('',#1306,#1308,#1199,.T.);
#1599=EDGE_CURVE('',#1310,#1311,#1200,.T.);
#1600=EDGE_CURVE('',#1311,#1309,#527,.T.);
#1601=EDGE_CURVE('',#1308,#1310,#528,.T.);
#1602=EDGE_CURVE('',#1312,#1313,#1201,.T.);
#1603=EDGE_CURVE('',#1313,#1311,#1202,.T.);
#1604=EDGE_CURVE('',#1310,#1312,#1203,.T.);
#1605=EDGE_CURVE('',#1314,#1315,#1204,.T.);
#1606=EDGE_CURVE('',#1315,#1313,#529,.T.);
#1607=EDGE_CURVE('',#1312,#1314,#530,.T.);
#1608=EDGE_CURVE('',#1316,#1317,#1205,.T.);
#1609=EDGE_CURVE('',#1317,#1315,#1206,.T.);
#1610=EDGE_CURVE('',#1314,#1316,#1207,.T.);
#1611=EDGE_CURVE('',#1318,#1319,#1208,.T.);
#1612=EDGE_CURVE('',#1319,#1317,#531,.T.);
#1613=EDGE_CURVE('',#1316,#1318,#532,.T.);
#1614=EDGE_CURVE('',#1304,#1319,#1209,.T.);
#1615=EDGE_CURVE('',#1318,#1305,#1210,.T.);
#1616=EDGE_CURVE('',#1310,#1320,#533,.T.);
#1617=EDGE_CURVE('',#1321,#1320,#1211,.F.);
#1618=EDGE_CURVE('',#1312,#1321,#534,.T.);
#1619=EDGE_CURVE('',#1308,#1322,#535,.T.);
#1620=EDGE_CURVE('',#1320,#1322,#536,.T.);
#1621=EDGE_CURVE('',#1306,#1323,#537,.T.);
#1622=EDGE_CURVE('',#1322,#1323,#1212,.F.);
#1623=EDGE_CURVE('',#1305,#1324,#538,.T.);
#1624=EDGE_CURVE('',#1323,#1324,#539,.T.);
#1625=EDGE_CURVE('',#1325,#1326,#540,.T.);
#1626=EDGE_CURVE('',#1326,#1327,#541,.T.);
#1627=EDGE_CURVE('',#1327,#1328,#542,.T.);
#1628=EDGE_CURVE('',#1328,#1329,#543,.T.);
#1629=EDGE_CURVE('',#1329,#1330,#544,.T.);
#1630=EDGE_CURVE('',#1330,#1331,#545,.T.);
#1631=EDGE_CURVE('',#1331,#1332,#546,.T.);
#1632=EDGE_CURVE('',#1332,#1333,#547,.T.);
#1633=EDGE_CURVE('',#1333,#1334,#548,.T.);
#1634=EDGE_CURVE('',#1334,#1335,#549,.T.);
#1635=EDGE_CURVE('',#1335,#1336,#550,.T.);
#1636=EDGE_CURVE('',#1336,#1337,#1213,.T.);
#1637=EDGE_CURVE('',#1337,#1338,#551,.T.);
#1638=EDGE_CURVE('',#1338,#1339,#552,.T.);
#1639=EDGE_CURVE('',#1339,#1340,#553,.T.);
#1640=EDGE_CURVE('',#1340,#1341,#554,.T.);
#1641=EDGE_CURVE('',#1341,#1342,#555,.T.);
#1642=EDGE_CURVE('',#1342,#1343,#556,.T.);
#1643=EDGE_CURVE('',#1343,#1344,#557,.T.);
#1644=EDGE_CURVE('',#1344,#1345,#558,.T.);
#1645=EDGE_CURVE('',#1345,#1346,#559,.T.);
#1646=EDGE_CURVE('',#1346,#1347,#1214,.T.);
#1647=EDGE_CURVE('',#1347,#1348,#560,.T.);
#1648=EDGE_CURVE('',#1348,#1349,#561,.T.);
#1649=EDGE_CURVE('',#1349,#1350,#562,.T.);
#1650=EDGE_CURVE('',#1350,#1351,#563,.T.);
#1651=EDGE_CURVE('',#1351,#1352,#564,.T.);
#1652=EDGE_CURVE('',#1352,#1353,#565,.T.);
#1653=EDGE_CURVE('',#1353,#1354,#566,.T.);
#1654=EDGE_CURVE('',#1354,#1355,#567,.T.);
#1655=EDGE_CURVE('',#1355,#1356,#568,.T.);
#1656=EDGE_CURVE('',#1356,#1357,#569,.T.);
#1657=EDGE_CURVE('',#1357,#1358,#570,.T.);
#1658=EDGE_CURVE('',#1358,#1359,#571,.T.);
#1659=EDGE_CURVE('',#1359,#1360,#572,.T.);
#1660=EDGE_CURVE('',#1360,#1361,#573,.T.);
#1661=EDGE_CURVE('',#1361,#1362,#574,.T.);
#1662=EDGE_CURVE('',#1362,#1363,#575,.T.);
#1663=EDGE_CURVE('',#1363,#1364,#576,.T.);
#1664=EDGE_CURVE('',#1364,#1365,#577,.T.);
#1665=EDGE_CURVE('',#1365,#1366,#578,.T.);
#1666=EDGE_CURVE('',#1366,#1367,#579,.T.);
#1667=EDGE_CURVE('',#1367,#1368,#580,.T.);
#1668=EDGE_CURVE('',#1368,#1369,#1215,.T.);
#1669=EDGE_CURVE('',#1369,#1370,#581,.T.);
#1670=EDGE_CURVE('',#1370,#1371,#582,.T.);
#1671=EDGE_CURVE('',#1371,#1372,#583,.T.);
#1672=EDGE_CURVE('',#1372,#1373,#584,.T.);
#1673=EDGE_CURVE('',#1373,#1374,#585,.T.);
#1674=EDGE_CURVE('',#1374,#1375,#586,.T.);
#1675=EDGE_CURVE('',#1375,#1376,#587,.T.);
#1676=EDGE_CURVE('',#1376,#1377,#588,.T.);
#1677=EDGE_CURVE('',#1377,#1378,#589,.T.);
#1678=EDGE_CURVE('',#1378,#1379,#1216,.T.);
#1679=EDGE_CURVE('',#1379,#1380,#590,.T.);
#1680=EDGE_CURVE('',#1380,#1381,#591,.T.);
#1681=EDGE_CURVE('',#1381,#1382,#592,.T.);
#1682=EDGE_CURVE('',#1382,#1383,#593,.T.);
#1683=EDGE_CURVE('',#1383,#1384,#594,.T.);
#1684=EDGE_CURVE('',#1384,#1325,#595,.T.);
#1685=EDGE_CURVE('',#1385,#1386,#596,.T.);
#1686=EDGE_CURVE('',#1387,#1385,#1217,.T.);
#1687=EDGE_CURVE('',#1388,#1387,#597,.T.);
#1688=EDGE_CURVE('',#1389,#1388,#1218,.T.);
#1689=EDGE_CURVE('',#1390,#1389,#598,.T.);
#1690=EDGE_CURVE('',#1391,#1390,#1219,.T.);
#1691=EDGE_CURVE('',#1392,#1391,#599,.T.);
#1692=EDGE_CURVE('',#1386,#1392,#1220,.T.);
#1693=EDGE_CURVE('',#1393,#1393,#1221,.F.);
#1694=EDGE_CURVE('',#1394,#1394,#1222,.F.);
#1695=EDGE_CURVE('',#1395,#1395,#1223,.F.);
#1696=EDGE_CURVE('',#1396,#1396,#1224,.F.);
#1697=EDGE_CURVE('',#1386,#1397,#1225,.T.);
#1698=EDGE_CURVE('',#1397,#1398,#600,.T.);
#1699=EDGE_CURVE('',#1398,#1385,#1226,.T.);
#1700=EDGE_CURVE('',#1399,#1387,#1227,.T.);
#1701=EDGE_CURVE('',#1398,#1399,#1228,.T.);
#1702=EDGE_CURVE('',#1400,#1388,#1229,.T.);
#1703=EDGE_CURVE('',#1399,#1400,#601,.T.);
#1704=EDGE_CURVE('',#1401,#1389,#1230,.T.);
#1705=EDGE_CURVE('',#1400,#1401,#1231,.T.);
#1706=EDGE_CURVE('',#1402,#1390,#1232,.T.);
#1707=EDGE_CURVE('',#1401,#1402,#602,.T.);
#1708=EDGE_CURVE('',#1403,#1391,#1233,.T.);
#1709=EDGE_CURVE('',#1402,#1403,#1234,.T.);
#1710=EDGE_CURVE('',#1404,#1392,#1235,.T.);
#1711=EDGE_CURVE('',#1403,#1404,#603,.T.);
#1712=EDGE_CURVE('',#1404,#1397,#1236,.T.);
#1713=EDGE_CURVE('',#1400,#1405,#604,.T.);
#1714=EDGE_CURVE('',#1406,#1405,#1237,.T.);
#1715=EDGE_CURVE('',#1401,#1406,#605,.T.);
#1716=EDGE_CURVE('',#1399,#1407,#606,.T.);
#1717=EDGE_CURVE('',#1405,#1407,#607,.T.);
#1718=EDGE_CURVE('',#1398,#1408,#608,.T.);
#1719=EDGE_CURVE('',#1407,#1408,#1238,.T.);
#1720=EDGE_CURVE('',#1397,#1409,#609,.T.);
#1721=EDGE_CURVE('',#1410,#1409,#610,.T.);
#1722=EDGE_CURVE('',#1408,#1410,#611,.T.);
#1723=EDGE_CURVE('',#1404,#1411,#612,.T.);
#1724=EDGE_CURVE('',#1409,#1411,#1239,.T.);
#1725=EDGE_CURVE('',#1402,#1412,#613,.T.);
#1726=EDGE_CURVE('',#1413,#1412,#1240,.T.);
#1727=EDGE_CURVE('',#1403,#1413,#614,.T.);
#1728=EDGE_CURVE('',#1318,#1414,#615,.T.);
#1729=EDGE_CURVE('',#1324,#1414,#1241,.F.);
#1730=EDGE_CURVE('',#1314,#1415,#616,.T.);
#1731=EDGE_CURVE('',#1416,#1415,#1242,.F.);
#1732=EDGE_CURVE('',#1316,#1416,#617,.T.);
#1733=EDGE_CURVE('',#1411,#1413,#618,.T.);
#1734=EDGE_CURVE('',#1412,#1406,#619,.T.);
#1735=EDGE_CURVE('',#1414,#1416,#620,.T.);
#1736=EDGE_CURVE('',#1415,#1321,#621,.T.);
#1737=EDGE_CURVE('',#1408,#1417,#1243,.T.);
#1738=EDGE_CURVE('',#1417,#1418,#1244,.T.);
#1739=EDGE_CURVE('',#1418,#1407,#1245,.T.);
#1740=EDGE_CURVE('',#1419,#1405,#1246,.T.);
#1741=EDGE_CURVE('',#1418,#1419,#622,.T.);
#1742=EDGE_CURVE('',#1420,#1406,#1247,.T.);
#1743=EDGE_CURVE('',#1419,#1420,#1248,.T.);
#1744=EDGE_CURVE('',#1421,#1412,#1249,.T.);
#1745=EDGE_CURVE('',#1420,#1421,#623,.T.);
#1746=EDGE_CURVE('',#1422,#1413,#1250,.T.);
#1747=EDGE_CURVE('',#1421,#1422,#1251,.T.);
#1748=EDGE_CURVE('',#1423,#1411,#1252,.T.);
#1749=EDGE_CURVE('',#1422,#1423,#624,.T.);
#1750=EDGE_CURVE('',#1424,#1409,#1253,.T.);
#1751=EDGE_CURVE('',#1423,#1424,#1254,.T.);
#1752=EDGE_CURVE('',#1410,#1425,#1255,.T.);
#1753=EDGE_CURVE('',#1424,#1425,#625,.T.);
#1754=EDGE_CURVE('',#1425,#1417,#626,.T.);
#1755=EDGE_CURVE('',#1426,#1427,#1256,.T.);
#1756=EDGE_CURVE('',#1428,#1426,#627,.F.);
#1757=EDGE_CURVE('',#1429,#1428,#1257,.T.);
#1758=EDGE_CURVE('',#1430,#1429,#628,.F.);
#1759=EDGE_CURVE('',#1431,#1430,#1258,.T.);
#1760=EDGE_CURVE('',#1432,#1431,#629,.F.);
#1761=EDGE_CURVE('',#1433,#1432,#1259,.T.);
#1762=EDGE_CURVE('',#1427,#1433,#630,.F.);
#1763=EDGE_CURVE('',#1434,#1435,#631,.F.);
#1764=EDGE_CURVE('',#1435,#1436,#632,.T.);
#1765=EDGE_CURVE('',#1436,#1437,#633,.F.);
#1766=EDGE_CURVE('',#1437,#1434,#634,.T.);
#1767=EDGE_CURVE('',#1435,#1342,#635,.T.);
#1768=EDGE_CURVE('',#1341,#1436,#636,.T.);
#1769=EDGE_CURVE('',#1438,#1439,#637,.F.);
#1770=EDGE_CURVE('',#1439,#1440,#638,.T.);
#1771=EDGE_CURVE('',#1440,#1441,#639,.F.);
#1772=EDGE_CURVE('',#1441,#1438,#640,.T.);
#1773=EDGE_CURVE('',#1439,#1332,#641,.T.);
#1774=EDGE_CURVE('',#1331,#1440,#642,.T.);
#1775=EDGE_CURVE('',#1442,#1443,#643,.F.);
#1776=EDGE_CURVE('',#1443,#1444,#644,.T.);
#1777=EDGE_CURVE('',#1444,#1445,#645,.T.);
#1778=EDGE_CURVE('',#1445,#1442,#646,.T.);
#1779=EDGE_CURVE('',#1446,#1447,#647,.T.);
#1780=EDGE_CURVE('',#1447,#1445,#1260,.T.);
#1781=EDGE_CURVE('',#1444,#1446,#1261,.T.);
#1782=EDGE_CURVE('',#1448,#1449,#648,.F.);
#1783=EDGE_CURVE('',#1449,#1447,#649,.T.);
#1784=EDGE_CURVE('',#1446,#1448,#650,.T.);
#1785=EDGE_CURVE('',#1336,#1446,#651,.T.);
#1786=EDGE_CURVE('',#1335,#1448,#652,.T.);
#1787=EDGE_CURVE('',#1337,#1444,#653,.T.);
#1788=EDGE_CURVE('',#1443,#1338,#654,.T.);
#1789=EDGE_CURVE('',#1450,#1451,#655,.T.);
#1790=EDGE_CURVE('',#1451,#1452,#656,.T.);
#1791=EDGE_CURVE('',#1452,#1453,#657,.T.);
#1792=EDGE_CURVE('',#1453,#1450,#658,.T.);
#1793=EDGE_CURVE('',#1453,#1454,#659,.T.);
#1794=EDGE_CURVE('',#1454,#1455,#660,.T.);
#1795=EDGE_CURVE('',#1455,#1450,#661,.T.);
#1796=EDGE_CURVE('',#1454,#1456,#662,.T.);
#1797=EDGE_CURVE('',#1456,#1457,#663,.F.);
#1798=EDGE_CURVE('',#1457,#1455,#664,.T.);
#1799=EDGE_CURVE('',#1458,#1459,#665,.T.);
#1800=EDGE_CURVE('',#1459,#1452,#1262,.T.);
#1801=EDGE_CURVE('',#1451,#1458,#1263,.T.);
#1802=EDGE_CURVE('',#1460,#1461,#666,.F.);
#1803=EDGE_CURVE('',#1461,#1459,#667,.T.);
#1804=EDGE_CURVE('',#1458,#1460,#668,.T.);
#1805=EDGE_CURVE('',#1346,#1458,#669,.T.);
#1806=EDGE_CURVE('',#1345,#1460,#670,.T.);
#1807=EDGE_CURVE('',#1347,#1451,#671,.T.);
#1808=EDGE_CURVE('',#1348,#1450,#672,.T.);
#1809=EDGE_CURVE('',#1349,#1455,#673,.T.);
#1810=EDGE_CURVE('',#1457,#1350,#674,.T.);
#1811=EDGE_CURVE('',#1462,#1463,#675,.F.);
#1812=EDGE_CURVE('',#1463,#1464,#676,.T.);
#1813=EDGE_CURVE('',#1464,#1465,#677,.F.);
#1814=EDGE_CURVE('',#1465,#1462,#678,.T.);
#1815=EDGE_CURVE('',#1463,#1354,#679,.T.);
#1816=EDGE_CURVE('',#1353,#1464,#680,.T.);
#1817=EDGE_CURVE('',#1466,#1467,#681,.F.);
#1818=EDGE_CURVE('',#1467,#1468,#682,.T.);
#1819=EDGE_CURVE('',#1468,#1469,#683,.F.);
#1820=EDGE_CURVE('',#1469,#1466,#684,.T.);
#1821=EDGE_CURVE('',#1467,#1358,#685,.T.);
#1822=EDGE_CURVE('',#1357,#1468,#686,.T.);
#1823=EDGE_CURVE('',#1470,#1471,#687,.F.);
#1824=EDGE_CURVE('',#1471,#1472,#688,.T.);
#1825=EDGE_CURVE('',#1472,#1473,#689,.F.);
#1826=EDGE_CURVE('',#1473,#1470,#690,.T.);
#1827=EDGE_CURVE('',#1471,#1362,#691,.T.);
#1828=EDGE_CURVE('',#1361,#1472,#692,.T.);
#1829=EDGE_CURVE('',#1474,#1475,#693,.T.);
#1830=EDGE_CURVE('',#1475,#1476,#694,.F.);
#1831=EDGE_CURVE('',#1476,#1477,#695,.T.);
#1832=EDGE_CURVE('',#1477,#1474,#696,.T.);
#1833=EDGE_CURVE('',#1477,#1478,#697,.T.);
#1834=EDGE_CURVE('',#1478,#1479,#698,.T.);
#1835=EDGE_CURVE('',#1479,#1474,#699,.T.);
#1836=EDGE_CURVE('',#1480,#1481,#700,.F.);
#1837=EDGE_CURVE('',#1481,#1482,#701,.T.);
#1838=EDGE_CURVE('',#1482,#1483,#702,.T.);
#1839=EDGE_CURVE('',#1483,#1480,#703,.T.);
#1840=EDGE_CURVE('',#1484,#1485,#704,.T.);
#1841=EDGE_CURVE('',#1485,#1483,#1264,.T.);
#1842=EDGE_CURVE('',#1482,#1484,#1265,.T.);
#1843=EDGE_CURVE('',#1478,#1485,#705,.T.);
#1844=EDGE_CURVE('',#1484,#1479,#706,.T.);
#1845=EDGE_CURVE('',#1366,#1474,#707,.T.);
#1846=EDGE_CURVE('',#1365,#1475,#708,.T.);
#1847=EDGE_CURVE('',#1367,#1479,#709,.T.);
#1848=EDGE_CURVE('',#1368,#1484,#710,.T.);
#1849=EDGE_CURVE('',#1482,#1369,#711,.T.);
#1850=EDGE_CURVE('',#1481,#1370,#712,.T.);
#1851=EDGE_CURVE('',#1486,#1487,#713,.F.);
#1852=EDGE_CURVE('',#1487,#1488,#714,.T.);
#1853=EDGE_CURVE('',#1488,#1489,#715,.F.);
#1854=EDGE_CURVE('',#1489,#1486,#716,.T.);
#1855=EDGE_CURVE('',#1487,#1374,#717,.T.);
#1856=EDGE_CURVE('',#1373,#1488,#718,.T.);
#1857=EDGE_CURVE('',#1490,#1491,#719,.F.);
#1858=EDGE_CURVE('',#1491,#1492,#720,.T.);
#1859=EDGE_CURVE('',#1492,#1493,#721,.T.);
#1860=EDGE_CURVE('',#1493,#1490,#722,.T.);
#1861=EDGE_CURVE('',#1494,#1495,#723,.T.);
#1862=EDGE_CURVE('',#1495,#1493,#1266,.T.);
#1863=EDGE_CURVE('',#1492,#1494,#1267,.T.);
#1864=EDGE_CURVE('',#1496,#1497,#724,.F.);
#1865=EDGE_CURVE('',#1497,#1495,#725,.T.);
#1866=EDGE_CURVE('',#1494,#1496,#726,.T.);
#1867=EDGE_CURVE('',#1378,#1494,#727,.T.);
#1868=EDGE_CURVE('',#1377,#1496,#728,.T.);
#1869=EDGE_CURVE('',#1379,#1492,#729,.T.);
#1870=EDGE_CURVE('',#1491,#1380,#730,.T.);
#1871=EDGE_CURVE('',#1498,#1499,#731,.F.);
#1872=EDGE_CURVE('',#1499,#1500,#732,.T.);
#1873=EDGE_CURVE('',#1500,#1501,#733,.F.);
#1874=EDGE_CURVE('',#1501,#1498,#734,.T.);
#1875=EDGE_CURVE('',#1499,#1384,#735,.T.);
#1876=EDGE_CURVE('',#1383,#1500,#736,.T.);
#1877=EDGE_CURVE('',#1502,#1503,#737,.F.);
#1878=EDGE_CURVE('',#1503,#1504,#738,.T.);
#1879=EDGE_CURVE('',#1504,#1505,#739,.F.);
#1880=EDGE_CURVE('',#1505,#1502,#740,.T.);
#1881=EDGE_CURVE('',#1503,#1328,#741,.T.);
#1882=EDGE_CURVE('',#1327,#1504,#742,.T.);
#1883=EDGE_CURVE('',#1334,#1506,#743,.T.);
#1884=EDGE_CURVE('',#1507,#1333,#744,.T.);
#1885=EDGE_CURVE('',#1506,#1507,#745,.T.);
#1886=EDGE_CURVE('',#1506,#1449,#746,.T.);
#1887=EDGE_CURVE('',#1438,#1507,#747,.T.);
#1888=EDGE_CURVE('',#1508,#1381,#748,.T.);
#1889=EDGE_CURVE('',#1508,#1509,#749,.T.);
#1890=EDGE_CURVE('',#1382,#1509,#750,.T.);
#1891=EDGE_CURVE('',#1490,#1508,#751,.T.);
#1892=EDGE_CURVE('',#1509,#1501,#752,.T.);
#1893=EDGE_CURVE('',#1376,#1510,#753,.T.);
#1894=EDGE_CURVE('',#1511,#1375,#754,.T.);
#1895=EDGE_CURVE('',#1510,#1511,#755,.T.);
#1896=EDGE_CURVE('',#1510,#1497,#756,.T.);
#1897=EDGE_CURVE('',#1486,#1511,#757,.T.);
#1898=EDGE_CURVE('',#1512,#1371,#758,.T.);
#1899=EDGE_CURVE('',#1512,#1513,#759,.T.);
#1900=EDGE_CURVE('',#1372,#1513,#760,.T.);
#1901=EDGE_CURVE('',#1480,#1512,#761,.T.);
#1902=EDGE_CURVE('',#1513,#1489,#762,.T.);
#1903=EDGE_CURVE('',#1364,#1514,#763,.T.);
#1904=EDGE_CURVE('',#1515,#1363,#764,.T.);
#1905=EDGE_CURVE('',#1514,#1515,#765,.T.);
#1906=EDGE_CURVE('',#1514,#1476,#766,.T.);
#1907=EDGE_CURVE('',#1470,#1515,#767,.T.);
#1908=EDGE_CURVE('',#1360,#1516,#768,.T.);
#1909=EDGE_CURVE('',#1517,#1359,#769,.T.);
#1910=EDGE_CURVE('',#1516,#1517,#770,.T.);
#1911=EDGE_CURVE('',#1516,#1473,#771,.T.);
#1912=EDGE_CURVE('',#1466,#1517,#772,.T.);
#1913=EDGE_CURVE('',#1518,#1355,#773,.T.);
#1914=EDGE_CURVE('',#1518,#1519,#774,.T.);
#1915=EDGE_CURVE('',#1356,#1519,#775,.T.);
#1916=EDGE_CURVE('',#1462,#1518,#776,.T.);
#1917=EDGE_CURVE('',#1519,#1469,#777,.T.);
#1918=EDGE_CURVE('',#1520,#1351,#778,.T.);
#1919=EDGE_CURVE('',#1520,#1521,#779,.T.);
#1920=EDGE_CURVE('',#1352,#1521,#780,.T.);
#1921=EDGE_CURVE('',#1456,#1520,#781,.T.);
#1922=EDGE_CURVE('',#1521,#1465,#782,.T.);
#1923=EDGE_CURVE('',#1522,#1523,#1268,.T.);
#1924=EDGE_CURVE('',#1523,#1524,#783,.T.);
#1925=EDGE_CURVE('',#1524,#1525,#1269,.T.);
#1926=EDGE_CURVE('',#1525,#1526,#784,.T.);
#1927=EDGE_CURVE('',#1526,#1527,#1270,.T.);
#1928=EDGE_CURVE('',#1527,#1528,#785,.T.);
#1929=EDGE_CURVE('',#1528,#1529,#1271,.T.);
#1930=EDGE_CURVE('',#1529,#1530,#786,.T.);
#1931=EDGE_CURVE('',#1530,#1531,#787,.T.);
#1932=EDGE_CURVE('',#1531,#1532,#788,.T.);
#1933=EDGE_CURVE('',#1532,#1533,#789,.T.);
#1934=EDGE_CURVE('',#1533,#1522,#790,.T.);
#1935=EDGE_CURVE('',#1534,#1437,#791,.T.);
#1936=EDGE_CURVE('',#1535,#1534,#792,.T.);
#1937=EDGE_CURVE('',#1442,#1535,#793,.T.);
#1938=EDGE_CURVE('',#1536,#1441,#794,.T.);
#1939=EDGE_CURVE('',#1537,#1536,#795,.T.);
#1940=EDGE_CURVE('',#1537,#1502,#796,.T.);
#1941=EDGE_CURVE('',#1505,#1538,#797,.T.);
#1942=EDGE_CURVE('',#1538,#1539,#798,.T.);
#1943=EDGE_CURVE('',#1498,#1539,#799,.T.);
#1944=EDGE_CURVE('',#1540,#1461,#800,.T.);
#1945=EDGE_CURVE('',#1541,#1540,#801,.T.);
#1946=EDGE_CURVE('',#1434,#1541,#802,.T.);
#1947=EDGE_CURVE('',#1541,#1343,#803,.T.);
#1948=EDGE_CURVE('',#1344,#1540,#804,.T.);
#1949=EDGE_CURVE('',#1535,#1339,#805,.T.);
#1950=EDGE_CURVE('',#1340,#1534,#806,.T.);
#1951=EDGE_CURVE('',#1329,#1537,#807,.T.);
#1952=EDGE_CURVE('',#1330,#1536,#808,.T.);
#1953=EDGE_CURVE('',#1538,#1326,#809,.T.);
#1954=EDGE_CURVE('',#1539,#1325,#810,.T.);
#1955=EDGE_CURVE('',#1542,#1542,#1272,.T.);
#1956=EDGE_CURVE('',#1543,#1543,#1273,.T.);
#1957=EDGE_CURVE('',#1544,#1544,#1274,.T.);
#1958=EDGE_CURVE('',#1545,#1545,#1275,.T.);
#1959=EDGE_CURVE('',#1546,#1546,#1276,.T.);
#1960=EDGE_CURVE('',#1547,#1547,#1277,.T.);
#1961=EDGE_CURVE('',#1548,#1548,#1278,.T.);
#1962=EDGE_CURVE('',#1549,#1549,#1279,.T.);
#1963=EDGE_CURVE('',#1549,#1550,#811,.T.);
#1964=EDGE_CURVE('',#1550,#1550,#1280,.F.);
#1965=EDGE_CURVE('',#1543,#1551,#812,.T.);
#1966=EDGE_CURVE('',#1551,#1551,#1281,.F.);
#1967=EDGE_CURVE('',#1547,#1552,#813,.T.);
#1968=EDGE_CURVE('',#1552,#1552,#1282,.F.);
#1969=EDGE_CURVE('',#1545,#1553,#814,.T.);
#1970=EDGE_CURVE('',#1553,#1553,#1283,.F.);
#1971=EDGE_CURVE('',#1554,#1533,#815,.T.);
#1972=EDGE_CURVE('',#1555,#1554,#816,.T.);
#1973=EDGE_CURVE('',#1522,#1555,#817,.T.);
#1974=EDGE_CURVE('',#1556,#1555,#1284,.T.);
#1975=EDGE_CURVE('',#1523,#1556,#818,.T.);
#1976=EDGE_CURVE('',#1556,#1557,#819,.T.);
#1977=EDGE_CURVE('',#1524,#1557,#820,.T.);
#1978=EDGE_CURVE('',#1558,#1557,#1285,.T.);
#1979=EDGE_CURVE('',#1525,#1558,#821,.T.);
#1980=EDGE_CURVE('',#1558,#1559,#822,.T.);
#1981=EDGE_CURVE('',#1526,#1559,#823,.T.);
#1982=EDGE_CURVE('',#1560,#1559,#1286,.T.);
#1983=EDGE_CURVE('',#1527,#1560,#824,.T.);
#1984=EDGE_CURVE('',#1560,#1561,#825,.T.);
#1985=EDGE_CURVE('',#1528,#1561,#826,.T.);
#1986=EDGE_CURVE('',#1562,#1561,#1287,.T.);
#1987=EDGE_CURVE('',#1529,#1562,#827,.T.);
#1988=EDGE_CURVE('',#1563,#1562,#828,.T.);
#1989=EDGE_CURVE('',#1563,#1530,#829,.T.);
#1990=EDGE_CURVE('',#1564,#1563,#830,.T.);
#1991=EDGE_CURVE('',#1531,#1564,#831,.T.);
#1992=EDGE_CURVE('',#1565,#1564,#832,.T.);
#1993=EDGE_CURVE('',#1532,#1565,#833,.T.);
#1994=EDGE_CURVE('',#1554,#1565,#834,.T.);
#1995=EDGE_CURVE('',#1542,#1393,#835,.T.);
#1996=EDGE_CURVE('',#1544,#1394,#836,.T.);
#1997=EDGE_CURVE('',#1546,#1395,#837,.T.);
#1998=EDGE_CURVE('',#1548,#1396,#838,.T.);
#1999=EDGE_CURVE('',#1566,#1567,#839,.T.);
#2000=EDGE_CURVE('',#1567,#1568,#1288,.T.);
#2001=EDGE_CURVE('',#1568,#1569,#840,.T.);
#2002=EDGE_CURVE('',#1569,#1570,#1289,.T.);
#2003=EDGE_CURVE('',#1570,#1571,#841,.T.);
#2004=EDGE_CURVE('',#1571,#1572,#1290,.T.);
#2005=EDGE_CURVE('',#1572,#1573,#842,.T.);
#2006=EDGE_CURVE('',#1573,#1566,#1291,.T.);
#2007=EDGE_CURVE('',#1566,#1427,#843,.T.);
#2008=EDGE_CURVE('',#1573,#1426,#844,.T.);
#2009=EDGE_CURVE('',#1572,#1428,#845,.T.);
#2010=EDGE_CURVE('',#1571,#1429,#846,.T.);
#2011=EDGE_CURVE('',#1570,#1430,#847,.T.);
#2012=EDGE_CURVE('',#1569,#1431,#848,.T.);
#2013=EDGE_CURVE('',#1568,#1432,#849,.T.);
#2014=EDGE_CURVE('',#1567,#1433,#850,.T.);
#2015=ORIENTED_EDGE('',*,*,#1574,.F.);
#2016=ORIENTED_EDGE('',*,*,#1575,.T.);
#2017=ORIENTED_EDGE('',*,*,#1576,.T.);
#2018=ORIENTED_EDGE('',*,*,#1577,.F.);
#2019=ORIENTED_EDGE('',*,*,#1578,.F.);
#2020=ORIENTED_EDGE('',*,*,#1577,.T.);
#2021=ORIENTED_EDGE('',*,*,#1579,.T.);
#2022=ORIENTED_EDGE('',*,*,#1580,.F.);
#2023=ORIENTED_EDGE('',*,*,#1581,.F.);
#2024=ORIENTED_EDGE('',*,*,#1580,.T.);
#2025=ORIENTED_EDGE('',*,*,#1582,.T.);
#2026=ORIENTED_EDGE('',*,*,#1583,.F.);
#2027=ORIENTED_EDGE('',*,*,#1584,.F.);
#2028=ORIENTED_EDGE('',*,*,#1583,.T.);
#2029=ORIENTED_EDGE('',*,*,#1585,.T.);
#2030=ORIENTED_EDGE('',*,*,#1586,.F.);
#2031=ORIENTED_EDGE('',*,*,#1587,.F.);
#2032=ORIENTED_EDGE('',*,*,#1588,.T.);
#2033=ORIENTED_EDGE('',*,*,#1589,.T.);
#2034=ORIENTED_EDGE('',*,*,#1575,.F.);
#2035=ORIENTED_EDGE('',*,*,#1590,.F.);
#2036=ORIENTED_EDGE('',*,*,#1586,.T.);
#2037=ORIENTED_EDGE('',*,*,#1591,.T.);
#2038=ORIENTED_EDGE('',*,*,#1588,.F.);
#2039=ORIENTED_EDGE('',*,*,#1591,.F.);
#2040=ORIENTED_EDGE('',*,*,#1585,.F.);
#2041=ORIENTED_EDGE('',*,*,#1582,.F.);
#2042=ORIENTED_EDGE('',*,*,#1579,.F.);
#2043=ORIENTED_EDGE('',*,*,#1576,.F.);
#2044=ORIENTED_EDGE('',*,*,#1589,.F.);
#2045=ORIENTED_EDGE('',*,*,#1592,.T.);
#2046=ORIENTED_EDGE('',*,*,#1593,.T.);
#2047=ORIENTED_EDGE('',*,*,#1594,.T.);
#2048=ORIENTED_EDGE('',*,*,#1595,.T.);
#2049=ORIENTED_EDGE('',*,*,#1596,.T.);
#2050=ORIENTED_EDGE('',*,*,#1597,.T.);
#2051=ORIENTED_EDGE('',*,*,#1594,.F.);
#2052=ORIENTED_EDGE('',*,*,#1598,.T.);
#2053=ORIENTED_EDGE('',*,*,#1599,.T.);
#2054=ORIENTED_EDGE('',*,*,#1600,.T.);
#2055=ORIENTED_EDGE('',*,*,#1596,.F.);
#2056=ORIENTED_EDGE('',*,*,#1601,.T.);
#2057=ORIENTED_EDGE('',*,*,#1602,.T.);
#2058=ORIENTED_EDGE('',*,*,#1603,.T.);
#2059=ORIENTED_EDGE('',*,*,#1599,.F.);
#2060=ORIENTED_EDGE('',*,*,#1604,.T.);
#2061=ORIENTED_EDGE('',*,*,#1605,.T.);
#2062=ORIENTED_EDGE('',*,*,#1606,.T.);
#2063=ORIENTED_EDGE('',*,*,#1602,.F.);
#2064=ORIENTED_EDGE('',*,*,#1607,.T.);
#2065=ORIENTED_EDGE('',*,*,#1608,.T.);
#2066=ORIENTED_EDGE('',*,*,#1609,.T.);
#2067=ORIENTED_EDGE('',*,*,#1605,.F.);
#2068=ORIENTED_EDGE('',*,*,#1610,.T.);
#2069=ORIENTED_EDGE('',*,*,#1611,.T.);
#2070=ORIENTED_EDGE('',*,*,#1612,.T.);
#2071=ORIENTED_EDGE('',*,*,#1608,.F.);
#2072=ORIENTED_EDGE('',*,*,#1613,.T.);
#2073=ORIENTED_EDGE('',*,*,#1592,.F.);
#2074=ORIENTED_EDGE('',*,*,#1614,.T.);
#2075=ORIENTED_EDGE('',*,*,#1611,.F.);
#2076=ORIENTED_EDGE('',*,*,#1615,.T.);
#2077=ORIENTED_EDGE('',*,*,#1604,.F.);
#2078=ORIENTED_EDGE('',*,*,#1616,.T.);
#2079=ORIENTED_EDGE('',*,*,#1617,.F.);
#2080=ORIENTED_EDGE('',*,*,#1618,.F.);
#2081=ORIENTED_EDGE('',*,*,#1601,.F.);
#2082=ORIENTED_EDGE('',*,*,#1619,.T.);
#2083=ORIENTED_EDGE('',*,*,#1620,.F.);
#2084=ORIENTED_EDGE('',*,*,#1616,.F.);
#2085=ORIENTED_EDGE('',*,*,#1598,.F.);
#2086=ORIENTED_EDGE('',*,*,#1621,.T.);
#2087=ORIENTED_EDGE('',*,*,#1622,.F.);
#2088=ORIENTED_EDGE('',*,*,#1619,.F.);
#2089=ORIENTED_EDGE('',*,*,#1593,.F.);
#2090=ORIENTED_EDGE('',*,*,#1623,.T.);
#2091=ORIENTED_EDGE('',*,*,#1624,.F.);
#2092=ORIENTED_EDGE('',*,*,#1621,.F.);
#2093=ORIENTED_EDGE('',*,*,#1625,.T.);
#2094=ORIENTED_EDGE('',*,*,#1626,.T.);
#2095=ORIENTED_EDGE('',*,*,#1627,.T.);
#2096=ORIENTED_EDGE('',*,*,#1628,.T.);
#2097=ORIENTED_EDGE('',*,*,#1629,.T.);
#2098=ORIENTED_EDGE('',*,*,#1630,.T.);
#2099=ORIENTED_EDGE('',*,*,#1631,.T.);
#2100=ORIENTED_EDGE('',*,*,#1632,.T.);
#2101=ORIENTED_EDGE('',*,*,#1633,.T.);
#2102=ORIENTED_EDGE('',*,*,#1634,.T.);
#2103=ORIENTED_EDGE('',*,*,#1635,.T.);
#2104=ORIENTED_EDGE('',*,*,#1636,.T.);
#2105=ORIENTED_EDGE('',*,*,#1637,.T.);
#2106=ORIENTED_EDGE('',*,*,#1638,.T.);
#2107=ORIENTED_EDGE('',*,*,#1639,.T.);
#2108=ORIENTED_EDGE('',*,*,#1640,.T.);
#2109=ORIENTED_EDGE('',*,*,#1641,.T.);
#2110=ORIENTED_EDGE('',*,*,#1642,.T.);
#2111=ORIENTED_EDGE('',*,*,#1643,.T.);
#2112=ORIENTED_EDGE('',*,*,#1644,.T.);
#2113=ORIENTED_EDGE('',*,*,#1645,.T.);
#2114=ORIENTED_EDGE('',*,*,#1646,.T.);
#2115=ORIENTED_EDGE('',*,*,#1647,.T.);
#2116=ORIENTED_EDGE('',*,*,#1648,.T.);
#2117=ORIENTED_EDGE('',*,*,#1649,.T.);
#2118=ORIENTED_EDGE('',*,*,#1650,.T.);
#2119=ORIENTED_EDGE('',*,*,#1651,.T.);
#2120=ORIENTED_EDGE('',*,*,#1652,.T.);
#2121=ORIENTED_EDGE('',*,*,#1653,.T.);
#2122=ORIENTED_EDGE('',*,*,#1654,.T.);
#2123=ORIENTED_EDGE('',*,*,#1655,.T.);
#2124=ORIENTED_EDGE('',*,*,#1656,.T.);
#2125=ORIENTED_EDGE('',*,*,#1657,.T.);
#2126=ORIENTED_EDGE('',*,*,#1658,.T.);
#2127=ORIENTED_EDGE('',*,*,#1659,.T.);
#2128=ORIENTED_EDGE('',*,*,#1660,.T.);
#2129=ORIENTED_EDGE('',*,*,#1661,.T.);
#2130=ORIENTED_EDGE('',*,*,#1662,.T.);
#2131=ORIENTED_EDGE('',*,*,#1663,.T.);
#2132=ORIENTED_EDGE('',*,*,#1664,.T.);
#2133=ORIENTED_EDGE('',*,*,#1665,.T.);
#2134=ORIENTED_EDGE('',*,*,#1666,.T.);
#2135=ORIENTED_EDGE('',*,*,#1667,.T.);
#2136=ORIENTED_EDGE('',*,*,#1668,.T.);
#2137=ORIENTED_EDGE('',*,*,#1669,.T.);
#2138=ORIENTED_EDGE('',*,*,#1670,.T.);
#2139=ORIENTED_EDGE('',*,*,#1671,.T.);
#2140=ORIENTED_EDGE('',*,*,#1672,.T.);
#2141=ORIENTED_EDGE('',*,*,#1673,.T.);
#2142=ORIENTED_EDGE('',*,*,#1674,.T.);
#2143=ORIENTED_EDGE('',*,*,#1675,.T.);
#2144=ORIENTED_EDGE('',*,*,#1676,.T.);
#2145=ORIENTED_EDGE('',*,*,#1677,.T.);
#2146=ORIENTED_EDGE('',*,*,#1678,.T.);
#2147=ORIENTED_EDGE('',*,*,#1679,.T.);
#2148=ORIENTED_EDGE('',*,*,#1680,.T.);
#2149=ORIENTED_EDGE('',*,*,#1681,.T.);
#2150=ORIENTED_EDGE('',*,*,#1682,.T.);
#2151=ORIENTED_EDGE('',*,*,#1683,.T.);
#2152=ORIENTED_EDGE('',*,*,#1684,.T.);
#2153=ORIENTED_EDGE('',*,*,#1584,.T.);
#2154=ORIENTED_EDGE('',*,*,#1590,.T.);
#2155=ORIENTED_EDGE('',*,*,#1587,.T.);
#2156=ORIENTED_EDGE('',*,*,#1574,.T.);
#2157=ORIENTED_EDGE('',*,*,#1578,.T.);
#2158=ORIENTED_EDGE('',*,*,#1581,.T.);
#2159=ORIENTED_EDGE('',*,*,#1685,.F.);
#2160=ORIENTED_EDGE('',*,*,#1686,.F.);
#2161=ORIENTED_EDGE('',*,*,#1687,.F.);
#2162=ORIENTED_EDGE('',*,*,#1688,.F.);
#2163=ORIENTED_EDGE('',*,*,#1689,.F.);
#2164=ORIENTED_EDGE('',*,*,#1690,.F.);
#2165=ORIENTED_EDGE('',*,*,#1691,.F.);
#2166=ORIENTED_EDGE('',*,*,#1692,.F.);
#2167=ORIENTED_EDGE('',*,*,#1693,.T.);
#2168=ORIENTED_EDGE('',*,*,#1694,.T.);
#2169=ORIENTED_EDGE('',*,*,#1695,.T.);
#2170=ORIENTED_EDGE('',*,*,#1696,.T.);
#2171=ORIENTED_EDGE('',*,*,#1595,.F.);
#2172=ORIENTED_EDGE('',*,*,#1597,.F.);
#2173=ORIENTED_EDGE('',*,*,#1600,.F.);
#2174=ORIENTED_EDGE('',*,*,#1603,.F.);
#2175=ORIENTED_EDGE('',*,*,#1606,.F.);
#2176=ORIENTED_EDGE('',*,*,#1609,.F.);
#2177=ORIENTED_EDGE('',*,*,#1612,.F.);
#2178=ORIENTED_EDGE('',*,*,#1614,.F.);
#2179=ORIENTED_EDGE('',*,*,#1697,.T.);
#2180=ORIENTED_EDGE('',*,*,#1698,.T.);
#2181=ORIENTED_EDGE('',*,*,#1699,.T.);
#2182=ORIENTED_EDGE('',*,*,#1685,.T.);
#2183=ORIENTED_EDGE('',*,*,#1700,.T.);
#2184=ORIENTED_EDGE('',*,*,#1686,.T.);
#2185=ORIENTED_EDGE('',*,*,#1699,.F.);
#2186=ORIENTED_EDGE('',*,*,#1701,.T.);
#2187=ORIENTED_EDGE('',*,*,#1702,.T.);
#2188=ORIENTED_EDGE('',*,*,#1687,.T.);
#2189=ORIENTED_EDGE('',*,*,#1700,.F.);
#2190=ORIENTED_EDGE('',*,*,#1703,.T.);
#2191=ORIENTED_EDGE('',*,*,#1704,.T.);
#2192=ORIENTED_EDGE('',*,*,#1688,.T.);
#2193=ORIENTED_EDGE('',*,*,#1702,.F.);
#2194=ORIENTED_EDGE('',*,*,#1705,.T.);
#2195=ORIENTED_EDGE('',*,*,#1706,.T.);
#2196=ORIENTED_EDGE('',*,*,#1689,.T.);
#2197=ORIENTED_EDGE('',*,*,#1704,.F.);
#2198=ORIENTED_EDGE('',*,*,#1707,.T.);
#2199=ORIENTED_EDGE('',*,*,#1708,.T.);
#2200=ORIENTED_EDGE('',*,*,#1690,.T.);
#2201=ORIENTED_EDGE('',*,*,#1706,.F.);
#2202=ORIENTED_EDGE('',*,*,#1709,.T.);
#2203=ORIENTED_EDGE('',*,*,#1710,.T.);
#2204=ORIENTED_EDGE('',*,*,#1691,.T.);
#2205=ORIENTED_EDGE('',*,*,#1708,.F.);
#2206=ORIENTED_EDGE('',*,*,#1711,.T.);
#2207=ORIENTED_EDGE('',*,*,#1697,.F.);
#2208=ORIENTED_EDGE('',*,*,#1692,.T.);
#2209=ORIENTED_EDGE('',*,*,#1710,.F.);
#2210=ORIENTED_EDGE('',*,*,#1712,.T.);
#2211=ORIENTED_EDGE('',*,*,#1705,.F.);
#2212=ORIENTED_EDGE('',*,*,#1713,.T.);
#2213=ORIENTED_EDGE('',*,*,#1714,.F.);
#2214=ORIENTED_EDGE('',*,*,#1715,.F.);
#2215=ORIENTED_EDGE('',*,*,#1703,.F.);
#2216=ORIENTED_EDGE('',*,*,#1716,.T.);
#2217=ORIENTED_EDGE('',*,*,#1717,.F.);
#2218=ORIENTED_EDGE('',*,*,#1713,.F.);
#2219=ORIENTED_EDGE('',*,*,#1701,.F.);
#2220=ORIENTED_EDGE('',*,*,#1718,.T.);
#2221=ORIENTED_EDGE('',*,*,#1719,.F.);
#2222=ORIENTED_EDGE('',*,*,#1716,.F.);
#2223=ORIENTED_EDGE('',*,*,#1698,.F.);
#2224=ORIENTED_EDGE('',*,*,#1720,.T.);
#2225=ORIENTED_EDGE('',*,*,#1721,.F.);
#2226=ORIENTED_EDGE('',*,*,#1722,.F.);
#2227=ORIENTED_EDGE('',*,*,#1718,.F.);
#2228=ORIENTED_EDGE('',*,*,#1712,.F.);
#2229=ORIENTED_EDGE('',*,*,#1723,.T.);
#2230=ORIENTED_EDGE('',*,*,#1724,.F.);
#2231=ORIENTED_EDGE('',*,*,#1720,.F.);
#2232=ORIENTED_EDGE('',*,*,#1709,.F.);
#2233=ORIENTED_EDGE('',*,*,#1725,.T.);
#2234=ORIENTED_EDGE('',*,*,#1726,.F.);
#2235=ORIENTED_EDGE('',*,*,#1727,.F.);
#2236=ORIENTED_EDGE('',*,*,#1615,.F.);
#2237=ORIENTED_EDGE('',*,*,#1728,.T.);
#2238=ORIENTED_EDGE('',*,*,#1729,.F.);
#2239=ORIENTED_EDGE('',*,*,#1623,.F.);
#2240=ORIENTED_EDGE('',*,*,#1610,.F.);
#2241=ORIENTED_EDGE('',*,*,#1730,.T.);
#2242=ORIENTED_EDGE('',*,*,#1731,.F.);
#2243=ORIENTED_EDGE('',*,*,#1732,.F.);
#2244=ORIENTED_EDGE('',*,*,#1711,.F.);
#2245=ORIENTED_EDGE('',*,*,#1727,.T.);
#2246=ORIENTED_EDGE('',*,*,#1733,.F.);
#2247=ORIENTED_EDGE('',*,*,#1723,.F.);
#2248=ORIENTED_EDGE('',*,*,#1707,.F.);
#2249=ORIENTED_EDGE('',*,*,#1715,.T.);
#2250=ORIENTED_EDGE('',*,*,#1734,.F.);
#2251=ORIENTED_EDGE('',*,*,#1725,.F.);
#2252=ORIENTED_EDGE('',*,*,#1613,.F.);
#2253=ORIENTED_EDGE('',*,*,#1732,.T.);
#2254=ORIENTED_EDGE('',*,*,#1735,.F.);
#2255=ORIENTED_EDGE('',*,*,#1728,.F.);
#2256=ORIENTED_EDGE('',*,*,#1607,.F.);
#2257=ORIENTED_EDGE('',*,*,#1618,.T.);
#2258=ORIENTED_EDGE('',*,*,#1736,.F.);
#2259=ORIENTED_EDGE('',*,*,#1730,.F.);
#2260=ORIENTED_EDGE('',*,*,#1737,.T.);
#2261=ORIENTED_EDGE('',*,*,#1738,.T.);
#2262=ORIENTED_EDGE('',*,*,#1739,.T.);
#2263=ORIENTED_EDGE('',*,*,#1719,.T.);
#2264=ORIENTED_EDGE('',*,*,#1740,.T.);
#2265=ORIENTED_EDGE('',*,*,#1717,.T.);
#2266=ORIENTED_EDGE('',*,*,#1739,.F.);
#2267=ORIENTED_EDGE('',*,*,#1741,.T.);
#2268=ORIENTED_EDGE('',*,*,#1742,.T.);
#2269=ORIENTED_EDGE('',*,*,#1714,.T.);
#2270=ORIENTED_EDGE('',*,*,#1740,.F.);
#2271=ORIENTED_EDGE('',*,*,#1743,.T.);
#2272=ORIENTED_EDGE('',*,*,#1744,.T.);
#2273=ORIENTED_EDGE('',*,*,#1734,.T.);
#2274=ORIENTED_EDGE('',*,*,#1742,.F.);
#2275=ORIENTED_EDGE('',*,*,#1745,.T.);
#2276=ORIENTED_EDGE('',*,*,#1746,.T.);
#2277=ORIENTED_EDGE('',*,*,#1726,.T.);
#2278=ORIENTED_EDGE('',*,*,#1744,.F.);
#2279=ORIENTED_EDGE('',*,*,#1747,.T.);
#2280=ORIENTED_EDGE('',*,*,#1748,.T.);
#2281=ORIENTED_EDGE('',*,*,#1733,.T.);
#2282=ORIENTED_EDGE('',*,*,#1746,.F.);
#2283=ORIENTED_EDGE('',*,*,#1749,.T.);
#2284=ORIENTED_EDGE('',*,*,#1750,.T.);
#2285=ORIENTED_EDGE('',*,*,#1724,.T.);
#2286=ORIENTED_EDGE('',*,*,#1748,.F.);
#2287=ORIENTED_EDGE('',*,*,#1751,.T.);
#2288=ORIENTED_EDGE('',*,*,#1752,.F.);
#2289=ORIENTED_EDGE('',*,*,#1721,.T.);
#2290=ORIENTED_EDGE('',*,*,#1750,.F.);
#2291=ORIENTED_EDGE('',*,*,#1753,.T.);
#2292=ORIENTED_EDGE('',*,*,#1752,.T.);
#2293=ORIENTED_EDGE('',*,*,#1754,.T.);
#2294=ORIENTED_EDGE('',*,*,#1737,.F.);
#2295=ORIENTED_EDGE('',*,*,#1722,.T.);
#2296=ORIENTED_EDGE('',*,*,#1738,.F.);
#2297=ORIENTED_EDGE('',*,*,#1754,.F.);
#2298=ORIENTED_EDGE('',*,*,#1753,.F.);
#2299=ORIENTED_EDGE('',*,*,#1751,.F.);
#2300=ORIENTED_EDGE('',*,*,#1749,.F.);
#2301=ORIENTED_EDGE('',*,*,#1747,.F.);
#2302=ORIENTED_EDGE('',*,*,#1745,.F.);
#2303=ORIENTED_EDGE('',*,*,#1743,.F.);
#2304=ORIENTED_EDGE('',*,*,#1741,.F.);
#2305=ORIENTED_EDGE('',*,*,#1755,.F.);
#2306=ORIENTED_EDGE('',*,*,#1756,.F.);
#2307=ORIENTED_EDGE('',*,*,#1757,.F.);
#2308=ORIENTED_EDGE('',*,*,#1758,.F.);
#2309=ORIENTED_EDGE('',*,*,#1759,.F.);
#2310=ORIENTED_EDGE('',*,*,#1760,.F.);
#2311=ORIENTED_EDGE('',*,*,#1761,.F.);
#2312=ORIENTED_EDGE('',*,*,#1762,.F.);
#2313=ORIENTED_EDGE('',*,*,#1763,.T.);
#2314=ORIENTED_EDGE('',*,*,#1764,.T.);
#2315=ORIENTED_EDGE('',*,*,#1765,.T.);
#2316=ORIENTED_EDGE('',*,*,#1766,.T.);
#2317=ORIENTED_EDGE('',*,*,#1764,.F.);
#2318=ORIENTED_EDGE('',*,*,#1767,.T.);
#2319=ORIENTED_EDGE('',*,*,#1641,.F.);
#2320=ORIENTED_EDGE('',*,*,#1768,.T.);
#2321=ORIENTED_EDGE('',*,*,#1769,.T.);
#2322=ORIENTED_EDGE('',*,*,#1770,.T.);
#2323=ORIENTED_EDGE('',*,*,#1771,.T.);
#2324=ORIENTED_EDGE('',*,*,#1772,.T.);
#2325=ORIENTED_EDGE('',*,*,#1770,.F.);
#2326=ORIENTED_EDGE('',*,*,#1773,.T.);
#2327=ORIENTED_EDGE('',*,*,#1631,.F.);
#2328=ORIENTED_EDGE('',*,*,#1774,.T.);
#2329=ORIENTED_EDGE('',*,*,#1775,.T.);
#2330=ORIENTED_EDGE('',*,*,#1776,.T.);
#2331=ORIENTED_EDGE('',*,*,#1777,.T.);
#2332=ORIENTED_EDGE('',*,*,#1778,.T.);
#2333=ORIENTED_EDGE('',*,*,#1779,.T.);
#2334=ORIENTED_EDGE('',*,*,#1780,.T.);
#2335=ORIENTED_EDGE('',*,*,#1777,.F.);
#2336=ORIENTED_EDGE('',*,*,#1781,.T.);
#2337=ORIENTED_EDGE('',*,*,#1782,.T.);
#2338=ORIENTED_EDGE('',*,*,#1783,.T.);
#2339=ORIENTED_EDGE('',*,*,#1779,.F.);
#2340=ORIENTED_EDGE('',*,*,#1784,.T.);
#2341=ORIENTED_EDGE('',*,*,#1784,.F.);
#2342=ORIENTED_EDGE('',*,*,#1785,.F.);
#2343=ORIENTED_EDGE('',*,*,#1635,.F.);
#2344=ORIENTED_EDGE('',*,*,#1786,.T.);
#2345=ORIENTED_EDGE('',*,*,#1781,.F.);
#2346=ORIENTED_EDGE('',*,*,#1787,.F.);
#2347=ORIENTED_EDGE('',*,*,#1636,.F.);
#2348=ORIENTED_EDGE('',*,*,#1785,.T.);
#2349=ORIENTED_EDGE('',*,*,#1776,.F.);
#2350=ORIENTED_EDGE('',*,*,#1788,.T.);
#2351=ORIENTED_EDGE('',*,*,#1637,.F.);
#2352=ORIENTED_EDGE('',*,*,#1787,.T.);
#2353=ORIENTED_EDGE('',*,*,#1789,.T.);
#2354=ORIENTED_EDGE('',*,*,#1790,.T.);
#2355=ORIENTED_EDGE('',*,*,#1791,.T.);
#2356=ORIENTED_EDGE('',*,*,#1792,.T.);
#2357=ORIENTED_EDGE('',*,*,#1793,.T.);
#2358=ORIENTED_EDGE('',*,*,#1794,.T.);
#2359=ORIENTED_EDGE('',*,*,#1795,.T.);
#2360=ORIENTED_EDGE('',*,*,#1792,.F.);
#2361=ORIENTED_EDGE('',*,*,#1796,.T.);
#2362=ORIENTED_EDGE('',*,*,#1797,.T.);
#2363=ORIENTED_EDGE('',*,*,#1798,.T.);
#2364=ORIENTED_EDGE('',*,*,#1794,.F.);
#2365=ORIENTED_EDGE('',*,*,#1799,.T.);
#2366=ORIENTED_EDGE('',*,*,#1800,.T.);
#2367=ORIENTED_EDGE('',*,*,#1790,.F.);
#2368=ORIENTED_EDGE('',*,*,#1801,.T.);
#2369=ORIENTED_EDGE('',*,*,#1802,.T.);
#2370=ORIENTED_EDGE('',*,*,#1803,.T.);
#2371=ORIENTED_EDGE('',*,*,#1799,.F.);
#2372=ORIENTED_EDGE('',*,*,#1804,.T.);
#2373=ORIENTED_EDGE('',*,*,#1804,.F.);
#2374=ORIENTED_EDGE('',*,*,#1805,.F.);
#2375=ORIENTED_EDGE('',*,*,#1645,.F.);
#2376=ORIENTED_EDGE('',*,*,#1806,.T.);
#2377=ORIENTED_EDGE('',*,*,#1801,.F.);
#2378=ORIENTED_EDGE('',*,*,#1807,.F.);
#2379=ORIENTED_EDGE('',*,*,#1646,.F.);
#2380=ORIENTED_EDGE('',*,*,#1805,.T.);
#2381=ORIENTED_EDGE('',*,*,#1789,.F.);
#2382=ORIENTED_EDGE('',*,*,#1808,.F.);
#2383=ORIENTED_EDGE('',*,*,#1647,.F.);
#2384=ORIENTED_EDGE('',*,*,#1807,.T.);
#2385=ORIENTED_EDGE('',*,*,#1795,.F.);
#2386=ORIENTED_EDGE('',*,*,#1809,.F.);
#2387=ORIENTED_EDGE('',*,*,#1648,.F.);
#2388=ORIENTED_EDGE('',*,*,#1808,.T.);
#2389=ORIENTED_EDGE('',*,*,#1798,.F.);
#2390=ORIENTED_EDGE('',*,*,#1810,.T.);
#2391=ORIENTED_EDGE('',*,*,#1649,.F.);
#2392=ORIENTED_EDGE('',*,*,#1809,.T.);
#2393=ORIENTED_EDGE('',*,*,#1811,.T.);
#2394=ORIENTED_EDGE('',*,*,#1812,.T.);
#2395=ORIENTED_EDGE('',*,*,#1813,.T.);
#2396=ORIENTED_EDGE('',*,*,#1814,.T.);
#2397=ORIENTED_EDGE('',*,*,#1812,.F.);
#2398=ORIENTED_EDGE('',*,*,#1815,.T.);
#2399=ORIENTED_EDGE('',*,*,#1653,.F.);
#2400=ORIENTED_EDGE('',*,*,#1816,.T.);
#2401=ORIENTED_EDGE('',*,*,#1817,.T.);
#2402=ORIENTED_EDGE('',*,*,#1818,.T.);
#2403=ORIENTED_EDGE('',*,*,#1819,.T.);
#2404=ORIENTED_EDGE('',*,*,#1820,.T.);
#2405=ORIENTED_EDGE('',*,*,#1818,.F.);
#2406=ORIENTED_EDGE('',*,*,#1821,.T.);
#2407=ORIENTED_EDGE('',*,*,#1657,.F.);
#2408=ORIENTED_EDGE('',*,*,#1822,.T.);
#2409=ORIENTED_EDGE('',*,*,#1823,.T.);
#2410=ORIENTED_EDGE('',*,*,#1824,.T.);
#2411=ORIENTED_EDGE('',*,*,#1825,.T.);
#2412=ORIENTED_EDGE('',*,*,#1826,.T.);
#2413=ORIENTED_EDGE('',*,*,#1824,.F.);
#2414=ORIENTED_EDGE('',*,*,#1827,.T.);
#2415=ORIENTED_EDGE('',*,*,#1661,.F.);
#2416=ORIENTED_EDGE('',*,*,#1828,.T.);
#2417=ORIENTED_EDGE('',*,*,#1829,.T.);
#2418=ORIENTED_EDGE('',*,*,#1830,.T.);
#2419=ORIENTED_EDGE('',*,*,#1831,.T.);
#2420=ORIENTED_EDGE('',*,*,#1832,.T.);
#2421=ORIENTED_EDGE('',*,*,#1833,.T.);
#2422=ORIENTED_EDGE('',*,*,#1834,.T.);
#2423=ORIENTED_EDGE('',*,*,#1835,.T.);
#2424=ORIENTED_EDGE('',*,*,#1832,.F.);
#2425=ORIENTED_EDGE('',*,*,#1836,.T.);
#2426=ORIENTED_EDGE('',*,*,#1837,.T.);
#2427=ORIENTED_EDGE('',*,*,#1838,.T.);
#2428=ORIENTED_EDGE('',*,*,#1839,.T.);
#2429=ORIENTED_EDGE('',*,*,#1840,.T.);
#2430=ORIENTED_EDGE('',*,*,#1841,.T.);
#2431=ORIENTED_EDGE('',*,*,#1838,.F.);
#2432=ORIENTED_EDGE('',*,*,#1842,.T.);
#2433=ORIENTED_EDGE('',*,*,#1843,.T.);
#2434=ORIENTED_EDGE('',*,*,#1840,.F.);
#2435=ORIENTED_EDGE('',*,*,#1844,.T.);
#2436=ORIENTED_EDGE('',*,*,#1834,.F.);
#2437=ORIENTED_EDGE('',*,*,#1829,.F.);
#2438=ORIENTED_EDGE('',*,*,#1845,.F.);
#2439=ORIENTED_EDGE('',*,*,#1665,.F.);
#2440=ORIENTED_EDGE('',*,*,#1846,.T.);
#2441=ORIENTED_EDGE('',*,*,#1835,.F.);
#2442=ORIENTED_EDGE('',*,*,#1847,.F.);
#2443=ORIENTED_EDGE('',*,*,#1666,.F.);
#2444=ORIENTED_EDGE('',*,*,#1845,.T.);
#2445=ORIENTED_EDGE('',*,*,#1844,.F.);
#2446=ORIENTED_EDGE('',*,*,#1848,.F.);
#2447=ORIENTED_EDGE('',*,*,#1667,.F.);
#2448=ORIENTED_EDGE('',*,*,#1847,.T.);
#2449=ORIENTED_EDGE('',*,*,#1842,.F.);
#2450=ORIENTED_EDGE('',*,*,#1849,.T.);
#2451=ORIENTED_EDGE('',*,*,#1668,.F.);
#2452=ORIENTED_EDGE('',*,*,#1848,.T.);
#2453=ORIENTED_EDGE('',*,*,#1837,.F.);
#2454=ORIENTED_EDGE('',*,*,#1850,.T.);
#2455=ORIENTED_EDGE('',*,*,#1669,.F.);
#2456=ORIENTED_EDGE('',*,*,#1849,.F.);
#2457=ORIENTED_EDGE('',*,*,#1851,.T.);
#2458=ORIENTED_EDGE('',*,*,#1852,.T.);
#2459=ORIENTED_EDGE('',*,*,#1853,.T.);
#2460=ORIENTED_EDGE('',*,*,#1854,.T.);
#2461=ORIENTED_EDGE('',*,*,#1852,.F.);
#2462=ORIENTED_EDGE('',*,*,#1855,.T.);
#2463=ORIENTED_EDGE('',*,*,#1673,.F.);
#2464=ORIENTED_EDGE('',*,*,#1856,.T.);
#2465=ORIENTED_EDGE('',*,*,#1857,.T.);
#2466=ORIENTED_EDGE('',*,*,#1858,.T.);
#2467=ORIENTED_EDGE('',*,*,#1859,.T.);
#2468=ORIENTED_EDGE('',*,*,#1860,.T.);
#2469=ORIENTED_EDGE('',*,*,#1861,.T.);
#2470=ORIENTED_EDGE('',*,*,#1862,.T.);
#2471=ORIENTED_EDGE('',*,*,#1859,.F.);
#2472=ORIENTED_EDGE('',*,*,#1863,.T.);
#2473=ORIENTED_EDGE('',*,*,#1864,.T.);
#2474=ORIENTED_EDGE('',*,*,#1865,.T.);
#2475=ORIENTED_EDGE('',*,*,#1861,.F.);
#2476=ORIENTED_EDGE('',*,*,#1866,.T.);
#2477=ORIENTED_EDGE('',*,*,#1866,.F.);
#2478=ORIENTED_EDGE('',*,*,#1867,.F.);
#2479=ORIENTED_EDGE('',*,*,#1677,.F.);
#2480=ORIENTED_EDGE('',*,*,#1868,.T.);
#2481=ORIENTED_EDGE('',*,*,#1863,.F.);
#2482=ORIENTED_EDGE('',*,*,#1869,.F.);
#2483=ORIENTED_EDGE('',*,*,#1678,.F.);
#2484=ORIENTED_EDGE('',*,*,#1867,.T.);
#2485=ORIENTED_EDGE('',*,*,#1858,.F.);
#2486=ORIENTED_EDGE('',*,*,#1870,.T.);
#2487=ORIENTED_EDGE('',*,*,#1679,.F.);
#2488=ORIENTED_EDGE('',*,*,#1869,.T.);
#2489=ORIENTED_EDGE('',*,*,#1871,.T.);
#2490=ORIENTED_EDGE('',*,*,#1872,.T.);
#2491=ORIENTED_EDGE('',*,*,#1873,.T.);
#2492=ORIENTED_EDGE('',*,*,#1874,.T.);
#2493=ORIENTED_EDGE('',*,*,#1872,.F.);
#2494=ORIENTED_EDGE('',*,*,#1875,.T.);
#2495=ORIENTED_EDGE('',*,*,#1683,.F.);
#2496=ORIENTED_EDGE('',*,*,#1876,.T.);
#2497=ORIENTED_EDGE('',*,*,#1877,.T.);
#2498=ORIENTED_EDGE('',*,*,#1878,.T.);
#2499=ORIENTED_EDGE('',*,*,#1879,.T.);
#2500=ORIENTED_EDGE('',*,*,#1880,.T.);
#2501=ORIENTED_EDGE('',*,*,#1878,.F.);
#2502=ORIENTED_EDGE('',*,*,#1881,.T.);
#2503=ORIENTED_EDGE('',*,*,#1627,.F.);
#2504=ORIENTED_EDGE('',*,*,#1882,.T.);
#2505=ORIENTED_EDGE('',*,*,#1883,.F.);
#2506=ORIENTED_EDGE('',*,*,#1633,.F.);
#2507=ORIENTED_EDGE('',*,*,#1884,.F.);
#2508=ORIENTED_EDGE('',*,*,#1885,.F.);
#2509=ORIENTED_EDGE('',*,*,#1886,.T.);
#2510=ORIENTED_EDGE('',*,*,#1782,.F.);
#2511=ORIENTED_EDGE('',*,*,#1786,.F.);
#2512=ORIENTED_EDGE('',*,*,#1634,.F.);
#2513=ORIENTED_EDGE('',*,*,#1883,.T.);
#2514=ORIENTED_EDGE('',*,*,#1887,.T.);
#2515=ORIENTED_EDGE('',*,*,#1884,.T.);
#2516=ORIENTED_EDGE('',*,*,#1632,.F.);
#2517=ORIENTED_EDGE('',*,*,#1773,.F.);
#2518=ORIENTED_EDGE('',*,*,#1769,.F.);
#2519=ORIENTED_EDGE('',*,*,#1888,.F.);
#2520=ORIENTED_EDGE('',*,*,#1889,.T.);
#2521=ORIENTED_EDGE('',*,*,#1890,.F.);
#2522=ORIENTED_EDGE('',*,*,#1681,.F.);
#2523=ORIENTED_EDGE('',*,*,#1891,.T.);
#2524=ORIENTED_EDGE('',*,*,#1888,.T.);
#2525=ORIENTED_EDGE('',*,*,#1680,.F.);
#2526=ORIENTED_EDGE('',*,*,#1870,.F.);
#2527=ORIENTED_EDGE('',*,*,#1857,.F.);
#2528=ORIENTED_EDGE('',*,*,#1876,.F.);
#2529=ORIENTED_EDGE('',*,*,#1682,.F.);
#2530=ORIENTED_EDGE('',*,*,#1890,.T.);
#2531=ORIENTED_EDGE('',*,*,#1892,.T.);
#2532=ORIENTED_EDGE('',*,*,#1873,.F.);
#2533=ORIENTED_EDGE('',*,*,#1893,.F.);
#2534=ORIENTED_EDGE('',*,*,#1675,.F.);
#2535=ORIENTED_EDGE('',*,*,#1894,.F.);
#2536=ORIENTED_EDGE('',*,*,#1895,.F.);
#2537=ORIENTED_EDGE('',*,*,#1868,.F.);
#2538=ORIENTED_EDGE('',*,*,#1676,.F.);
#2539=ORIENTED_EDGE('',*,*,#1893,.T.);
#2540=ORIENTED_EDGE('',*,*,#1896,.T.);
#2541=ORIENTED_EDGE('',*,*,#1864,.F.);
#2542=ORIENTED_EDGE('',*,*,#1897,.T.);
#2543=ORIENTED_EDGE('',*,*,#1894,.T.);
#2544=ORIENTED_EDGE('',*,*,#1674,.F.);
#2545=ORIENTED_EDGE('',*,*,#1855,.F.);
#2546=ORIENTED_EDGE('',*,*,#1851,.F.);
#2547=ORIENTED_EDGE('',*,*,#1898,.F.);
#2548=ORIENTED_EDGE('',*,*,#1899,.T.);
#2549=ORIENTED_EDGE('',*,*,#1900,.F.);
#2550=ORIENTED_EDGE('',*,*,#1671,.F.);
#2551=ORIENTED_EDGE('',*,*,#1901,.T.);
#2552=ORIENTED_EDGE('',*,*,#1898,.T.);
#2553=ORIENTED_EDGE('',*,*,#1670,.F.);
#2554=ORIENTED_EDGE('',*,*,#1850,.F.);
#2555=ORIENTED_EDGE('',*,*,#1836,.F.);
#2556=ORIENTED_EDGE('',*,*,#1856,.F.);
#2557=ORIENTED_EDGE('',*,*,#1672,.F.);
#2558=ORIENTED_EDGE('',*,*,#1900,.T.);
#2559=ORIENTED_EDGE('',*,*,#1902,.T.);
#2560=ORIENTED_EDGE('',*,*,#1853,.F.);
#2561=ORIENTED_EDGE('',*,*,#1903,.F.);
#2562=ORIENTED_EDGE('',*,*,#1663,.F.);
#2563=ORIENTED_EDGE('',*,*,#1904,.F.);
#2564=ORIENTED_EDGE('',*,*,#1905,.F.);
#2565=ORIENTED_EDGE('',*,*,#1906,.T.);
#2566=ORIENTED_EDGE('',*,*,#1830,.F.);
#2567=ORIENTED_EDGE('',*,*,#1846,.F.);
#2568=ORIENTED_EDGE('',*,*,#1664,.F.);
#2569=ORIENTED_EDGE('',*,*,#1903,.T.);
#2570=ORIENTED_EDGE('',*,*,#1907,.T.);
#2571=ORIENTED_EDGE('',*,*,#1904,.T.);
#2572=ORIENTED_EDGE('',*,*,#1662,.F.);
#2573=ORIENTED_EDGE('',*,*,#1827,.F.);
#2574=ORIENTED_EDGE('',*,*,#1823,.F.);
#2575=ORIENTED_EDGE('',*,*,#1908,.F.);
#2576=ORIENTED_EDGE('',*,*,#1659,.F.);
#2577=ORIENTED_EDGE('',*,*,#1909,.F.);
#2578=ORIENTED_EDGE('',*,*,#1910,.F.);
#2579=ORIENTED_EDGE('',*,*,#1911,.T.);
#2580=ORIENTED_EDGE('',*,*,#1825,.F.);
#2581=ORIENTED_EDGE('',*,*,#1828,.F.);
#2582=ORIENTED_EDGE('',*,*,#1660,.F.);
#2583=ORIENTED_EDGE('',*,*,#1908,.T.);
#2584=ORIENTED_EDGE('',*,*,#1912,.T.);
#2585=ORIENTED_EDGE('',*,*,#1909,.T.);
#2586=ORIENTED_EDGE('',*,*,#1658,.F.);
#2587=ORIENTED_EDGE('',*,*,#1821,.F.);
#2588=ORIENTED_EDGE('',*,*,#1817,.F.);
#2589=ORIENTED_EDGE('',*,*,#1913,.F.);
#2590=ORIENTED_EDGE('',*,*,#1914,.T.);
#2591=ORIENTED_EDGE('',*,*,#1915,.F.);
#2592=ORIENTED_EDGE('',*,*,#1655,.F.);
#2593=ORIENTED_EDGE('',*,*,#1916,.T.);
#2594=ORIENTED_EDGE('',*,*,#1913,.T.);
#2595=ORIENTED_EDGE('',*,*,#1654,.F.);
#2596=ORIENTED_EDGE('',*,*,#1815,.F.);
#2597=ORIENTED_EDGE('',*,*,#1811,.F.);
#2598=ORIENTED_EDGE('',*,*,#1822,.F.);
#2599=ORIENTED_EDGE('',*,*,#1656,.F.);
#2600=ORIENTED_EDGE('',*,*,#1915,.T.);
#2601=ORIENTED_EDGE('',*,*,#1917,.T.);
#2602=ORIENTED_EDGE('',*,*,#1819,.F.);
#2603=ORIENTED_EDGE('',*,*,#1918,.F.);
#2604=ORIENTED_EDGE('',*,*,#1919,.T.);
#2605=ORIENTED_EDGE('',*,*,#1920,.F.);
#2606=ORIENTED_EDGE('',*,*,#1651,.F.);
#2607=ORIENTED_EDGE('',*,*,#1921,.T.);
#2608=ORIENTED_EDGE('',*,*,#1918,.T.);
#2609=ORIENTED_EDGE('',*,*,#1650,.F.);
#2610=ORIENTED_EDGE('',*,*,#1810,.F.);
#2611=ORIENTED_EDGE('',*,*,#1797,.F.);
#2612=ORIENTED_EDGE('',*,*,#1816,.F.);
#2613=ORIENTED_EDGE('',*,*,#1652,.F.);
#2614=ORIENTED_EDGE('',*,*,#1920,.T.);
#2615=ORIENTED_EDGE('',*,*,#1922,.T.);
#2616=ORIENTED_EDGE('',*,*,#1813,.F.);
#2617=ORIENTED_EDGE('',*,*,#1923,.T.);
#2618=ORIENTED_EDGE('',*,*,#1924,.T.);
#2619=ORIENTED_EDGE('',*,*,#1925,.T.);
#2620=ORIENTED_EDGE('',*,*,#1926,.T.);
#2621=ORIENTED_EDGE('',*,*,#1927,.T.);
#2622=ORIENTED_EDGE('',*,*,#1928,.T.);
#2623=ORIENTED_EDGE('',*,*,#1929,.T.);
#2624=ORIENTED_EDGE('',*,*,#1930,.T.);
#2625=ORIENTED_EDGE('',*,*,#1931,.T.);
#2626=ORIENTED_EDGE('',*,*,#1932,.T.);
#2627=ORIENTED_EDGE('',*,*,#1933,.T.);
#2628=ORIENTED_EDGE('',*,*,#1934,.T.);
#2629=ORIENTED_EDGE('',*,*,#1935,.F.);
#2630=ORIENTED_EDGE('',*,*,#1936,.F.);
#2631=ORIENTED_EDGE('',*,*,#1937,.F.);
#2632=ORIENTED_EDGE('',*,*,#1778,.F.);
#2633=ORIENTED_EDGE('',*,*,#1780,.F.);
#2634=ORIENTED_EDGE('',*,*,#1783,.F.);
#2635=ORIENTED_EDGE('',*,*,#1886,.F.);
#2636=ORIENTED_EDGE('',*,*,#1885,.T.);
#2637=ORIENTED_EDGE('',*,*,#1887,.F.);
#2638=ORIENTED_EDGE('',*,*,#1772,.F.);
#2639=ORIENTED_EDGE('',*,*,#1938,.F.);
#2640=ORIENTED_EDGE('',*,*,#1939,.F.);
#2641=ORIENTED_EDGE('',*,*,#1940,.T.);
#2642=ORIENTED_EDGE('',*,*,#1880,.F.);
#2643=ORIENTED_EDGE('',*,*,#1941,.T.);
#2644=ORIENTED_EDGE('',*,*,#1942,.T.);
#2645=ORIENTED_EDGE('',*,*,#1943,.F.);
#2646=ORIENTED_EDGE('',*,*,#1874,.F.);
#2647=ORIENTED_EDGE('',*,*,#1892,.F.);
#2648=ORIENTED_EDGE('',*,*,#1889,.F.);
#2649=ORIENTED_EDGE('',*,*,#1891,.F.);
#2650=ORIENTED_EDGE('',*,*,#1860,.F.);
#2651=ORIENTED_EDGE('',*,*,#1862,.F.);
#2652=ORIENTED_EDGE('',*,*,#1865,.F.);
#2653=ORIENTED_EDGE('',*,*,#1896,.F.);
#2654=ORIENTED_EDGE('',*,*,#1895,.T.);
#2655=ORIENTED_EDGE('',*,*,#1897,.F.);
#2656=ORIENTED_EDGE('',*,*,#1854,.F.);
#2657=ORIENTED_EDGE('',*,*,#1902,.F.);
#2658=ORIENTED_EDGE('',*,*,#1899,.F.);
#2659=ORIENTED_EDGE('',*,*,#1901,.F.);
#2660=ORIENTED_EDGE('',*,*,#1839,.F.);
#2661=ORIENTED_EDGE('',*,*,#1841,.F.);
#2662=ORIENTED_EDGE('',*,*,#1843,.F.);
#2663=ORIENTED_EDGE('',*,*,#1833,.F.);
#2664=ORIENTED_EDGE('',*,*,#1831,.F.);
#2665=ORIENTED_EDGE('',*,*,#1906,.F.);
#2666=ORIENTED_EDGE('',*,*,#1905,.T.);
#2667=ORIENTED_EDGE('',*,*,#1907,.F.);
#2668=ORIENTED_EDGE('',*,*,#1826,.F.);
#2669=ORIENTED_EDGE('',*,*,#1911,.F.);
#2670=ORIENTED_EDGE('',*,*,#1910,.T.);
#2671=ORIENTED_EDGE('',*,*,#1912,.F.);
#2672=ORIENTED_EDGE('',*,*,#1820,.F.);
#2673=ORIENTED_EDGE('',*,*,#1917,.F.);
#2674=ORIENTED_EDGE('',*,*,#1914,.F.);
#2675=ORIENTED_EDGE('',*,*,#1916,.F.);
#2676=ORIENTED_EDGE('',*,*,#1814,.F.);
#2677=ORIENTED_EDGE('',*,*,#1922,.F.);
#2678=ORIENTED_EDGE('',*,*,#1919,.F.);
#2679=ORIENTED_EDGE('',*,*,#1921,.F.);
#2680=ORIENTED_EDGE('',*,*,#1796,.F.);
#2681=ORIENTED_EDGE('',*,*,#1793,.F.);
#2682=ORIENTED_EDGE('',*,*,#1791,.F.);
#2683=ORIENTED_EDGE('',*,*,#1800,.F.);
#2684=ORIENTED_EDGE('',*,*,#1803,.F.);
#2685=ORIENTED_EDGE('',*,*,#1944,.F.);
#2686=ORIENTED_EDGE('',*,*,#1945,.F.);
#2687=ORIENTED_EDGE('',*,*,#1946,.F.);
#2688=ORIENTED_EDGE('',*,*,#1766,.F.);
#2689=ORIENTED_EDGE('',*,*,#1947,.F.);
#2690=ORIENTED_EDGE('',*,*,#1945,.T.);
#2691=ORIENTED_EDGE('',*,*,#1948,.F.);
#2692=ORIENTED_EDGE('',*,*,#1643,.F.);
#2693=ORIENTED_EDGE('',*,*,#1946,.T.);
#2694=ORIENTED_EDGE('',*,*,#1947,.T.);
#2695=ORIENTED_EDGE('',*,*,#1642,.F.);
#2696=ORIENTED_EDGE('',*,*,#1767,.F.);
#2697=ORIENTED_EDGE('',*,*,#1763,.F.);
#2698=ORIENTED_EDGE('',*,*,#1806,.F.);
#2699=ORIENTED_EDGE('',*,*,#1644,.F.);
#2700=ORIENTED_EDGE('',*,*,#1948,.T.);
#2701=ORIENTED_EDGE('',*,*,#1944,.T.);
#2702=ORIENTED_EDGE('',*,*,#1802,.F.);
#2703=ORIENTED_EDGE('',*,*,#1949,.F.);
#2704=ORIENTED_EDGE('',*,*,#1936,.T.);
#2705=ORIENTED_EDGE('',*,*,#1950,.F.);
#2706=ORIENTED_EDGE('',*,*,#1639,.F.);
#2707=ORIENTED_EDGE('',*,*,#1937,.T.);
#2708=ORIENTED_EDGE('',*,*,#1949,.T.);
#2709=ORIENTED_EDGE('',*,*,#1638,.F.);
#2710=ORIENTED_EDGE('',*,*,#1788,.F.);
#2711=ORIENTED_EDGE('',*,*,#1775,.F.);
#2712=ORIENTED_EDGE('',*,*,#1768,.F.);
#2713=ORIENTED_EDGE('',*,*,#1640,.F.);
#2714=ORIENTED_EDGE('',*,*,#1950,.T.);
#2715=ORIENTED_EDGE('',*,*,#1935,.T.);
#2716=ORIENTED_EDGE('',*,*,#1765,.F.);
#2717=ORIENTED_EDGE('',*,*,#1951,.T.);
#2718=ORIENTED_EDGE('',*,*,#1939,.T.);
#2719=ORIENTED_EDGE('',*,*,#1952,.F.);
#2720=ORIENTED_EDGE('',*,*,#1629,.F.);
#2721=ORIENTED_EDGE('',*,*,#1938,.T.);
#2722=ORIENTED_EDGE('',*,*,#1771,.F.);
#2723=ORIENTED_EDGE('',*,*,#1774,.F.);
#2724=ORIENTED_EDGE('',*,*,#1630,.F.);
#2725=ORIENTED_EDGE('',*,*,#1952,.T.);
#2726=ORIENTED_EDGE('',*,*,#1940,.F.);
#2727=ORIENTED_EDGE('',*,*,#1951,.F.);
#2728=ORIENTED_EDGE('',*,*,#1628,.F.);
#2729=ORIENTED_EDGE('',*,*,#1881,.F.);
#2730=ORIENTED_EDGE('',*,*,#1877,.F.);
#2731=ORIENTED_EDGE('',*,*,#1953,.T.);
#2732=ORIENTED_EDGE('',*,*,#1625,.F.);
#2733=ORIENTED_EDGE('',*,*,#1954,.F.);
#2734=ORIENTED_EDGE('',*,*,#1942,.F.);
#2735=ORIENTED_EDGE('',*,*,#1943,.T.);
#2736=ORIENTED_EDGE('',*,*,#1954,.T.);
#2737=ORIENTED_EDGE('',*,*,#1684,.F.);
#2738=ORIENTED_EDGE('',*,*,#1875,.F.);
#2739=ORIENTED_EDGE('',*,*,#1871,.F.);
#2740=ORIENTED_EDGE('',*,*,#1882,.F.);
#2741=ORIENTED_EDGE('',*,*,#1626,.F.);
#2742=ORIENTED_EDGE('',*,*,#1953,.F.);
#2743=ORIENTED_EDGE('',*,*,#1941,.F.);
#2744=ORIENTED_EDGE('',*,*,#1879,.F.);
#2745=ORIENTED_EDGE('',*,*,#1955,.T.);
#2746=ORIENTED_EDGE('',*,*,#1956,.T.);
#2747=ORIENTED_EDGE('',*,*,#1957,.T.);
#2748=ORIENTED_EDGE('',*,*,#1958,.T.);
#2749=ORIENTED_EDGE('',*,*,#1959,.T.);
#2750=ORIENTED_EDGE('',*,*,#1960,.T.);
#2751=ORIENTED_EDGE('',*,*,#1961,.T.);
#2752=ORIENTED_EDGE('',*,*,#1962,.T.);
#2753=ORIENTED_EDGE('',*,*,#1962,.F.);
#2754=ORIENTED_EDGE('',*,*,#1963,.T.);
#2755=ORIENTED_EDGE('',*,*,#1964,.F.);
#2756=ORIENTED_EDGE('',*,*,#1963,.F.);
#2757=ORIENTED_EDGE('',*,*,#1956,.F.);
#2758=ORIENTED_EDGE('',*,*,#1965,.T.);
#2759=ORIENTED_EDGE('',*,*,#1966,.F.);
#2760=ORIENTED_EDGE('',*,*,#1965,.F.);
#2761=ORIENTED_EDGE('',*,*,#1960,.F.);
#2762=ORIENTED_EDGE('',*,*,#1967,.T.);
#2763=ORIENTED_EDGE('',*,*,#1968,.F.);
#2764=ORIENTED_EDGE('',*,*,#1967,.F.);
#2765=ORIENTED_EDGE('',*,*,#1958,.F.);
#2766=ORIENTED_EDGE('',*,*,#1969,.T.);
#2767=ORIENTED_EDGE('',*,*,#1970,.F.);
#2768=ORIENTED_EDGE('',*,*,#1969,.F.);
#2769=ORIENTED_EDGE('',*,*,#1971,.F.);
#2770=ORIENTED_EDGE('',*,*,#1972,.F.);
#2771=ORIENTED_EDGE('',*,*,#1973,.F.);
#2772=ORIENTED_EDGE('',*,*,#1934,.F.);
#2773=ORIENTED_EDGE('',*,*,#1973,.T.);
#2774=ORIENTED_EDGE('',*,*,#1974,.F.);
#2775=ORIENTED_EDGE('',*,*,#1975,.F.);
#2776=ORIENTED_EDGE('',*,*,#1923,.F.);
#2777=ORIENTED_EDGE('',*,*,#1975,.T.);
#2778=ORIENTED_EDGE('',*,*,#1976,.T.);
#2779=ORIENTED_EDGE('',*,*,#1977,.F.);
#2780=ORIENTED_EDGE('',*,*,#1924,.F.);
#2781=ORIENTED_EDGE('',*,*,#1977,.T.);
#2782=ORIENTED_EDGE('',*,*,#1978,.F.);
#2783=ORIENTED_EDGE('',*,*,#1979,.F.);
#2784=ORIENTED_EDGE('',*,*,#1925,.F.);
#2785=ORIENTED_EDGE('',*,*,#1980,.T.);
#2786=ORIENTED_EDGE('',*,*,#1981,.F.);
#2787=ORIENTED_EDGE('',*,*,#1926,.F.);
#2788=ORIENTED_EDGE('',*,*,#1979,.T.);
#2789=ORIENTED_EDGE('',*,*,#1981,.T.);
#2790=ORIENTED_EDGE('',*,*,#1982,.F.);
#2791=ORIENTED_EDGE('',*,*,#1983,.F.);
#2792=ORIENTED_EDGE('',*,*,#1927,.F.);
#2793=ORIENTED_EDGE('',*,*,#1983,.T.);
#2794=ORIENTED_EDGE('',*,*,#1984,.T.);
#2795=ORIENTED_EDGE('',*,*,#1985,.F.);
#2796=ORIENTED_EDGE('',*,*,#1928,.F.);
#2797=ORIENTED_EDGE('',*,*,#1985,.T.);
#2798=ORIENTED_EDGE('',*,*,#1986,.F.);
#2799=ORIENTED_EDGE('',*,*,#1987,.F.);
#2800=ORIENTED_EDGE('',*,*,#1929,.F.);
#2801=ORIENTED_EDGE('',*,*,#1987,.T.);
#2802=ORIENTED_EDGE('',*,*,#1988,.F.);
#2803=ORIENTED_EDGE('',*,*,#1989,.T.);
#2804=ORIENTED_EDGE('',*,*,#1930,.F.);
#2805=ORIENTED_EDGE('',*,*,#1989,.F.);
#2806=ORIENTED_EDGE('',*,*,#1990,.F.);
#2807=ORIENTED_EDGE('',*,*,#1991,.F.);
#2808=ORIENTED_EDGE('',*,*,#1931,.F.);
#2809=ORIENTED_EDGE('',*,*,#1991,.T.);
#2810=ORIENTED_EDGE('',*,*,#1992,.F.);
#2811=ORIENTED_EDGE('',*,*,#1993,.F.);
#2812=ORIENTED_EDGE('',*,*,#1932,.F.);
#2813=ORIENTED_EDGE('',*,*,#1993,.T.);
#2814=ORIENTED_EDGE('',*,*,#1994,.F.);
#2815=ORIENTED_EDGE('',*,*,#1971,.T.);
#2816=ORIENTED_EDGE('',*,*,#1933,.F.);
#2817=ORIENTED_EDGE('',*,*,#1955,.F.);
#2818=ORIENTED_EDGE('',*,*,#1995,.T.);
#2819=ORIENTED_EDGE('',*,*,#1693,.F.);
#2820=ORIENTED_EDGE('',*,*,#1995,.F.);
#2821=ORIENTED_EDGE('',*,*,#1957,.F.);
#2822=ORIENTED_EDGE('',*,*,#1996,.T.);
#2823=ORIENTED_EDGE('',*,*,#1694,.F.);
#2824=ORIENTED_EDGE('',*,*,#1996,.F.);
#2825=ORIENTED_EDGE('',*,*,#1959,.F.);
#2826=ORIENTED_EDGE('',*,*,#1997,.T.);
#2827=ORIENTED_EDGE('',*,*,#1695,.F.);
#2828=ORIENTED_EDGE('',*,*,#1997,.F.);
#2829=ORIENTED_EDGE('',*,*,#1961,.F.);
#2830=ORIENTED_EDGE('',*,*,#1998,.T.);
#2831=ORIENTED_EDGE('',*,*,#1696,.F.);
#2832=ORIENTED_EDGE('',*,*,#1998,.F.);
#2833=ORIENTED_EDGE('',*,*,#1994,.T.);
#2834=ORIENTED_EDGE('',*,*,#1992,.T.);
#2835=ORIENTED_EDGE('',*,*,#1990,.T.);
#2836=ORIENTED_EDGE('',*,*,#1988,.T.);
#2837=ORIENTED_EDGE('',*,*,#1986,.T.);
#2838=ORIENTED_EDGE('',*,*,#1984,.F.);
#2839=ORIENTED_EDGE('',*,*,#1982,.T.);
#2840=ORIENTED_EDGE('',*,*,#1980,.F.);
#2841=ORIENTED_EDGE('',*,*,#1978,.T.);
#2842=ORIENTED_EDGE('',*,*,#1976,.F.);
#2843=ORIENTED_EDGE('',*,*,#1974,.T.);
#2844=ORIENTED_EDGE('',*,*,#1972,.T.);
#2845=ORIENTED_EDGE('',*,*,#1999,.T.);
#2846=ORIENTED_EDGE('',*,*,#2000,.T.);
#2847=ORIENTED_EDGE('',*,*,#2001,.T.);
#2848=ORIENTED_EDGE('',*,*,#2002,.T.);
#2849=ORIENTED_EDGE('',*,*,#2003,.T.);
#2850=ORIENTED_EDGE('',*,*,#2004,.T.);
#2851=ORIENTED_EDGE('',*,*,#2005,.T.);
#2852=ORIENTED_EDGE('',*,*,#2006,.T.);
#2853=ORIENTED_EDGE('',*,*,#1970,.T.);
#2854=ORIENTED_EDGE('',*,*,#1968,.T.);
#2855=ORIENTED_EDGE('',*,*,#1966,.T.);
#2856=ORIENTED_EDGE('',*,*,#1964,.T.);
#2857=ORIENTED_EDGE('',*,*,#1622,.T.);
#2858=ORIENTED_EDGE('',*,*,#1624,.T.);
#2859=ORIENTED_EDGE('',*,*,#1729,.T.);
#2860=ORIENTED_EDGE('',*,*,#1735,.T.);
#2861=ORIENTED_EDGE('',*,*,#1731,.T.);
#2862=ORIENTED_EDGE('',*,*,#1736,.T.);
#2863=ORIENTED_EDGE('',*,*,#1617,.T.);
#2864=ORIENTED_EDGE('',*,*,#1620,.T.);
#2865=ORIENTED_EDGE('',*,*,#1755,.T.);
#2866=ORIENTED_EDGE('',*,*,#2007,.F.);
#2867=ORIENTED_EDGE('',*,*,#2006,.F.);
#2868=ORIENTED_EDGE('',*,*,#2008,.T.);
#2869=ORIENTED_EDGE('',*,*,#1756,.T.);
#2870=ORIENTED_EDGE('',*,*,#2008,.F.);
#2871=ORIENTED_EDGE('',*,*,#2005,.F.);
#2872=ORIENTED_EDGE('',*,*,#2009,.T.);
#2873=ORIENTED_EDGE('',*,*,#1757,.T.);
#2874=ORIENTED_EDGE('',*,*,#2009,.F.);
#2875=ORIENTED_EDGE('',*,*,#2004,.F.);
#2876=ORIENTED_EDGE('',*,*,#2010,.T.);
#2877=ORIENTED_EDGE('',*,*,#1758,.T.);
#2878=ORIENTED_EDGE('',*,*,#2010,.F.);
#2879=ORIENTED_EDGE('',*,*,#2003,.F.);
#2880=ORIENTED_EDGE('',*,*,#2011,.T.);
#2881=ORIENTED_EDGE('',*,*,#1759,.T.);
#2882=ORIENTED_EDGE('',*,*,#2011,.F.);
#2883=ORIENTED_EDGE('',*,*,#2002,.F.);
#2884=ORIENTED_EDGE('',*,*,#2012,.T.);
#2885=ORIENTED_EDGE('',*,*,#1760,.T.);
#2886=ORIENTED_EDGE('',*,*,#2012,.F.);
#2887=ORIENTED_EDGE('',*,*,#2001,.F.);
#2888=ORIENTED_EDGE('',*,*,#2013,.T.);
#2889=ORIENTED_EDGE('',*,*,#1761,.T.);
#2890=ORIENTED_EDGE('',*,*,#2013,.F.);
#2891=ORIENTED_EDGE('',*,*,#2000,.F.);
#2892=ORIENTED_EDGE('',*,*,#2014,.T.);
#2893=ORIENTED_EDGE('',*,*,#1762,.T.);
#2894=ORIENTED_EDGE('',*,*,#2014,.F.);
#2895=ORIENTED_EDGE('',*,*,#1999,.F.);
#2896=ORIENTED_EDGE('',*,*,#2007,.T.);
#2897=CYLINDRICAL_SURFACE('',#3111,0.2);
#2898=CYLINDRICAL_SURFACE('',#3115,0.2);
#2899=CYLINDRICAL_SURFACE('',#3120,0.2);
#2900=CYLINDRICAL_SURFACE('',#3124,1.);
#2901=CYLINDRICAL_SURFACE('',#3131,1.);
#2902=CYLINDRICAL_SURFACE('',#3137,1.);
#2903=CYLINDRICAL_SURFACE('',#3143,1.);
#2904=CYLINDRICAL_SURFACE('',#3148,0.5);
#2905=CYLINDRICAL_SURFACE('',#3151,0.499999922504509);
#2906=CYLINDRICAL_SURFACE('',#3167,0.48);
#2907=CYLINDRICAL_SURFACE('',#3173,0.48);
#2908=CYLINDRICAL_SURFACE('',#3178,0.48);
#2909=CYLINDRICAL_SURFACE('',#3183,0.48);
#2910=CYLINDRICAL_SURFACE('',#3187,0.499999999999998);
#2911=CYLINDRICAL_SURFACE('',#3190,0.5);
#2912=CYLINDRICAL_SURFACE('',#3193,0.499999999999998);
#2913=CYLINDRICAL_SURFACE('',#3195,0.5);
#2914=CYLINDRICAL_SURFACE('',#3197,0.50000000055266);
#2915=CYLINDRICAL_SURFACE('',#3199,0.5);
#2916=CYLINDRICAL_SURFACE('',#3208,0.48);
#2917=CYLINDRICAL_SURFACE('',#3212,0.48);
#2918=CYLINDRICAL_SURFACE('',#3216,0.48);
#2919=CYLINDRICAL_SURFACE('',#3220,0.48);
#2920=CYLINDRICAL_SURFACE('',#3222,0.48);
#2921=CYLINDRICAL_SURFACE('',#3238,1.79999999999999);
#2922=CYLINDRICAL_SURFACE('',#3248,1.79999999999994);
#2923=CYLINDRICAL_SURFACE('',#3268,1.79999999999996);
#2924=CYLINDRICAL_SURFACE('',#3278,1.80000000000001);
#2925=CYLINDRICAL_SURFACE('',#3337,1.6);
#2926=CYLINDRICAL_SURFACE('',#3339,1.6);
#2927=CYLINDRICAL_SURFACE('',#3341,1.6);
#2928=CYLINDRICAL_SURFACE('',#3343,1.6);
#2929=CYLINDRICAL_SURFACE('',#3346,3.);
#2930=CYLINDRICAL_SURFACE('',#3349,3.);
#2931=CYLINDRICAL_SURFACE('',#3352,3.);
#2932=CYLINDRICAL_SURFACE('',#3355,3.);
#2933=CYLINDRICAL_SURFACE('',#3361,3.25);
#2934=CYLINDRICAL_SURFACE('',#3362,3.25);
#2935=CYLINDRICAL_SURFACE('',#3363,3.25);
#2936=CYLINDRICAL_SURFACE('',#3364,3.25);
#2937=CYLINDRICAL_SURFACE('',#3370,1.65000003167556);
#2938=CYLINDRICAL_SURFACE('',#3372,1.65);
#2939=CYLINDRICAL_SURFACE('',#3374,1.65000008130318);
#2940=CYLINDRICAL_SURFACE('',#3376,1.65);
#2941=ADVANCED_FACE('',(#158),#2897,.F.);
#2942=ADVANCED_FACE('',(#159),#50,.F.);
#2943=ADVANCED_FACE('',(#160),#2898,.F.);
#2944=ADVANCED_FACE('',(#161),#51,.F.);
#2945=ADVANCED_FACE('',(#162),#52,.F.);
#2946=ADVANCED_FACE('',(#163),#2899,.F.);
#2947=ADVANCED_FACE('',(#164),#53,.T.);
#2948=ADVANCED_FACE('',(#165),#2900,.T.);
#2949=ADVANCED_FACE('',(#166),#42,.T.);
#2950=ADVANCED_FACE('',(#167),#2901,.T.);
#2951=ADVANCED_FACE('',(#168),#43,.T.);
#2952=ADVANCED_FACE('',(#169),#2902,.T.);
#2953=ADVANCED_FACE('',(#170),#44,.T.);
#2954=ADVANCED_FACE('',(#171),#2903,.T.);
#2955=ADVANCED_FACE('',(#172),#45,.T.);
#2956=ADVANCED_FACE('',(#173),#2904,.F.);
#2957=ADVANCED_FACE('',(#174),#54,.F.);
#2958=ADVANCED_FACE('',(#175),#2905,.F.);
#2959=ADVANCED_FACE('',(#176),#55,.F.);
#2960=ADVANCED_FACE('',(#177,#23,#24,#25,#26,#27,#28,#29),#56,.T.);
#2961=ADVANCED_FACE('',(#178),#2906,.T.);
#2962=ADVANCED_FACE('',(#179),#46,.T.);
#2963=ADVANCED_FACE('',(#180),#2907,.T.);
#2964=ADVANCED_FACE('',(#181),#47,.T.);
#2965=ADVANCED_FACE('',(#182),#2908,.T.);
#2966=ADVANCED_FACE('',(#183),#48,.T.);
#2967=ADVANCED_FACE('',(#184),#2909,.T.);
#2968=ADVANCED_FACE('',(#185),#49,.T.);
#2969=ADVANCED_FACE('',(#186),#2910,.F.);
#2970=ADVANCED_FACE('',(#187),#57,.F.);
#2971=ADVANCED_FACE('',(#188),#2911,.F.);
#2972=ADVANCED_FACE('',(#189),#58,.F.);
#2973=ADVANCED_FACE('',(#190),#2912,.F.);
#2974=ADVANCED_FACE('',(#191),#2913,.F.);
#2975=ADVANCED_FACE('',(#192),#2914,.F.);
#2976=ADVANCED_FACE('',(#193),#2915,.F.);
#2977=ADVANCED_FACE('',(#194),#59,.F.);
#2978=ADVANCED_FACE('',(#195),#60,.F.);
#2979=ADVANCED_FACE('',(#196),#61,.F.);
#2980=ADVANCED_FACE('',(#197),#62,.F.);
#2981=ADVANCED_FACE('',(#198),#19,.T.);
#2982=ADVANCED_FACE('',(#199),#2916,.F.);
#2983=ADVANCED_FACE('',(#200),#20,.T.);
#2984=ADVANCED_FACE('',(#201),#2917,.F.);
#2985=ADVANCED_FACE('',(#202),#21,.T.);
#2986=ADVANCED_FACE('',(#203),#2918,.F.);
#2987=ADVANCED_FACE('',(#204),#22,.T.);
#2988=ADVANCED_FACE('',(#205),#2919,.F.);
#2989=ADVANCED_FACE('',(#206),#2920,.F.);
#2990=ADVANCED_FACE('',(#207,#30),#63,.T.);
#2991=ADVANCED_FACE('',(#208),#64,.T.);
#2992=ADVANCED_FACE('',(#209),#65,.T.);
#2993=ADVANCED_FACE('',(#210),#66,.T.);
#2994=ADVANCED_FACE('',(#211),#67,.T.);
#2995=ADVANCED_FACE('',(#212),#68,.T.);
#2996=ADVANCED_FACE('',(#213),#15,.F.);
#2997=ADVANCED_FACE('',(#214),#69,.T.);
#2998=ADVANCED_FACE('',(#215),#70,.T.);
#2999=ADVANCED_FACE('',(#216),#2921,.F.);
#3000=ADVANCED_FACE('',(#217),#71,.T.);
#3001=ADVANCED_FACE('',(#218),#72,.T.);
#3002=ADVANCED_FACE('',(#219),#73,.T.);
#3003=ADVANCED_FACE('',(#220),#74,.T.);
#3004=ADVANCED_FACE('',(#221),#16,.F.);
#3005=ADVANCED_FACE('',(#222),#75,.T.);
#3006=ADVANCED_FACE('',(#223),#76,.T.);
#3007=ADVANCED_FACE('',(#224),#2922,.F.);
#3008=ADVANCED_FACE('',(#225),#77,.T.);
#3009=ADVANCED_FACE('',(#226),#78,.T.);
#3010=ADVANCED_FACE('',(#227),#79,.T.);
#3011=ADVANCED_FACE('',(#228),#80,.T.);
#3012=ADVANCED_FACE('',(#229),#81,.T.);
#3013=ADVANCED_FACE('',(#230),#82,.T.);
#3014=ADVANCED_FACE('',(#231),#83,.T.);
#3015=ADVANCED_FACE('',(#232),#84,.T.);
#3016=ADVANCED_FACE('',(#233),#85,.T.);
#3017=ADVANCED_FACE('',(#234),#86,.T.);
#3018=ADVANCED_FACE('',(#235),#87,.T.);
#3019=ADVANCED_FACE('',(#236),#88,.T.);
#3020=ADVANCED_FACE('',(#237),#17,.F.);
#3021=ADVANCED_FACE('',(#238),#89,.T.);
#3022=ADVANCED_FACE('',(#239),#90,.T.);
#3023=ADVANCED_FACE('',(#240),#91,.T.);
#3024=ADVANCED_FACE('',(#241),#92,.T.);
#3025=ADVANCED_FACE('',(#242),#2923,.F.);
#3026=ADVANCED_FACE('',(#243),#93,.T.);
#3027=ADVANCED_FACE('',(#244),#94,.T.);
#3028=ADVANCED_FACE('',(#245),#95,.T.);
#3029=ADVANCED_FACE('',(#246),#96,.T.);
#3030=ADVANCED_FACE('',(#247),#18,.F.);
#3031=ADVANCED_FACE('',(#248),#97,.T.);
#3032=ADVANCED_FACE('',(#249),#98,.T.);
#3033=ADVANCED_FACE('',(#250),#2924,.F.);
#3034=ADVANCED_FACE('',(#251),#99,.T.);
#3035=ADVANCED_FACE('',(#252),#100,.T.);
#3036=ADVANCED_FACE('',(#253),#101,.T.);
#3037=ADVANCED_FACE('',(#254),#102,.T.);
#3038=ADVANCED_FACE('',(#255),#103,.T.);
#3039=ADVANCED_FACE('',(#256),#104,.T.);
#3040=ADVANCED_FACE('',(#257),#105,.T.);
#3041=ADVANCED_FACE('',(#258),#106,.T.);
#3042=ADVANCED_FACE('',(#259),#107,.T.);
#3043=ADVANCED_FACE('',(#260),#108,.T.);
#3044=ADVANCED_FACE('',(#261),#109,.T.);
#3045=ADVANCED_FACE('',(#262),#110,.T.);
#3046=ADVANCED_FACE('',(#263),#111,.T.);
#3047=ADVANCED_FACE('',(#264),#112,.T.);
#3048=ADVANCED_FACE('',(#265),#113,.T.);
#3049=ADVANCED_FACE('',(#266),#114,.T.);
#3050=ADVANCED_FACE('',(#267),#115,.T.);
#3051=ADVANCED_FACE('',(#268),#116,.T.);
#3052=ADVANCED_FACE('',(#269),#117,.T.);
#3053=ADVANCED_FACE('',(#270),#118,.T.);
#3054=ADVANCED_FACE('',(#271),#119,.T.);
#3055=ADVANCED_FACE('',(#272),#120,.T.);
#3056=ADVANCED_FACE('',(#273),#121,.T.);
#3057=ADVANCED_FACE('',(#274),#122,.T.);
#3058=ADVANCED_FACE('',(#275),#123,.T.);
#3059=ADVANCED_FACE('',(#276),#124,.T.);
#3060=ADVANCED_FACE('',(#277),#125,.T.);
#3061=ADVANCED_FACE('',(#278),#126,.T.);
#3062=ADVANCED_FACE('',(#279),#127,.T.);
#3063=ADVANCED_FACE('',(#280,#31),#128,.T.);
#3064=ADVANCED_FACE('',(#281),#129,.T.);
#3065=ADVANCED_FACE('',(#282),#130,.T.);
#3066=ADVANCED_FACE('',(#283),#131,.T.);
#3067=ADVANCED_FACE('',(#284),#132,.T.);
#3068=ADVANCED_FACE('',(#285),#133,.T.);
#3069=ADVANCED_FACE('',(#286),#134,.T.);
#3070=ADVANCED_FACE('',(#287),#135,.T.);
#3071=ADVANCED_FACE('',(#288),#136,.T.);
#3072=ADVANCED_FACE('',(#289),#137,.F.);
#3073=ADVANCED_FACE('',(#290),#138,.T.);
#3074=ADVANCED_FACE('',(#291),#139,.T.);
#3075=ADVANCED_FACE('',(#292),#140,.F.);
#3076=ADVANCED_FACE('',(#293,#32),#141,.T.);
#3077=ADVANCED_FACE('',(#294,#33),#142,.T.);
#3078=ADVANCED_FACE('',(#295,#34),#143,.T.);
#3079=ADVANCED_FACE('',(#296,#35),#144,.T.);
#3080=ADVANCED_FACE('',(#297),#2925,.F.);
#3081=ADVANCED_FACE('',(#298),#2926,.F.);
#3082=ADVANCED_FACE('',(#299),#2927,.F.);
#3083=ADVANCED_FACE('',(#300),#2928,.F.);
#3084=ADVANCED_FACE('',(#301),#145,.F.);
#3085=ADVANCED_FACE('',(#302),#2929,.T.);
#3086=ADVANCED_FACE('',(#303),#146,.F.);
#3087=ADVANCED_FACE('',(#304),#2930,.T.);
#3088=ADVANCED_FACE('',(#305),#147,.F.);
#3089=ADVANCED_FACE('',(#306),#2931,.T.);
#3090=ADVANCED_FACE('',(#307),#148,.F.);
#3091=ADVANCED_FACE('',(#308),#2932,.T.);
#3092=ADVANCED_FACE('',(#309),#149,.F.);
#3093=ADVANCED_FACE('',(#310),#150,.T.);
#3094=ADVANCED_FACE('',(#311),#151,.F.);
#3095=ADVANCED_FACE('',(#312),#152,.T.);
#3096=ADVANCED_FACE('',(#313),#2933,.F.);
#3097=ADVANCED_FACE('',(#314),#2934,.F.);
#3098=ADVANCED_FACE('',(#315),#2935,.F.);
#3099=ADVANCED_FACE('',(#316),#2936,.F.);
#3100=ADVANCED_FACE('',(#317,#36,#37,#38,#39,#40,#41),#153,.F.);
#3101=ADVANCED_FACE('',(#318),#2937,.F.);
#3102=ADVANCED_FACE('',(#319),#154,.F.);
#3103=ADVANCED_FACE('',(#320),#2938,.F.);
#3104=ADVANCED_FACE('',(#321),#155,.F.);
#3105=ADVANCED_FACE('',(#322),#2939,.F.);
#3106=ADVANCED_FACE('',(#323),#156,.F.);
#3107=ADVANCED_FACE('',(#324),#2940,.F.);
#3108=ADVANCED_FACE('',(#325),#157,.F.);
#3109=CLOSED_SHELL('',(#2941,#2942,#2943,#2944,#2945,#2946,#2947,#2948,
#2949,#2950,#2951,#2952,#2953,#2954,#2955,#2956,#2957,#2958,#2959,#2960,
#2961,#2962,#2963,#2964,#2965,#2966,#2967,#2968,#2969,#2970,#2971,#2972,
#2973,#2974,#2975,#2976,#2977,#2978,#2979,#2980,#2981,#2982,#2983,#2984,
#2985,#2986,#2987,#2988,#2989,#2990,#2991,#2992,#2993,#2994,#2995,#2996,
#2997,#2998,#2999,#3000,#3001,#3002,#3003,#3004,#3005,#3006,#3007,#3008,
#3009,#3010,#3011,#3012,#3013,#3014,#3015,#3016,#3017,#3018,#3019,#3020,
#3021,#3022,#3023,#3024,#3025,#3026,#3027,#3028,#3029,#3030,#3031,#3032,
#3033,#3034,#3035,#3036,#3037,#3038,#3039,#3040,#3041,#3042,#3043,#3044,
#3045,#3046,#3047,#3048,#3049,#3050,#3051,#3052,#3053,#3054,#3055,#3056,
#3057,#3058,#3059,#3060,#3061,#3062,#3063,#3064,#3065,#3066,#3067,#3068,
#3069,#3070,#3071,#3072,#3073,#3074,#3075,#3076,#3077,#3078,#3079,#3080,
#3081,#3082,#3083,#3084,#3085,#3086,#3087,#3088,#3089,#3090,#3091,#3092,
#3093,#3094,#3095,#3096,#3097,#3098,#3099,#3100,#3101,#3102,#3103,#3104,
#3105,#3106,#3107,#3108));
#3110=AXIS2_PLACEMENT_3D('',#4252,#3378,#3379);
#3111=AXIS2_PLACEMENT_3D('',#4253,#3380,#3381);
#3112=AXIS2_PLACEMENT_3D('',#4256,#3382,#3383);
#3113=AXIS2_PLACEMENT_3D('',#4260,#3385,#3386);
#3114=AXIS2_PLACEMENT_3D('',#4262,#3388,#3389);
#3115=AXIS2_PLACEMENT_3D('',#4268,#3393,#3394);
#3116=AXIS2_PLACEMENT_3D('',#4270,#3395,#3396);
#3117=AXIS2_PLACEMENT_3D('',#4272,#3397,#3398);
#3118=AXIS2_PLACEMENT_3D('',#4274,#3400,#3401);
#3119=AXIS2_PLACEMENT_3D('',#4280,#3405,#3406);
#3120=AXIS2_PLACEMENT_3D('',#4286,#3410,#3411);
#3121=AXIS2_PLACEMENT_3D('',#4287,#3412,#3413);
#3122=AXIS2_PLACEMENT_3D('',#4288,#3414,#3415);
#3123=AXIS2_PLACEMENT_3D('',#4289,#3416,#3417);
#3124=AXIS2_PLACEMENT_3D('',#4290,#3418,#3419);
#3125=AXIS2_PLACEMENT_3D('',#4293,#3420,#3421);
#3126=AXIS2_PLACEMENT_3D('',#4297,#3423,#3424);
#3127=AXIS2_PLACEMENT_3D('',#4299,#3426,#3427);
#3128=AXIS2_PLACEMENT_3D('',#4302,#3428,#3429);
#3129=AXIS2_PLACEMENT_3D('',#4303,#3430,#3431);
#3130=AXIS2_PLACEMENT_3D('',#4304,#3432,#3433);
#3131=AXIS2_PLACEMENT_3D('',#4305,#3434,#3435);
#3132=AXIS2_PLACEMENT_3D('',#4308,#3436,#3437);
#3133=AXIS2_PLACEMENT_3D('',#4311,#3440,#3441);
#3134=AXIS2_PLACEMENT_3D('',#4314,#3442,#3443);
#3135=AXIS2_PLACEMENT_3D('',#4315,#3444,#3445);
#3136=AXIS2_PLACEMENT_3D('',#4316,#3446,#3447);
#3137=AXIS2_PLACEMENT_3D('',#4317,#3448,#3449);
#3138=AXIS2_PLACEMENT_3D('',#4320,#3450,#3451);
#3139=AXIS2_PLACEMENT_3D('',#4323,#3454,#3455);
#3140=AXIS2_PLACEMENT_3D('',#4326,#3456,#3457);
#3141=AXIS2_PLACEMENT_3D('',#4327,#3458,#3459);
#3142=AXIS2_PLACEMENT_3D('',#4328,#3460,#3461);
#3143=AXIS2_PLACEMENT_3D('',#4329,#3462,#3463);
#3144=AXIS2_PLACEMENT_3D('',#4332,#3464,#3465);
#3145=AXIS2_PLACEMENT_3D('',#4335,#3468,#3469);
#3146=AXIS2_PLACEMENT_3D('',#4336,#3470,#3471);
#3147=AXIS2_PLACEMENT_3D('',#4337,#3472,#3473);
#3148=AXIS2_PLACEMENT_3D('',#4338,#3474,#3475);
#3149=AXIS2_PLACEMENT_3D('',#4342,#3477,#3478);
#3150=AXIS2_PLACEMENT_3D('',#4344,#3480,#3481);
#3151=AXIS2_PLACEMENT_3D('',#4348,#3484,#3485);
#3152=AXIS2_PLACEMENT_3D('',#4351,#3487,#3488);
#3153=AXIS2_PLACEMENT_3D('',#4352,#3489,#3490);
#3154=AXIS2_PLACEMENT_3D('',#4356,#3493,#3494);
#3155=AXIS2_PLACEMENT_3D('',#4381,#3506,#3507);
#3156=AXIS2_PLACEMENT_3D('',#4401,#3517,#3518);
#3157=AXIS2_PLACEMENT_3D('',#4445,#3540,#3541);
#3158=AXIS2_PLACEMENT_3D('',#4465,#3551,#3552);
#3159=AXIS2_PLACEMENT_3D('',#4481,#3560,#3561);
#3160=AXIS2_PLACEMENT_3D('',#4485,#3563,#3564);
#3161=AXIS2_PLACEMENT_3D('',#4489,#3566,#3567);
#3162=AXIS2_PLACEMENT_3D('',#4492,#3569,#3570);
#3163=AXIS2_PLACEMENT_3D('',#4494,#3571,#3572);
#3164=AXIS2_PLACEMENT_3D('',#4496,#3573,#3574);
#3165=AXIS2_PLACEMENT_3D('',#4498,#3575,#3576);
#3166=AXIS2_PLACEMENT_3D('',#4500,#3577,#3578);
#3167=AXIS2_PLACEMENT_3D('',#4501,#3579,#3580);
#3168=AXIS2_PLACEMENT_3D('',#4503,#3581,#3582);
#3169=AXIS2_PLACEMENT_3D('',#4506,#3584,#3585);
#3170=AXIS2_PLACEMENT_3D('',#4507,#3586,#3587);
#3171=AXIS2_PLACEMENT_3D('',#4509,#3588,#3589);
#3172=AXIS2_PLACEMENT_3D('',#4510,#3590,#3591);
#3173=AXIS2_PLACEMENT_3D('',#4511,#3592,#3593);
#3174=AXIS2_PLACEMENT_3D('',#4513,#3594,#3595);
#3175=AXIS2_PLACEMENT_3D('',#4515,#3597,#3598);
#3176=AXIS2_PLACEMENT_3D('',#4517,#3599,#3600);
#3177=AXIS2_PLACEMENT_3D('',#4518,#3601,#3602);
#3178=AXIS2_PLACEMENT_3D('',#4519,#3603,#3604);
#3179=AXIS2_PLACEMENT_3D('',#4521,#3605,#3606);
#3180=AXIS2_PLACEMENT_3D('',#4523,#3608,#3609);
#3181=AXIS2_PLACEMENT_3D('',#4525,#3610,#3611);
#3182=AXIS2_PLACEMENT_3D('',#4526,#3612,#3613);
#3183=AXIS2_PLACEMENT_3D('',#4527,#3614,#3615);
#3184=AXIS2_PLACEMENT_3D('',#4529,#3616,#3617);
#3185=AXIS2_PLACEMENT_3D('',#4531,#3619,#3620);
#3186=AXIS2_PLACEMENT_3D('',#4532,#3621,#3622);
#3187=AXIS2_PLACEMENT_3D('',#4533,#3623,#3624);
#3188=AXIS2_PLACEMENT_3D('',#4537,#3626,#3627);
#3189=AXIS2_PLACEMENT_3D('',#4539,#3629,#3630);
#3190=AXIS2_PLACEMENT_3D('',#4543,#3633,#3634);
#3191=AXIS2_PLACEMENT_3D('',#4546,#3636,#3637);
#3192=AXIS2_PLACEMENT_3D('',#4547,#3638,#3639);
#3193=AXIS2_PLACEMENT_3D('',#4553,#3643,#3644);
#3194=AXIS2_PLACEMENT_3D('',#4556,#3646,#3647);
#3195=AXIS2_PLACEMENT_3D('',#4557,#3648,#3649);
#3196=AXIS2_PLACEMENT_3D('',#4561,#3651,#3652);
#3197=AXIS2_PLACEMENT_3D('',#4563,#3654,#3655);
#3198=AXIS2_PLACEMENT_3D('',#4566,#3657,#3658);
#3199=AXIS2_PLACEMENT_3D('',#4567,#3659,#3660);
#3200=AXIS2_PLACEMENT_3D('',#4571,#3662,#3663);
#3201=AXIS2_PLACEMENT_3D('',#4573,#3665,#3666);
#3202=AXIS2_PLACEMENT_3D('',#4575,#3668,#3669);
#3203=AXIS2_PLACEMENT_3D('',#4577,#3671,#3672);
#3204=AXIS2_PLACEMENT_3D('',#4579,#3674,#3675);
#3205=AXIS2_PLACEMENT_3D('',#4591,#3677,#3678);
#3206=AXIS2_PLACEMENT_3D('',#4593,#3679,#3680);
#3207=AXIS2_PLACEMENT_3D('',#4594,#3681,#3682);
#3208=AXIS2_PLACEMENT_3D('',#4595,#3683,#3684);
#3209=AXIS2_PLACEMENT_3D('',#4597,#3685,#3686);
#3210=AXIS2_PLACEMENT_3D('',#4609,#3688,#3689);
#3211=AXIS2_PLACEMENT_3D('',#4610,#3690,#3691);
#3212=AXIS2_PLACEMENT_3D('',#4611,#3692,#3693);
#3213=AXIS2_PLACEMENT_3D('',#4613,#3694,#3695);
#3214=AXIS2_PLACEMENT_3D('',#4625,#3697,#3698);
#3215=AXIS2_PLACEMENT_3D('',#4626,#3699,#3700);
#3216=AXIS2_PLACEMENT_3D('',#4627,#3701,#3702);
#3217=AXIS2_PLACEMENT_3D('',#4629,#3703,#3704);
#3218=AXIS2_PLACEMENT_3D('',#4641,#3706,#3707);
#3219=AXIS2_PLACEMENT_3D('',#4642,#3708,#3709);
#3220=AXIS2_PLACEMENT_3D('',#4643,#3710,#3711);
#3221=AXIS2_PLACEMENT_3D('',#4645,#3712,#3713);
#3222=AXIS2_PLACEMENT_3D('',#4647,#3715,#3716);
#3223=AXIS2_PLACEMENT_3D('',#4649,#3718,#3719);
#3224=AXIS2_PLACEMENT_3D('',#4652,#3720,#3721);
#3225=AXIS2_PLACEMENT_3D('',#4656,#3723,#3724);
#3226=AXIS2_PLACEMENT_3D('',#4660,#3726,#3727);
#3227=AXIS2_PLACEMENT_3D('',#4664,#3729,#3730);
#3228=AXIS2_PLACEMENT_3D('',#4666,#3732,#3733);
#3229=AXIS2_PLACEMENT_3D('',#4675,#3738,#3739);
#3230=AXIS2_PLACEMENT_3D('',#4678,#3742,#3743);
#3231=AXIS2_PLACEMENT_3D('',#4687,#3748,#3749);
#3232=AXIS2_PLACEMENT_3D('',#4690,#3752,#3753);
#3233=AXIS2_PLACEMENT_3D('',#4699,#3758,#3759);
#3234=AXIS2_PLACEMENT_3D('',#4703,#3761,#3762);
#3235=AXIS2_PLACEMENT_3D('',#4704,#3763,#3764);
#3236=AXIS2_PLACEMENT_3D('',#4705,#3765,#3766);
#3237=AXIS2_PLACEMENT_3D('',#4711,#3770,#3771);
#3238=AXIS2_PLACEMENT_3D('',#4714,#3774,#3775);
#3239=AXIS2_PLACEMENT_3D('',#4716,#3777,#3778);
#3240=AXIS2_PLACEMENT_3D('',#4718,#3780,#3781);
#3241=AXIS2_PLACEMENT_3D('',#4727,#3786,#3787);
#3242=AXIS2_PLACEMENT_3D('',#4733,#3791,#3792);
#3243=AXIS2_PLACEMENT_3D('',#4739,#3796,#3797);
#3244=AXIS2_PLACEMENT_3D('',#4743,#3799,#3800);
#3245=AXIS2_PLACEMENT_3D('',#4744,#3801,#3802);
#3246=AXIS2_PLACEMENT_3D('',#4745,#3803,#3804);
#3247=AXIS2_PLACEMENT_3D('',#4751,#3808,#3809);
#3248=AXIS2_PLACEMENT_3D('',#4754,#3812,#3813);
#3249=AXIS2_PLACEMENT_3D('',#4756,#3815,#3816);
#3250=AXIS2_PLACEMENT_3D('',#4758,#3818,#3819);
#3251=AXIS2_PLACEMENT_3D('',#4760,#3821,#3822);
#3252=AXIS2_PLACEMENT_3D('',#4762,#3824,#3825);
#3253=AXIS2_PLACEMENT_3D('',#4771,#3830,#3831);
#3254=AXIS2_PLACEMENT_3D('',#4774,#3834,#3835);
#3255=AXIS2_PLACEMENT_3D('',#4783,#3840,#3841);
#3256=AXIS2_PLACEMENT_3D('',#4786,#3844,#3845);
#3257=AXIS2_PLACEMENT_3D('',#4795,#3850,#3851);
#3258=AXIS2_PLACEMENT_3D('',#4798,#3854,#3855);
#3259=AXIS2_PLACEMENT_3D('',#4807,#3860,#3861);
#3260=AXIS2_PLACEMENT_3D('',#4813,#3865,#3866);
#3261=AXIS2_PLACEMENT_3D('',#4822,#3871,#3872);
#3262=AXIS2_PLACEMENT_3D('',#4826,#3874,#3875);
#3263=AXIS2_PLACEMENT_3D('',#4827,#3876,#3877);
#3264=AXIS2_PLACEMENT_3D('',#4828,#3878,#3879);
#3265=AXIS2_PLACEMENT_3D('',#4831,#3882,#3883);
#3266=AXIS2_PLACEMENT_3D('',#4834,#3886,#3887);
#3267=AXIS2_PLACEMENT_3D('',#4836,#3889,#3890);
#3268=AXIS2_PLACEMENT_3D('',#4838,#3892,#3893);
#3269=AXIS2_PLACEMENT_3D('',#4840,#3895,#3896);
#3270=AXIS2_PLACEMENT_3D('',#4842,#3898,#3899);
#3271=AXIS2_PLACEMENT_3D('',#4851,#3904,#3905);
#3272=AXIS2_PLACEMENT_3D('',#4854,#3908,#3909);
#3273=AXIS2_PLACEMENT_3D('',#4863,#3914,#3915);
#3274=AXIS2_PLACEMENT_3D('',#4867,#3917,#3918);
#3275=AXIS2_PLACEMENT_3D('',#4868,#3919,#3920);
#3276=AXIS2_PLACEMENT_3D('',#4869,#3921,#3922);
#3277=AXIS2_PLACEMENT_3D('',#4875,#3926,#3927);
#3278=AXIS2_PLACEMENT_3D('',#4878,#3930,#3931);
#3279=AXIS2_PLACEMENT_3D('',#4880,#3933,#3934);
#3280=AXIS2_PLACEMENT_3D('',#4882,#3936,#3937);
#3281=AXIS2_PLACEMENT_3D('',#4891,#3942,#3943);
#3282=AXIS2_PLACEMENT_3D('',#4894,#3946,#3947);
#3283=AXIS2_PLACEMENT_3D('',#4903,#3952,#3953);
#3284=AXIS2_PLACEMENT_3D('',#4906,#3956,#3957);
#3285=AXIS2_PLACEMENT_3D('',#4912,#3961,#3962);
#3286=AXIS2_PLACEMENT_3D('',#4914,#3964,#3965);
#3287=AXIS2_PLACEMENT_3D('',#4916,#3967,#3968);
#3288=AXIS2_PLACEMENT_3D('',#4922,#3972,#3973);
#3289=AXIS2_PLACEMENT_3D('',#4924,#3975,#3976);
#3290=AXIS2_PLACEMENT_3D('',#4926,#3978,#3979);
#3291=AXIS2_PLACEMENT_3D('',#4932,#3983,#3984);
#3292=AXIS2_PLACEMENT_3D('',#4934,#3986,#3987);
#3293=AXIS2_PLACEMENT_3D('',#4936,#3989,#3990);
#3294=AXIS2_PLACEMENT_3D('',#4942,#3994,#3995);
#3295=AXIS2_PLACEMENT_3D('',#4944,#3997,#3998);
#3296=AXIS2_PLACEMENT_3D('',#4946,#4000,#4001);
#3297=AXIS2_PLACEMENT_3D('',#4952,#4005,#4006);
#3298=AXIS2_PLACEMENT_3D('',#4954,#4008,#4009);
#3299=AXIS2_PLACEMENT_3D('',#4956,#4011,#4012);
#3300=AXIS2_PLACEMENT_3D('',#4962,#4016,#4017);
#3301=AXIS2_PLACEMENT_3D('',#4964,#4019,#4020);
#3302=AXIS2_PLACEMENT_3D('',#4966,#4022,#4023);
#3303=AXIS2_PLACEMENT_3D('',#4972,#4027,#4028);
#3304=AXIS2_PLACEMENT_3D('',#4974,#4030,#4031);
#3305=AXIS2_PLACEMENT_3D('',#4976,#4033,#4034);
#3306=AXIS2_PLACEMENT_3D('',#4982,#4038,#4039);
#3307=AXIS2_PLACEMENT_3D('',#4984,#4041,#4042);
#3308=AXIS2_PLACEMENT_3D('',#4986,#4044,#4045);
#3309=AXIS2_PLACEMENT_3D('',#4989,#4046,#4047);
#3310=AXIS2_PLACEMENT_3D('',#4993,#4049,#4050);
#3311=AXIS2_PLACEMENT_3D('',#4997,#4052,#4053);
#3312=AXIS2_PLACEMENT_3D('',#5001,#4055,#4056);
#3313=AXIS2_PLACEMENT_3D('',#5031,#4074,#4075);
#3314=AXIS2_PLACEMENT_3D('',#5034,#4078,#4079);
#3315=AXIS2_PLACEMENT_3D('',#5035,#4080,#4081);
#3316=AXIS2_PLACEMENT_3D('',#5036,#4082,#4083);
#3317=AXIS2_PLACEMENT_3D('',#5039,#4086,#4087);
#3318=AXIS2_PLACEMENT_3D('',#5040,#4088,#4089);
#3319=AXIS2_PLACEMENT_3D('',#5041,#4090,#4091);
#3320=AXIS2_PLACEMENT_3D('',#5044,#4094,#4095);
#3321=AXIS2_PLACEMENT_3D('',#5045,#4096,#4097);
#3322=AXIS2_PLACEMENT_3D('',#5046,#4098,#4099);
#3323=AXIS2_PLACEMENT_3D('',#5049,#4102,#4103);
#3324=AXIS2_PLACEMENT_3D('',#5050,#4104,#4105);
#3325=AXIS2_PLACEMENT_3D('',#5051,#4106,#4107);
#3326=AXIS2_PLACEMENT_3D('',#5053,#4108,#4109);
#3327=AXIS2_PLACEMENT_3D('',#5055,#4110,#4111);
#3328=AXIS2_PLACEMENT_3D('',#5056,#4112,#4113);
#3329=AXIS2_PLACEMENT_3D('',#5058,#4114,#4115);
#3330=AXIS2_PLACEMENT_3D('',#5060,#4116,#4117);
#3331=AXIS2_PLACEMENT_3D('',#5061,#4118,#4119);
#3332=AXIS2_PLACEMENT_3D('',#5063,#4120,#4121);
#3333=AXIS2_PLACEMENT_3D('',#5065,#4122,#4123);
#3334=AXIS2_PLACEMENT_3D('',#5066,#4124,#4125);
#3335=AXIS2_PLACEMENT_3D('',#5068,#4126,#4127);
#3336=AXIS2_PLACEMENT_3D('',#5070,#4128,#4129);
#3337=AXIS2_PLACEMENT_3D('',#5071,#4130,#4131);
#3338=AXIS2_PLACEMENT_3D('',#5074,#4133,#4134);
#3339=AXIS2_PLACEMENT_3D('',#5075,#4135,#4136);
#3340=AXIS2_PLACEMENT_3D('',#5078,#4138,#4139);
#3341=AXIS2_PLACEMENT_3D('',#5079,#4140,#4141);
#3342=AXIS2_PLACEMENT_3D('',#5082,#4143,#4144);
#3343=AXIS2_PLACEMENT_3D('',#5083,#4145,#4146);
#3344=AXIS2_PLACEMENT_3D('',#5086,#4148,#4149);
#3345=AXIS2_PLACEMENT_3D('',#5087,#4150,#4151);
#3346=AXIS2_PLACEMENT_3D('',#5093,#4155,#4156);
#3347=AXIS2_PLACEMENT_3D('',#5095,#4157,#4158);
#3348=AXIS2_PLACEMENT_3D('',#5097,#4160,#4161);
#3349=AXIS2_PLACEMENT_3D('',#5101,#4164,#4165);
#3350=AXIS2_PLACEMENT_3D('',#5103,#4166,#4167);
#3351=AXIS2_PLACEMENT_3D('',#5105,#4169,#4170);
#3352=AXIS2_PLACEMENT_3D('',#5109,#4173,#4174);
#3353=AXIS2_PLACEMENT_3D('',#5111,#4175,#4176);
#3354=AXIS2_PLACEMENT_3D('',#5113,#4178,#4179);
#3355=AXIS2_PLACEMENT_3D('',#5117,#4182,#4183);
#3356=AXIS2_PLACEMENT_3D('',#5119,#4184,#4185);
#3357=AXIS2_PLACEMENT_3D('',#5121,#4187,#4188);
#3358=AXIS2_PLACEMENT_3D('',#5125,#4191,#4192);
#3359=AXIS2_PLACEMENT_3D('',#5129,#4195,#4196);
#3360=AXIS2_PLACEMENT_3D('',#5133,#4199,#4200);
#3361=AXIS2_PLACEMENT_3D('',#5135,#4202,#4203);
#3362=AXIS2_PLACEMENT_3D('',#5137,#4205,#4206);
#3363=AXIS2_PLACEMENT_3D('',#5139,#4208,#4209);
#3364=AXIS2_PLACEMENT_3D('',#5141,#4211,#4212);
#3365=AXIS2_PLACEMENT_3D('',#5143,#4214,#4215);
#3366=AXIS2_PLACEMENT_3D('',#5148,#4217,#4218);
#3367=AXIS2_PLACEMENT_3D('',#5152,#4220,#4221);
#3368=AXIS2_PLACEMENT_3D('',#5156,#4223,#4224);
#3369=AXIS2_PLACEMENT_3D('',#5159,#4226,#4227);
#3370=AXIS2_PLACEMENT_3D('',#5160,#4228,#4229);
#3371=AXIS2_PLACEMENT_3D('',#5163,#4232,#4233);
#3372=AXIS2_PLACEMENT_3D('',#5165,#4235,#4236);
#3373=AXIS2_PLACEMENT_3D('',#5167,#4238,#4239);
#3374=AXIS2_PLACEMENT_3D('',#5169,#4241,#4242);
#3375=AXIS2_PLACEMENT_3D('',#5171,#4244,#4245);
#3376=AXIS2_PLACEMENT_3D('',#5173,#4247,#4248);
#3377=AXIS2_PLACEMENT_3D('',#5175,#4250,#4251);
#3378=DIRECTION('axis',(0.,0.,1.));
#3379=DIRECTION('refdir',(1.,0.,0.));
#3380=DIRECTION('center_axis',(-2.11471052309554E-15,1.,-7.40148683083438E-15));
#3381=DIRECTION('ref_axis',(-0.866025403784444,-5.53213645006814E-15,-0.49999999999999));
#3382=DIRECTION('center_axis',(-1.67227342498706E-15,1.,-7.27470667401232E-15));
#3383=DIRECTION('ref_axis',(-0.866025403784444,-5.53213645006814E-15,-0.49999999999999));
#3384=DIRECTION('',(-2.11471052309554E-15,1.,-7.40148683083438E-15));
#3385=DIRECTION('center_axis',(-1.85037170770861E-15,1.,-7.40148683083442E-15));
#3386=DIRECTION('ref_axis',(-0.866025403784444,0.,-0.49999999999999));
#3387=DIRECTION('',(-2.11471052309554E-15,1.,-7.40148683083438E-15));
#3388=DIRECTION('center_axis',(-0.866025403784439,1.86935038076616E-15,
0.499999999999999));
#3389=DIRECTION('ref_axis',(0.499999999999999,8.09769884046018E-15,0.866025403784439));
#3390=DIRECTION('',(0.499999999999999,7.1362174972684E-15,0.866025403784439));
#3391=DIRECTION('',(0.499999999999999,8.09769884046018E-15,0.866025403784439));
#3392=DIRECTION('',(-2.11471052309554E-15,1.,-7.40148683083438E-15));
#3393=DIRECTION('center_axis',(-2.11471052309554E-15,1.,-7.40148683083438E-15));
#3394=DIRECTION('ref_axis',(5.55111512312564E-15,7.40148683083439E-15,1.));
#3395=DIRECTION('center_axis',(-1.67227342498706E-15,1.,-7.27470667401232E-15));
#3396=DIRECTION('ref_axis',(5.55111512312564E-15,7.40148683083439E-15,1.));
#3397=DIRECTION('center_axis',(-1.85037170770861E-15,1.,-7.40148683083442E-15));
#3398=DIRECTION('ref_axis',(5.55111512312565E-15,0.,1.));
#3399=DIRECTION('',(-2.11471052309554E-15,1.,-7.40148683083438E-15));
#3400=DIRECTION('center_axis',(0.866025403784438,5.53213645006821E-15,0.500000000000001));
#3401=DIRECTION('ref_axis',(0.500000000000001,-6.42542541547311E-15,-0.866025403784438));
#3402=DIRECTION('',(0.500000000000001,-5.46394407228133E-15,-0.866025403784438));
#3403=DIRECTION('',(0.500000000000001,-6.42542541547311E-15,-0.866025403784438));
#3404=DIRECTION('',(-2.11471052309554E-15,1.,-7.40148683083438E-15));
#3405=DIRECTION('center_axis',(1.44222201478769E-15,-7.40148683083437E-15,
-1.));
#3406=DIRECTION('ref_axis',(-1.,-1.67227342498707E-15,-1.44222201478767E-15));
#3407=DIRECTION('',(-1.,-1.67227342498707E-15,-1.44222201478767E-15));
#3408=DIRECTION('',(-2.11471052309554E-15,1.,-7.40148683083438E-15));
#3409=DIRECTION('',(-1.,-1.67227342498707E-15,-1.44222201478767E-15));
#3410=DIRECTION('center_axis',(-2.11471052309554E-15,1.,-7.40148683083438E-15));
#3411=DIRECTION('ref_axis',(0.866025403784443,-1.86935038076611E-15,-0.499999999999993));
#3412=DIRECTION('center_axis',(-1.67227342498706E-15,1.,-7.27470667401232E-15));
#3413=DIRECTION('ref_axis',(0.866025403784443,-1.86935038076611E-15,-0.499999999999993));
#3414=DIRECTION('center_axis',(-1.85037170770861E-15,1.,-7.40148683083442E-15));
#3415=DIRECTION('ref_axis',(0.866025403784443,0.,-0.499999999999993));
#3416=DIRECTION('center_axis',(1.85037170770861E-15,-1.,7.40148683083442E-15));
#3417=DIRECTION('ref_axis',(0.,-7.40148683083442E-15,-1.));
#3418=DIRECTION('center_axis',(-1.,-1.67227340852874E-15,2.26240316233426E-9));
#3419=DIRECTION('ref_axis',(1.59976092578307E-9,-0.707106781186535,0.70710678118656));
#3420=DIRECTION('center_axis',(-1.,2.00941805221518E-23,2.26240359779696E-9));
#3421=DIRECTION('ref_axis',(0.,-1.,8.88178419700128E-15));
#3422=DIRECTION('',(-1.,-1.67227340852874E-15,2.26240316233426E-9));
#3423=DIRECTION('center_axis',(1.,-2.00941805221521E-23,-2.26240359779699E-9));
#3424=DIRECTION('ref_axis',(2.26240359779699E-9,8.8817841970014E-15,1.));
#3425=DIRECTION('',(1.,1.67227340852874E-15,-2.26240316233426E-9));
#3426=DIRECTION('center_axis',(-1.67227342498706E-15,1.,-7.27470667401232E-15));
#3427=DIRECTION('ref_axis',(0.,8.52651309342772E-15,1.));
#3428=DIRECTION('center_axis',(-1.230087587345E-8,-8.88178422431472E-15,
-1.));
#3429=DIRECTION('ref_axis',(1.,8.88178419700125E-15,-1.230087587345E-8));
#3430=DIRECTION('center_axis',(1.67227342498706E-15,-1.,7.27470667401232E-15));
#3431=DIRECTION('ref_axis',(-0.707106786335445,-6.32647027029719E-15,-0.70710677603765));
#3432=DIRECTION('center_axis',(-1.67227342498706E-15,1.,-7.27470667401232E-15));
#3433=DIRECTION('ref_axis',(-0.707106786335445,-6.38378338102347E-15,-0.70710677603765));
#3434=DIRECTION('center_axis',(1.23008796415706E-8,7.27470669458275E-15,
1.));
#3435=DIRECTION('ref_axis',(0.70710678118655,-0.707106781186545,-8.69802960446555E-9));
#3436=DIRECTION('center_axis',(-1.2300880314342E-8,-8.88178422431472E-15,
-1.));
#3437=DIRECTION('ref_axis',(1.,0.,-1.2300880314342E-8));
#3438=DIRECTION('',(-1.23008796415706E-8,-7.27470669458275E-15,-1.));
#3439=DIRECTION('',(1.23008796415706E-8,7.27470669458275E-15,1.));
#3440=DIRECTION('center_axis',(-1.67227342498706E-15,1.,-7.27470667401232E-15));
#3441=DIRECTION('ref_axis',(0.,8.5265128291212E-15,1.));
#3442=DIRECTION('center_axis',(-1.,-2.22044604924916E-15,1.31006316905768E-13));
#3443=DIRECTION('ref_axis',(-1.31006316905768E-13,-8.88178419700124E-15,
-1.));
#3444=DIRECTION('center_axis',(1.67227342498706E-15,-1.,7.27470667401232E-15));
#3445=DIRECTION('ref_axis',(-0.707106776837483,3.96151858044173E-15,0.707106785535612));
#3446=DIRECTION('center_axis',(-1.67227342498706E-15,1.,-7.27470667401232E-15));
#3447=DIRECTION('ref_axis',(-0.707106776837483,4.16333634234433E-15,0.707106785535612));
#3448=DIRECTION('center_axis',(1.,1.6722734249861E-15,-1.3209059364842E-13));
#3449=DIRECTION('ref_axis',(-9.10653626036593E-14,-0.707106781186548,-0.707106781186548));
#3450=DIRECTION('center_axis',(-1.,1.18329135783153E-27,1.33226762955019E-13));
#3451=DIRECTION('ref_axis',(-1.33226762955019E-13,-8.88178419700124E-15,
-1.));
#3452=DIRECTION('',(-1.,-1.6722734249861E-15,1.3209059364842E-13));
#3453=DIRECTION('',(1.,1.6722734249861E-15,-1.3209059364842E-13));
#3454=DIRECTION('center_axis',(-1.67227342498706E-15,1.,-7.27470667401232E-15));
#3455=DIRECTION('ref_axis',(0.,8.5265128291212E-15,1.));
#3456=DIRECTION('center_axis',(8.8817841970012E-15,8.88178419700128E-15,
1.));
#3457=DIRECTION('ref_axis',(-1.,-8.88178419700128E-15,8.88178419700128E-15));
#3458=DIRECTION('center_axis',(1.67227342498706E-15,-1.,7.27470667401232E-15));
#3459=DIRECTION('ref_axis',(0.707106781186589,6.32647029914332E-15,0.707106781186506));
#3460=DIRECTION('center_axis',(-1.67227342498706E-15,1.,-7.27470667401232E-15));
#3461=DIRECTION('ref_axis',(0.707106781186589,6.38378239159474E-15,0.707106781186506));
#3462=DIRECTION('center_axis',(9.54732984324399E-16,-7.27470667401231E-15,
-1.));
#3463=DIRECTION('ref_axis',(-0.707106781186548,-0.707106781186548,6.28036983473512E-15));
#3464=DIRECTION('center_axis',(0.,8.8817841970012E-15,1.));
#3465=DIRECTION('ref_axis',(-1.,0.,0.));
#3466=DIRECTION('',(-9.54732984324399E-16,7.27470667401231E-15,1.));
#3467=DIRECTION('',(9.54732984324399E-16,-7.27470667401231E-15,-1.));
#3468=DIRECTION('center_axis',(-1.67227342498706E-15,1.,-7.27470667401232E-15));
#3469=DIRECTION('ref_axis',(0.,8.5265128272363E-15,1.));
#3470=DIRECTION('center_axis',(1.67227342498706E-15,-1.,7.27470667401232E-15));
#3471=DIRECTION('ref_axis',(0.707106780386663,-3.96151854868729E-15,-0.707106781986432));
#3472=DIRECTION('center_axis',(-1.67227342498706E-15,1.,-7.27470667401232E-15));
#3473=DIRECTION('ref_axis',(0.707106780386663,-4.16333633774249E-15,-0.707106781986432));
#3474=DIRECTION('center_axis',(-1.67227342498706E-15,1.,-7.27470667401232E-15));
#3475=DIRECTION('ref_axis',(-1.,-1.67227333550177E-15,1.23008796415705E-8));
#3476=DIRECTION('',(-1.67227342498706E-15,1.,-7.09707099007229E-15));
#3477=DIRECTION('center_axis',(-1.67227342498706E-15,1.,-7.27470667401232E-15));
#3478=DIRECTION('ref_axis',(-1.,-1.67227333550177E-15,1.23008796415705E-8));
#3479=DIRECTION('',(-1.67227342498706E-15,1.,-7.27470667401232E-15));
#3480=DIRECTION('center_axis',(-1.,-1.67227333550177E-15,1.23008796415706E-8));
#3481=DIRECTION('ref_axis',(1.23008796415706E-8,7.27470669458275E-15,1.));
#3482=DIRECTION('',(-1.67227342498706E-15,1.,-7.27470667401232E-15));
#3483=DIRECTION('',(-1.23008796415706E-8,-7.27470669458275E-15,-1.));
#3484=DIRECTION('center_axis',(-1.67227342498706E-15,1.,-7.27470667401232E-15));
#3485=DIRECTION('ref_axis',(-2.26240327567758E-9,-7.27470667779567E-15,
-1.));
#3486=DIRECTION('',(-1.67227342498706E-15,1.,-7.27470667401232E-15));
#3487=DIRECTION('center_axis',(-1.67227342498706E-15,1.,-7.27470667401232E-15));
#3488=DIRECTION('ref_axis',(-2.26240327567758E-9,-7.27470667779567E-15,
-1.));
#3489=DIRECTION('center_axis',(-2.26240316233426E-9,-7.27470667779567E-15,
-1.));
#3490=DIRECTION('ref_axis',(-1.,-1.67227340852874E-15,2.26240316233426E-9));
#3491=DIRECTION('',(-1.67227342498706E-15,1.,-7.27470667401232E-15));
#3492=DIRECTION('',(1.,1.67227340852874E-15,-2.26240311084566E-9));
#3493=DIRECTION('center_axis',(1.67227342498706E-15,-1.,7.27470667401232E-15));
#3494=DIRECTION('ref_axis',(1.,1.67227342498707E-15,6.72771581244983E-16));
#3495=DIRECTION('',(1.,1.67227342498707E-15,1.79473810490179E-15));
#3496=DIRECTION('',(-9.05922913018375E-31,-7.27470667401232E-15,-1.));
#3497=DIRECTION('',(1.,1.67227342498706E-15,-4.51028103753969E-16));
#3498=DIRECTION('',(-9.65411325776512E-16,7.27470667401231E-15,1.));
#3499=DIRECTION('',(1.,1.672273424987E-15,-8.56734345826629E-15));
#3500=DIRECTION('',(1.48029736616696E-15,-7.27470667401231E-15,-1.));
#3501=DIRECTION('',(1.,1.67227342498706E-15,-4.51028103753969E-16));
#3502=DIRECTION('',(-1.48029736616696E-15,7.27470667401231E-15,1.));
#3503=DIRECTION('',(1.,1.672273424987E-15,-8.56734345826629E-15));
#3504=DIRECTION('',(1.48029736616696E-15,-7.27470667401231E-15,-1.));
#3505=DIRECTION('',(1.,1.67227342498706E-15,-4.51028103753969E-16));
#3506=DIRECTION('center_axis',(1.67227342498706E-15,-1.,7.27470667401232E-15));
#3507=DIRECTION('ref_axis',(-1.23358113847241E-15,6.83214169000097E-15,
-1.));
#3508=DIRECTION('',(-3.22973970800032E-16,7.27470667401232E-15,1.));
#3509=DIRECTION('',(-1.,-1.67227342498706E-15,-2.22044604925031E-16));
#3510=DIRECTION('',(-7.49675127893726E-15,7.2747066740123E-15,1.));
#3511=DIRECTION('',(1.,1.67227342498706E-15,2.22044604925031E-16));
#3512=DIRECTION('',(-3.22973970800032E-16,7.27470667401232E-15,1.));
#3513=DIRECTION('',(-1.,-1.67227342498706E-15,-2.22044604925031E-16));
#3514=DIRECTION('',(-7.49675127893726E-15,7.2747066740123E-15,1.));
#3515=DIRECTION('',(1.,1.67227342498706E-15,2.22044604925031E-16));
#3516=DIRECTION('',(-3.22973970800032E-16,7.27470667401232E-15,1.));
#3517=DIRECTION('center_axis',(1.67227342498706E-15,-1.,7.27470667401232E-15));
#3518=DIRECTION('ref_axis',(1.,-1.22464679914667E-16,-9.8686491077795E-15));
#3519=DIRECTION('',(-1.,-1.67227342498655E-15,7.07764782437469E-14));
#3520=DIRECTION('',(-0.707106781186542,-6.32647029914358E-15,-0.707106781186553));
#3521=DIRECTION('',(-1.,-1.67227342498706E-15,5.92177053349634E-16));
#3522=DIRECTION('',(-1.22464679914678E-16,-7.27470667401232E-15,-1.));
#3523=DIRECTION('',(-1.,-1.67227342498707E-15,-1.42734406515748E-15));
#3524=DIRECTION('',(1.22464679914678E-16,7.27470667401232E-15,1.));
#3525=DIRECTION('',(-1.,-1.67227342498706E-15,5.92177053349634E-16));
#3526=DIRECTION('',(-1.22464679914678E-16,-7.27470667401232E-15,-1.));
#3527=DIRECTION('',(-1.,-1.67227342498707E-15,-1.42734406515748E-15));
#3528=DIRECTION('',(1.22464679914678E-16,7.27470667401232E-15,1.));
#3529=DIRECTION('',(-1.,-1.67227342498706E-15,5.92177053349634E-16));
#3530=DIRECTION('',(1.35783268625187E-15,-7.27470667401231E-15,-1.));
#3531=DIRECTION('',(-1.,-1.672273424987E-15,8.93473749801024E-15));
#3532=DIRECTION('',(-1.35783268625187E-15,7.27470667401231E-15,1.));
#3533=DIRECTION('',(-1.,-1.67227342498706E-15,5.92177053349634E-16));
#3534=DIRECTION('',(1.35783268625187E-15,-7.27470667401231E-15,-1.));
#3535=DIRECTION('',(-1.,-1.672273424987E-15,8.93473749801024E-15));
#3536=DIRECTION('',(-1.35783268625187E-15,7.27470667401231E-15,1.));
#3537=DIRECTION('',(-1.,-1.67227342498706E-15,5.92177053349634E-16));
#3538=DIRECTION('',(-0.70710678118656,3.96151854153063E-15,0.707106781186535));
#3539=DIRECTION('',(-1.,-1.67227342498706E-15,-1.10859554236237E-32));
#3540=DIRECTION('center_axis',(1.67227342498706E-15,-1.,7.27470667401232E-15));
#3541=DIRECTION('ref_axis',(1.48029736616691E-14,-6.83214169000097E-15,
1.));
#3542=DIRECTION('',(-1.29189588320019E-15,-7.27470667401232E-15,-1.));
#3543=DIRECTION('',(1.,1.67227342498706E-15,9.95799250102984E-17));
#3544=DIRECTION('',(-2.78677741666189E-14,-7.27470667401236E-15,-1.));
#3545=DIRECTION('',(-1.,-1.67227342498706E-15,1.22464679914733E-16));
#3546=DIRECTION('',(-1.29189588320019E-15,-7.27470667401232E-15,-1.));
#3547=DIRECTION('',(1.,1.67227342498706E-15,-1.22464679914733E-16));
#3548=DIRECTION('',(-2.78677741666189E-14,-7.27470667401236E-15,-1.));
#3549=DIRECTION('',(-1.,-1.67227342498706E-15,-9.95799250102984E-17));
#3550=DIRECTION('',(-1.29189588320019E-15,-7.27470667401232E-15,-1.));
#3551=DIRECTION('center_axis',(1.67227342498706E-15,-1.,7.27470667401232E-15));
#3552=DIRECTION('ref_axis',(-1.,1.2246467991466E-16,1.11022302462515E-14));
#3553=DIRECTION('',(1.,1.67227342498706E-15,-4.51028103753969E-16));
#3554=DIRECTION('',(8.90894624306507E-31,7.27470667401232E-15,1.));
#3555=DIRECTION('',(1.,1.67227342498707E-15,1.79473810490179E-15));
#3556=DIRECTION('',(-8.90894624306507E-31,-7.27470667401232E-15,-1.));
#3557=DIRECTION('',(1.,1.67227342498706E-15,-4.51028103753969E-16));
#3558=DIRECTION('',(8.90894624306507E-31,7.27470667401232E-15,1.));
#3559=DIRECTION('',(1.,1.67227347002882E-15,6.19155695935395E-9));
#3560=DIRECTION('center_axis',(1.67227342498706E-15,-1.,7.27470667401232E-15));
#3561=DIRECTION('ref_axis',(-0.707106778997669,-6.32647031140659E-15,-0.707106783375426));
#3562=DIRECTION('',(-4.73022385592182E-13,-7.27470667401311E-15,-1.));
#3563=DIRECTION('center_axis',(1.67227342498706E-15,-1.,7.27470667401232E-15));
#3564=DIRECTION('ref_axis',(-0.707106781186383,3.96151854153221E-15,0.707106781186712));
#3565=DIRECTION('',(-1.,-1.67227342498709E-15,-4.0359879069812E-15));
#3566=DIRECTION('center_axis',(1.67227342498706E-15,-1.,7.27470667401232E-15));
#3567=DIRECTION('ref_axis',(0.707106781182783,6.32647029916464E-15,0.707106781190312));
#3568=DIRECTION('',(-1.06390767356167E-11,7.27470667399452E-15,1.));
#3569=DIRECTION('center_axis',(1.67227342498706E-15,-1.,7.27470667401232E-15));
#3570=DIRECTION('ref_axis',(0.707106783379355,-3.96151852191173E-15,-0.70710677899374));
#3571=DIRECTION('center_axis',(1.67227342498706E-15,-1.,7.27470667401232E-15));
#3572=DIRECTION('ref_axis',(-1.,-1.67227342498707E-15,-6.72771581244983E-16));
#3573=DIRECTION('center_axis',(1.67227342498706E-15,-1.,7.27470667401232E-15));
#3574=DIRECTION('ref_axis',(1.,1.67227342498707E-15,6.72771581244983E-16));
#3575=DIRECTION('center_axis',(1.67227342498706E-15,-1.,7.27470667401232E-15));
#3576=DIRECTION('ref_axis',(1.,1.67227342498707E-15,6.72771581244983E-16));
#3577=DIRECTION('center_axis',(1.67227342498706E-15,-1.,7.27470667401232E-15));
#3578=DIRECTION('ref_axis',(-1.,-1.67227342498707E-15,-6.72771581244983E-16));
#3579=DIRECTION('center_axis',(-1.,-1.67227347002882E-15,-6.19155695935395E-9));
#3580=DIRECTION('ref_axis',(-4.37809160615717E-9,-0.707106781186541,0.707106781186554));
#3581=DIRECTION('center_axis',(-1.,-1.15648237460129E-15,-6.1915560946357E-9));
#3582=DIRECTION('ref_axis',(1.15648231731789E-15,-1.,9.25185853854313E-15));
#3583=DIRECTION('',(-1.,-1.67227347002882E-15,-6.19155695935395E-9));
#3584=DIRECTION('center_axis',(1.,5.72834051187858E-23,6.19155652673934E-9));
#3585=DIRECTION('ref_axis',(-6.19155652673934E-9,0.,1.));
#3586=DIRECTION('center_axis',(-1.67227342498706E-15,1.,-7.27470667401232E-15));
#3587=DIRECTION('ref_axis',(0.,4.86673106685E-15,1.));
#3588=DIRECTION('center_axis',(0.,-9.25185853854296E-15,-1.));
#3589=DIRECTION('ref_axis',(1.,0.,0.));
#3590=DIRECTION('center_axis',(-1.67227342498706E-15,1.,-7.27470667401232E-15));
#3591=DIRECTION('ref_axis',(-0.707106778997669,-6.38378239159466E-15,-0.707106783375426));
#3592=DIRECTION('center_axis',(4.73022385592182E-13,7.27470667401311E-15,
1.));
#3593=DIRECTION('ref_axis',(0.707106781186548,-0.707106781186548,-3.2710259555912E-13));
#3594=DIRECTION('center_axis',(-4.71844785466862E-13,-9.25185853854388E-15,
-1.));
#3595=DIRECTION('ref_axis',(1.,0.,-4.71844785466862E-13));
#3596=DIRECTION('',(4.73022385592182E-13,7.27470667401311E-15,1.));
#3597=DIRECTION('center_axis',(-1.67227342498706E-15,1.,-7.27470667401232E-15));
#3598=DIRECTION('ref_axis',(0.,4.86673106685001E-15,1.));
#3599=DIRECTION('center_axis',(-1.,-2.31296463463574E-15,0.));
#3600=DIRECTION('ref_axis',(0.,0.,-1.));
#3601=DIRECTION('center_axis',(-1.67227342498706E-15,1.,-7.27470667401232E-15));
#3602=DIRECTION('ref_axis',(-0.707106781186383,3.88578058618807E-15,0.707106781186712));
#3603=DIRECTION('center_axis',(1.,1.67227342498709E-15,4.0359879069812E-15));
#3604=DIRECTION('ref_axis',(6.54205191118245E-15,-0.707106781186554,-0.707106781186541));
#3605=DIRECTION('center_axis',(-1.,-2.31296463463578E-15,-4.6259292692714E-15));
#3606=DIRECTION('ref_axis',(4.6259292692714E-15,0.,-1.));
#3607=DIRECTION('',(1.,1.67227342498709E-15,4.0359879069812E-15));
#3608=DIRECTION('center_axis',(-1.67227342498706E-15,1.,-7.27470667401232E-15));
#3609=DIRECTION('ref_axis',(0.,4.86673106685E-15,1.));
#3610=DIRECTION('center_axis',(0.,9.25185853854296E-15,1.));
#3611=DIRECTION('ref_axis',(-1.,0.,0.));
#3612=DIRECTION('center_axis',(-1.67227342498706E-15,1.,-7.27470667401232E-15));
#3613=DIRECTION('ref_axis',(0.707106781182783,6.38378239159463E-15,0.707106781190312));
#3614=DIRECTION('center_axis',(1.06390767356167E-11,-7.27470667399452E-15,
-1.));
#3615=DIRECTION('ref_axis',(-0.707106781186548,-0.707106781186548,-7.52335969785975E-12));
#3616=DIRECTION('center_axis',(-1.06396373185484E-11,9.25185853853066E-15,
1.));
#3617=DIRECTION('ref_axis',(-1.,0.,-1.06396373185484E-11));
#3618=DIRECTION('',(1.06390767356167E-11,-7.27470667399452E-15,-1.));
#3619=DIRECTION('center_axis',(-1.67227342498706E-15,1.,-7.27470667401232E-15));
#3620=DIRECTION('ref_axis',(0.,4.86673106685001E-15,1.));
#3621=DIRECTION('center_axis',(-1.67227342498706E-15,1.,-7.27470667401232E-15));
#3622=DIRECTION('ref_axis',(0.707106783379355,-3.88578058618806E-15,-0.70710677899374));
#3623=DIRECTION('center_axis',(-1.76381416092258E-15,1.,-7.05525664369033E-15));
#3624=DIRECTION('ref_axis',(-1.177822957443E-29,7.05525664369033E-15,1.));
#3625=DIRECTION('',(-1.76381416092258E-15,1.,-7.05525664369033E-15));
#3626=DIRECTION('center_axis',(1.67227342498706E-15,-1.,7.27470667401232E-15));
#3627=DIRECTION('ref_axis',(-0.707106781186548,3.88578058618807E-15,0.707106781186547));
#3628=DIRECTION('',(-1.76381416092258E-15,1.,-7.05525664369033E-15));
#3629=DIRECTION('center_axis',(-1.,-1.67227342498362E-15,4.73022385592182E-13));
#3630=DIRECTION('ref_axis',(-4.73022385592182E-13,-7.27470667401311E-15,
-1.));
#3631=DIRECTION('',(-1.76381416092258E-15,1.,-7.05525664369033E-15));
#3632=DIRECTION('',(-4.73022385592182E-13,-7.27470667401311E-15,-1.));
#3633=DIRECTION('center_axis',(-1.76381416092258E-15,1.,-7.05525664369033E-15));
#3634=DIRECTION('ref_axis',(-1.,-1.76381416092258E-15,6.45843385377386E-31));
#3635=DIRECTION('',(-1.76381416092258E-15,1.,-7.05525664369033E-15));
#3636=DIRECTION('center_axis',(1.67227342498706E-15,-1.,7.27470667401232E-15));
#3637=DIRECTION('ref_axis',(-0.707106778997501,-6.38378239159462E-15,-0.707106783375594));
#3638=DIRECTION('center_axis',(6.19155695935395E-9,-7.05525663276958E-15,
-1.));
#3639=DIRECTION('ref_axis',(-1.,-1.67227347002882E-15,-6.19155695935395E-9));
#3640=DIRECTION('',(-1.76381416092258E-15,1.,-7.05525664369033E-15));
#3641=DIRECTION('',(1.,1.67227342498707E-15,9.62080513746926E-16));
#3642=DIRECTION('',(1.,1.67227347002882E-15,6.19155695935395E-9));
#3643=DIRECTION('center_axis',(-1.76381416092258E-15,1.,-7.05525664369033E-15));
#3644=DIRECTION('ref_axis',(1.177822957443E-29,-7.05525664369033E-15,-1.));
#3645=DIRECTION('',(-1.76381416092258E-15,1.,-7.05525664369033E-15));
#3646=DIRECTION('center_axis',(1.67227342498706E-15,-1.,7.27470667401232E-15));
#3647=DIRECTION('ref_axis',(0.707106781186546,-3.88578058618805E-15,-0.707106781186549));
#3648=DIRECTION('center_axis',(-1.76381416092258E-15,1.,-7.05525664369033E-15));
#3649=DIRECTION('ref_axis',(1.,1.76381416092258E-15,-6.45843385377386E-31));
#3650=DIRECTION('',(-1.76381416092258E-15,1.,-7.05525664369033E-15));
#3651=DIRECTION('center_axis',(1.67227342498706E-15,-1.,7.27470667401232E-15));
#3652=DIRECTION('ref_axis',(0.707106781186549,6.38378239159466E-15,0.707106781186546));
#3653=DIRECTION('',(-1.76381416092258E-15,1.,-7.05525664369033E-15));
#3654=DIRECTION('center_axis',(-1.67227342498706E-15,1.,-7.27470667401232E-15));
#3655=DIRECTION('ref_axis',(1.,1.67227342498707E-15,6.72771581244983E-16));
#3656=DIRECTION('',(-1.67227342498706E-15,1.,-7.27470667401232E-15));
#3657=DIRECTION('center_axis',(-1.67227342498706E-15,1.,-7.27470667401232E-15));
#3658=DIRECTION('ref_axis',(1.,1.67227342498707E-15,6.72771581244983E-16));
#3659=DIRECTION('center_axis',(-1.67227342498706E-15,1.,-7.27470667401232E-15));
#3660=DIRECTION('ref_axis',(1.34330348213174E-13,7.27470667401254E-15,1.));
#3661=DIRECTION('',(-1.67227342498706E-15,1.,-7.27470667401232E-15));
#3662=DIRECTION('center_axis',(-1.67227342498706E-15,1.,-7.27470667401232E-15));
#3663=DIRECTION('ref_axis',(1.34330348213174E-13,7.27470667401254E-15,1.));
#3664=DIRECTION('',(-1.67227342498706E-15,1.,-7.27470667401232E-15));
#3665=DIRECTION('center_axis',(1.,1.67227342506446E-15,1.06390767356167E-11));
#3666=DIRECTION('ref_axis',(-1.06390767356167E-11,7.27470667399452E-15,
1.));
#3667=DIRECTION('',(-1.06390767356167E-11,7.27470667399452E-15,1.));
#3668=DIRECTION('center_axis',(-4.03598790698122E-15,7.27470667401231E-15,
1.));
#3669=DIRECTION('ref_axis',(-1.,-1.67227342498709E-15,-4.0359879069812E-15));
#3670=DIRECTION('',(-1.,-1.67227342498709E-15,-4.0359879069812E-15));
#3671=DIRECTION('center_axis',(1.,1.67227342498707E-15,9.54732984324387E-16));
#3672=DIRECTION('ref_axis',(9.54732984324399E-16,-7.27470667401231E-15,
-1.));
#3673=DIRECTION('',(-9.54732984324399E-16,7.27470667401231E-15,1.));
#3674=DIRECTION('center_axis',(1.3209059364842E-13,7.27470667401254E-15,
1.));
#3675=DIRECTION('ref_axis',(1.,1.6722734249861E-15,-1.3209059364842E-13));
#3676=DIRECTION('',(-1.,-1.6722734249861E-15,1.3209059364842E-13));
#3677=DIRECTION('center_axis',(1.,2.31296469191908E-15,6.19154958784543E-9));
#3678=DIRECTION('ref_axis',(6.19154958784543E-9,0.,-1.));
#3679=DIRECTION('center_axis',(-1.67227342498706E-15,1.,-7.27470667401232E-15));
#3680=DIRECTION('ref_axis',(-0.707106778997501,-6.32647031140753E-15,-0.707106783375594));
#3681=DIRECTION('center_axis',(0.,9.25185853854296E-15,1.));
#3682=DIRECTION('ref_axis',(-2.31296463463574E-15,1.,-9.25185853854296E-15));
#3683=DIRECTION('center_axis',(4.73022385592182E-13,7.27470667401311E-15,
1.));
#3684=DIRECTION('ref_axis',(-0.707106781186548,0.707106781186548,3.2710259555912E-13));
#3685=DIRECTION('center_axis',(4.71844785464522E-13,9.25185853854405E-15,
1.));
#3686=DIRECTION('ref_axis',(-2.31296463463574E-15,1.,-9.25185853854296E-15));
#3687=DIRECTION('',(4.73022385592182E-13,7.27470667401311E-15,1.));
#3688=DIRECTION('center_axis',(1.,2.3129646346357E-15,0.));
#3689=DIRECTION('ref_axis',(-2.3129646346357E-15,1.,-9.25185853854279E-15));
#3690=DIRECTION('center_axis',(-1.67227342498706E-15,1.,-7.27470667401232E-15));
#3691=DIRECTION('ref_axis',(-0.707106781186548,3.96151854153074E-15,0.707106781186547));
#3692=DIRECTION('center_axis',(1.,1.67227342498709E-15,4.0359879069812E-15));
#3693=DIRECTION('ref_axis',(-3.2710259555912E-15,0.707106781186548,0.707106781186548));
#3694=DIRECTION('center_axis',(1.,2.31296463463578E-15,4.62592926927148E-15));
#3695=DIRECTION('ref_axis',(-2.31296463463574E-15,1.,-9.25185853854296E-15));
#3696=DIRECTION('',(1.,1.67227342498709E-15,4.0359879069812E-15));
#3697=DIRECTION('center_axis',(0.,-9.25185853854296E-15,-1.));
#3698=DIRECTION('ref_axis',(-1.15648231731787E-15,1.,-9.25185853854296E-15));
#3699=DIRECTION('center_axis',(-1.67227342498706E-15,1.,-7.27470667401232E-15));
#3700=DIRECTION('ref_axis',(0.707106781186549,6.32647029914354E-15,0.707106781186546));
#3701=DIRECTION('center_axis',(1.06390767356167E-11,-7.27470667399452E-15,
-1.));
#3702=DIRECTION('ref_axis',(0.707106781186548,0.707106781186548,7.52335969785975E-12));
#3703=DIRECTION('center_axis',(1.06396373201004E-11,-9.25185853853066E-15,
-1.));
#3704=DIRECTION('ref_axis',(-1.15648231731787E-15,1.,-9.25185853854296E-15));
#3705=DIRECTION('',(1.06390767356167E-11,-7.27470667399452E-15,-1.));
#3706=DIRECTION('center_axis',(-1.,-1.15648231731787E-15,0.));
#3707=DIRECTION('ref_axis',(-1.15648231731787E-15,1.,-9.25185853854296E-15));
#3708=DIRECTION('center_axis',(-1.67227342498706E-15,1.,-7.27470667401232E-15));
#3709=DIRECTION('ref_axis',(0.707106781186546,-3.96151854153075E-15,-0.707106781186549));
#3710=DIRECTION('center_axis',(-1.,-1.67227342498707E-15,-9.62080513746926E-16));
#3711=DIRECTION('ref_axis',(0.,0.707106781186548,-0.707106781186548));
#3712=DIRECTION('center_axis',(1.,2.31296469191915E-15,6.19155652673928E-9));
#3713=DIRECTION('ref_axis',(6.19155652673928E-9,0.,-1.));
#3714=DIRECTION('',(-1.,-1.67227342498707E-15,-9.62080513746926E-16));
#3715=DIRECTION('center_axis',(-1.,-1.67227347002882E-15,-6.19155695935395E-9));
#3716=DIRECTION('ref_axis',(4.37808997064424E-9,0.707106781186548,-0.707106781186548));
#3717=DIRECTION('',(-1.,-1.67227347002882E-15,-6.19155695935395E-9));
#3718=DIRECTION('center_axis',(1.67227342498706E-15,-1.,7.27470667401232E-15));
#3719=DIRECTION('ref_axis',(1.,1.67227342498707E-15,6.72771581244983E-16));
#3720=DIRECTION('center_axis',(1.67227342498706E-15,-1.,7.27470667401232E-15));
#3721=DIRECTION('ref_axis',(1.48038818275377E-15,7.27470667401232E-15,1.));
#3722=DIRECTION('',(0.999999999999999,1.6722730642885E-15,-4.95825578381371E-8));
#3723=DIRECTION('center_axis',(1.67227342498706E-15,-1.,7.27470667401232E-15));
#3724=DIRECTION('ref_axis',(1.,1.67227342498706E-15,1.34481629911574E-16));
#3725=DIRECTION('',(6.72771581244995E-16,-7.27470667401231E-15,-1.));
#3726=DIRECTION('center_axis',(1.67227342498706E-15,-1.,7.27470667401232E-15));
#3727=DIRECTION('ref_axis',(-1.48038811799243E-15,-7.27470667401232E-15,
-1.));
#3728=DIRECTION('',(-1.,-1.67227342498706E-15,1.54723851282776E-16));
#3729=DIRECTION('center_axis',(1.67227342498706E-15,-1.,7.27470667401232E-15));
#3730=DIRECTION('ref_axis',(-1.,-1.67227342498706E-15,-1.34481629911573E-16));
#3731=DIRECTION('',(-4.92061021057005E-7,7.27470585115086E-15,0.999999999999879));
#3732=DIRECTION('center_axis',(-0.707106781186502,-0.707106781186593,-7.46582811681544E-15));
#3733=DIRECTION('ref_axis',(1.05582753771475E-14,-1.29301581451399E-30,
-1.));
#3734=DIRECTION('',(0.707106781186593,-0.707106781186502,1.57009245868388E-16));
#3735=DIRECTION('',(3.22973970800034E-16,1.02353014063461E-14,-1.));
#3736=DIRECTION('',(-0.707106781186593,0.707106781186502,-1.57009245868388E-16));
#3737=DIRECTION('',(-3.22973970800034E-16,-1.02353014063461E-14,1.));
#3738=DIRECTION('center_axis',(-1.,1.22464679914738E-16,-3.22973970800033E-16));
#3739=DIRECTION('ref_axis',(3.22973970800034E-16,7.42840132840105E-15,-1.));
#3740=DIRECTION('',(1.22464679914738E-16,1.,4.89964498015652E-46));
#3741=DIRECTION('',(-1.22464679914738E-16,-1.,-4.89964498015652E-46));
#3742=DIRECTION('center_axis',(1.41480530385307E-15,-0.707106781186628,
0.707106781186467));
#3743=DIRECTION('ref_axis',(-1.,1.22464679914735E-16,2.12330152874139E-15));
#3744=DIRECTION('',(9.33395914647828E-15,-0.707106781186467,-0.707106781186628));
#3745=DIRECTION('',(-1.,-1.54980874507231E-15,4.5102810375397E-16));
#3746=DIRECTION('',(-9.33395914647828E-15,0.707106781186467,0.707106781186628));
#3747=DIRECTION('',(1.,1.54980874507231E-15,-4.5102810375397E-16));
#3748=DIRECTION('center_axis',(4.5102810375398E-16,-6.83214169000097E-15,
1.));
#3749=DIRECTION('ref_axis',(-1.,-1.542869857023E-15,4.5102810375397E-16));
#3750=DIRECTION('',(-1.17199142494203E-14,1.,6.83214169000097E-15));
#3751=DIRECTION('',(1.17199142494203E-14,-1.,-6.83214169000097E-15));
#3752=DIRECTION('center_axis',(-0.707106781186483,-0.707106781186612,-7.46582811681562E-15));
#3753=DIRECTION('ref_axis',(1.0558275377148E-14,-1.29301581451406E-30,-1.));
#3754=DIRECTION('',(0.707106781186612,-0.707106781186483,1.57009245868392E-16));
#3755=DIRECTION('',(3.22973970800034E-16,1.02353014063461E-14,-1.));
#3756=DIRECTION('',(0.707106781186615,-0.70710678118648,-9.42055475210346E-15));
#3757=DIRECTION('',(-3.22973970800034E-16,-1.02353014063461E-14,1.));
#3758=DIRECTION('center_axis',(-1.22464679914735E-16,-1.,-8.88178419700475E-15));
#3759=DIRECTION('ref_axis',(-1.23358113847241E-15,8.74123128697507E-15,
-1.));
#3760=DIRECTION('',(-8.65956056235311E-17,-0.707106781186398,-0.707106781186697));
#3761=DIRECTION('center_axis',(1.5498087450723E-15,-1.,-1.02353014063461E-14));
#3762=DIRECTION('ref_axis',(-1.23358113847242E-15,1.02353014063461E-14,
-1.));
#3763=DIRECTION('center_axis',(-1.5498087450723E-15,1.,1.02353014063461E-14));
#3764=DIRECTION('ref_axis',(-1.23358113847241E-15,6.83214169000097E-15,
-1.));
#3765=DIRECTION('center_axis',(1.41480530385307E-15,-0.707106781186626,
0.707106781186469));
#3766=DIRECTION('ref_axis',(-1.,1.22464679914735E-16,2.12330152874138E-15));
#3767=DIRECTION('',(-9.3339591464783E-15,0.707106781186469,0.707106781186626));
#3768=DIRECTION('',(1.,1.54980874507231E-15,-4.5102810375397E-16));
#3769=DIRECTION('',(-1.,-1.54980874507231E-15,4.5102810375397E-16));
#3770=DIRECTION('center_axis',(4.5102810375398E-16,-6.83214169000097E-15,
1.));
#3771=DIRECTION('ref_axis',(-1.,-1.542869857023E-15,4.5102810375397E-16));
#3772=DIRECTION('',(-1.22464679914735E-16,-1.,-6.83214169000097E-15));
#3773=DIRECTION('',(1.17199142494203E-14,-1.,-6.83214169000097E-15));
#3774=DIRECTION('center_axis',(-1.22464679914735E-16,-1.,-6.83214169000097E-15));
#3775=DIRECTION('ref_axis',(-1.23358113847241E-15,6.83214169000097E-15,
-1.));
#3776=DIRECTION('',(-1.22464679914735E-16,-1.,-6.83214169000097E-15));
#3777=DIRECTION('center_axis',(-1.,1.22464679914738E-16,-3.22973970800033E-16));
#3778=DIRECTION('ref_axis',(3.22973970800034E-16,7.42840132840105E-15,-1.));
#3779=DIRECTION('',(1.22464679914738E-16,1.,4.89964498015652E-46));
#3780=DIRECTION('center_axis',(-4.89506474414732E-14,-0.707106781186535,
-0.70710678118656));
#3781=DIRECTION('ref_axis',(1.,-1.22464679914735E-16,-6.91042048187592E-14));
#3782=DIRECTION('',(1.,1.54980874507302E-15,-7.07764782437469E-14));
#3783=DIRECTION('',(5.01563630722561E-14,-0.707106781186554,0.707106781186541));
#3784=DIRECTION('',(-1.,-1.54980874507302E-15,7.07764782437469E-14));
#3785=DIRECTION('',(0.281084637714804,0.678598344545844,-0.678598344545857));
#3786=DIRECTION('center_axis',(0.500000000000005,-0.707106781186542,-0.500000000000003));
#3787=DIRECTION('ref_axis',(0.707106781186546,-8.65956056235492E-17,0.707106781186549));
#3788=DIRECTION('',(-0.707106781186542,6.14157075873277E-15,-0.707106781186553));
#3789=DIRECTION('',(0.281084637714852,0.678598344545846,-0.678598344545834));
#3790=DIRECTION('',(0.707106781186542,-6.14157075873277E-15,0.707106781186553));
#3791=DIRECTION('center_axis',(6.77147863096233E-16,-0.707106781186541,
-0.707106781186554));
#3792=DIRECTION('ref_axis',(1.,-1.22464679914735E-16,1.08009637163738E-15));
#3793=DIRECTION('',(-1.,-1.54980874507231E-15,5.92177053349635E-16));
#3794=DIRECTION('',(2.36495175761277E-15,-0.707106781186554,0.707106781186541));
#3795=DIRECTION('',(1.,1.54980874507231E-15,-5.92177053349635E-16));
#3796=DIRECTION('center_axis',(-1.22464679914735E-16,-1.,-1.77635683940029E-14));
#3797=DIRECTION('ref_axis',(1.,8.15639924346375E-16,-9.8686491077795E-15));
#3798=DIRECTION('',(0.70710678118656,-0.707106781186535,-2.51214793389405E-14));
#3799=DIRECTION('center_axis',(1.5498087450723E-15,-1.,-1.02353014063461E-14));
#3800=DIRECTION('ref_axis',(1.,1.5498087450724E-15,-9.86864910777949E-15));
#3801=DIRECTION('center_axis',(-1.5498087450723E-15,1.,1.02353014063461E-14));
#3802=DIRECTION('ref_axis',(1.,-1.22464679914667E-16,-9.8686491077795E-15));
#3803=DIRECTION('center_axis',(-0.707106781186527,-0.707106781186568,-7.46582811681519E-15));
#3804=DIRECTION('ref_axis',(1.05582753771467E-14,-1.29301581451391E-30,
-1.));
#3805=DIRECTION('',(-0.707106781186568,0.707106781186527,-1.57009245868382E-16));
#3806=DIRECTION('',(-3.22973970800034E-16,-1.02353014063461E-14,1.));
#3807=DIRECTION('',(3.22973970800034E-16,1.02353014063461E-14,-1.));
#3808=DIRECTION('center_axis',(-1.,1.22464679914738E-16,-3.22973970800033E-16));
#3809=DIRECTION('ref_axis',(3.22973970800034E-16,7.42840132840105E-15,-1.));
#3810=DIRECTION('',(-1.22464679914735E-16,-1.,-6.83214169000097E-15));
#3811=DIRECTION('',(-1.22464679914738E-16,-1.,-4.89964498015652E-46));
#3812=DIRECTION('center_axis',(-1.22464679914735E-16,-1.,-6.83214169000097E-15));
#3813=DIRECTION('ref_axis',(1.,-1.22464679914667E-16,-9.8686491077795E-15));
#3814=DIRECTION('',(-1.22464679914735E-16,-1.,-6.83214169000097E-15));
#3815=DIRECTION('center_axis',(-7.07764782437469E-14,6.83214169000098E-15,
-1.));
#3816=DIRECTION('ref_axis',(1.,7.87346071105874E-15,-7.07764782437469E-14));
#3817=DIRECTION('',(-1.22464679914735E-16,-1.,-6.83214169000097E-15));
#3818=DIRECTION('center_axis',(0.707106781186553,4.74445811340342E-15,-0.707106781186542));
#3819=DIRECTION('ref_axis',(0.707106781186542,-1.71724687856389E-15,0.707106781186553));
#3820=DIRECTION('',(-1.22464679914735E-16,-1.,-6.83214169000097E-15));
#3821=DIRECTION('center_axis',(-5.92177053349645E-16,6.83214169000097E-15,
-1.));
#3822=DIRECTION('ref_axis',(1.,1.53837901412857E-15,-5.92177053349635E-16));
#3823=DIRECTION('',(-3.22208217005934E-15,1.,6.83214169000097E-15));
#3824=DIRECTION('center_axis',(6.77147863096247E-16,-0.707106781186548,
-0.707106781186548));
#3825=DIRECTION('ref_axis',(1.,-1.22464679914735E-16,1.08009637163741E-15));
#3826=DIRECTION('',(2.36495175761275E-15,-0.707106781186548,0.707106781186548));
#3827=DIRECTION('',(1.,1.54980874507231E-15,-5.92177053349635E-16));
#3828=DIRECTION('',(-2.36495175761275E-15,0.707106781186548,-0.707106781186548));
#3829=DIRECTION('',(-1.,-1.54980874507231E-15,5.92177053349635E-16));
#3830=DIRECTION('center_axis',(-5.92177053349645E-16,6.83214169000097E-15,
-1.));
#3831=DIRECTION('ref_axis',(1.,1.53837901412857E-15,-5.92177053349635E-16));
#3832=DIRECTION('',(-3.22208217005934E-15,1.,6.83214169000097E-15));
#3833=DIRECTION('',(3.22208217005934E-15,-1.,-6.83214169000097E-15));
#3834=DIRECTION('center_axis',(6.77147863096247E-16,-0.707106781186548,
-0.707106781186548));
#3835=DIRECTION('ref_axis',(1.,-1.22464679914735E-16,1.08009637163741E-15));
#3836=DIRECTION('',(-7.05560299448975E-15,-0.707106781186548,0.707106781186548));
#3837=DIRECTION('',(1.,1.54980874507231E-15,-5.92177053349635E-16));
#3838=DIRECTION('',(-2.36495175761275E-15,0.707106781186548,-0.707106781186548));
#3839=DIRECTION('',(-1.,-1.54980874507231E-15,5.92177053349635E-16));
#3840=DIRECTION('center_axis',(-5.92177053349645E-16,6.83214169000097E-15,
-1.));
#3841=DIRECTION('ref_axis',(1.,1.53837901412857E-15,-5.92177053349635E-16));
#3842=DIRECTION('',(8.62029675927568E-15,1.,6.83214169000096E-15));
#3843=DIRECTION('',(3.22208217005934E-15,-1.,-6.83214169000097E-15));
#3844=DIRECTION('center_axis',(6.77147863096247E-16,-0.707106781186548,
-0.707106781186548));
#3845=DIRECTION('ref_axis',(1.,-1.22464679914735E-16,1.08009637163741E-15));
#3846=DIRECTION('',(-7.05560299448975E-15,-0.707106781186548,0.707106781186548));
#3847=DIRECTION('',(1.,1.54980874507231E-15,-5.92177053349635E-16));
#3848=DIRECTION('',(7.05560299448975E-15,0.707106781186548,-0.707106781186548));
#3849=DIRECTION('',(-1.,-1.54980874507231E-15,5.92177053349635E-16));
#3850=DIRECTION('center_axis',(-5.92177053349645E-16,6.83214169000097E-15,
-1.));
#3851=DIRECTION('ref_axis',(1.,1.53837901412857E-15,-5.92177053349635E-16));
#3852=DIRECTION('',(8.62029675927568E-15,1.,6.83214169000096E-15));
#3853=DIRECTION('',(-8.62029675927568E-15,-1.,-6.83214169000096E-15));
#3854=DIRECTION('center_axis',(6.7714786309626E-16,-0.707106781186554,-0.707106781186541));
#3855=DIRECTION('ref_axis',(1.,-1.22464679914735E-16,1.08009637163744E-15));
#3856=DIRECTION('',(1.,1.54980874507231E-15,-5.92177053349635E-16));
#3857=DIRECTION('',(7.0556029944897E-15,0.707106781186541,-0.707106781186554));
#3858=DIRECTION('',(-1.,-1.54980874507231E-15,5.92177053349635E-16));
#3859=DIRECTION('',(-0.281084637714815,0.678598344545836,-0.67859834454586));
#3860=DIRECTION('center_axis',(-0.499999999999987,-0.707106781186548,-0.500000000000013));
#3861=DIRECTION('ref_axis',(0.707106781186566,-8.65956056235516E-17,-0.707106781186529));
#3862=DIRECTION('',(-0.70710678118656,-8.33333130509826E-15,0.707106781186535));
#3863=DIRECTION('',(-0.281084637714819,0.678598344545853,-0.678598344545841));
#3864=DIRECTION('',(0.70710678118656,8.33333130509826E-15,-0.707106781186535));
#3865=DIRECTION('center_axis',(0.707106781186554,-0.707106781186541,-8.15095937151332E-15));
#3866=DIRECTION('ref_axis',(1.15271972895461E-14,-1.41167452637827E-30,
1.));
#3867=DIRECTION('',(-0.707106781186541,-0.707106781186554,-1.4545315704076E-14));
#3868=DIRECTION('',(1.29189588320019E-15,-1.02353014063461E-14,1.));
#3869=DIRECTION('',(-0.707106781186541,-0.707106781186554,0.));
#3870=DIRECTION('',(-1.29189588320019E-15,1.02353014063461E-14,-1.));
#3871=DIRECTION('center_axis',(-1.22464679914735E-16,-1.,-1.77635683939991E-14));
#3872=DIRECTION('ref_axis',(1.48029736616691E-14,-8.74123128697506E-15,
1.));
#3873=DIRECTION('',(1.24741440638453E-14,-0.707106781186623,0.707106781186472));
#3874=DIRECTION('center_axis',(1.5498087450723E-15,-1.,-1.02353014063461E-14));
#3875=DIRECTION('ref_axis',(1.48029736616691E-14,-1.02353014063461E-14,
1.));
#3876=DIRECTION('center_axis',(-1.5498087450723E-15,1.,1.02353014063461E-14));
#3877=DIRECTION('ref_axis',(1.48029736616691E-14,-6.83214169000097E-15,
1.));
#3878=DIRECTION('center_axis',(1.09588027318283E-15,-0.707106781186541,
-0.707106781186554));
#3879=DIRECTION('ref_axis',(1.,-1.22464679914735E-16,1.67227342498701E-15));
#3880=DIRECTION('',(-1.,-1.5498087450723E-15,8.25610089774643E-31));
#3881=DIRECTION('',(1.,1.5498087450723E-15,-8.25610089774643E-31));
#3882=DIRECTION('center_axis',(-5.92177053349645E-16,6.83214169000097E-15,
-1.));
#3883=DIRECTION('ref_axis',(1.,1.53837901412857E-15,-5.92177053349635E-16));
#3884=DIRECTION('',(-1.22464679914735E-16,-1.,-6.83214169000097E-15));
#3885=DIRECTION('',(-8.62029675927568E-15,-1.,-6.83214169000096E-15));
#3886=DIRECTION('center_axis',(-0.707106781186535,4.91764932465064E-15,
-0.70710678118656));
#3887=DIRECTION('ref_axis',(0.70710678118656,7.42235057232622E-15,-0.707106781186535));
#3888=DIRECTION('',(-1.22464679914735E-16,-1.,-6.83214169000097E-15));
#3889=DIRECTION('center_axis',(-1.14141230285112E-29,6.83214169000097E-15,
-1.));
#3890=DIRECTION('ref_axis',(1.,-3.15702806002617E-16,-1.3571049331052E-29));
#3891=DIRECTION('',(-1.22464679914735E-16,-1.,-6.83214169000097E-15));
#3892=DIRECTION('center_axis',(-1.22464679914735E-16,-1.,-6.83214169000097E-15));
#3893=DIRECTION('ref_axis',(1.48029736616691E-14,-6.83214169000097E-15,
1.));
#3894=DIRECTION('',(1.22464679914735E-16,1.,6.83214169000097E-15));
#3895=DIRECTION('center_axis',(1.,-1.22464679914726E-16,-1.29189588320019E-15));
#3896=DIRECTION('ref_axis',(1.29189588320019E-15,-7.42840132840105E-15,
1.));
#3897=DIRECTION('',(1.22464679914753E-16,1.,2.04706028126922E-14));
#3898=DIRECTION('center_axis',(0.707106781186529,-0.707106781186567,-8.15095937151354E-15));
#3899=DIRECTION('ref_axis',(1.15271972895468E-14,-1.41167452637836E-30,
1.));
#3900=DIRECTION('',(-0.707106781186567,-0.707106781186529,-1.43883064582071E-14));
#3901=DIRECTION('',(1.29189588320019E-15,-1.02353014063461E-14,1.));
#3902=DIRECTION('',(0.707106781186567,0.707106781186529,1.43883064582071E-14));
#3903=DIRECTION('',(-1.29189588320019E-15,1.02353014063461E-14,-1.));
#3904=DIRECTION('center_axis',(1.,-1.22464679914726E-16,-1.29189588320019E-15));
#3905=DIRECTION('ref_axis',(1.29189588320019E-15,-7.42840132840105E-15,
1.));
#3906=DIRECTION('',(1.22464679914753E-16,1.,2.04706028126922E-14));
#3907=DIRECTION('',(-1.22464679914753E-16,-1.,-2.04706028126922E-14));
#3908=DIRECTION('center_axis',(1.41480530385307E-15,-0.707106781186628,
0.707106781186467));
#3909=DIRECTION('ref_axis',(-1.,1.22464679914735E-16,2.12330152874139E-15));
#3910=DIRECTION('',(-8.65956056235395E-17,-0.707106781186467,-0.707106781186628));
#3911=DIRECTION('',(-1.,-1.54980874507231E-15,4.5102810375397E-16));
#3912=DIRECTION('',(-8.65956056235395E-17,-0.707106781186467,-0.707106781186628));
#3913=DIRECTION('',(1.,1.54980874507231E-15,-4.5102810375397E-16));
#3914=DIRECTION('center_axis',(-1.22464679914735E-16,-1.,-8.88178419700255E-15));
#3915=DIRECTION('ref_axis',(-1.,-8.15639924346381E-16,1.11022302462515E-14));
#3916=DIRECTION('',(-0.707106781186598,-0.707106781186497,0.));
#3917=DIRECTION('center_axis',(1.5498087450723E-15,-1.,-1.02353014063461E-14));
#3918=DIRECTION('ref_axis',(-1.,-1.54980874507241E-15,1.11022302462515E-14));
#3919=DIRECTION('center_axis',(-1.5498087450723E-15,1.,1.02353014063461E-14));
#3920=DIRECTION('ref_axis',(-1.,1.2246467991466E-16,1.11022302462515E-14));
#3921=DIRECTION('center_axis',(0.70710678118651,-0.707106781186585,-8.15095937151371E-15));
#3922=DIRECTION('ref_axis',(1.15271972895474E-14,-1.41167452637843E-30,
1.));
#3923=DIRECTION('',(0.707106781186585,0.70710678118651,1.45453157040751E-14));
#3924=DIRECTION('',(-1.29189588320019E-15,1.02353014063461E-14,-1.));
#3925=DIRECTION('',(1.29189588320019E-15,-1.02353014063461E-14,1.));
#3926=DIRECTION('center_axis',(1.,-1.22464679914726E-16,-1.29189588320019E-15));
#3927=DIRECTION('ref_axis',(1.29189588320019E-15,-7.42840132840105E-15,
1.));
#3928=DIRECTION('',(-1.22464679914735E-16,-1.,-6.83214169000097E-15));
#3929=DIRECTION('',(-1.22464679914753E-16,-1.,-2.04706028126922E-14));
#3930=DIRECTION('center_axis',(-1.22464679914735E-16,-1.,-6.83214169000097E-15));
#3931=DIRECTION('ref_axis',(-1.,1.2246467991466E-16,1.11022302462515E-14));
#3932=DIRECTION('',(-1.22464679914735E-16,-1.,-6.83214169000097E-15));
#3933=DIRECTION('center_axis',(4.5102810375398E-16,-6.83214169000097E-15,
1.));
#3934=DIRECTION('ref_axis',(-1.,-1.542869857023E-15,4.5102810375397E-16));
#3935=DIRECTION('',(1.22464679914735E-16,1.,6.83214169000097E-15));
#3936=DIRECTION('center_axis',(1.41480530385307E-15,-0.707106781186626,
0.707106781186469));
#3937=DIRECTION('ref_axis',(-1.,1.22464679914735E-16,2.12330152874138E-15));
#3938=DIRECTION('',(-8.65956056235397E-17,-0.707106781186469,-0.707106781186626));
#3939=DIRECTION('',(-1.,-1.54980874507231E-15,4.5102810375397E-16));
#3940=DIRECTION('',(8.65956056235397E-17,0.707106781186469,0.707106781186626));
#3941=DIRECTION('',(1.,1.54980874507231E-15,-4.5102810375397E-16));
#3942=DIRECTION('center_axis',(4.5102810375398E-16,-6.83214169000097E-15,
1.));
#3943=DIRECTION('ref_axis',(-1.,-1.542869857023E-15,4.5102810375397E-16));
#3944=DIRECTION('',(1.22464679914735E-16,1.,6.83214169000097E-15));
#3945=DIRECTION('',(-1.22464679914735E-16,-1.,-6.83214169000097E-15));
#3946=DIRECTION('center_axis',(1.41480530385307E-15,-0.707106781186628,
0.707106781186467));
#3947=DIRECTION('ref_axis',(-1.,1.22464679914735E-16,2.12330152874139E-15));
#3948=DIRECTION('',(8.2056587506016E-15,-0.707106781186467,-0.707106781186628));
#3949=DIRECTION('',(-1.,-1.54980874507231E-15,4.5102810375397E-16));
#3950=DIRECTION('',(8.65956056235395E-17,0.707106781186467,0.707106781186628));
#3951=DIRECTION('',(1.,1.54980874507231E-15,-4.5102810375397E-16));
#3952=DIRECTION('center_axis',(4.5102810375398E-16,-6.83214169000097E-15,
1.));
#3953=DIRECTION('ref_axis',(-1.,-1.542869857023E-15,4.5102810375397E-16));
#3954=DIRECTION('',(-1.06391425675309E-14,1.,6.83214169000097E-15));
#3955=DIRECTION('',(-1.22464679914735E-16,-1.,-6.83214169000097E-15));
#3956=DIRECTION('center_axis',(7.24050253490069E-15,-0.707106781186544,
0.707106781186551));
#3957=DIRECTION('ref_axis',(-7.52300985552251E-15,0.707106781186551,0.707106781186544));
#3958=DIRECTION('',(7.52300985552251E-15,-0.707106781186551,-0.707106781186544));
#3959=DIRECTION('',(-7.52300985552251E-15,0.707106781186551,0.707106781186544));
#3960=DIRECTION('',(-1.,-1.17199142494203E-14,-1.48029736616688E-15));
#3961=DIRECTION('center_axis',(1.,1.17199142494203E-14,1.48029736616688E-15));
#3962=DIRECTION('ref_axis',(-1.48029736616688E-15,1.81284143126252E-31,
1.));
#3963=DIRECTION('',(2.22044604926564E-15,8.88178419700127E-15,-1.));
#3964=DIRECTION('center_axis',(-1.,-1.17199142494203E-14,-1.48029736616688E-15));
#3965=DIRECTION('ref_axis',(1.48029736616688E-15,-1.81284143126252E-31,
-1.));
#3966=DIRECTION('',(-2.22044604926564E-15,-8.88178419700127E-15,1.));
#3967=DIRECTION('center_axis',(-8.65956056235489E-17,-0.707106781186544,
0.707106781186551));
#3968=DIRECTION('ref_axis',(-8.65956056235498E-17,-0.707106781186551,-0.707106781186544));
#3969=DIRECTION('',(8.65956056235498E-17,0.707106781186551,0.707106781186544));
#3970=DIRECTION('',(1.,-1.22464679914735E-16,0.));
#3971=DIRECTION('',(-8.65956056235498E-17,-0.707106781186551,-0.707106781186544));
#3972=DIRECTION('center_axis',(-1.,1.22464679914735E-16,0.));
#3973=DIRECTION('ref_axis',(0.,0.,-1.));
#3974=DIRECTION('',(-1.08770485875751E-30,-8.88178419700124E-15,1.));
#3975=DIRECTION('center_axis',(1.,-1.22464679914735E-16,0.));
#3976=DIRECTION('ref_axis',(0.,0.,1.));
#3977=DIRECTION('',(1.08770485875751E-30,8.88178419700124E-15,-1.));
#3978=DIRECTION('center_axis',(0.707106781186553,-0.707106781186542,-1.45614976694545E-14));
#3979=DIRECTION('ref_axis',(0.707106781186542,0.707106781186553,1.4545315704076E-14));
#3980=DIRECTION('',(-0.707106781186542,-0.707106781186553,-1.4545315704076E-14));
#3981=DIRECTION('',(0.707106781186542,0.707106781186553,1.4545315704076E-14));
#3982=DIRECTION('',(1.22464679914767E-16,-2.04706028126922E-14,1.));
#3983=DIRECTION('center_axis',(9.95799250102642E-17,2.04706028126922E-14,
-1.));
#3984=DIRECTION('ref_axis',(1.,3.22208217005933E-15,9.95799250103302E-17));
#3985=DIRECTION('',(-1.,5.65970202694191E-15,-9.95799250101483E-17));
#3986=DIRECTION('center_axis',(1.22464679914767E-16,-2.04706028126922E-14,
1.));
#3987=DIRECTION('ref_axis',(-1.,-3.22208217005934E-15,1.22464679914701E-16));
#3988=DIRECTION('',(1.,-5.65970202694191E-15,9.95799250101483E-17));
#3989=DIRECTION('center_axis',(0.707106781186553,-0.707106781186542,-1.45614976694545E-14));
#3990=DIRECTION('ref_axis',(-0.707106781186542,-0.707106781186553,-1.4545315704076E-14));
#3991=DIRECTION('',(0.707106781186542,0.707106781186553,1.4545315704076E-14));
#3992=DIRECTION('',(-1.22464679914767E-16,2.04706028126922E-14,-1.));
#3993=DIRECTION('',(-0.707106781186542,-0.707106781186553,-1.4545315704076E-14));
#3994=DIRECTION('center_axis',(-9.95799250102642E-17,-2.04706028126922E-14,
1.));
#3995=DIRECTION('ref_axis',(-1.,-3.22208217005933E-15,-9.95799250103302E-17));
#3996=DIRECTION('',(1.,-5.65970202694191E-15,9.95799250101483E-17));
#3997=DIRECTION('center_axis',(-1.22464679914767E-16,2.04706028126922E-14,
-1.));
#3998=DIRECTION('ref_axis',(1.,3.22208217005934E-15,-1.22464679914701E-16));
#3999=DIRECTION('',(-1.,5.65970202694191E-15,-9.95799250101483E-17));
#4000=DIRECTION('center_axis',(-5.1353375941586E-15,-0.707106781186529,
-0.707106781186566));
#4001=DIRECTION('ref_axis',(5.24465370353325E-15,0.707106781186566,-0.707106781186529));
#4002=DIRECTION('',(-5.24465370353325E-15,-0.707106781186566,0.707106781186529));
#4003=DIRECTION('',(5.24465370353325E-15,0.707106781186566,-0.707106781186529));
#4004=DIRECTION('',(1.,-8.62029675927569E-15,1.35783268625193E-15));
#4005=DIRECTION('center_axis',(-1.,8.62029675927569E-15,-1.35783268625193E-15));
#4006=DIRECTION('ref_axis',(1.35783268625211E-15,2.04706028126922E-14,-1.));
#4007=DIRECTION('',(-2.0979813693509E-15,-1.15888186156909E-14,1.));
#4008=DIRECTION('center_axis',(1.,-8.62029675927569E-15,1.35783268625193E-15));
#4009=DIRECTION('ref_axis',(-1.35783268625211E-15,-2.04706028126922E-14,
1.));
#4010=DIRECTION('',(2.0979813693509E-15,1.15888186156909E-14,-1.));
#4011=DIRECTION('center_axis',(-5.1353375941586E-15,-0.707106781186529,
-0.707106781186566));
#4012=DIRECTION('ref_axis',(5.24465370353325E-15,0.707106781186566,-0.707106781186529));
#4013=DIRECTION('',(-5.24465370353325E-15,-0.707106781186566,0.707106781186529));
#4014=DIRECTION('',(5.24465370353325E-15,0.707106781186566,-0.707106781186529));
#4015=DIRECTION('',(1.,-8.62029675927569E-15,1.35783268625193E-15));
#4016=DIRECTION('center_axis',(-1.,8.62029675927569E-15,-1.35783268625193E-15));
#4017=DIRECTION('ref_axis',(1.35783268625211E-15,2.04706028126922E-14,-1.));
#4018=DIRECTION('',(-2.0979813693509E-15,-1.15888186156909E-14,1.));
#4019=DIRECTION('center_axis',(1.,-8.62029675927569E-15,1.35783268625193E-15));
#4020=DIRECTION('ref_axis',(-1.35783268625211E-15,-2.04706028126922E-14,
1.));
#4021=DIRECTION('',(2.0979813693509E-15,1.15888186156909E-14,-1.));
#4022=DIRECTION('center_axis',(2.19176054636564E-15,-0.707106781186529,
-0.707106781186566));
#4023=DIRECTION('ref_axis',(2.36495175761281E-15,-0.707106781186566,0.707106781186529));
#4024=DIRECTION('',(-2.36495175761281E-15,0.707106781186566,-0.707106781186529));
#4025=DIRECTION('',(-1.,-3.22208217005934E-15,1.22464679914701E-16));
#4026=DIRECTION('',(2.36495175761281E-15,-0.707106781186566,0.707106781186529));
#4027=DIRECTION('center_axis',(1.,3.22208217005934E-15,-1.22464679914701E-16));
#4028=DIRECTION('ref_axis',(1.22464679914767E-16,-2.04706028126922E-14,
1.));
#4029=DIRECTION('',(-1.22464679914738E-16,1.1588818615691E-14,-1.));
#4030=DIRECTION('center_axis',(-1.,-3.22208217005934E-15,1.22464679914701E-16));
#4031=DIRECTION('ref_axis',(-1.22464679914767E-16,2.04706028126922E-14,
-1.));
#4032=DIRECTION('',(1.22464679914738E-16,-1.1588818615691E-14,1.));
#4033=DIRECTION('center_axis',(2.19176054636564E-15,-0.707106781186529,
-0.707106781186566));
#4034=DIRECTION('ref_axis',(2.36495175761281E-15,-0.707106781186566,0.707106781186529));
#4035=DIRECTION('',(-2.36495175761281E-15,0.707106781186566,-0.707106781186529));
#4036=DIRECTION('',(-1.,-3.22208217005934E-15,1.22464679914701E-16));
#4037=DIRECTION('',(2.36495175761281E-15,-0.707106781186566,0.707106781186529));
#4038=DIRECTION('center_axis',(1.,3.22208217005934E-15,-1.22464679914701E-16));
#4039=DIRECTION('ref_axis',(1.22464679914767E-16,-2.04706028126922E-14,
1.));
#4040=DIRECTION('',(-1.22464679914738E-16,1.1588818615691E-14,-1.));
#4041=DIRECTION('center_axis',(-1.,-3.22208217005934E-15,1.22464679914701E-16));
#4042=DIRECTION('ref_axis',(-1.22464679914767E-16,2.04706028126922E-14,
-1.));
#4043=DIRECTION('',(1.22464679914738E-16,-1.1588818615691E-14,1.));
#4044=DIRECTION('center_axis',(1.5498087450723E-15,-1.,-1.02353014063461E-14));
#4045=DIRECTION('ref_axis',(1.,1.5498087450723E-15,-1.91291056402625E-43));
#4046=DIRECTION('center_axis',(1.5498087450723E-15,-1.,-1.02353014063461E-14));
#4047=DIRECTION('ref_axis',(8.88178419700138E-15,-1.02353014063461E-14,
1.));
#4048=DIRECTION('',(-9.68921912400148E-16,7.42840132840105E-15,-1.));
#4049=DIRECTION('center_axis',(-2.81965365249148E-15,-1.,-7.27470667401229E-15));
#4050=DIRECTION('ref_axis',(-1.,2.81965365249144E-15,6.66133814775097E-15));
#4051=DIRECTION('',(1.,1.542869857023E-15,-5.89805981832115E-16));
#4052=DIRECTION('center_axis',(1.54980874507233E-15,-1.,-7.12667706229324E-15));
#4053=DIRECTION('ref_axis',(-7.40148683083449E-16,7.12667706229324E-15,
-1.));
#4054=DIRECTION('',(-3.22973970800034E-16,-7.42840132840105E-15,1.));
#4055=DIRECTION('center_axis',(-2.81965365249155E-15,-1.,-7.27470667401229E-15));
#4056=DIRECTION('ref_axis',(1.,-2.81965365249151E-15,-5.92118946466765E-15));
#4057=DIRECTION('',(-1.,-8.65523610267331E-15,-5.16898998200496E-29));
#4058=DIRECTION('',(-0.707106781186547,4.04811414715429E-15,-0.707106781186547));
#4059=DIRECTION('',(-1.,-1.54980874507233E-15,6.02154860813644E-16));
#4060=DIRECTION('',(-0.707106781186575,-7.42235057232611E-15,0.70710678118652));
#4061=DIRECTION('',(-1.,1.22464679914736E-16,1.21652986455268E-29));
#4062=DIRECTION('',(1.,8.75931951708651E-15,2.22044604925031E-16));
#4063=DIRECTION('',(-2.22044604925031E-16,2.71926214689378E-32,1.));
#4064=DIRECTION('',(-1.,-8.75931951708651E-15,-2.22044604925031E-16));
#4065=DIRECTION('',(2.22044604926564E-15,8.88178419700127E-15,-1.));
#4066=DIRECTION('',(1.,1.17199142494203E-14,1.48029736616688E-15));
#4067=DIRECTION('',(2.22044604926564E-15,8.88178419700127E-15,-1.));
#4068=DIRECTION('',(-1.08770485875751E-30,-8.88178419700124E-15,1.));
#4069=DIRECTION('',(-1.,1.22464679914735E-16,0.));
#4070=DIRECTION('',(-1.08770485875751E-30,-8.88178419700124E-15,1.));
#4071=DIRECTION('',(1.,8.75931951708651E-15,2.22044604925031E-16));
#4072=DIRECTION('',(-2.22044604925031E-16,2.71926214689378E-32,1.));
#4073=DIRECTION('',(-1.,-8.75931951708651E-15,-2.22044604925031E-16));
#4074=DIRECTION('center_axis',(-0.707106781186551,-0.707106781186544,-1.57009245868378E-16));
#4075=DIRECTION('ref_axis',(0.707106781186544,-0.707106781186551,1.57009245868377E-16));
#4076=DIRECTION('',(-0.707106781186544,0.707106781186551,-1.57009245868377E-16));
#4077=DIRECTION('',(0.707106781186544,-0.707106781186551,1.57009245868377E-16));
#4078=DIRECTION('center_axis',(2.22044604925031E-16,-2.71926214689378E-32,
-1.));
#4079=DIRECTION('ref_axis',(1.,-1.22464679914735E-16,2.22044604925031E-16));
#4080=DIRECTION('center_axis',(-2.22044604925031E-16,2.71926214689378E-32,
1.));
#4081=DIRECTION('ref_axis',(-1.,1.22464679914735E-16,-2.22044604925031E-16));
#4082=DIRECTION('center_axis',(-0.707106781186551,-0.707106781186544,-1.57009245868378E-16));
#4083=DIRECTION('ref_axis',(0.707106781186544,-0.707106781186551,1.57009245868377E-16));
#4084=DIRECTION('',(-0.707106781186544,0.707106781186551,-1.57009245868377E-16));
#4085=DIRECTION('',(0.707106781186544,-0.707106781186551,1.57009245868377E-16));
#4086=DIRECTION('center_axis',(2.22044604925031E-16,-2.71926214689378E-32,
-1.));
#4087=DIRECTION('ref_axis',(1.,-1.22464679914735E-16,2.22044604925031E-16));
#4088=DIRECTION('center_axis',(-2.22044604925031E-16,2.71926214689378E-32,
1.));
#4089=DIRECTION('ref_axis',(-1.,1.22464679914735E-16,-2.22044604925031E-16));
#4090=DIRECTION('center_axis',(7.24050253490069E-15,-0.707106781186544,
0.707106781186551));
#4091=DIRECTION('ref_axis',(7.52300985552251E-15,-0.707106781186551,-0.707106781186544));
#4092=DIRECTION('',(7.52300985552251E-15,-0.707106781186551,-0.707106781186544));
#4093=DIRECTION('',(7.52300985552251E-15,-0.707106781186551,-0.707106781186544));
#4094=DIRECTION('center_axis',(1.,1.17199142494203E-14,1.48029736616688E-15));
#4095=DIRECTION('ref_axis',(-1.48029736616688E-15,1.81284143126252E-31,
1.));
#4096=DIRECTION('center_axis',(1.,1.06391425675309E-14,9.65411325776435E-16));
#4097=DIRECTION('ref_axis',(-1.06391425675309E-14,1.,-5.08708093130241E-56));
#4098=DIRECTION('center_axis',(-8.65956056235489E-17,-0.707106781186544,
0.707106781186551));
#4099=DIRECTION('ref_axis',(8.65956056235498E-17,0.707106781186551,0.707106781186544));
#4100=DIRECTION('',(8.65956056235498E-17,0.707106781186551,0.707106781186544));
#4101=DIRECTION('',(8.65956056235498E-17,0.707106781186551,0.707106781186544));
#4102=DIRECTION('center_axis',(-1.,1.22464679914735E-16,0.));
#4103=DIRECTION('ref_axis',(0.,0.,-1.));
#4104=DIRECTION('center_axis',(-1.,1.22464679914735E-16,1.50282887118683E-32));
#4105=DIRECTION('ref_axis',(-1.22464679914735E-16,-1.,0.));
#4106=DIRECTION('center_axis',(1.67227342498706E-15,-1.,7.27470667401232E-15));
#4107=DIRECTION('ref_axis',(1.,1.67227342498707E-15,6.72771581244983E-16));
#4108=DIRECTION('center_axis',(1.67227342498706E-15,-1.,7.27470667401232E-15));
#4109=DIRECTION('ref_axis',(-1.,-1.67227342498707E-15,-6.72771581244983E-16));
#4110=DIRECTION('center_axis',(-1.67227342498706E-15,1.,-7.27470667401232E-15));
#4111=DIRECTION('ref_axis',(-1.,-1.67227342498707E-15,-6.72771581244983E-16));
#4112=DIRECTION('center_axis',(1.67227342498706E-15,-1.,7.27470667401232E-15));
#4113=DIRECTION('ref_axis',(1.,1.67227342498707E-15,6.72771581244983E-16));
#4114=DIRECTION('center_axis',(1.67227342498706E-15,-1.,7.27470667401232E-15));
#4115=DIRECTION('ref_axis',(-1.,-1.67227342498707E-15,-6.72771581244983E-16));
#4116=DIRECTION('center_axis',(-1.67227342498706E-15,1.,-7.27470667401232E-15));
#4117=DIRECTION('ref_axis',(-1.,-1.67227342498707E-15,-6.72771581244983E-16));
#4118=DIRECTION('center_axis',(1.67227342498706E-15,-1.,7.27470667401232E-15));
#4119=DIRECTION('ref_axis',(1.,1.67227342498707E-15,6.72771581244983E-16));
#4120=DIRECTION('center_axis',(1.67227342498706E-15,-1.,7.27470667401232E-15));
#4121=DIRECTION('ref_axis',(-1.,-1.67227342498707E-15,-6.72771581244983E-16));
#4122=DIRECTION('center_axis',(-1.67227342498706E-15,1.,-7.27470667401232E-15));
#4123=DIRECTION('ref_axis',(-1.,-1.67227342498707E-15,-6.72771581244983E-16));
#4124=DIRECTION('center_axis',(1.67227342498706E-15,-1.,7.27470667401232E-15));
#4125=DIRECTION('ref_axis',(1.,1.67227342498707E-15,6.72771581244983E-16));
#4126=DIRECTION('center_axis',(1.67227342498706E-15,-1.,7.27470667401232E-15));
#4127=DIRECTION('ref_axis',(-1.,-1.67227342498707E-15,-6.72771581244983E-16));
#4128=DIRECTION('center_axis',(-1.67227342498706E-15,1.,-7.27470667401232E-15));
#4129=DIRECTION('ref_axis',(-1.,-1.67227342498707E-15,-6.72771581244983E-16));
#4130=DIRECTION('center_axis',(-1.67227342498706E-15,1.,-7.27470667401232E-15));
#4131=DIRECTION('ref_axis',(-1.,-1.67227342498707E-15,-6.72771581244983E-16));
#4132=DIRECTION('',(-1.67227342498706E-15,1.,-7.27470667401232E-15));
#4133=DIRECTION('center_axis',(-1.67227342498706E-15,1.,-7.27470667401232E-15));
#4134=DIRECTION('ref_axis',(-1.,-1.67227342498707E-15,-6.72771581244983E-16));
#4135=DIRECTION('center_axis',(-1.67227342498706E-15,1.,-7.27470667401232E-15));
#4136=DIRECTION('ref_axis',(-1.,-1.67227342498707E-15,-6.72771581244983E-16));
#4137=DIRECTION('',(-1.67227342498706E-15,1.,-7.27470667401232E-15));
#4138=DIRECTION('center_axis',(-1.67227342498706E-15,1.,-7.27470667401232E-15));
#4139=DIRECTION('ref_axis',(-1.,-1.67227342498707E-15,-6.72771581244983E-16));
#4140=DIRECTION('center_axis',(-1.67227342498706E-15,1.,-7.27470667401232E-15));
#4141=DIRECTION('ref_axis',(-1.,-1.67227342498707E-15,-6.72771581244983E-16));
#4142=DIRECTION('',(-1.67227342498706E-15,1.,-7.27470667401232E-15));
#4143=DIRECTION('center_axis',(-1.67227342498706E-15,1.,-7.27470667401232E-15));
#4144=DIRECTION('ref_axis',(-1.,-1.67227342498707E-15,-6.72771581244983E-16));
#4145=DIRECTION('center_axis',(-1.67227342498706E-15,1.,-7.27470667401232E-15));
#4146=DIRECTION('ref_axis',(-1.,-1.67227342498707E-15,-6.72771581244983E-16));
#4147=DIRECTION('',(-1.67227342498706E-15,1.,-7.27470667401232E-15));
#4148=DIRECTION('center_axis',(-1.67227342498706E-15,1.,-7.27470667401232E-15));
#4149=DIRECTION('ref_axis',(-1.,-1.67227342498707E-15,-6.72771581244983E-16));
#4150=DIRECTION('center_axis',(6.72771581244995E-16,-7.27470667401231E-15,
-1.));
#4151=DIRECTION('ref_axis',(-1.67227342498706E-15,1.,-7.27470667401232E-15));
#4152=DIRECTION('',(-1.22464679914735E-16,-1.,-6.83214169000097E-15));
#4153=DIRECTION('',(1.,1.67227342498709E-15,3.51494252428549E-15));
#4154=DIRECTION('',(-2.22044604925032E-15,1.,-1.11022302462516E-14));
#4155=DIRECTION('center_axis',(-1.67227342498706E-15,1.,-7.27470667401232E-15));
#4156=DIRECTION('ref_axis',(-1.,-1.67227342498707E-15,-6.72771581244983E-16));
#4157=DIRECTION('center_axis',(-1.67227342498706E-15,1.,-7.27470667401232E-15));
#4158=DIRECTION('ref_axis',(-1.,-1.67227342498707E-15,-6.72771581244983E-16));
#4159=DIRECTION('',(-1.54980874507233E-15,1.,7.27470667401232E-15));
#4160=DIRECTION('center_axis',(1.,1.67227342498707E-15,6.72771581244983E-16));
#4161=DIRECTION('ref_axis',(-1.67227342498706E-15,1.,-7.27470667401232E-15));
#4162=DIRECTION('',(4.14392404604959E-16,-7.27470667401231E-15,-1.));
#4163=DIRECTION('',(-1.54980874507233E-15,1.,7.27470667401232E-15));
#4164=DIRECTION('center_axis',(-1.67227342498706E-15,1.,-7.27470667401232E-15));
#4165=DIRECTION('ref_axis',(6.72771581244995E-16,-7.27470667401231E-15,
-1.));
#4166=DIRECTION('center_axis',(-1.67227342498706E-15,1.,-7.27470667401232E-15));
#4167=DIRECTION('ref_axis',(6.72771581244995E-16,-7.27470667401231E-15,
-1.));
#4168=DIRECTION('',(-1.54980874507233E-15,1.,7.27470667401232E-15));
#4169=DIRECTION('center_axis',(-6.72771581244995E-16,7.27470667401231E-15,
1.));
#4170=DIRECTION('ref_axis',(1.67227342498706E-15,-1.,7.27470667401232E-15));
#4171=DIRECTION('',(1.,1.67227342498707E-15,7.28282732476241E-16));
#4172=DIRECTION('',(-1.54980874507233E-15,1.,7.27470667401232E-15));
#4173=DIRECTION('center_axis',(-1.67227342498706E-15,1.,-7.27470667401232E-15));
#4174=DIRECTION('ref_axis',(1.,1.67227342498707E-15,1.26489052771173E-15));
#4175=DIRECTION('center_axis',(-1.67227342498706E-15,1.,-7.27470667401232E-15));
#4176=DIRECTION('ref_axis',(1.,1.67227342498707E-15,1.26489052771173E-15));
#4177=DIRECTION('',(-1.54980874507233E-15,1.,7.27470667401232E-15));
#4178=DIRECTION('center_axis',(-1.,-1.67227342498707E-15,-6.72771581244983E-16));
#4179=DIRECTION('ref_axis',(1.67227342498706E-15,-1.,7.27470667401232E-15));
#4180=DIRECTION('',(-1.18952993452507E-15,7.27470667401231E-15,1.));
#4181=DIRECTION('',(-1.54980874507233E-15,1.,7.27470667401232E-15));
#4182=DIRECTION('center_axis',(-1.67227342498706E-15,1.,-7.27470667401232E-15));
#4183=DIRECTION('ref_axis',(-6.72771581244995E-16,7.27470667401231E-15,
1.));
#4184=DIRECTION('center_axis',(-1.67227342498706E-15,1.,-7.27470667401232E-15));
#4185=DIRECTION('ref_axis',(-6.72771581244995E-16,7.27470667401231E-15,
1.));
#4186=DIRECTION('',(-1.54980874507233E-15,1.,7.27470667401232E-15));
#4187=DIRECTION('center_axis',(6.72771581244995E-16,-7.27470667401231E-15,
-1.));
#4188=DIRECTION('ref_axis',(-1.67227342498706E-15,1.,-7.27470667401232E-15));
#4189=DIRECTION('',(1.,1.67227342498707E-15,6.72771581244983E-16));
#4190=DIRECTION('',(1.54980874507233E-15,-1.,-7.27470667401232E-15));
#4191=DIRECTION('center_axis',(-0.70710678118654,3.9615185415308E-15,0.707106781186555));
#4192=DIRECTION('ref_axis',(0.707106781186555,6.32647029914351E-15,0.70710678118654));
#4193=DIRECTION('',(0.707106781186555,6.32647029914351E-15,0.70710678118654));
#4194=DIRECTION('',(-1.54980874507233E-15,1.,7.27470667401232E-15));
#4195=DIRECTION('center_axis',(6.72771581244995E-16,-7.27470667401231E-15,
-1.));
#4196=DIRECTION('ref_axis',(-1.67227342498706E-15,1.,-7.27470667401232E-15));
#4197=DIRECTION('',(1.,1.67227342498707E-15,7.93202553407712E-16));
#4198=DIRECTION('',(-1.54980874507233E-15,1.,7.27470667401232E-15));
#4199=DIRECTION('center_axis',(0.70710678118654,6.32647029914359E-15,0.707106781186555));
#4200=DIRECTION('ref_axis',(0.707106781186555,-3.96151854153067E-15,-0.70710678118654));
#4201=DIRECTION('',(0.707106781186555,-3.96151854153067E-15,-0.70710678118654));
#4202=DIRECTION('center_axis',(1.67227342498706E-15,-1.,7.27470667401232E-15));
#4203=DIRECTION('ref_axis',(-1.,-1.67227342498707E-15,-6.72771581244983E-16));
#4204=DIRECTION('',(1.67227342498706E-15,-1.,7.27470667401232E-15));
#4205=DIRECTION('center_axis',(1.67227342498706E-15,-1.,7.27470667401232E-15));
#4206=DIRECTION('ref_axis',(1.,1.67227342498707E-15,6.72771581244983E-16));
#4207=DIRECTION('',(1.67227342498706E-15,-1.,7.27470667401232E-15));
#4208=DIRECTION('center_axis',(1.67227342498706E-15,-1.,7.27470667401232E-15));
#4209=DIRECTION('ref_axis',(1.,1.67227342498707E-15,6.72771581244983E-16));
#4210=DIRECTION('',(1.67227342498706E-15,-1.,7.27470667401232E-15));
#4211=DIRECTION('center_axis',(1.67227342498706E-15,-1.,7.27470667401232E-15));
#4212=DIRECTION('ref_axis',(-1.,-1.67227342498707E-15,-6.72771581244983E-16));
#4213=DIRECTION('',(1.67227342498706E-15,-1.,7.27470667401232E-15));
#4214=DIRECTION('center_axis',(1.67227342498706E-15,-1.,7.27470667401232E-15));
#4215=DIRECTION('ref_axis',(1.,1.67227342498707E-15,6.72771581244983E-16));
#4216=DIRECTION('',(4.92061021057005E-7,-7.27470585115086E-15,-0.999999999999879));
#4217=DIRECTION('center_axis',(1.67227342498706E-15,-1.,7.27470667401232E-15));
#4218=DIRECTION('ref_axis',(-1.,-1.67227342498706E-15,-1.34481629911573E-16));
#4219=DIRECTION('',(1.,1.67227342498706E-15,-1.54723851282776E-16));
#4220=DIRECTION('center_axis',(1.67227342498706E-15,-1.,7.27470667401232E-15));
#4221=DIRECTION('ref_axis',(-1.48038811799243E-15,-7.27470667401232E-15,
-1.));
#4222=DIRECTION('',(-6.72771581244995E-16,7.27470667401231E-15,1.));
#4223=DIRECTION('center_axis',(1.67227342498706E-15,-1.,7.27470667401232E-15));
#4224=DIRECTION('ref_axis',(1.,1.67227342498706E-15,1.34481629911574E-16));
#4225=DIRECTION('',(-0.999999999999999,-1.6722730642885E-15,4.95825578381371E-8));
#4226=DIRECTION('center_axis',(1.67227342498706E-15,-1.,7.27470667401232E-15));
#4227=DIRECTION('ref_axis',(1.48038818275377E-15,7.27470667401232E-15,1.));
#4228=DIRECTION('center_axis',(1.67227342498706E-15,-1.,7.27470667401232E-15));
#4229=DIRECTION('ref_axis',(1.48038818275377E-15,7.27470667401232E-15,1.));
#4230=DIRECTION('',(1.67227342498706E-15,-1.,7.27470667401232E-15));
#4231=DIRECTION('',(1.67227342498706E-15,-1.,7.27470667401232E-15));
#4232=DIRECTION('center_axis',(4.95825578381371E-8,7.2747067569279E-15,
0.999999999999999));
#4233=DIRECTION('ref_axis',(-0.999999999999999,-1.6722730642885E-15,4.95825578381371E-8));
#4234=DIRECTION('',(1.67227342498706E-15,-1.,7.27470667401232E-15));
#4235=DIRECTION('center_axis',(1.67227342498706E-15,-1.,7.27470667401232E-15));
#4236=DIRECTION('ref_axis',(1.,1.67227342498706E-15,1.34481629911573E-16));
#4237=DIRECTION('',(1.67227342498706E-15,-1.,7.27470667401232E-15));
#4238=DIRECTION('center_axis',(1.,1.67227342498707E-15,6.72771581244983E-16));
#4239=DIRECTION('ref_axis',(-6.72771581244995E-16,7.27470667401231E-15,
1.));
#4240=DIRECTION('',(1.67227342498706E-15,-1.,7.27470667401232E-15));
#4241=DIRECTION('center_axis',(1.67227342498706E-15,-1.,7.27470667401232E-15));
#4242=DIRECTION('ref_axis',(-1.48038811799243E-15,-7.27470667401232E-15,
-1.));
#4243=DIRECTION('',(1.67227342498706E-15,-1.,7.27470667401232E-15));
#4244=DIRECTION('center_axis',(-1.54723851282764E-16,-7.27470667401232E-15,
-1.));
#4245=DIRECTION('ref_axis',(1.,1.67227342498706E-15,-1.54723851282776E-16));
#4246=DIRECTION('',(1.67227342498706E-15,-1.,7.27470667401232E-15));
#4247=DIRECTION('center_axis',(1.67227342498706E-15,-1.,7.27470667401232E-15));
#4248=DIRECTION('ref_axis',(-1.,-1.67227342498706E-15,-1.34481629911573E-16));
#4249=DIRECTION('',(1.67227342498706E-15,-1.,7.27470667401232E-15));
#4250=DIRECTION('center_axis',(-0.999999999999879,-1.67227700458645E-15,
-4.92061021057005E-7));
#4251=DIRECTION('ref_axis',(4.92061021057005E-7,-7.27470585115087E-15,-0.999999999999879));
#4252=CARTESIAN_POINT('',(0.,0.,0.));
#4253=CARTESIAN_POINT('Origin',(34.2119081170307,-57.1000000000005,18.1654019543771));
#4254=CARTESIAN_POINT('',(34.2119081170307,-53.5000000000004,17.9654019543771));
#4255=CARTESIAN_POINT('',(34.0387030362738,-53.5000000000004,18.2654019543771));
#4256=CARTESIAN_POINT('Origin',(34.2119081170307,-53.5000000000004,18.1654019543771));
#4257=CARTESIAN_POINT('',(34.2119081170307,-52.9000000000005,17.9654019543771));
#4258=CARTESIAN_POINT('',(34.2119081170307,-57.1000000000005,17.9654019543771));
#4259=CARTESIAN_POINT('',(34.0387030362738,-52.9000000000005,18.2654019543771));
#4260=CARTESIAN_POINT('Origin',(34.2119081170307,-52.9000000000005,18.1654019543771));
#4261=CARTESIAN_POINT('',(34.0387030362739,-57.1000000000005,18.2654019543771));
#4262=CARTESIAN_POINT('Origin',(34.0387030362738,-57.1000000000005,18.2654019543771));
#4263=CARTESIAN_POINT('',(36.0016939515186,-53.5000000000004,21.6654019543771));
#4264=CARTESIAN_POINT('',(34.5666652940909,-53.5000000000004,19.1798594093951));
#4265=CARTESIAN_POINT('',(36.0016939515186,-52.9000000000005,21.6654019543771));
#4266=CARTESIAN_POINT('',(33.865497955517,-52.9000000000005,17.9654019543771));
#4267=CARTESIAN_POINT('',(36.0016939515186,-57.1000000000004,21.6654019543771));
#4268=CARTESIAN_POINT('Origin',(36.1748990322755,-57.1000000000005,21.5654019543771));
#4269=CARTESIAN_POINT('',(36.3481041130323,-53.5000000000004,21.6654019543771));
#4270=CARTESIAN_POINT('Origin',(36.1748990322754,-53.5000000000004,21.5654019543771));
#4271=CARTESIAN_POINT('',(36.3481041130323,-52.9000000000005,21.6654019543771));
#4272=CARTESIAN_POINT('Origin',(36.1748990322754,-52.9000000000005,21.5654019543771));
#4273=CARTESIAN_POINT('',(36.3481041130323,-57.1000000000004,21.6654019543771));
#4274=CARTESIAN_POINT('Origin',(36.3481041130323,-57.1000000000004,21.6654019543771));
#4275=CARTESIAN_POINT('',(38.3110950282771,-53.5000000000004,18.2654019543771));
#4276=CARTESIAN_POINT('',(31.7376489750614,-53.5000000000004,29.6509444993597));
#4277=CARTESIAN_POINT('',(38.3110950282771,-52.9000000000005,18.2654019543771));
#4278=CARTESIAN_POINT('',(36.1748990322754,-52.9000000000005,21.9654019543771));
#4279=CARTESIAN_POINT('',(38.3110950282771,-57.1000000000005,18.2654019543771));
#4280=CARTESIAN_POINT('Origin',(38.1378899475202,-57.1000000000005,17.9654019543771));
#4281=CARTESIAN_POINT('',(38.1378899475202,-53.5000000000004,17.9654019543771));
#4282=CARTESIAN_POINT('',(27.0284178143454,-53.5000000000005,17.9654019543771));
#4283=CARTESIAN_POINT('',(38.1378899475202,-52.9000000000005,17.9654019543771));
#4284=CARTESIAN_POINT('',(38.1378899475202,-57.1000000000005,17.9654019543771));
#4285=CARTESIAN_POINT('',(38.484300109034,-52.9000000000005,17.9654019543771));
#4286=CARTESIAN_POINT('Origin',(38.1378899475202,-57.1000000000005,18.1654019543771));
#4287=CARTESIAN_POINT('Origin',(38.1378899475202,-53.5000000000004,18.1654019543771));
#4288=CARTESIAN_POINT('Origin',(38.1378899475202,-52.9000000000005,18.1654019543771));
#4289=CARTESIAN_POINT('Origin',(36.1748990322755,-52.9000000000005,20.8654019543771));
#4290=CARTESIAN_POINT('Origin',(28.6129933660732,-52.5000000000004,22.7114180287346));
#4291=CARTESIAN_POINT('',(41.307041071007,-53.5000000000004,22.7114180000156));
#4292=CARTESIAN_POINT('',(41.3070410732694,-52.5000000000004,23.7114180000156));
#4293=CARTESIAN_POINT('Origin',(41.307041071007,-52.5000000000004,22.7114180000156));
#4294=CARTESIAN_POINT('',(6.80704076623875,-52.5000000000005,23.7114180780685));
#4295=CARTESIAN_POINT('',(28.6129933683356,-52.5000000000004,23.7114180287346));
#4296=CARTESIAN_POINT('',(6.80704076397634,-53.5000000000005,22.7114180780685));
#4297=CARTESIAN_POINT('Origin',(6.80704076397634,-52.5000000000005,22.7114180780685));
#4298=CARTESIAN_POINT('',(28.6129933660732,-53.5000000000004,22.7114180287346));
#4299=CARTESIAN_POINT('Origin',(6.80704076736995,-52.5000000000005,24.211418000573));
#4300=CARTESIAN_POINT('',(6.30704084486544,-52.5000000000005,24.2114180067234));
#4301=CARTESIAN_POINT('',(5.30704084486544,-53.5000000000005,24.2114180190243));
#4302=CARTESIAN_POINT('Origin',(5.30704084486544,-52.5000000000005,24.2114180190243));
#4303=CARTESIAN_POINT('Origin',(6.80704076736995,-53.5000000000004,24.211418000573));
#4304=CARTESIAN_POINT('Origin',(6.80704076736995,-52.5000000000005,24.211418000573));
#4305=CARTESIAN_POINT('Origin',(5.30704089009567,-52.5000000000004,27.888410051969));
#4306=CARTESIAN_POINT('',(6.30704099985652,-52.5000000000004,36.8114180067233));
#4307=CARTESIAN_POINT('',(5.30704099985652,-53.5000000000004,36.8114180190242));
#4308=CARTESIAN_POINT('Origin',(5.30704099985652,-52.5000000000004,36.8114180190242));
#4309=CARTESIAN_POINT('',(5.30704089009567,-53.5000000000004,27.888410051969));
#4310=CARTESIAN_POINT('',(6.30704089009567,-52.5000000000004,27.8884100396681));
#4311=CARTESIAN_POINT('Origin',(6.80704099985652,-52.5000000000004,36.8114180005728));
#4312=CARTESIAN_POINT('',(6.80704099985658,-52.5000000000004,37.3114180005729));
#4313=CARTESIAN_POINT('',(6.80704099985672,-53.5000000000003,38.3114180005729));
#4314=CARTESIAN_POINT('Origin',(6.80704099985672,-52.5000000000003,38.3114180005729));
#4315=CARTESIAN_POINT('Origin',(6.80704099985652,-53.5000000000004,36.8114180005729));
#4316=CARTESIAN_POINT('Origin',(6.80704099985652,-52.5000000000004,36.8114180005728));
#4317=CARTESIAN_POINT('Origin',(11.3629933405141,-52.5000000000003,38.3114180005723));
#4318=CARTESIAN_POINT('',(41.3070410749533,-52.5000000000003,37.3114180005683));
#4319=CARTESIAN_POINT('',(41.3070410749534,-53.5000000000003,38.3114180005683));
#4320=CARTESIAN_POINT('Origin',(41.3070410749534,-52.5000000000003,38.3114180005683));
#4321=CARTESIAN_POINT('',(11.3629933405141,-53.5000000000003,38.3114180005723));
#4322=CARTESIAN_POINT('',(11.362993340514,-52.5000000000004,37.3114180005723));
#4323=CARTESIAN_POINT('Origin',(41.3070410749532,-52.5000000000003,36.8114180005683));
#4324=CARTESIAN_POINT('',(41.8070410749532,-52.5000000000003,36.8114180005683));
#4325=CARTESIAN_POINT('',(42.8070410749532,-53.5000000000003,36.8114180005683));
#4326=CARTESIAN_POINT('Origin',(42.8070410749532,-52.5000000000003,36.8114180005683));
#4327=CARTESIAN_POINT('Origin',(41.3070410749532,-53.5000000000003,36.8114180005683));
#4328=CARTESIAN_POINT('Origin',(41.3070410749532,-52.5000000000003,36.8114180005683));
#4329=CARTESIAN_POINT('Origin',(42.8070410749532,-52.5000000000003,34.1884099774731));
#4330=CARTESIAN_POINT('',(41.8070410749532,-52.5000000000004,24.2114180005682));
#4331=CARTESIAN_POINT('',(42.8070410749532,-53.5000000000004,24.2114180005682));
#4332=CARTESIAN_POINT('Origin',(42.8070410749532,-52.5000000000004,24.2114180005682));
#4333=CARTESIAN_POINT('',(42.8070410749532,-53.5000000000003,34.1884099774731));
#4334=CARTESIAN_POINT('',(41.8070410749532,-52.5000000000003,34.1884099774731));
#4335=CARTESIAN_POINT('Origin',(41.3070410744006,-52.5000000000004,24.2114180005682));
#4336=CARTESIAN_POINT('Origin',(41.3070410744006,-53.5000000000004,24.2114180005683));
#4337=CARTESIAN_POINT('Origin',(41.3070410744006,-52.5000000000004,24.2114180005682));
#4338=CARTESIAN_POINT('Origin',(6.80704099985652,-54.5000000000004,36.8114180005729));
#4339=CARTESIAN_POINT('',(6.30704099985651,-47.5000000000004,36.8114180067233));
#4340=CARTESIAN_POINT('',(6.30704099985652,-52.5000000000004,36.8114180067233));
#4341=CARTESIAN_POINT('',(6.80704099985658,-47.5000000000004,37.3114180005728));
#4342=CARTESIAN_POINT('Origin',(6.80704099985651,-47.5000000000004,36.8114180005728));
#4343=CARTESIAN_POINT('',(6.80704099985658,-52.5000000000004,37.3114180005729));
#4344=CARTESIAN_POINT('Origin',(6.30704084486544,-54.5000000000004,24.2114180067234));
#4345=CARTESIAN_POINT('',(6.30704084486543,-47.5000000000005,24.2114180067234));
#4346=CARTESIAN_POINT('',(6.30704084486544,-52.5000000000005,24.2114180067234));
#4347=CARTESIAN_POINT('',(6.30704099985651,-47.5000000000004,36.3114180067233));
#4348=CARTESIAN_POINT('Origin',(6.80704076736995,-54.5000000000004,24.211418000573));
#4349=CARTESIAN_POINT('',(6.80704076623874,-47.5000000000005,23.7114180780684));
#4350=CARTESIAN_POINT('',(6.80704076623875,-52.5000000000005,23.7114180780685));
#4351=CARTESIAN_POINT('Origin',(6.80704076736994,-47.5000000000005,24.211418000573));
#4352=CARTESIAN_POINT('Origin',(41.3070410732694,-54.5000000000004,23.7114180000156));
#4353=CARTESIAN_POINT('',(41.3070410732694,-47.5000000000004,23.7114180000155));
#4354=CARTESIAN_POINT('',(41.3070410732694,-52.5000000000004,23.7114180000156));
#4355=CARTESIAN_POINT('',(6.80704076623874,-47.5000000000005,23.7114180780684));
#4356=CARTESIAN_POINT('Origin',(15.9189456811706,-53.5000000000004,31.5654019543779));
#4357=CARTESIAN_POINT('',(7.01894583709509,-53.5000000000005,18.8154019543773));
#4358=CARTESIAN_POINT('',(8.51894583709509,-53.5000000000005,18.8154019543773));
#4359=CARTESIAN_POINT('',(11.9189457591328,-53.5000000000005,18.8154019543773));
#4360=CARTESIAN_POINT('',(8.51894583709509,-53.5000000000005,16.5154019543779));
#4361=CARTESIAN_POINT('',(8.51894583709509,-53.5000000000004,24.3654019543779));
#4362=CARTESIAN_POINT('',(23.3189458370957,-53.5000000000005,16.5154019543779));
#4363=CARTESIAN_POINT('',(31.9189456811706,-53.5000000000005,16.5154019543779));
#4364=CARTESIAN_POINT('',(23.3189458370957,-53.5000000000005,18.8154019543771));
#4365=CARTESIAN_POINT('',(23.3189458370957,-53.5000000000004,24.3654019543779));
#4366=CARTESIAN_POINT('',(24.8189458370957,-53.5000000000005,18.8154019543771));
#4367=CARTESIAN_POINT('',(19.9189457591331,-53.5000000000005,18.8154019543772));
#4368=CARTESIAN_POINT('',(24.8189458370957,-53.5000000000005,16.5154019543779));
#4369=CARTESIAN_POINT('',(24.8189458370956,-53.5000000000004,24.3654019543779));
#4370=CARTESIAN_POINT('',(39.6189458370957,-53.5000000000004,16.5154019543779));
#4371=CARTESIAN_POINT('',(31.9189456811706,-53.5000000000005,16.5154019543779));
#4372=CARTESIAN_POINT('',(39.6189458370957,-53.5000000000004,18.8154019543772));
#4373=CARTESIAN_POINT('',(39.6189458370956,-53.5000000000004,24.3654019543779));
#4374=CARTESIAN_POINT('',(41.1189458370957,-53.5000000000004,18.8154019543772));
#4375=CARTESIAN_POINT('',(28.5189457591331,-53.5000000000004,18.8154019543773));
#4376=CARTESIAN_POINT('',(41.1189458370957,-53.5000000000004,16.5154019543779));
#4377=CARTESIAN_POINT('',(41.1189458370957,-53.5000000000004,24.3654019543779));
#4378=CARTESIAN_POINT('',(47.9189456811705,-53.5000000000004,16.5154019543779));
#4379=CARTESIAN_POINT('',(31.9189456811706,-53.5000000000005,16.5154019543779));
#4380=CARTESIAN_POINT('',(49.7189456811705,-53.5000000000004,18.3154019543779));
#4381=CARTESIAN_POINT('Origin',(47.9189456811705,-53.5000000000003,18.3154019543779));
#4382=CARTESIAN_POINT('',(49.7189456811705,-53.5000000000004,23.5154019543779));
#4383=CARTESIAN_POINT('',(49.7189456811705,-53.5000000000003,38.4404019543779));
#4384=CARTESIAN_POINT('',(47.4189456811709,-53.5000000000004,23.5154019543779));
#4385=CARTESIAN_POINT('',(32.2439456811706,-53.5000000000004,23.5154019543779));
#4386=CARTESIAN_POINT('',(47.4189456811709,-53.5000000000004,25.0154019543779));
#4387=CARTESIAN_POINT('',(47.4189456811709,-53.5000000000004,27.290401954378));
#4388=CARTESIAN_POINT('',(49.7189456811705,-53.5000000000004,25.0154019543779));
#4389=CARTESIAN_POINT('',(32.2439456811706,-53.5000000000004,25.0154019543779));
#4390=CARTESIAN_POINT('',(49.7189456811705,-53.5000000000003,39.8154019543779));
#4391=CARTESIAN_POINT('',(49.7189456811705,-53.5000000000003,38.4404019543779));
#4392=CARTESIAN_POINT('',(47.4189456811708,-53.5000000000003,39.8154019543779));
#4393=CARTESIAN_POINT('',(32.2439456811706,-53.5000000000003,39.8154019543779));
#4394=CARTESIAN_POINT('',(47.4189456811708,-53.5000000000003,41.3154019543779));
#4395=CARTESIAN_POINT('',(47.4189456811708,-53.5000000000003,35.440401954378));
#4396=CARTESIAN_POINT('',(49.7189456811705,-53.5000000000003,41.3154019543779));
#4397=CARTESIAN_POINT('',(32.2439456811706,-53.5000000000003,41.3154019543779));
#4398=CARTESIAN_POINT('',(49.7189456811705,-53.5000000000002,45.8154019543779));
#4399=CARTESIAN_POINT('',(49.7189456811705,-53.5000000000003,38.4404019543779));
#4400=CARTESIAN_POINT('',(47.9189456811706,-53.5000000000002,47.6154019543779));
#4401=CARTESIAN_POINT('Origin',(47.9189456811706,-53.5000000000005,45.8154019543779));
#4402=CARTESIAN_POINT('',(47.1660019560183,-53.5000000000002,47.615401954378));
#4403=CARTESIAN_POINT('',(31.542473818595,-53.5000000000002,47.6154019543791));
#4404=CARTESIAN_POINT('',(45.9160019560183,-53.5000000000002,46.3654019543779));
#4405=CARTESIAN_POINT('',(34.8417378873065,-53.5000000000003,35.2911378856659));
#4406=CARTESIAN_POINT('',(41.1189458370957,-53.5000000000002,46.3654019543779));
#4407=CARTESIAN_POINT('',(0.920417543746712,-53.5000000000003,46.365401954378));
#4408=CARTESIAN_POINT('',(41.1189458370957,-53.5000000000002,44.0654019543782));
#4409=CARTESIAN_POINT('',(41.1189458370957,-53.5000000000003,38.1404019543779));
#4410=CARTESIAN_POINT('',(39.6189458370957,-53.5000000000002,44.0654019543782));
#4411=CARTESIAN_POINT('',(28.5189457591331,-53.5000000000003,44.0654019543782));
#4412=CARTESIAN_POINT('',(39.6189458370957,-53.5000000000002,46.3654019543779));
#4413=CARTESIAN_POINT('',(39.6189458370957,-53.5000000000003,38.1404019543779));
#4414=CARTESIAN_POINT('',(24.8189458370957,-53.5000000000003,46.3654019543779));
#4415=CARTESIAN_POINT('',(0.920417543746712,-53.5000000000003,46.365401954378));
#4416=CARTESIAN_POINT('',(24.8189458370957,-53.5000000000003,44.0654019543782));
#4417=CARTESIAN_POINT('',(24.8189458370957,-53.5000000000003,38.1404019543779));
#4418=CARTESIAN_POINT('',(23.3189458370957,-53.5000000000003,44.0654019543782));
#4419=CARTESIAN_POINT('',(20.3689457591331,-53.5000000000003,44.0654019543782));
#4420=CARTESIAN_POINT('',(23.3189458370957,-53.5000000000003,46.3654019543779));
#4421=CARTESIAN_POINT('',(23.3189458370957,-53.5000000000003,38.1404019543779));
#4422=CARTESIAN_POINT('',(8.51894583709512,-53.5000000000003,46.3654019543779));
#4423=CARTESIAN_POINT('',(0.920417543746712,-53.5000000000003,46.365401954378));
#4424=CARTESIAN_POINT('',(8.51894583709512,-53.5000000000003,44.0654019543783));
#4425=CARTESIAN_POINT('',(8.51894583709513,-53.5000000000003,38.1404019543779));
#4426=CARTESIAN_POINT('',(7.01894583709512,-53.5000000000003,44.0654019543783));
#4427=CARTESIAN_POINT('',(11.4689457591329,-53.5000000000003,44.0654019543783));
#4428=CARTESIAN_POINT('',(7.01894583709512,-53.5000000000003,46.365401954378));
#4429=CARTESIAN_POINT('',(7.01894583709513,-53.5000000000003,38.1404019543779));
#4430=CARTESIAN_POINT('',(-7.78105416290488,-53.5000000000003,46.365401954378));
#4431=CARTESIAN_POINT('',(0.920417543746712,-53.5000000000003,46.365401954378));
#4432=CARTESIAN_POINT('',(-7.78105416290488,-53.5000000000003,44.0654019543783));
#4433=CARTESIAN_POINT('',(-7.78105416290487,-53.5000000000004,38.1404019543779));
#4434=CARTESIAN_POINT('',(-9.28105416290489,-53.5000000000003,44.0654019543783));
#4435=CARTESIAN_POINT('',(3.31894575913289,-53.5000000000003,44.0654019543782));
#4436=CARTESIAN_POINT('',(-9.28105416290488,-53.5000000000003,46.365401954378));
#4437=CARTESIAN_POINT('',(-9.28105416290487,-53.5000000000004,38.1404019543779));
#4438=CARTESIAN_POINT('',(-14.0781105936772,-53.5000000000003,46.365401954378));
#4439=CARTESIAN_POINT('',(0.920417543746712,-53.5000000000003,46.365401954378));
#4440=CARTESIAN_POINT('',(-15.3281105936772,-53.5000000000003,47.615401954378));
#4441=CARTESIAN_POINT('',(-3.62884652496498,-53.5000000000004,35.9161378856661));
#4442=CARTESIAN_POINT('',(-16.0810543188295,-53.5000000000003,47.615401954378));
#4443=CARTESIAN_POINT('',(-0.0810543188294277,-53.5000000000003,47.615401954378));
#4444=CARTESIAN_POINT('',(-17.8810543188295,-53.5000000000003,45.815401954378));
#4445=CARTESIAN_POINT('Origin',(-16.0810543188295,-53.5000000000005,45.815401954378));
#4446=CARTESIAN_POINT('',(-17.8810543188295,-53.5000000000004,41.3154019543779));
#4447=CARTESIAN_POINT('',(-17.8810543188295,-53.5000000000005,24.690401954378));
#4448=CARTESIAN_POINT('',(-15.5810543188295,-53.5000000000004,41.3154019543779));
#4449=CARTESIAN_POINT('',(-0.406054318829435,-53.5000000000003,41.3154019543779));
#4450=CARTESIAN_POINT('',(-15.5810543188296,-53.5000000000004,39.8154019543779));
#4451=CARTESIAN_POINT('',(-15.5810543188297,-53.5000000000004,36.1904019543784));
#4452=CARTESIAN_POINT('',(-17.8810543188295,-53.5000000000004,39.8154019543779));
#4453=CARTESIAN_POINT('',(-0.406054318829434,-53.5000000000004,39.8154019543779));
#4454=CARTESIAN_POINT('',(-17.8810543188295,-53.5000000000005,25.0154019543779));
#4455=CARTESIAN_POINT('',(-17.8810543188295,-53.5000000000005,24.690401954378));
#4456=CARTESIAN_POINT('',(-15.58105431883,-53.5000000000005,25.0154019543779));
#4457=CARTESIAN_POINT('',(-0.406054318829435,-53.5000000000005,25.0154019543779));
#4458=CARTESIAN_POINT('',(-15.58105431883,-53.5000000000005,23.5154019543779));
#4459=CARTESIAN_POINT('',(-15.5810543188299,-53.5000000000005,27.2904019543783));
#4460=CARTESIAN_POINT('',(-17.8810543188295,-53.5000000000005,23.5154019543779));
#4461=CARTESIAN_POINT('',(-0.406054318829434,-53.5000000000005,23.5154019543779));
#4462=CARTESIAN_POINT('',(-17.8810543188295,-53.5000000000005,18.315401954378));
#4463=CARTESIAN_POINT('',(-17.8810543188295,-53.5000000000005,24.690401954378));
#4464=CARTESIAN_POINT('',(-16.0810543188295,-53.5000000000005,16.515401954378));
#4465=CARTESIAN_POINT('Origin',(-16.0810543188295,-53.5000000000003,18.315401954378));
#4466=CARTESIAN_POINT('',(-9.2810541629049,-53.5000000000005,16.515401954378));
#4467=CARTESIAN_POINT('',(31.9189456811706,-53.5000000000005,16.5154019543779));
#4468=CARTESIAN_POINT('',(-9.2810541629049,-53.5000000000005,18.8154019543772));
#4469=CARTESIAN_POINT('',(-9.2810541629049,-53.5000000000005,24.3654019543779));
#4470=CARTESIAN_POINT('',(-7.78105416290492,-53.5000000000005,18.8154019543772));
#4471=CARTESIAN_POINT('',(3.31894575913286,-53.5000000000005,18.8154019543773));
#4472=CARTESIAN_POINT('',(-7.78105416290492,-53.5000000000005,16.515401954378));
#4473=CARTESIAN_POINT('',(-7.78105416290492,-53.5000000000005,24.3654019543779));
#4474=CARTESIAN_POINT('',(7.01894583709509,-53.5000000000005,16.5154019543779));
#4475=CARTESIAN_POINT('',(31.9189456811706,-53.5000000000005,16.5154019543779));
#4476=CARTESIAN_POINT('',(7.01894583709509,-53.5000000000004,24.3654019543779));
#4477=CARTESIAN_POINT('',(-8.85444656251399,-53.5000000000005,22.6898897635805));
#4478=CARTESIAN_POINT('',(3.14555337716601,-53.5000000000005,22.6898898378792));
#4479=CARTESIAN_POINT('',(4.99724958157044,-53.5000000000005,22.6898898493441));
#4480=CARTESIAN_POINT('',(-9.83444656858171,-53.5000000000005,23.6698897635805));
#4481=CARTESIAN_POINT('Origin',(-8.85444656858171,-53.5000000000005,23.6698897635805));
#4482=CARTESIAN_POINT('',(-9.83444656858011,-53.5000000000004,29.8898897245015));
#4483=CARTESIAN_POINT('',(-9.83444656858041,-53.5000000000004,29.2626458537509));
#4484=CARTESIAN_POINT('',(-8.8544465685813,-53.5000000000004,30.8698897245013));
#4485=CARTESIAN_POINT('Origin',(-8.8544465685813,-53.5000000000004,29.8898897245013));
#4486=CARTESIAN_POINT('',(3.14555337419407,-53.5000000000004,30.8698897245014));
#4487=CARTESIAN_POINT('',(8.06724954180791,-53.5000000000004,30.8698897245014));
#4488=CARTESIAN_POINT('',(4.12555337419407,-53.5000000000004,29.8898897245013));
#4489=CARTESIAN_POINT('Origin',(3.14555337419407,-53.5000000000004,29.8898897245013));
#4490=CARTESIAN_POINT('',(4.12555337422907,-53.5000000000004,23.6698897817269));
#4491=CARTESIAN_POINT('',(4.12555337417149,-53.5000000000004,29.0826458622789));
#4492=CARTESIAN_POINT('Origin',(3.14555337419407,-53.5000000000005,23.6698897817218));
#4493=CARTESIAN_POINT('',(-9.58105431882941,-53.5000000000003,43.0654019543779));
#4494=CARTESIAN_POINT('Origin',(-12.8310543188294,-53.5000000000003,43.0654019543779));
#4495=CARTESIAN_POINT('',(-17.3310543188294,-53.5000000000005,20.5654019543779));
#4496=CARTESIAN_POINT('Origin',(-14.0810543188294,-53.5000000000005,20.5654019543779));
#4497=CARTESIAN_POINT('',(42.6689456811706,-53.5000000000004,20.5654019543779));
#4498=CARTESIAN_POINT('Origin',(45.9189456811706,-53.5000000000004,20.5654019543779));
#4499=CARTESIAN_POINT('',(47.9189456811706,-53.5000000000002,43.0654019543779));
#4500=CARTESIAN_POINT('Origin',(44.6689456811706,-53.5000000000003,43.0654019543779));
#4501=CARTESIAN_POINT('Origin',(4.99724958157044,-53.0200000000005,22.6898898493441));
#4502=CARTESIAN_POINT('',(3.14555337419406,-53.0200000000005,23.1698897817218));
#4503=CARTESIAN_POINT('Origin',(3.14555337716601,-53.0200000000005,22.6898898378792));
#4504=CARTESIAN_POINT('',(-8.85444656548594,-53.0200000000005,23.1698897635805));
#4505=CARTESIAN_POINT('',(4.9972495785985,-53.0200000000005,23.1698898493441));
#4506=CARTESIAN_POINT('Origin',(-8.85444656251399,-53.0200000000005,22.6898897635805));
#4507=CARTESIAN_POINT('Origin',(-8.85444656858171,-53.0200000000005,23.6698897635805));
#4508=CARTESIAN_POINT('',(-9.35444656858171,-53.0200000000005,23.6698897635805));
#4509=CARTESIAN_POINT('Origin',(-9.83444656858171,-53.0200000000005,23.6698897635805));
#4510=CARTESIAN_POINT('Origin',(-8.85444656858171,-53.0200000000005,23.6698897635805));
#4511=CARTESIAN_POINT('Origin',(-9.83444656858041,-53.0200000000004,29.2626458537509));
#4512=CARTESIAN_POINT('',(-9.3544465685813,-53.0200000000004,29.8898897245013));
#4513=CARTESIAN_POINT('Origin',(-9.83444656858011,-53.0200000000004,29.8898897245015));
#4514=CARTESIAN_POINT('',(-9.35444656858041,-53.0200000000004,29.2626458537507));
#4515=CARTESIAN_POINT('Origin',(-8.8544465685813,-53.0200000000004,29.8898897245013));
#4516=CARTESIAN_POINT('',(-8.8544465685813,-53.0200000000004,30.3898897245013));
#4517=CARTESIAN_POINT('Origin',(-8.8544465685813,-53.0200000000004,30.8698897245013));
#4518=CARTESIAN_POINT('Origin',(-8.8544465685813,-53.0200000000004,29.8898897245013));
#4519=CARTESIAN_POINT('Origin',(8.0672495418079,-53.0200000000004,30.8698897245014));
#4520=CARTESIAN_POINT('',(3.14555337419407,-53.0200000000004,30.3898897245013));
#4521=CARTESIAN_POINT('Origin',(3.14555337419406,-53.0200000000004,30.8698897245013));
#4522=CARTESIAN_POINT('',(8.06724954180791,-53.0200000000004,30.3898897245014));
#4523=CARTESIAN_POINT('Origin',(3.14555337419407,-53.0200000000004,29.8898897245013));
#4524=CARTESIAN_POINT('',(3.64555337419407,-53.0200000000004,29.8898897245013));
#4525=CARTESIAN_POINT('Origin',(4.12555337419407,-53.0200000000004,29.8898897245013));
#4526=CARTESIAN_POINT('Origin',(3.14555337419407,-53.0200000000004,29.8898897245013));
#4527=CARTESIAN_POINT('Origin',(4.12555337417149,-53.0200000000004,29.0826458622789));
#4528=CARTESIAN_POINT('',(3.64555337419406,-53.0200000000005,23.6698897817218));
#4529=CARTESIAN_POINT('Origin',(4.12555337422907,-53.0200000000005,23.6698897817269));
#4530=CARTESIAN_POINT('',(3.64555337417149,-53.0200000000004,29.0826458622738));
#4531=CARTESIAN_POINT('Origin',(3.14555337419406,-53.0200000000005,23.6698897817218));
#4532=CARTESIAN_POINT('Origin',(3.14555337419406,-53.0200000000005,23.6698897817218));
#4533=CARTESIAN_POINT('Origin',(-8.8544465685813,-53.5000000000004,29.8898897245013));
#4534=CARTESIAN_POINT('',(-9.35444656858131,-48.8300000000005,29.8898897245013));
#4535=CARTESIAN_POINT('',(-9.3544465685813,-53.5000000000004,29.8898897245013));
#4536=CARTESIAN_POINT('',(-8.85444656858131,-48.8300000000005,30.3898897245013));
#4537=CARTESIAN_POINT('Origin',(-8.85444656858131,-48.8300000000005,29.8898897245013));
#4538=CARTESIAN_POINT('',(-8.8544465685813,-53.5000000000004,30.3898897245013));
#4539=CARTESIAN_POINT('Origin',(-9.3544465685815,-48.3500000000005,26.9598897531115));
#4540=CARTESIAN_POINT('',(-9.35444656858172,-48.8300000000005,23.6698897635805));
#4541=CARTESIAN_POINT('',(-9.35444656858171,-53.5000000000005,23.6698897635805));
#4542=CARTESIAN_POINT('',(-9.3544465685803,-48.8300000000005,29.5126458537507));
#4543=CARTESIAN_POINT('Origin',(-8.85444656858171,-53.5000000000005,23.6698897635805));
#4544=CARTESIAN_POINT('',(-8.85444656548595,-48.8300000000005,23.1698897635805));
#4545=CARTESIAN_POINT('',(-8.85444656548594,-53.5000000000005,23.1698897635805));
#4546=CARTESIAN_POINT('Origin',(-8.85444656858172,-48.8300000000005,23.6698897635805));
#4547=CARTESIAN_POINT('Origin',(-5.9244465759549,-53.5000000000005,23.1698897817218));
#4548=CARTESIAN_POINT('',(3.14555337419406,-48.8300000000005,23.1698897817218));
#4549=CARTESIAN_POINT('',(3.14555337419407,-53.5000000000005,23.1698897817218));
#4550=CARTESIAN_POINT('',(-5.92444657595491,-48.8300000000005,23.1698897817218));
#4551=CARTESIAN_POINT('',(4.99724955260754,-48.8300000000005,23.1698897817218));
#4552=CARTESIAN_POINT('',(4.99724958014638,-48.8300000000005,23.1698898493441));
#4553=CARTESIAN_POINT('Origin',(3.14555337419407,-53.5000000000005,23.6698897817218));
#4554=CARTESIAN_POINT('',(3.64555337419406,-48.8300000000005,23.6698897817218));
#4555=CARTESIAN_POINT('',(3.64555337419406,-53.5000000000005,23.6698897817218));
#4556=CARTESIAN_POINT('Origin',(3.14555337419406,-48.8300000000005,23.6698897817218));
#4557=CARTESIAN_POINT('Origin',(3.14555337419407,-53.5000000000004,29.8898897245013));
#4558=CARTESIAN_POINT('',(3.14555337419406,-48.8300000000004,30.3898897245013));
#4559=CARTESIAN_POINT('',(3.14555337419407,-53.5000000000004,30.3898897245013));
#4560=CARTESIAN_POINT('',(3.64555337419406,-48.8300000000004,29.8898897245013));
#4561=CARTESIAN_POINT('Origin',(3.14555337419406,-48.8300000000004,29.8898897245013));
#4562=CARTESIAN_POINT('',(3.64555337419407,-53.5000000000004,29.8898897245013));
#4563=CARTESIAN_POINT('Origin',(41.3070410744006,-54.5000000000004,24.2114180005683));
#4564=CARTESIAN_POINT('',(41.8070410749532,-47.5000000000004,24.2114180005682));
#4565=CARTESIAN_POINT('',(41.8070410749532,-52.5000000000004,24.2114180005682));
#4566=CARTESIAN_POINT('Origin',(41.3070410744006,-47.5000000000004,24.2114180005682));
#4567=CARTESIAN_POINT('Origin',(41.3070410749532,-54.5000000000003,36.8114180005683));
#4568=CARTESIAN_POINT('',(41.3070410749533,-47.5000000000003,37.3114180005683));
#4569=CARTESIAN_POINT('',(41.3070410749533,-52.5000000000003,37.3114180005683));
#4570=CARTESIAN_POINT('',(41.8070410749532,-47.5000000000003,36.8114180005683));
#4571=CARTESIAN_POINT('Origin',(41.3070410749532,-47.5000000000003,36.8114180005683));
#4572=CARTESIAN_POINT('',(41.8070410749532,-52.5000000000003,36.8114180005683));
#4573=CARTESIAN_POINT('Origin',(3.64555337419789,-48.3500000000004,26.5998897703002));
#4574=CARTESIAN_POINT('',(3.64555337416882,-48.8300000000004,29.3326458622737));
#4575=CARTESIAN_POINT('Origin',(0.215553402445199,-48.3500000000004,30.3898897245013));
#4576=CARTESIAN_POINT('',(8.0672495418079,-48.8300000000004,30.3898897245013));
#4577=CARTESIAN_POINT('Origin',(41.8070410749532,-54.5000000000003,36.8114180005683));
#4578=CARTESIAN_POINT('',(41.8070410749532,-47.5000000000004,23.7114180005682));
#4579=CARTESIAN_POINT('Origin',(6.80704099985658,-54.5000000000004,37.3114180005729));
#4580=CARTESIAN_POINT('',(41.3070410749533,-47.5000000000003,37.3114180005683));
#4581=CARTESIAN_POINT('Ctrl Pts',(-8.85444656548593,-48.8300000000005,23.1698897635805));
#4582=CARTESIAN_POINT('Ctrl Pts',(-9.35444656858175,-48.8300000000005,23.1698897604847));
#4583=CARTESIAN_POINT('Ctrl Pts',(-9.35444656858172,-48.8300000000005,23.6698897635805));
#4584=CARTESIAN_POINT('Ctrl Pts',(-8.85444656548593,-48.3500000000005,23.1698897635805));
#4585=CARTESIAN_POINT('Ctrl Pts',(-9.35444656858175,-48.3500000000005,23.1698897604847));
#4586=CARTESIAN_POINT('Ctrl Pts',(-9.35444656858173,-48.3500000000005,23.6698897635805));
#4587=CARTESIAN_POINT('Ctrl Pts',(-8.85444656845789,-48.3500000000005,23.6498897635805));
#4588=CARTESIAN_POINT('Ctrl Pts',(-8.87444656858173,-48.3500000000005,23.6498897634567));
#4589=CARTESIAN_POINT('Ctrl Pts',(-8.87444656858173,-48.3500000000005,23.6698897635805));
#4590=CARTESIAN_POINT('',(-8.85444656845789,-48.3500000000005,23.6498897635805));
#4591=CARTESIAN_POINT('Origin',(-8.85444656845789,-48.8300000000005,23.6498897635805));
#4592=CARTESIAN_POINT('',(-8.87444656858172,-48.3500000000005,23.6698897635805));
#4593=CARTESIAN_POINT('Origin',(-8.85444656858172,-48.3500000000005,23.6698897635805));
#4594=CARTESIAN_POINT('Origin',(-8.87444656858172,-48.8300000000005,23.6698897635805));
#4595=CARTESIAN_POINT('Origin',(-8.8744465685803,-48.8300000000005,29.5126458537504));
#4596=CARTESIAN_POINT('',(-8.87444656858012,-48.3500000000004,29.8898897245011));
#4597=CARTESIAN_POINT('Origin',(-8.87444656858012,-48.8300000000005,29.8898897245011));
#4598=CARTESIAN_POINT('',(-8.8744465685803,-48.3500000000004,29.5126458537504));
#4599=CARTESIAN_POINT('Ctrl Pts',(-9.35444656858131,-48.8300000000005,29.8898897244653));
#4600=CARTESIAN_POINT('Ctrl Pts',(-9.35444656861728,-48.8300000000005,30.3898897245013));
#4601=CARTESIAN_POINT('Ctrl Pts',(-8.85444656858131,-48.8300000000005,30.3898897245013));
#4602=CARTESIAN_POINT('Ctrl Pts',(-9.35444656858132,-48.3499999999993,29.8898897244653));
#4603=CARTESIAN_POINT('Ctrl Pts',(-9.35444656861729,-48.3499999999993,30.3898897245013));
#4604=CARTESIAN_POINT('Ctrl Pts',(-8.85444656858131,-48.3499999999993,30.3898897245013));
#4605=CARTESIAN_POINT('Ctrl Pts',(-8.87444656858012,-48.3500000000004,29.8898897244998));
#4606=CARTESIAN_POINT('Ctrl Pts',(-8.87444656858156,-48.3500000000004,29.9098897245001));
#4607=CARTESIAN_POINT('Ctrl Pts',(-8.85444656858131,-48.3500000000004,29.9098897245001));
#4608=CARTESIAN_POINT('',(-8.85444656858131,-48.3500000000004,29.9098897245013));
#4609=CARTESIAN_POINT('Origin',(-8.85444656858131,-48.8300000000005,29.9098897245013));
#4610=CARTESIAN_POINT('Origin',(-8.85444656858131,-48.3500000000004,29.8898897245013));
#4611=CARTESIAN_POINT('Origin',(8.0672495418079,-48.8300000000004,29.9098897245013));
#4612=CARTESIAN_POINT('',(3.14555337419406,-48.3500000000004,29.9098897245013));
#4613=CARTESIAN_POINT('Origin',(3.14555337419406,-48.8300000000004,29.9098897245013));
#4614=CARTESIAN_POINT('',(8.0672495418079,-48.3500000000004,29.9098897245013));
#4615=CARTESIAN_POINT('Ctrl Pts',(3.14555337419406,-48.8300000000004,30.3898897245013));
#4616=CARTESIAN_POINT('Ctrl Pts',(3.64555337419418,-48.8300000000004,30.3898897245014));
#4617=CARTESIAN_POINT('Ctrl Pts',(3.64555337419406,-48.8300000000004,29.8898897245013));
#4618=CARTESIAN_POINT('Ctrl Pts',(3.14555337419406,-48.3500000000004,30.3898897245013));
#4619=CARTESIAN_POINT('Ctrl Pts',(3.64555337419419,-48.3500000000004,30.3898897245014));
#4620=CARTESIAN_POINT('Ctrl Pts',(3.64555337419407,-48.3500000000004,29.8898897245013));
#4621=CARTESIAN_POINT('Ctrl Pts',(3.14555337419406,-48.3500000000004,29.9098897245013));
#4622=CARTESIAN_POINT('Ctrl Pts',(3.16555337419406,-48.3500000000004,29.9098897245013));
#4623=CARTESIAN_POINT('Ctrl Pts',(3.16555337419406,-48.3500000000004,29.8898897245013));
#4624=CARTESIAN_POINT('',(3.16555337419406,-48.3500000000004,29.8898897245013));
#4625=CARTESIAN_POINT('Origin',(3.16555337419406,-48.8300000000004,29.8898897245013));
#4626=CARTESIAN_POINT('Origin',(3.14555337419406,-48.3500000000004,29.8898897245013));
#4627=CARTESIAN_POINT('Origin',(3.16555337416882,-48.8300000000004,29.3326458622686));
#4628=CARTESIAN_POINT('',(3.16555337422906,-48.3500000000005,23.6698897817167));
#4629=CARTESIAN_POINT('Origin',(3.16555337422906,-48.8300000000005,23.6698897817167));
#4630=CARTESIAN_POINT('',(3.16555337416882,-48.3500000000004,29.3326458622686));
#4631=CARTESIAN_POINT('Ctrl Pts',(3.64555337419406,-48.8300000000005,23.669889781803));
#4632=CARTESIAN_POINT('Ctrl Pts',(3.6455533742753,-48.8300000000005,23.1698897817218));
#4633=CARTESIAN_POINT('Ctrl Pts',(3.14555337419406,-48.8300000000005,23.1698897817218));
#4634=CARTESIAN_POINT('Ctrl Pts',(3.64555337419407,-48.3500000000005,23.669889781803));
#4635=CARTESIAN_POINT('Ctrl Pts',(3.64555337427531,-48.3500000000005,23.1698897817218));
#4636=CARTESIAN_POINT('Ctrl Pts',(3.14555337419406,-48.3500000000005,23.1698897817218));
#4637=CARTESIAN_POINT('Ctrl Pts',(3.16555337419406,-48.3500000000005,23.669889781725));
#4638=CARTESIAN_POINT('Ctrl Pts',(3.16555337419731,-48.3500000000005,23.6498897817218));
#4639=CARTESIAN_POINT('Ctrl Pts',(3.14555337419406,-48.3500000000005,23.6498897817218));
#4640=CARTESIAN_POINT('',(3.14555337419406,-48.3500000000005,23.6498897817218));
#4641=CARTESIAN_POINT('Origin',(3.14555337419406,-48.8300000000005,23.6498897817218));
#4642=CARTESIAN_POINT('Origin',(3.14555337419406,-48.3500000000005,23.6698897817218));
#4643=CARTESIAN_POINT('Origin',(4.99724955260754,-48.8300000000005,23.6498897817218));
#4644=CARTESIAN_POINT('',(-5.92444657892686,-48.3500000000005,23.6498897817218));
#4645=CARTESIAN_POINT('Origin',(-5.92444657892686,-48.8300000000005,23.6498897817218));
#4646=CARTESIAN_POINT('',(4.99724955260754,-48.3500000000005,23.6498897817218));
#4647=CARTESIAN_POINT('Origin',(4.99724957717443,-48.8300000000005,23.6498898493441));
#4648=CARTESIAN_POINT('',(4.99724957717443,-48.3500000000005,23.6498898493441));
#4649=CARTESIAN_POINT('Origin',(15.9189456811706,-48.3500000000004,32.0654019543779));
#4650=CARTESIAN_POINT('',(-6.07444661803362,-48.3500000000004,28.7598899286051));
#4651=CARTESIAN_POINT('',(-7.72444663659572,-48.3500000000005,27.1098898996539));
#4652=CARTESIAN_POINT('Origin',(-6.07444660492021,-48.3500000000005,27.1098898996539));
#4653=CARTESIAN_POINT('',(0.365553688164688,-48.3500000000004,28.7598896065691));
#4654=CARTESIAN_POINT('',(-6.074446631147,-48.3500000000004,28.7598899258808));
#4655=CARTESIAN_POINT('',(2.01555368816469,-48.3500000000004,27.109889606569));
#4656=CARTESIAN_POINT('Origin',(0.365553688164688,-48.3500000000004,27.1098896065691));
#4657=CARTESIAN_POINT('',(2.01555368816469,-48.3500000000004,26.4498896472206));
#4658=CARTESIAN_POINT('',(2.01555368816469,-48.3500000000004,27.1098896065689));
#4659=CARTESIAN_POINT('',(0.365553606861493,-48.3500000000005,24.7998896065691));
#4660=CARTESIAN_POINT('Origin',(0.365553606861493,-48.3500000000005,26.4498896878723));
#4661=CARTESIAN_POINT('',(-6.07444631183531,-48.3500000000005,24.7998896065691));
#4662=CARTESIAN_POINT('',(0.365553606861493,-48.3500000000005,24.7998896065691));
#4663=CARTESIAN_POINT('',(-7.7244463118353,-48.3500000000005,26.4498896065691));
#4664=CARTESIAN_POINT('Origin',(-6.07444631183531,-48.3500000000005,26.4498896065691));
#4665=CARTESIAN_POINT('',(-7.7244463118353,-48.3500000000005,26.4498896065691));
#4666=CARTESIAN_POINT('Origin',(49.9689456811705,-54.5500000000001,38.9404019543779));
#4667=CARTESIAN_POINT('',(50.2189456811705,-54.8000000000001,39.8154019543779));
#4668=CARTESIAN_POINT('',(49.7189456811705,-54.3000000000002,39.8154019543779));
#4669=CARTESIAN_POINT('',(49.5189456811705,-54.1000000000001,39.8154019543779));
#4670=CARTESIAN_POINT('',(49.7189456811705,-54.3,25.0154019543779));
#4671=CARTESIAN_POINT('',(49.7189456811705,-54.3000000000002,38.9404019543779));
#4672=CARTESIAN_POINT('',(50.2189456811705,-54.8,25.0154019543779));
#4673=CARTESIAN_POINT('',(49.5189456811705,-54.1,25.0154019543779));
#4674=CARTESIAN_POINT('',(50.2189456811705,-54.8000000000001,38.9404019543779));
#4675=CARTESIAN_POINT('Origin',(49.7189456811705,-53.5000000000002,45.8154019543779));
#4676=CARTESIAN_POINT('',(49.7189456811705,-53.8250000000001,39.8154019543779));
#4677=CARTESIAN_POINT('',(49.7189456811705,-53.8250000000001,25.0154019543779));
#4678=CARTESIAN_POINT('Origin',(31.9189456811705,-54.5499999999999,16.2654019543779));
#4679=CARTESIAN_POINT('',(39.6189458370957,-54.7999999999999,16.0154019543779));
#4680=CARTESIAN_POINT('',(39.6189458370957,-54.3,16.5154019543779));
#4681=CARTESIAN_POINT('',(39.6189458370957,-54.0999999999999,16.7154019543781));
#4682=CARTESIAN_POINT('',(24.8189458370957,-54.3,16.5154019543779));
#4683=CARTESIAN_POINT('',(31.9189456811705,-54.3,16.5154019543779));
#4684=CARTESIAN_POINT('',(24.8189458370957,-54.7999999999999,16.0154019543779));
#4685=CARTESIAN_POINT('',(24.8189458370957,-54.0999999999999,16.7154019543781));
#4686=CARTESIAN_POINT('',(31.9189456811705,-54.7999999999999,16.0154019543779));
#4687=CARTESIAN_POINT('Origin',(47.9189456811705,-53.5,16.5154019543779));
#4688=CARTESIAN_POINT('',(39.6189458370957,-53.8249999999999,16.5154019543779));
#4689=CARTESIAN_POINT('',(24.8189458370957,-53.8249999999999,16.5154019543779));
#4690=CARTESIAN_POINT('Origin',(49.9689456811705,-54.5500000000001,38.9404019543779));
#4691=CARTESIAN_POINT('',(50.2189456811705,-54.7999999999999,23.5154019543779));
#4692=CARTESIAN_POINT('',(49.7189456811705,-54.3,23.5154019543779));
#4693=CARTESIAN_POINT('',(49.5189456811705,-54.1000000000001,23.5154019543779));
#4694=CARTESIAN_POINT('',(49.7189456811705,-54.3,18.3154019543779));
#4695=CARTESIAN_POINT('',(49.7189456811705,-54.3000000000002,38.9404019543779));
#4696=CARTESIAN_POINT('',(50.2189456811705,-54.7999999999999,18.3154019543779));
#4697=CARTESIAN_POINT('',(49.7189456811705,-54.3,18.3154019543779));
#4698=CARTESIAN_POINT('',(50.2189456811705,-54.8000000000001,38.9404019543779));
#4699=CARTESIAN_POINT('Origin',(47.9189456811705,-54.55,18.3154019543779));
#4700=CARTESIAN_POINT('',(47.9189456811705,-54.3000000000001,16.5154019543779));
#4701=CARTESIAN_POINT('',(47.9189456811705,-54.7999999999999,16.0154019543779));
#4702=CARTESIAN_POINT('',(47.9189456811705,-54.3000000000001,16.5154019543779));
#4703=CARTESIAN_POINT('Origin',(47.9189456811705,-54.7999999999999,18.3154019543779));
#4704=CARTESIAN_POINT('Origin',(47.9189456811705,-54.3000000000001,18.3154019543779));
#4705=CARTESIAN_POINT('Origin',(31.9189456811705,-54.5499999999999,16.2654019543779));
#4706=CARTESIAN_POINT('',(41.1189458370957,-54.3,16.5154019543779));
#4707=CARTESIAN_POINT('',(41.1189458370957,-54.7999999999999,16.0154019543779));
#4708=CARTESIAN_POINT('',(41.1189458370957,-54.0999999999998,16.7154019543781));
#4709=CARTESIAN_POINT('',(31.9189456811705,-54.7999999999999,16.0154019543779));
#4710=CARTESIAN_POINT('',(31.9189456811705,-54.3,16.5154019543779));
#4711=CARTESIAN_POINT('Origin',(47.9189456811705,-53.5,16.5154019543779));
#4712=CARTESIAN_POINT('',(47.9189456811705,-53.5,16.5154019543779));
#4713=CARTESIAN_POINT('',(41.1189458370957,-53.8249999999998,16.5154019543779));
#4714=CARTESIAN_POINT('Origin',(47.9189456811705,-53.5,18.3154019543779));
#4715=CARTESIAN_POINT('',(49.7189456811705,-53.5,18.3154019543779));
#4716=CARTESIAN_POINT('Origin',(49.7189456811705,-53.5000000000002,45.8154019543779));
#4717=CARTESIAN_POINT('',(49.7189456811705,-53.8250000000001,23.5154019543779));
#4718=CARTESIAN_POINT('Origin',(31.542473818595,-54.5500000000002,47.865401954379));
#4719=CARTESIAN_POINT('',(47.1660019560183,-54.3000000000002,47.6154019543779));
#4720=CARTESIAN_POINT('',(47.9189456811706,-54.3000000000002,47.6154019543779));
#4721=CARTESIAN_POINT('',(31.542473818595,-54.3000000000002,47.6154019543791));
#4722=CARTESIAN_POINT('',(47.9189456811706,-54.8000000000002,48.1154019543779));
#4723=CARTESIAN_POINT('',(47.9189456811706,-54.3000000000002,47.6154019543779));
#4724=CARTESIAN_POINT('',(46.9588951748318,-54.8000000000002,48.115401954378));
#4725=CARTESIAN_POINT('',(31.542473818595,-54.8000000000002,48.1154019543791));
#4726=CARTESIAN_POINT('',(46.9588951748318,-54.8000000000002,48.115401954378));
#4727=CARTESIAN_POINT('Origin',(34.6649611920098,-54.5500000000001,35.4679145809626));
#4728=CARTESIAN_POINT('',(45.7088951748317,-54.8000000000002,46.8654019543779));
#4729=CARTESIAN_POINT('',(34.4881844967132,-54.8000000000001,35.6446912762592));
#4730=CARTESIAN_POINT('',(45.9160019560183,-54.3000000000002,46.3654019543779));
#4731=CARTESIAN_POINT('',(45.7088951748317,-54.8000000000002,46.8654019543779));
#4732=CARTESIAN_POINT('',(34.8417378873065,-54.3000000000001,35.2911378856659));
#4733=CARTESIAN_POINT('Origin',(0.920417543746677,-54.5500000000003,46.6154019543779));
#4734=CARTESIAN_POINT('',(41.1189458370957,-54.8000000000002,46.8654019543779));
#4735=CARTESIAN_POINT('',(0.920417543746677,-54.8000000000003,46.8654019543779));
#4736=CARTESIAN_POINT('',(41.1189458370957,-54.3000000000002,46.3654019543779));
#4737=CARTESIAN_POINT('',(41.1189458370957,-54.1000000000001,46.1654019543779));
#4738=CARTESIAN_POINT('',(0.920417543746685,-54.3000000000003,46.3654019543779));
#4739=CARTESIAN_POINT('Origin',(47.9189456811706,-54.5500000000002,45.8154019543779));
#4740=CARTESIAN_POINT('',(49.7189456811705,-54.3000000000002,45.8154019543779));
#4741=CARTESIAN_POINT('',(50.2189456811705,-54.8000000000002,45.8154019543779));
#4742=CARTESIAN_POINT('',(49.7189456811705,-54.3000000000002,45.8154019543779));
#4743=CARTESIAN_POINT('Origin',(47.9189456811706,-54.8000000000002,45.8154019543779));
#4744=CARTESIAN_POINT('Origin',(47.9189456811706,-54.3000000000002,45.8154019543779));
#4745=CARTESIAN_POINT('Origin',(49.9689456811705,-54.5500000000001,38.9404019543779));
#4746=CARTESIAN_POINT('',(49.7189456811705,-54.3000000000001,41.3154019543779));
#4747=CARTESIAN_POINT('',(50.2189456811705,-54.8000000000001,41.3154019543779));
#4748=CARTESIAN_POINT('',(49.5189456811705,-54.1000000000001,41.3154019543779));
#4749=CARTESIAN_POINT('',(50.2189456811705,-54.8000000000001,38.9404019543779));
#4750=CARTESIAN_POINT('',(49.7189456811705,-54.3000000000001,38.9404019543779));
#4751=CARTESIAN_POINT('Origin',(49.7189456811705,-53.5000000000002,45.8154019543779));
#4752=CARTESIAN_POINT('',(49.7189456811705,-53.5000000000002,45.8154019543779));
#4753=CARTESIAN_POINT('',(49.7189456811705,-53.8250000000001,41.3154019543779));
#4754=CARTESIAN_POINT('Origin',(47.9189456811706,-53.5000000000002,45.8154019543779));
#4755=CARTESIAN_POINT('',(47.9189456811706,-53.5000000000002,47.6154019543779));
#4756=CARTESIAN_POINT('Origin',(47.1660019560183,-53.5000000000002,47.615401954378));
#4757=CARTESIAN_POINT('',(47.1660019560183,-53.5000000000002,47.615401954378));
#4758=CARTESIAN_POINT('Origin',(45.9160019560183,-53.5000000000002,46.3654019543779));
#4759=CARTESIAN_POINT('',(45.9160019560183,-53.5000000000002,46.3654019543779));
#4760=CARTESIAN_POINT('Origin',(-14.0781105936772,-53.5000000000003,46.365401954378));
#4761=CARTESIAN_POINT('',(41.1189458370957,-53.825,46.3654019543779));
#4762=CARTESIAN_POINT('Origin',(0.920417543746677,-54.5500000000003,46.6154019543779));
#4763=CARTESIAN_POINT('',(24.8189458370957,-54.8000000000002,46.8654019543779));
#4764=CARTESIAN_POINT('',(24.8189458370957,-54.3000000000002,46.3654019543779));
#4765=CARTESIAN_POINT('',(24.8189458370957,-54.1000000000002,46.1654019543779));
#4766=CARTESIAN_POINT('',(39.6189458370957,-54.3000000000002,46.3654019543779));
#4767=CARTESIAN_POINT('',(0.920417543746685,-54.3000000000003,46.3654019543779));
#4768=CARTESIAN_POINT('',(39.6189458370957,-54.8000000000002,46.8654019543779));
#4769=CARTESIAN_POINT('',(39.6189458370957,-54.1000000000001,46.1654019543779));
#4770=CARTESIAN_POINT('',(0.920417543746677,-54.8000000000003,46.8654019543779));
#4771=CARTESIAN_POINT('Origin',(-14.0781105936772,-53.5000000000003,46.365401954378));
#4772=CARTESIAN_POINT('',(24.8189458370957,-53.8250000000001,46.3654019543779));
#4773=CARTESIAN_POINT('',(39.6189458370957,-53.825,46.3654019543779));
#4774=CARTESIAN_POINT('Origin',(0.920417543746677,-54.5500000000003,46.6154019543779));
#4775=CARTESIAN_POINT('',(8.51894583709511,-54.8000000000003,46.8654019543779));
#4776=CARTESIAN_POINT('',(8.51894583709511,-54.3000000000003,46.3654019543779));
#4777=CARTESIAN_POINT('',(8.51894583709512,-54.1000000000002,46.1654019543779));
#4778=CARTESIAN_POINT('',(23.3189458370957,-54.3000000000002,46.3654019543779));
#4779=CARTESIAN_POINT('',(0.920417543746685,-54.3000000000003,46.3654019543779));
#4780=CARTESIAN_POINT('',(23.3189458370957,-54.8000000000002,46.8654019543779));
#4781=CARTESIAN_POINT('',(23.3189458370957,-54.1000000000002,46.1654019543779));
#4782=CARTESIAN_POINT('',(0.920417543746677,-54.8000000000003,46.8654019543779));
#4783=CARTESIAN_POINT('Origin',(-14.0781105936772,-53.5000000000003,46.365401954378));
#4784=CARTESIAN_POINT('',(8.51894583709512,-53.8250000000002,46.3654019543779));
#4785=CARTESIAN_POINT('',(23.3189458370957,-53.8250000000001,46.3654019543779));
#4786=CARTESIAN_POINT('Origin',(0.920417543746677,-54.5500000000003,46.6154019543779));
#4787=CARTESIAN_POINT('',(-7.7810541629049,-54.8000000000003,46.8654019543779));
#4788=CARTESIAN_POINT('',(-7.78105416290488,-54.3000000000003,46.365401954378));
#4789=CARTESIAN_POINT('',(-7.78105416290488,-54.1000000000002,46.1654019543778));
#4790=CARTESIAN_POINT('',(7.01894583709511,-54.3000000000003,46.3654019543779));
#4791=CARTESIAN_POINT('',(0.920417543746685,-54.3000000000003,46.3654019543779));
#4792=CARTESIAN_POINT('',(7.0189458370951,-54.8000000000003,46.8654019543779));
#4793=CARTESIAN_POINT('',(7.01894583709512,-54.1000000000002,46.1654019543779));
#4794=CARTESIAN_POINT('',(0.920417543746677,-54.8000000000003,46.8654019543779));
#4795=CARTESIAN_POINT('Origin',(-14.0781105936772,-53.5000000000003,46.365401954378));
#4796=CARTESIAN_POINT('',(-7.78105416290488,-53.8250000000001,46.365401954378));
#4797=CARTESIAN_POINT('',(7.01894583709512,-53.8250000000002,46.3654019543779));
#4798=CARTESIAN_POINT('Origin',(0.920417543746677,-54.5500000000003,46.6154019543779));
#4799=CARTESIAN_POINT('',(-14.0781105936772,-54.3000000000003,46.365401954378));
#4800=CARTESIAN_POINT('',(-9.28105416290489,-54.3000000000003,46.365401954378));
#4801=CARTESIAN_POINT('',(0.920417543746685,-54.3000000000003,46.3654019543779));
#4802=CARTESIAN_POINT('',(-9.2810541629049,-54.8000000000003,46.8654019543779));
#4803=CARTESIAN_POINT('',(-9.28105416290489,-54.1000000000002,46.1654019543778));
#4804=CARTESIAN_POINT('',(-13.8710038124906,-54.8000000000003,46.8654019543779));
#4805=CARTESIAN_POINT('',(0.920417543746677,-54.8000000000003,46.8654019543779));
#4806=CARTESIAN_POINT('',(-13.8710038124906,-54.8000000000003,46.8654019543779));
#4807=CARTESIAN_POINT('Origin',(-3.45206982966838,-54.5500000000002,36.0929145809628));
#4808=CARTESIAN_POINT('',(-15.1210038124907,-54.8000000000003,48.1154019543779));
#4809=CARTESIAN_POINT('',(-3.27529313437173,-54.8000000000002,36.2696912762594));
#4810=CARTESIAN_POINT('',(-15.3281105936772,-54.3000000000003,47.615401954378));
#4811=CARTESIAN_POINT('',(-15.1210038124907,-54.8000000000003,48.1154019543779));
#4812=CARTESIAN_POINT('',(-3.62884652496501,-54.3000000000002,35.9161378856661));
#4813=CARTESIAN_POINT('Origin',(-18.1310543188295,-54.5500000000001,25.190401954378));
#4814=CARTESIAN_POINT('',(-18.3810543188295,-54.8000000000002,41.3154019543779));
#4815=CARTESIAN_POINT('',(-17.8810543188295,-54.3000000000002,41.3154019543779));
#4816=CARTESIAN_POINT('',(-17.6810543188295,-54.1000000000003,41.3154019543779));
#4817=CARTESIAN_POINT('',(-17.8810543188295,-54.3000000000003,45.815401954378));
#4818=CARTESIAN_POINT('',(-17.8810543188295,-54.3000000000001,25.190401954378));
#4819=CARTESIAN_POINT('',(-18.3810543188294,-54.8000000000003,45.815401954378));
#4820=CARTESIAN_POINT('',(-17.8810543188295,-54.3000000000003,45.815401954378));
#4821=CARTESIAN_POINT('',(-18.3810543188295,-54.8000000000001,25.190401954378));
#4822=CARTESIAN_POINT('Origin',(-16.0810543188295,-54.5500000000002,45.815401954378));
#4823=CARTESIAN_POINT('',(-16.0810543188295,-54.3000000000002,47.615401954378));
#4824=CARTESIAN_POINT('',(-16.0810543188294,-54.8000000000003,48.1154019543779));
#4825=CARTESIAN_POINT('',(-16.0810543188295,-54.3000000000002,47.615401954378));
#4826=CARTESIAN_POINT('Origin',(-16.0810543188295,-54.8000000000003,45.815401954378));
#4827=CARTESIAN_POINT('Origin',(-16.0810543188295,-54.3000000000002,45.815401954378));
#4828=CARTESIAN_POINT('Origin',(-0.0810543188294588,-54.5500000000003,47.8654019543779));
#4829=CARTESIAN_POINT('',(-0.0810543188294588,-54.8000000000003,48.1154019543779));
#4830=CARTESIAN_POINT('',(-0.081054318829441,-54.3000000000003,47.615401954378));
#4831=CARTESIAN_POINT('Origin',(-14.0781105936772,-53.5000000000003,46.365401954378));
#4832=CARTESIAN_POINT('',(-14.0781105936772,-53.5000000000003,46.365401954378));
#4833=CARTESIAN_POINT('',(-9.28105416290489,-53.8250000000001,46.365401954378));
#4834=CARTESIAN_POINT('Origin',(-15.3281105936772,-53.5000000000003,47.615401954378));
#4835=CARTESIAN_POINT('',(-15.3281105936772,-53.5000000000003,47.615401954378));
#4836=CARTESIAN_POINT('Origin',(-16.0810543188295,-53.5000000000003,47.615401954378));
#4837=CARTESIAN_POINT('',(-16.0810543188295,-53.5000000000003,47.615401954378));
#4838=CARTESIAN_POINT('Origin',(-16.0810543188295,-53.5000000000003,45.815401954378));
#4839=CARTESIAN_POINT('',(-17.8810543188295,-53.5000000000003,45.815401954378));
#4840=CARTESIAN_POINT('Origin',(-17.8810543188295,-53.5000000000001,18.315401954378));
#4841=CARTESIAN_POINT('',(-17.8810543188295,-53.8250000000004,41.3154019543779));
#4842=CARTESIAN_POINT('Origin',(-18.1310543188295,-54.5500000000001,25.190401954378));
#4843=CARTESIAN_POINT('',(-18.3810543188295,-54.8000000000001,25.0154019543779));
#4844=CARTESIAN_POINT('',(-17.8810543188295,-54.3000000000001,25.0154019543779));
#4845=CARTESIAN_POINT('',(-17.6810543188294,-54.1000000000001,25.0154019543779));
#4846=CARTESIAN_POINT('',(-17.8810543188295,-54.3000000000002,39.8154019543779));
#4847=CARTESIAN_POINT('',(-17.8810543188295,-54.3000000000001,25.190401954378));
#4848=CARTESIAN_POINT('',(-18.3810543188295,-54.8000000000002,39.8154019543779));
#4849=CARTESIAN_POINT('',(-17.6810543188295,-54.1000000000003,39.8154019543779));
#4850=CARTESIAN_POINT('',(-18.3810543188295,-54.8000000000001,25.190401954378));
#4851=CARTESIAN_POINT('Origin',(-17.8810543188295,-53.5000000000001,18.315401954378));
#4852=CARTESIAN_POINT('',(-17.8810543188295,-53.8250000000001,25.0154019543779));
#4853=CARTESIAN_POINT('',(-17.8810543188295,-53.8250000000004,39.8154019543779));
#4854=CARTESIAN_POINT('Origin',(31.9189456811705,-54.5499999999999,16.2654019543779));
#4855=CARTESIAN_POINT('',(-9.2810541629049,-54.8,16.0154019543779));
#4856=CARTESIAN_POINT('',(-9.2810541629049,-54.3000000000001,16.515401954378));
#4857=CARTESIAN_POINT('',(-9.2810541629049,-54.1,16.7154019543781));
#4858=CARTESIAN_POINT('',(-16.0810543188295,-54.3000000000001,16.515401954378));
#4859=CARTESIAN_POINT('',(31.9189456811705,-54.3,16.5154019543779));
#4860=CARTESIAN_POINT('',(-16.0810543188295,-54.8,16.0154019543779));
#4861=CARTESIAN_POINT('',(-16.0810543188295,-54.3000000000001,16.515401954378));
#4862=CARTESIAN_POINT('',(31.9189456811705,-54.7999999999999,16.0154019543779));
#4863=CARTESIAN_POINT('Origin',(-16.0810543188295,-54.55,18.3154019543779));
#4864=CARTESIAN_POINT('',(-17.8810543188295,-54.3000000000001,18.315401954378));
#4865=CARTESIAN_POINT('',(-18.3810543188295,-54.8,18.315401954378));
#4866=CARTESIAN_POINT('',(-17.8810543188295,-54.3000000000001,18.315401954378));
#4867=CARTESIAN_POINT('Origin',(-16.0810543188295,-54.8,18.3154019543779));
#4868=CARTESIAN_POINT('Origin',(-16.0810543188295,-54.3000000000001,18.3154019543779));
#4869=CARTESIAN_POINT('Origin',(-18.1310543188295,-54.5500000000001,25.190401954378));
#4870=CARTESIAN_POINT('',(-17.8810543188295,-54.3000000000001,23.5154019543779));
#4871=CARTESIAN_POINT('',(-18.3810543188295,-54.8,23.5154019543779));
#4872=CARTESIAN_POINT('',(-17.6810543188294,-54.1,23.5154019543779));
#4873=CARTESIAN_POINT('',(-18.3810543188295,-54.8000000000001,25.190401954378));
#4874=CARTESIAN_POINT('',(-17.8810543188295,-54.3000000000001,25.190401954378));
#4875=CARTESIAN_POINT('Origin',(-17.8810543188295,-53.5000000000001,18.315401954378));
#4876=CARTESIAN_POINT('',(-17.8810543188295,-53.5000000000001,18.315401954378));
#4877=CARTESIAN_POINT('',(-17.8810543188295,-53.825,23.5154019543779));
#4878=CARTESIAN_POINT('Origin',(-16.0810543188295,-53.5000000000001,18.315401954378));
#4879=CARTESIAN_POINT('',(-16.0810543188295,-53.5000000000001,16.515401954378));
#4880=CARTESIAN_POINT('Origin',(47.9189456811705,-53.5,16.5154019543779));
#4881=CARTESIAN_POINT('',(-9.2810541629049,-53.8249999999999,16.515401954378));
#4882=CARTESIAN_POINT('Origin',(31.9189456811705,-54.5499999999999,16.2654019543779));
#4883=CARTESIAN_POINT('',(7.01894583709509,-54.7999999999999,16.0154019543779));
#4884=CARTESIAN_POINT('',(7.01894583709509,-54.3,16.5154019543779));
#4885=CARTESIAN_POINT('',(7.01894583709509,-54.1,16.7154019543781));
#4886=CARTESIAN_POINT('',(-7.7810541629049,-54.3000000000001,16.5154019543779));
#4887=CARTESIAN_POINT('',(31.9189456811705,-54.3,16.5154019543779));
#4888=CARTESIAN_POINT('',(-7.78105416290492,-54.7999999999999,16.0154019543779));
#4889=CARTESIAN_POINT('',(-7.78105416290492,-54.1,16.7154019543781));
#4890=CARTESIAN_POINT('',(31.9189456811705,-54.7999999999999,16.0154019543779));
#4891=CARTESIAN_POINT('Origin',(47.9189456811705,-53.5,16.5154019543779));
#4892=CARTESIAN_POINT('',(7.01894583709509,-53.8249999999999,16.5154019543779));
#4893=CARTESIAN_POINT('',(-7.7810541629049,-53.8249999999999,16.515401954378));
#4894=CARTESIAN_POINT('Origin',(31.9189456811705,-54.5499999999999,16.2654019543779));
#4895=CARTESIAN_POINT('',(23.3189458370957,-54.7999999999999,16.0154019543779));
#4896=CARTESIAN_POINT('',(23.3189458370957,-54.3,16.5154019543779));
#4897=CARTESIAN_POINT('',(23.3189458370957,-54.0999999999999,16.7154019543781));
#4898=CARTESIAN_POINT('',(8.51894583709509,-54.3,16.5154019543779));
#4899=CARTESIAN_POINT('',(31.9189456811705,-54.3,16.5154019543779));
#4900=CARTESIAN_POINT('',(8.51894583709509,-54.7999999999999,16.0154019543779));
#4901=CARTESIAN_POINT('',(8.51894583709509,-54.1,16.7154019543781));
#4902=CARTESIAN_POINT('',(31.9189456811705,-54.7999999999999,16.0154019543779));
#4903=CARTESIAN_POINT('Origin',(47.9189456811705,-53.5,16.5154019543779));
#4904=CARTESIAN_POINT('',(23.3189458370957,-53.8249999999999,16.5154019543779));
#4905=CARTESIAN_POINT('',(8.51894583709509,-53.8249999999999,16.5154019543779));
#4906=CARTESIAN_POINT('Origin',(41.1189458370957,-54.7999999999996,17.515401954378));
#4907=CARTESIAN_POINT('',(41.1189458370957,-54.7999999999996,17.515401954378));
#4908=CARTESIAN_POINT('',(41.1189458370957,-53.4999999999996,18.8154019543779));
#4909=CARTESIAN_POINT('',(39.6189458370957,-54.7999999999997,17.5154019543779));
#4910=CARTESIAN_POINT('',(39.6189458370957,-53.4999999999997,18.8154019543779));
#4911=CARTESIAN_POINT('',(41.1189458370957,-54.7999999999996,17.515401954378));
#4912=CARTESIAN_POINT('Origin',(41.1189458370957,-54.1499999999996,17.6654019543779));
#4913=CARTESIAN_POINT('',(41.1189458370957,-54.7999999999996,17.515401954378));
#4914=CARTESIAN_POINT('Origin',(39.6189458370957,-54.1499999999996,17.6654019543779));
#4915=CARTESIAN_POINT('',(39.6189458370957,-54.7999999999997,17.5154019543779));
#4916=CARTESIAN_POINT('Origin',(-9.2810541629049,-53.4999999999998,18.8154019543779));
#4917=CARTESIAN_POINT('',(-9.2810541629049,-54.7999999999998,17.5154019543779));
#4918=CARTESIAN_POINT('',(-9.2810541629049,-54.7999999999998,17.5154019543779));
#4919=CARTESIAN_POINT('',(-7.78105416290492,-54.7999999999998,17.5154019543779));
#4920=CARTESIAN_POINT('',(-9.2810541629049,-54.7999999999998,17.5154019543779));
#4921=CARTESIAN_POINT('',(-7.78105416290492,-54.7999999999998,17.5154019543779));
#4922=CARTESIAN_POINT('Origin',(-9.2810541629049,-54.1499999999998,17.6654019543779));
#4923=CARTESIAN_POINT('',(-9.2810541629049,-54.7999999999998,16.5154019543779));
#4924=CARTESIAN_POINT('Origin',(-7.78105416290492,-54.1499999999998,17.6654019543779));
#4925=CARTESIAN_POINT('',(-7.78105416290492,-54.7999999999998,16.5154019543779));
#4926=CARTESIAN_POINT('Origin',(-16.8810543188295,-54.8,23.5154019543779));
#4927=CARTESIAN_POINT('',(-16.8810543188295,-54.8,23.5154019543779));
#4928=CARTESIAN_POINT('',(-16.8810543188295,-54.8,23.5154019543779));
#4929=CARTESIAN_POINT('',(-16.8810543188295,-54.8,25.0154019543779));
#4930=CARTESIAN_POINT('',(-16.8810543188295,-54.8,25.0154019543779));
#4931=CARTESIAN_POINT('',(-16.8810543188295,-54.8,23.5154019543779));
#4932=CARTESIAN_POINT('Origin',(-16.7310543188295,-54.1499999999999,23.5154019543779));
#4933=CARTESIAN_POINT('',(-17.8810543188295,-54.8,23.5154019543779));
#4934=CARTESIAN_POINT('Origin',(-16.7310543188295,-54.1499999999999,25.0154019543779));
#4935=CARTESIAN_POINT('',(-17.8810543188295,-54.8,25.0154019543779));
#4936=CARTESIAN_POINT('Origin',(-15.5810543188295,-53.5000000000003,41.3154019543779));
#4937=CARTESIAN_POINT('',(-16.8810543188295,-54.8000000000003,41.3154019543779));
#4938=CARTESIAN_POINT('',(-16.8810543188295,-54.8000000000003,41.3154019543779));
#4939=CARTESIAN_POINT('',(-16.8810543188295,-54.8000000000003,39.8154019543779));
#4940=CARTESIAN_POINT('',(-16.8810543188295,-54.8000000000003,41.3154019543779));
#4941=CARTESIAN_POINT('',(-16.8810543188295,-54.8000000000003,39.8154019543779));
#4942=CARTESIAN_POINT('Origin',(-16.7310543188295,-54.1500000000003,41.3154019543779));
#4943=CARTESIAN_POINT('',(-17.8810543188295,-54.8000000000003,41.3154019543779));
#4944=CARTESIAN_POINT('Origin',(-16.7310543188295,-54.1500000000002,39.8154019543779));
#4945=CARTESIAN_POINT('',(-17.8810543188295,-54.8000000000003,39.8154019543779));
#4946=CARTESIAN_POINT('Origin',(-9.2810541629049,-54.8,45.3654019543779));
#4947=CARTESIAN_POINT('',(-9.2810541629049,-54.8,45.3654019543779));
#4948=CARTESIAN_POINT('',(-9.28105416290489,-53.5,44.065401954378));
#4949=CARTESIAN_POINT('',(-7.7810541629049,-54.8,45.3654019543779));
#4950=CARTESIAN_POINT('',(-7.78105416290488,-53.5,44.065401954378));
#4951=CARTESIAN_POINT('',(-9.2810541629049,-54.8,45.3654019543779));
#4952=CARTESIAN_POINT('Origin',(-9.28105416290489,-54.1499999999999,45.2154019543779));
#4953=CARTESIAN_POINT('',(-9.2810541629049,-54.8,45.3654019543779));
#4954=CARTESIAN_POINT('Origin',(-7.78105416290488,-54.15,45.2154019543779));
#4955=CARTESIAN_POINT('',(-7.7810541629049,-54.8,45.3654019543779));
#4956=CARTESIAN_POINT('Origin',(7.0189458370951,-54.7999999999999,45.3654019543779));
#4957=CARTESIAN_POINT('',(7.0189458370951,-54.7999999999999,45.3654019543779));
#4958=CARTESIAN_POINT('',(7.01894583709512,-53.4999999999999,44.065401954378));
#4959=CARTESIAN_POINT('',(8.51894583709511,-54.8,45.3654019543779));
#4960=CARTESIAN_POINT('',(8.51894583709512,-53.4999999999999,44.065401954378));
#4961=CARTESIAN_POINT('',(7.0189458370951,-54.7999999999999,45.3654019543779));
#4962=CARTESIAN_POINT('Origin',(7.01894583709512,-54.1499999999999,45.2154019543779));
#4963=CARTESIAN_POINT('',(7.0189458370951,-54.7999999999999,45.3654019543779));
#4964=CARTESIAN_POINT('Origin',(8.51894583709512,-54.1499999999999,45.2154019543779));
#4965=CARTESIAN_POINT('',(8.51894583709511,-54.8,45.3654019543779));
#4966=CARTESIAN_POINT('Origin',(24.8189458370957,-53.5,44.065401954378));
#4967=CARTESIAN_POINT('',(24.8189458370957,-54.8000000000001,45.3654019543779));
#4968=CARTESIAN_POINT('',(24.8189458370957,-54.8000000000001,45.3654019543779));
#4969=CARTESIAN_POINT('',(23.3189458370957,-54.8000000000001,45.3654019543779));
#4970=CARTESIAN_POINT('',(24.8189458370957,-54.8000000000001,45.3654019543779));
#4971=CARTESIAN_POINT('',(23.3189458370957,-54.8000000000001,45.3654019543779));
#4972=CARTESIAN_POINT('Origin',(24.8189458370957,-54.15,45.2154019543779));
#4973=CARTESIAN_POINT('',(24.8189458370957,-54.8000000000001,46.3654019543779));
#4974=CARTESIAN_POINT('Origin',(23.3189458370957,-54.15,45.2154019543779));
#4975=CARTESIAN_POINT('',(23.3189458370957,-54.8000000000001,46.3654019543779));
#4976=CARTESIAN_POINT('Origin',(41.1189458370957,-53.5,44.065401954378));
#4977=CARTESIAN_POINT('',(41.1189458370957,-54.8,45.3654019543779));
#4978=CARTESIAN_POINT('',(41.1189458370957,-54.8,45.3654019543779));
#4979=CARTESIAN_POINT('',(39.6189458370957,-54.8,45.3654019543779));
#4980=CARTESIAN_POINT('',(41.1189458370957,-54.8,45.3654019543779));
#4981=CARTESIAN_POINT('',(39.6189458370957,-54.8,45.3654019543779));
#4982=CARTESIAN_POINT('Origin',(41.1189458370957,-54.15,45.2154019543779));
#4983=CARTESIAN_POINT('',(41.1189458370957,-54.8,46.3654019543779));
#4984=CARTESIAN_POINT('Origin',(39.6189458370957,-54.15,45.2154019543779));
#4985=CARTESIAN_POINT('',(39.6189458370957,-54.8,46.3654019543779));
#4986=CARTESIAN_POINT('Origin',(15.9189456811705,-54.8000000000001,32.0654019543779));
#4987=CARTESIAN_POINT('',(-16.0810543188295,-54.8000000000003,48.8154019543779));
#4988=CARTESIAN_POINT('',(-19.0810543188294,-54.8000000000003,45.815401954378));
#4989=CARTESIAN_POINT('Origin',(-16.0810543188295,-54.8000000000003,45.815401954378));
#4990=CARTESIAN_POINT('',(-19.0810543188295,-54.8000000000001,18.315401954378));
#4991=CARTESIAN_POINT('',(-19.0810543188294,-54.8000000000003,45.815401954378));
#4992=CARTESIAN_POINT('',(-16.0810543188295,-54.8000000000001,15.315401954378));
#4993=CARTESIAN_POINT('Origin',(-16.0810543188295,-54.8000000000001,18.3154019543779));
#4994=CARTESIAN_POINT('',(47.9189456811705,-54.8,15.3154019543779));
#4995=CARTESIAN_POINT('',(-16.0810543188295,-54.8000000000001,15.315401954378));
#4996=CARTESIAN_POINT('',(50.9189456811705,-54.8,18.3154019543779));
#4997=CARTESIAN_POINT('Origin',(47.9189456811705,-54.8,18.3154019543779));
#4998=CARTESIAN_POINT('',(50.9189456811705,-54.8000000000002,45.8154019543779));
#4999=CARTESIAN_POINT('',(50.9189456811705,-54.8,18.3154019543779));
#5000=CARTESIAN_POINT('',(47.9189456811706,-54.8000000000002,48.8154019543779));
#5001=CARTESIAN_POINT('Origin',(47.9189456811706,-54.8000000000002,45.8154019543779));
#5002=CARTESIAN_POINT('',(46.6689456811706,-54.8000000000002,48.8154019543779));
#5003=CARTESIAN_POINT('',(46.6689456811706,-54.8000000000002,48.8154019543779));
#5004=CARTESIAN_POINT('',(45.4189456811706,-54.8000000000002,47.5654019543779));
#5005=CARTESIAN_POINT('',(45.4189456811706,-54.8000000000002,47.5654019543779));
#5006=CARTESIAN_POINT('',(-13.5810543188295,-54.8000000000003,47.5654019543779));
#5007=CARTESIAN_POINT('',(-13.5810543188295,-54.8000000000003,47.5654019543779));
#5008=CARTESIAN_POINT('',(-14.8310543188295,-54.8000000000003,48.8154019543779));
#5009=CARTESIAN_POINT('',(-14.8310543188295,-54.8000000000003,48.8154019543779));
#5010=CARTESIAN_POINT('',(-16.0810543188295,-54.8000000000003,48.8154019543779));
#5011=CARTESIAN_POINT('',(48.7189456811705,-54.8,25.0154019543779));
#5012=CARTESIAN_POINT('',(49.7189456811705,-54.8,25.0154019543779));
#5013=CARTESIAN_POINT('',(48.7189456811705,-54.8,23.5154019543779));
#5014=CARTESIAN_POINT('',(48.7189456811705,-54.8,23.5154019543779));
#5015=CARTESIAN_POINT('',(49.7189456811705,-54.8,23.5154019543779));
#5016=CARTESIAN_POINT('',(24.8189458370957,-54.7999999999996,17.515401954378));
#5017=CARTESIAN_POINT('',(24.8189458370957,-54.7999999999996,17.515401954378));
#5018=CARTESIAN_POINT('',(23.3189458370957,-54.7999999999997,17.5154019543779));
#5019=CARTESIAN_POINT('',(23.9189458370957,-54.7999999999997,17.5154019543779));
#5020=CARTESIAN_POINT('',(23.3189458370957,-54.7999999999997,17.5154019543779));
#5021=CARTESIAN_POINT('',(8.51894583709509,-54.7999999999998,17.5154019543779));
#5022=CARTESIAN_POINT('',(8.51894583709509,-54.7999999999998,16.5154019543779));
#5023=CARTESIAN_POINT('',(7.01894583709509,-54.7999999999998,17.5154019543779));
#5024=CARTESIAN_POINT('',(7.91894583709508,-54.7999999999998,17.5154019543779));
#5025=CARTESIAN_POINT('',(7.01894583709509,-54.7999999999998,16.5154019543779));
#5026=CARTESIAN_POINT('',(48.7189456811705,-54.8,41.3154019543779));
#5027=CARTESIAN_POINT('',(49.7189456811705,-54.8,41.3154019543779));
#5028=CARTESIAN_POINT('',(48.7189456811705,-54.8,39.8154019543779));
#5029=CARTESIAN_POINT('',(48.7189456811705,-54.8,39.8154019543779));
#5030=CARTESIAN_POINT('',(49.7189456811705,-54.8,39.8154019543779));
#5031=CARTESIAN_POINT('Origin',(47.4189456811705,-53.5,39.8154019543779));
#5032=CARTESIAN_POINT('',(48.7189456811705,-54.8,39.8154019543779));
#5033=CARTESIAN_POINT('',(48.7189456811705,-54.8,41.3154019543779));
#5034=CARTESIAN_POINT('Origin',(48.5689456811705,-54.15,39.8154019543779));
#5035=CARTESIAN_POINT('Origin',(48.5689456811705,-54.15,41.3154019543779));
#5036=CARTESIAN_POINT('Origin',(47.4189456811705,-53.5,23.5154019543779));
#5037=CARTESIAN_POINT('',(48.7189456811705,-54.8,23.5154019543779));
#5038=CARTESIAN_POINT('',(48.7189456811705,-54.8,25.0154019543779));
#5039=CARTESIAN_POINT('Origin',(48.5689456811705,-54.15,23.5154019543779));
#5040=CARTESIAN_POINT('Origin',(48.5689456811705,-54.15,25.0154019543779));
#5041=CARTESIAN_POINT('Origin',(23.9189458370957,-53.4999999999997,18.8154019543779));
#5042=CARTESIAN_POINT('',(23.3189458370957,-53.4999999999997,18.8154019543779));
#5043=CARTESIAN_POINT('',(24.8189458370957,-53.4999999999996,18.8154019543779));
#5044=CARTESIAN_POINT('Origin',(24.8189458370957,-54.1499999999996,17.6654019543779));
#5045=CARTESIAN_POINT('Origin',(23.3189458370957,-54.1499999999996,17.6654019543779));
#5046=CARTESIAN_POINT('Origin',(7.91894583709508,-54.7999999999998,17.5154019543779));
#5047=CARTESIAN_POINT('',(8.51894583709509,-54.7999999999998,17.5154019543779));
#5048=CARTESIAN_POINT('',(7.01894583709509,-54.7999999999998,17.5154019543779));
#5049=CARTESIAN_POINT('Origin',(7.01894583709509,-54.1499999999998,17.6654019543779));
#5050=CARTESIAN_POINT('Origin',(8.51894583709509,-54.1499999999998,17.6654019543779));
#5051=CARTESIAN_POINT('Origin',(15.9189456811706,-50.5000000000004,32.0654019543779));
#5052=CARTESIAN_POINT('',(-9.58105431882941,-50.5000000000003,43.0654019543779));
#5053=CARTESIAN_POINT('Origin',(-12.8310543188294,-50.5000000000004,43.0654019543779));
#5054=CARTESIAN_POINT('',(-11.2310543188294,-50.5000000000004,43.0654019543779));
#5055=CARTESIAN_POINT('Origin',(-12.8310543188294,-50.5000000000004,43.0654019543779));
#5056=CARTESIAN_POINT('Origin',(15.9189456811706,-50.5000000000004,32.0654019543779));
#5057=CARTESIAN_POINT('',(-17.3310543188294,-50.5000000000005,20.5654019543779));
#5058=CARTESIAN_POINT('Origin',(-14.0810543188294,-50.5000000000005,20.5654019543779));
#5059=CARTESIAN_POINT('',(-12.4810543188294,-50.5000000000005,20.5654019543779));
#5060=CARTESIAN_POINT('Origin',(-14.0810543188294,-50.5000000000005,20.5654019543779));
#5061=CARTESIAN_POINT('Origin',(15.9189456811706,-50.5000000000004,32.0654019543779));
#5062=CARTESIAN_POINT('',(42.6689456811706,-50.5000000000004,20.5654019543779));
#5063=CARTESIAN_POINT('Origin',(45.9189456811706,-50.5000000000004,20.5654019543779));
#5064=CARTESIAN_POINT('',(47.5189456811706,-50.5000000000004,20.5654019543779));
#5065=CARTESIAN_POINT('Origin',(45.9189456811706,-50.5000000000004,20.5654019543779));
#5066=CARTESIAN_POINT('Origin',(15.9189456811706,-50.5000000000004,32.0654019543779));
#5067=CARTESIAN_POINT('',(47.9189456811706,-50.5000000000003,43.0654019543779));
#5068=CARTESIAN_POINT('Origin',(44.6689456811706,-50.5000000000003,43.0654019543779));
#5069=CARTESIAN_POINT('',(46.2689456811706,-50.5000000000003,43.0654019543779));
#5070=CARTESIAN_POINT('Origin',(44.6689456811706,-50.5000000000003,43.0654019543779));
#5071=CARTESIAN_POINT('Origin',(44.6689456811706,-57.5000000000003,43.065401954378));
#5072=CARTESIAN_POINT('',(46.2689456811706,-47.5000000000003,43.0654019543779));
#5073=CARTESIAN_POINT('',(46.2689456811706,-57.5000000000003,43.065401954378));
#5074=CARTESIAN_POINT('Origin',(44.6689456811706,-47.5000000000003,43.0654019543779));
#5075=CARTESIAN_POINT('Origin',(-12.8310543188294,-57.5000000000003,43.0654019543779));
#5076=CARTESIAN_POINT('',(-11.2310543188294,-47.5000000000003,43.0654019543778));
#5077=CARTESIAN_POINT('',(-11.2310543188294,-57.5000000000003,43.0654019543779));
#5078=CARTESIAN_POINT('Origin',(-12.8310543188294,-47.5000000000003,43.0654019543778));
#5079=CARTESIAN_POINT('Origin',(45.9189456811706,-57.5000000000004,20.5654019543779));
#5080=CARTESIAN_POINT('',(47.5189456811706,-47.5000000000004,20.5654019543779));
#5081=CARTESIAN_POINT('',(47.5189456811706,-57.5000000000004,20.5654019543779));
#5082=CARTESIAN_POINT('Origin',(45.9189456811706,-47.5000000000004,20.5654019543779));
#5083=CARTESIAN_POINT('Origin',(-14.0810543188294,-57.5000000000005,20.5654019543779));
#5084=CARTESIAN_POINT('',(-12.4810543188294,-47.5000000000005,20.5654019543778));
#5085=CARTESIAN_POINT('',(-12.4810543188294,-57.5000000000005,20.5654019543779));
#5086=CARTESIAN_POINT('Origin',(-14.0810543188294,-47.5000000000005,20.5654019543778));
#5087=CARTESIAN_POINT('Origin',(-19.0810543188294,-53.5000000000003,48.8154019543779));
#5088=CARTESIAN_POINT('',(-14.8310543188295,-47.5000000000003,48.8154019543778));
#5089=CARTESIAN_POINT('',(-14.8310543188295,-53.5000000000003,48.815401954378));
#5090=CARTESIAN_POINT('',(-16.0810543188294,-47.5000000000003,48.8154019543778));
#5091=CARTESIAN_POINT('',(-16.0810543188294,-47.5000000000003,48.8154019543778));
#5092=CARTESIAN_POINT('',(-16.0810543188294,-53.5000000000003,48.8154019543779));
#5093=CARTESIAN_POINT('Origin',(-16.0810543188294,-54.5000000000003,45.8154019543779));
#5094=CARTESIAN_POINT('',(-19.0810543188295,-47.5000000000003,45.815401954378));
#5095=CARTESIAN_POINT('Origin',(-16.0810543188294,-47.5000000000003,45.8154019543778));
#5096=CARTESIAN_POINT('',(-19.0810543188294,-52.5000000000003,45.815401954378));
#5097=CARTESIAN_POINT('Origin',(-19.0810543188294,-53.5000000000003,48.8154019543779));
#5098=CARTESIAN_POINT('',(-19.0810543188295,-47.5000000000005,18.315401954378));
#5099=CARTESIAN_POINT('',(-19.0810543188294,-47.5000000000003,45.3154019543778));
#5100=CARTESIAN_POINT('',(-19.0810543188295,-52.5000000000001,18.315401954378));
#5101=CARTESIAN_POINT('Origin',(-16.0810543188294,-54.5000000000005,18.3154019543779));
#5102=CARTESIAN_POINT('',(-16.0810543188295,-47.5000000000006,15.315401954378));
#5103=CARTESIAN_POINT('Origin',(-16.0810543188294,-47.5000000000005,18.3154019543778));
#5104=CARTESIAN_POINT('',(-16.0810543188295,-52.5000000000001,15.315401954378));
#5105=CARTESIAN_POINT('Origin',(-19.0810543188294,-53.5000000000006,15.3154019543779));
#5106=CARTESIAN_POINT('',(47.9189456811705,-47.5000000000004,15.315401954378));
#5107=CARTESIAN_POINT('',(-16.0810543188294,-47.5000000000006,15.3154019543778));
#5108=CARTESIAN_POINT('',(47.9189456811705,-52.4999999999999,15.3154019543779));
#5109=CARTESIAN_POINT('Origin',(47.9189456811706,-54.5000000000004,18.3154019543779));
#5110=CARTESIAN_POINT('',(50.9189456811705,-47.5000000000004,18.315401954378));
#5111=CARTESIAN_POINT('Origin',(47.9189456811706,-47.5000000000004,18.3154019543779));
#5112=CARTESIAN_POINT('',(50.9189456811705,-52.5,18.3154019543779));
#5113=CARTESIAN_POINT('Origin',(50.9189456811706,-53.5000000000002,48.8154019543779));
#5114=CARTESIAN_POINT('',(50.9189456811706,-47.5000000000002,45.815401954378));
#5115=CARTESIAN_POINT('',(50.9189456811706,-47.5000000000004,17.8154019543779));
#5116=CARTESIAN_POINT('',(50.9189456811706,-52.5000000000002,45.8154019543779));
#5117=CARTESIAN_POINT('Origin',(47.9189456811706,-54.5000000000002,45.8154019543779));
#5118=CARTESIAN_POINT('',(47.9189456811706,-47.5000000000002,48.815401954378));
#5119=CARTESIAN_POINT('Origin',(47.9189456811706,-47.5000000000002,45.8154019543779));
#5120=CARTESIAN_POINT('',(47.9189456811706,-52.5000000000002,48.8154019543779));
#5121=CARTESIAN_POINT('Origin',(-19.0810543188294,-53.5000000000003,48.8154019543779));
#5122=CARTESIAN_POINT('',(46.6689456811706,-47.5000000000002,48.815401954378));
#5123=CARTESIAN_POINT('',(46.6689456811706,-47.5000000000002,48.8154019543779));
#5124=CARTESIAN_POINT('',(46.6689456811706,-47.5000000000002,48.815401954378));
#5125=CARTESIAN_POINT('Origin',(45.4189456811706,-54.5000000000002,47.5654019543779));
#5126=CARTESIAN_POINT('',(45.4189456811706,-47.5000000000002,47.565401954378));
#5127=CARTESIAN_POINT('',(45.4189456811706,-47.5000000000002,47.5654019543779));
#5128=CARTESIAN_POINT('',(45.4189456811706,-52.5000000000002,47.5654019543779));
#5129=CARTESIAN_POINT('Origin',(-12.8310543188294,-47.5000000000003,47.5654019543778));
#5130=CARTESIAN_POINT('',(-13.5810543188295,-47.5000000000003,47.565401954378));
#5131=CARTESIAN_POINT('',(-13.5810543188294,-47.5000000000003,47.5654019543778));
#5132=CARTESIAN_POINT('',(-13.5810543188295,-52.5000000000003,47.565401954378));
#5133=CARTESIAN_POINT('Origin',(-14.8310543188294,-54.5000000000003,48.8154019543779));
#5134=CARTESIAN_POINT('',(-14.8310543188294,-47.5000000000003,48.8154019543778));
#5135=CARTESIAN_POINT('Origin',(-12.8310543188294,-50.5000000000004,43.0654019543779));
#5136=CARTESIAN_POINT('',(-9.58105431882941,-50.5000000000003,43.0654019543779));
#5137=CARTESIAN_POINT('Origin',(-14.0810543188294,-50.5000000000005,20.5654019543779));
#5138=CARTESIAN_POINT('',(-17.3310543188294,-50.5000000000005,20.5654019543779));
#5139=CARTESIAN_POINT('Origin',(45.9189456811706,-50.5000000000004,20.5654019543779));
#5140=CARTESIAN_POINT('',(42.6689456811706,-50.5000000000004,20.5654019543779));
#5141=CARTESIAN_POINT('Origin',(44.6689456811706,-50.5000000000003,43.0654019543779));
#5142=CARTESIAN_POINT('',(47.9189456811706,-50.5000000000003,43.0654019543779));
#5143=CARTESIAN_POINT('Origin',(15.9189456811706,-47.5000000000004,31.5654019543779));
#5144=CARTESIAN_POINT('',(-7.72444663659572,-47.5000000000005,27.1098898996539));
#5145=CARTESIAN_POINT('',(-7.7244463118353,-47.5000000000005,26.4498896065691));
#5146=CARTESIAN_POINT('',(-7.72444663659572,-47.5000000000005,26.6098898996539));
#5147=CARTESIAN_POINT('',(-6.07444631183531,-47.5000000000005,24.7998896065691));
#5148=CARTESIAN_POINT('Origin',(-6.07444631183531,-47.5000000000005,26.4498896065691));
#5149=CARTESIAN_POINT('',(0.365553606861493,-47.5000000000005,24.7998896065691));
#5150=CARTESIAN_POINT('',(-6.07444631183531,-47.5000000000005,24.7998896065691));
#5151=CARTESIAN_POINT('',(2.01555368816469,-47.5000000000004,26.4498896472206));
#5152=CARTESIAN_POINT('Origin',(0.365553606861493,-47.5000000000005,26.4498896878723));
#5153=CARTESIAN_POINT('',(2.01555368816469,-47.5000000000004,27.109889606569));
#5154=CARTESIAN_POINT('',(2.01555368816469,-47.5000000000004,25.9498896065689));
#5155=CARTESIAN_POINT('',(0.365553688164688,-47.5000000000004,28.7598896065691));
#5156=CARTESIAN_POINT('Origin',(0.365553688164688,-47.5000000000004,27.1098896065691));
#5157=CARTESIAN_POINT('',(-6.07444661803362,-47.5000000000004,28.7598899286051));
#5158=CARTESIAN_POINT('',(0.365553688164688,-47.5000000000004,28.7598896065691));
#5159=CARTESIAN_POINT('Origin',(-6.07444660492021,-47.5000000000005,27.1098898996539));
#5160=CARTESIAN_POINT('Origin',(-6.07444660492023,-43.5000000000004,27.1098898996539));
#5161=CARTESIAN_POINT('',(-7.72444663659572,-47.5000000000005,27.1098898996539));
#5162=CARTESIAN_POINT('',(-6.07444661803362,-47.5000000000004,28.7598899286051));
#5163=CARTESIAN_POINT('Origin',(0.36555368816467,-43.5000000000004,28.7598896065691));
#5164=CARTESIAN_POINT('',(0.365553688164688,-47.5000000000004,28.7598896065691));
#5165=CARTESIAN_POINT('Origin',(0.36555368816467,-43.5000000000004,27.1098896065691));
#5166=CARTESIAN_POINT('',(2.01555368816469,-47.5000000000004,27.109889606569));
#5167=CARTESIAN_POINT('Origin',(2.01555368816468,-43.5000000000004,26.4498896065689));
#5168=CARTESIAN_POINT('',(2.01555368816469,-47.5000000000004,26.4498896472206));
#5169=CARTESIAN_POINT('Origin',(0.365553606861475,-43.5000000000004,26.4498896878722));
#5170=CARTESIAN_POINT('',(0.365553606861493,-47.5000000000005,24.7998896065691));
#5171=CARTESIAN_POINT('Origin',(-6.07444631183533,-43.5000000000005,24.7998896065691));
#5172=CARTESIAN_POINT('',(-6.07444631183531,-47.5000000000005,24.7998896065691));
#5173=CARTESIAN_POINT('Origin',(-6.07444631183533,-43.5000000000004,26.4498896065691));
#5174=CARTESIAN_POINT('',(-7.7244463118353,-47.5000000000005,26.4498896065691));
#5175=CARTESIAN_POINT('Origin',(-7.72444663659574,-43.5000000000004,27.1098898996539));
#5176=UNCERTAINTY_MEASURE_WITH_UNIT(LENGTH_MEASURE(0.01),#5180,
'DISTANCE_ACCURACY_VALUE',
'Maximum model space distance between geometric entities at asserted c
onnectivities');
#5177=UNCERTAINTY_MEASURE_WITH_UNIT(LENGTH_MEASURE(0.01),#5180,
'DISTANCE_ACCURACY_VALUE',
'Maximum model space distance between geometric entities at asserted c
onnectivities');
#5178=(
GEOMETRIC_REPRESENTATION_CONTEXT(3)
GLOBAL_UNCERTAINTY_ASSIGNED_CONTEXT((#5176))
GLOBAL_UNIT_ASSIGNED_CONTEXT((#5180,#5181,#5182))
REPRESENTATION_CONTEXT('','3D')
);
#5179=(
GEOMETRIC_REPRESENTATION_CONTEXT(3)
GLOBAL_UNCERTAINTY_ASSIGNED_CONTEXT((#5177))
GLOBAL_UNIT_ASSIGNED_CONTEXT((#5180,#5181,#5182))
REPRESENTATION_CONTEXT('','3D')
);
#5180=(
LENGTH_UNIT()
NAMED_UNIT(*)
SI_UNIT(.MILLI.,.METRE.)
);
#5181=(
NAMED_UNIT(*)
PLANE_ANGLE_UNIT()
SI_UNIT($,.RADIAN.)
);
#5182=(
NAMED_UNIT(*)
SI_UNIT($,.STERADIAN.)
SOLID_ANGLE_UNIT()
);
#5183=SHAPE_DEFINITION_REPRESENTATION(#5184,#5185);
#5184=PRODUCT_DEFINITION_SHAPE('',$,#5187);
#5185=SHAPE_REPRESENTATION('',(#3110),#5178);
#5186=PRODUCT_DEFINITION_CONTEXT('part definition',#5191,'design');
#5187=PRODUCT_DEFINITION('bracketC45','bracketC45 v33',#5188,#5186);
#5188=PRODUCT_DEFINITION_FORMATION('',$,#5193);
#5189=PRODUCT_RELATED_PRODUCT_CATEGORY('bracketC45 v33',
'bracketC45 v33',(#5193));
#5190=APPLICATION_PROTOCOL_DEFINITION('international standard',
'automotive_design',2009,#5191);
#5191=APPLICATION_CONTEXT(
'Core Data for Automotive Mechanical Design Process');
#5192=PRODUCT_CONTEXT('part definition',#5191,'mechanical');
#5193=PRODUCT('bracketC45','bracketC45 v33',$,(#5192));
#5194=PRESENTATION_STYLE_ASSIGNMENT((#5200));
#5195=PRESENTATION_STYLE_ASSIGNMENT((#5201));
#5196=PRESENTATION_STYLE_ASSIGNMENT((#5202));
#5197=PRESENTATION_STYLE_ASSIGNMENT((#5203));
#5198=PRESENTATION_STYLE_ASSIGNMENT((#5204));
#5199=PRESENTATION_STYLE_ASSIGNMENT((#5205));
#5200=SURFACE_STYLE_USAGE(.BOTH.,#5206);
#5201=SURFACE_STYLE_USAGE(.BOTH.,#5207);
#5202=SURFACE_STYLE_USAGE(.BOTH.,#5208);
#5203=SURFACE_STYLE_USAGE(.BOTH.,#5209);
#5204=SURFACE_STYLE_USAGE(.BOTH.,#5210);
#5205=SURFACE_STYLE_USAGE(.BOTH.,#5211);
#5206=SURFACE_SIDE_STYLE('',(#5212));
#5207=SURFACE_SIDE_STYLE('',(#5213));
#5208=SURFACE_SIDE_STYLE('',(#5214));
#5209=SURFACE_SIDE_STYLE('',(#5215));
#5210=SURFACE_SIDE_STYLE('',(#5216));
#5211=SURFACE_SIDE_STYLE('',(#5217));
#5212=SURFACE_STYLE_FILL_AREA(#5218);
#5213=SURFACE_STYLE_FILL_AREA(#5219);
#5214=SURFACE_STYLE_FILL_AREA(#5220);
#5215=SURFACE_STYLE_FILL_AREA(#5221);
#5216=SURFACE_STYLE_FILL_AREA(#5222);
#5217=SURFACE_STYLE_FILL_AREA(#5223);
#5218=FILL_AREA_STYLE('Steel - Satin',(#5224));
#5219=FILL_AREA_STYLE('Plastic - Translucent Matte (Blue)',(#5225));
#5220=FILL_AREA_STYLE('Opaque(202,209,238)',(#5226));
#5221=FILL_AREA_STYLE('Opaque(144,144,144)',(#5227));
#5222=FILL_AREA_STYLE('Opaque(192,192,192)',(#5228));
#5223=FILL_AREA_STYLE('Opaque(151,158,166)',(#5229));
#5224=FILL_AREA_STYLE_COLOUR('Steel - Satin',#5230);
#5225=FILL_AREA_STYLE_COLOUR('Plastic - Translucent Matte (Blue)',#5231);
#5226=FILL_AREA_STYLE_COLOUR('Opaque(202,209,238)',#5232);
#5227=FILL_AREA_STYLE_COLOUR('Opaque(144,144,144)',#5233);
#5228=FILL_AREA_STYLE_COLOUR('Opaque(192,192,192)',#5234);
#5229=FILL_AREA_STYLE_COLOUR('Opaque(151,158,166)',#5235);
#5230=COLOUR_RGB('Steel - Satin',0.627450980392157,0.627450980392157,0.627450980392157);
#5231=COLOUR_RGB('Plastic - Translucent Matte (Blue)',0.,0.117647058823529,
1.);
#5232=COLOUR_RGB('Opaque(202,209,238)',0.792156862745098,0.819607843137255,
0.933333333333333);
#5233=COLOUR_RGB('Opaque(144,144,144)',0.564705882352941,0.564705882352941,
0.564705882352941);
#5234=COLOUR_RGB('Opaque(192,192,192)',0.752941176470588,0.752941176470588,
0.752941176470588);
#5235=COLOUR_RGB('Opaque(151,158,166)',0.592156862745098,0.619607843137255,
0.650980392156863);
ENDSEC;
END-ISO-10303-21;
