ISO-10303-21;
HEADER;
/* Generated by software containing ST-Developer
 * from STEP Tools, Inc. (www.steptools.com) 
 */

FILE_DESCRIPTION(
/* description */ (''),
/* implementation_level */ '2;1');

FILE_NAME(
/* name */ 'V02_caseB_04.12.24.step.step',
/* time_stamp */ '2024-12-04T18:05:38+03:00',
/* author */ (''),
/* organization */ (''),
/* preprocessor_version */ 'ST-DEVELOPER v20',
/* originating_system */ 'Autodesk Translation Framework v13.20.0.188',

/* authorisation */ '');

FILE_SCHEMA (('AUTOMOTIVE_DESIGN { 1 0 10303 214 3 1 1 }'));
ENDSEC;

DATA;
#10=MECHANICAL_DESIGN_GEOMETRIC_PRESENTATION_REPRESENTATION('',(#13),#4159);
#11=SHAPE_REPRESENTATION_RELATIONSHIP('SRR','None',#4165,#12);
#12=ADVANCED_BREP_SHAPE_REPRESENTATION('',(#14),#4158);
#13=STYLED_ITEM('',(#4177),#14);
#14=MANIFOLD_SOLID_BREP('top case',#2543);
#15=TOROIDAL_SURFACE('',#2712,1.5,1.);
#16=TOROIDAL_SURFACE('',#2717,1.5,1.);
#17=TOROIDAL_SURFACE('',#2722,1.5,1.);
#18=TOROIDAL_SURFACE('',#2727,1.5,1.);
#19=FACE_BOUND('',#352,.T.);
#20=FACE_BOUND('',#366,.T.);
#21=FACE_BOUND('',#367,.T.);
#22=FACE_BOUND('',#368,.T.);
#23=FACE_BOUND('',#369,.T.);
#24=FACE_BOUND('',#370,.T.);
#25=FACE_BOUND('',#389,.T.);
#26=FACE_BOUND('',#391,.T.);
#27=FACE_BOUND('',#393,.T.);
#28=FACE_BOUND('',#395,.T.);
#29=FACE_BOUND('',#405,.T.);
#30=FACE_BOUND('',#406,.T.);
#31=FACE_BOUND('',#407,.T.);
#32=FACE_BOUND('',#408,.T.);
#33=FACE_BOUND('',#409,.T.);
#34=FACE_BOUND('',#410,.T.);
#35=CONICAL_SURFACE('',#2563,2.05,0.78539816339764);
#36=CONICAL_SURFACE('',#2574,2.04999999999995,0.785398163397462);
#37=CONICAL_SURFACE('',#2593,2.04999999999996,0.785398163397358);
#38=CONICAL_SURFACE('',#2606,2.05,0.785398163397521);
#39=PLANE('',#2548);
#40=PLANE('',#2551);
#41=PLANE('',#2556);
#42=PLANE('',#2557);
#43=PLANE('',#2558);
#44=PLANE('',#2559);
#45=PLANE('',#2560);
#46=PLANE('',#2561);
#47=PLANE('',#2562);
#48=PLANE('',#2566);
#49=PLANE('',#2567);
#50=PLANE('',#2570);
#51=PLANE('',#2571);
#52=PLANE('',#2572);
#53=PLANE('',#2573);
#54=PLANE('',#2577);
#55=PLANE('',#2578);
#56=PLANE('',#2581);
#57=PLANE('',#2582);
#58=PLANE('',#2583);
#59=PLANE('',#2584);
#60=PLANE('',#2585);
#61=PLANE('',#2586);
#62=PLANE('',#2587);
#63=PLANE('',#2588);
#64=PLANE('',#2589);
#65=PLANE('',#2590);
#66=PLANE('',#2591);
#67=PLANE('',#2592);
#68=PLANE('',#2596);
#69=PLANE('',#2597);
#70=PLANE('',#2598);
#71=PLANE('',#2599);
#72=PLANE('',#2602);
#73=PLANE('',#2603);
#74=PLANE('',#2604);
#75=PLANE('',#2605);
#76=PLANE('',#2609);
#77=PLANE('',#2610);
#78=PLANE('',#2613);
#79=PLANE('',#2614);
#80=PLANE('',#2615);
#81=PLANE('',#2616);
#82=PLANE('',#2617);
#83=PLANE('',#2618);
#84=PLANE('',#2619);
#85=PLANE('',#2620);
#86=PLANE('',#2621);
#87=PLANE('',#2622);
#88=PLANE('',#2623);
#89=PLANE('',#2624);
#90=PLANE('',#2625);
#91=PLANE('',#2626);
#92=PLANE('',#2627);
#93=PLANE('',#2628);
#94=PLANE('',#2629);
#95=PLANE('',#2630);
#96=PLANE('',#2631);
#97=PLANE('',#2632);
#98=PLANE('',#2633);
#99=PLANE('',#2634);
#100=PLANE('',#2635);
#101=PLANE('',#2636);
#102=PLANE('',#2637);
#103=PLANE('',#2638);
#104=PLANE('',#2639);
#105=PLANE('',#2640);
#106=PLANE('',#2641);
#107=PLANE('',#2642);
#108=PLANE('',#2647);
#109=PLANE('',#2648);
#110=PLANE('',#2649);
#111=PLANE('',#2650);
#112=PLANE('',#2651);
#113=PLANE('',#2652);
#114=PLANE('',#2653);
#115=PLANE('',#2654);
#116=PLANE('',#2655);
#117=PLANE('',#2656);
#118=PLANE('',#2657);
#119=PLANE('',#2658);
#120=PLANE('',#2659);
#121=PLANE('',#2672);
#122=PLANE('',#2675);
#123=PLANE('',#2678);
#124=PLANE('',#2681);
#125=PLANE('',#2684);
#126=PLANE('',#2705);
#127=PLANE('',#2706);
#128=PLANE('',#2707);
#129=PLANE('',#2708);
#130=PLANE('',#2729);
#131=PLANE('',#2731);
#132=PLANE('',#2733);
#133=PLANE('',#2735);
#134=PLANE('',#2737);
#135=PLANE('',#2738);
#136=PLANE('',#2739);
#137=PLANE('',#2740);
#138=FACE_OUTER_BOUND('',#272,.T.);
#139=FACE_OUTER_BOUND('',#273,.T.);
#140=FACE_OUTER_BOUND('',#274,.T.);
#141=FACE_OUTER_BOUND('',#275,.T.);
#142=FACE_OUTER_BOUND('',#276,.T.);
#143=FACE_OUTER_BOUND('',#277,.T.);
#144=FACE_OUTER_BOUND('',#278,.T.);
#145=FACE_OUTER_BOUND('',#279,.T.);
#146=FACE_OUTER_BOUND('',#280,.T.);
#147=FACE_OUTER_BOUND('',#281,.T.);
#148=FACE_OUTER_BOUND('',#282,.T.);
#149=FACE_OUTER_BOUND('',#283,.T.);
#150=FACE_OUTER_BOUND('',#284,.T.);
#151=FACE_OUTER_BOUND('',#285,.T.);
#152=FACE_OUTER_BOUND('',#286,.T.);
#153=FACE_OUTER_BOUND('',#287,.T.);
#154=FACE_OUTER_BOUND('',#288,.T.);
#155=FACE_OUTER_BOUND('',#289,.T.);
#156=FACE_OUTER_BOUND('',#290,.T.);
#157=FACE_OUTER_BOUND('',#291,.T.);
#158=FACE_OUTER_BOUND('',#292,.T.);
#159=FACE_OUTER_BOUND('',#293,.T.);
#160=FACE_OUTER_BOUND('',#294,.T.);
#161=FACE_OUTER_BOUND('',#295,.T.);
#162=FACE_OUTER_BOUND('',#296,.T.);
#163=FACE_OUTER_BOUND('',#297,.T.);
#164=FACE_OUTER_BOUND('',#298,.T.);
#165=FACE_OUTER_BOUND('',#299,.T.);
#166=FACE_OUTER_BOUND('',#300,.T.);
#167=FACE_OUTER_BOUND('',#301,.T.);
#168=FACE_OUTER_BOUND('',#302,.T.);
#169=FACE_OUTER_BOUND('',#303,.T.);
#170=FACE_OUTER_BOUND('',#304,.T.);
#171=FACE_OUTER_BOUND('',#305,.T.);
#172=FACE_OUTER_BOUND('',#306,.T.);
#173=FACE_OUTER_BOUND('',#307,.T.);
#174=FACE_OUTER_BOUND('',#308,.T.);
#175=FACE_OUTER_BOUND('',#309,.T.);
#176=FACE_OUTER_BOUND('',#310,.T.);
#177=FACE_OUTER_BOUND('',#311,.T.);
#178=FACE_OUTER_BOUND('',#312,.T.);
#179=FACE_OUTER_BOUND('',#313,.T.);
#180=FACE_OUTER_BOUND('',#314,.T.);
#181=FACE_OUTER_BOUND('',#315,.T.);
#182=FACE_OUTER_BOUND('',#316,.T.);
#183=FACE_OUTER_BOUND('',#317,.T.);
#184=FACE_OUTER_BOUND('',#318,.T.);
#185=FACE_OUTER_BOUND('',#319,.T.);
#186=FACE_OUTER_BOUND('',#320,.T.);
#187=FACE_OUTER_BOUND('',#321,.T.);
#188=FACE_OUTER_BOUND('',#322,.T.);
#189=FACE_OUTER_BOUND('',#323,.T.);
#190=FACE_OUTER_BOUND('',#324,.T.);
#191=FACE_OUTER_BOUND('',#325,.T.);
#192=FACE_OUTER_BOUND('',#326,.T.);
#193=FACE_OUTER_BOUND('',#327,.T.);
#194=FACE_OUTER_BOUND('',#328,.T.);
#195=FACE_OUTER_BOUND('',#329,.T.);
#196=FACE_OUTER_BOUND('',#330,.T.);
#197=FACE_OUTER_BOUND('',#331,.T.);
#198=FACE_OUTER_BOUND('',#332,.T.);
#199=FACE_OUTER_BOUND('',#333,.T.);
#200=FACE_OUTER_BOUND('',#334,.T.);
#201=FACE_OUTER_BOUND('',#335,.T.);
#202=FACE_OUTER_BOUND('',#336,.T.);
#203=FACE_OUTER_BOUND('',#337,.T.);
#204=FACE_OUTER_BOUND('',#338,.T.);
#205=FACE_OUTER_BOUND('',#339,.T.);
#206=FACE_OUTER_BOUND('',#340,.T.);
#207=FACE_OUTER_BOUND('',#341,.T.);
#208=FACE_OUTER_BOUND('',#342,.T.);
#209=FACE_OUTER_BOUND('',#343,.T.);
#210=FACE_OUTER_BOUND('',#344,.T.);
#211=FACE_OUTER_BOUND('',#345,.T.);
#212=FACE_OUTER_BOUND('',#346,.T.);
#213=FACE_OUTER_BOUND('',#347,.T.);
#214=FACE_OUTER_BOUND('',#348,.T.);
#215=FACE_OUTER_BOUND('',#349,.T.);
#216=FACE_OUTER_BOUND('',#350,.T.);
#217=FACE_OUTER_BOUND('',#351,.T.);
#218=FACE_OUTER_BOUND('',#353,.T.);
#219=FACE_OUTER_BOUND('',#354,.T.);
#220=FACE_OUTER_BOUND('',#355,.T.);
#221=FACE_OUTER_BOUND('',#356,.T.);
#222=FACE_OUTER_BOUND('',#357,.T.);
#223=FACE_OUTER_BOUND('',#358,.T.);
#224=FACE_OUTER_BOUND('',#359,.T.);
#225=FACE_OUTER_BOUND('',#360,.T.);
#226=FACE_OUTER_BOUND('',#361,.T.);
#227=FACE_OUTER_BOUND('',#362,.T.);
#228=FACE_OUTER_BOUND('',#363,.T.);
#229=FACE_OUTER_BOUND('',#364,.T.);
#230=FACE_OUTER_BOUND('',#365,.T.);
#231=FACE_OUTER_BOUND('',#371,.T.);
#232=FACE_OUTER_BOUND('',#372,.T.);
#233=FACE_OUTER_BOUND('',#373,.T.);
#234=FACE_OUTER_BOUND('',#374,.T.);
#235=FACE_OUTER_BOUND('',#375,.T.);
#236=FACE_OUTER_BOUND('',#376,.T.);
#237=FACE_OUTER_BOUND('',#377,.T.);
#238=FACE_OUTER_BOUND('',#378,.T.);
#239=FACE_OUTER_BOUND('',#379,.T.);
#240=FACE_OUTER_BOUND('',#380,.T.);
#241=FACE_OUTER_BOUND('',#381,.T.);
#242=FACE_OUTER_BOUND('',#382,.T.);
#243=FACE_OUTER_BOUND('',#383,.T.);
#244=FACE_OUTER_BOUND('',#384,.T.);
#245=FACE_OUTER_BOUND('',#385,.T.);
#246=FACE_OUTER_BOUND('',#386,.T.);
#247=FACE_OUTER_BOUND('',#387,.T.);
#248=FACE_OUTER_BOUND('',#388,.T.);
#249=FACE_OUTER_BOUND('',#390,.T.);
#250=FACE_OUTER_BOUND('',#392,.T.);
#251=FACE_OUTER_BOUND('',#394,.T.);
#252=FACE_OUTER_BOUND('',#396,.T.);
#253=FACE_OUTER_BOUND('',#397,.T.);
#254=FACE_OUTER_BOUND('',#398,.T.);
#255=FACE_OUTER_BOUND('',#399,.T.);
#256=FACE_OUTER_BOUND('',#400,.T.);
#257=FACE_OUTER_BOUND('',#401,.T.);
#258=FACE_OUTER_BOUND('',#402,.T.);
#259=FACE_OUTER_BOUND('',#403,.T.);
#260=FACE_OUTER_BOUND('',#404,.T.);
#261=FACE_OUTER_BOUND('',#411,.T.);
#262=FACE_OUTER_BOUND('',#412,.T.);
#263=FACE_OUTER_BOUND('',#413,.T.);
#264=FACE_OUTER_BOUND('',#414,.T.);
#265=FACE_OUTER_BOUND('',#415,.T.);
#266=FACE_OUTER_BOUND('',#416,.T.);
#267=FACE_OUTER_BOUND('',#417,.T.);
#268=FACE_OUTER_BOUND('',#418,.T.);
#269=FACE_OUTER_BOUND('',#419,.T.);
#270=FACE_OUTER_BOUND('',#420,.T.);
#271=FACE_OUTER_BOUND('',#421,.T.);
#272=EDGE_LOOP('',(#1666,#1667,#1668,#1669));
#273=EDGE_LOOP('',(#1670,#1671,#1672,#1673,#1674,#1675));
#274=EDGE_LOOP('',(#1676,#1677,#1678,#1679));
#275=EDGE_LOOP('',(#1680,#1681,#1682,#1683));
#276=EDGE_LOOP('',(#1684,#1685,#1686,#1687));
#277=EDGE_LOOP('',(#1688,#1689,#1690,#1691));
#278=EDGE_LOOP('',(#1692,#1693,#1694,#1695));
#279=EDGE_LOOP('',(#1696,#1697,#1698,#1699));
#280=EDGE_LOOP('',(#1700,#1701,#1702,#1703));
#281=EDGE_LOOP('',(#1704,#1705,#1706,#1707));
#282=EDGE_LOOP('',(#1708,#1709,#1710,#1711));
#283=EDGE_LOOP('',(#1712,#1713,#1714,#1715));
#284=EDGE_LOOP('',(#1716,#1717,#1718,#1719));
#285=EDGE_LOOP('',(#1720,#1721,#1722,#1723));
#286=EDGE_LOOP('',(#1724,#1725,#1726,#1727));
#287=EDGE_LOOP('',(#1728,#1729,#1730,#1731));
#288=EDGE_LOOP('',(#1732,#1733,#1734,#1735));
#289=EDGE_LOOP('',(#1736,#1737,#1738,#1739));
#290=EDGE_LOOP('',(#1740,#1741,#1742,#1743));
#291=EDGE_LOOP('',(#1744,#1745,#1746,#1747));
#292=EDGE_LOOP('',(#1748,#1749,#1750,#1751));
#293=EDGE_LOOP('',(#1752,#1753,#1754,#1755));
#294=EDGE_LOOP('',(#1756,#1757,#1758,#1759));
#295=EDGE_LOOP('',(#1760,#1761,#1762,#1763));
#296=EDGE_LOOP('',(#1764,#1765,#1766,#1767));
#297=EDGE_LOOP('',(#1768,#1769,#1770,#1771));
#298=EDGE_LOOP('',(#1772,#1773,#1774,#1775));
#299=EDGE_LOOP('',(#1776,#1777,#1778,#1779));
#300=EDGE_LOOP('',(#1780,#1781,#1782,#1783));
#301=EDGE_LOOP('',(#1784,#1785,#1786,#1787));
#302=EDGE_LOOP('',(#1788,#1789,#1790,#1791));
#303=EDGE_LOOP('',(#1792,#1793,#1794,#1795));
#304=EDGE_LOOP('',(#1796,#1797,#1798,#1799));
#305=EDGE_LOOP('',(#1800,#1801,#1802,#1803));
#306=EDGE_LOOP('',(#1804,#1805,#1806,#1807));
#307=EDGE_LOOP('',(#1808,#1809,#1810,#1811));
#308=EDGE_LOOP('',(#1812,#1813,#1814,#1815));
#309=EDGE_LOOP('',(#1816,#1817,#1818,#1819));
#310=EDGE_LOOP('',(#1820,#1821,#1822,#1823));
#311=EDGE_LOOP('',(#1824,#1825,#1826,#1827));
#312=EDGE_LOOP('',(#1828,#1829,#1830,#1831));
#313=EDGE_LOOP('',(#1832,#1833,#1834,#1835));
#314=EDGE_LOOP('',(#1836,#1837,#1838,#1839));
#315=EDGE_LOOP('',(#1840,#1841,#1842,#1843));
#316=EDGE_LOOP('',(#1844,#1845,#1846,#1847));
#317=EDGE_LOOP('',(#1848,#1849,#1850,#1851));
#318=EDGE_LOOP('',(#1852,#1853,#1854,#1855));
#319=EDGE_LOOP('',(#1856,#1857,#1858,#1859));
#320=EDGE_LOOP('',(#1860,#1861,#1862,#1863));
#321=EDGE_LOOP('',(#1864,#1865,#1866,#1867));
#322=EDGE_LOOP('',(#1868,#1869,#1870,#1871));
#323=EDGE_LOOP('',(#1872,#1873,#1874,#1875));
#324=EDGE_LOOP('',(#1876,#1877,#1878,#1879));
#325=EDGE_LOOP('',(#1880,#1881,#1882,#1883));
#326=EDGE_LOOP('',(#1884,#1885,#1886,#1887));
#327=EDGE_LOOP('',(#1888,#1889,#1890,#1891));
#328=EDGE_LOOP('',(#1892,#1893,#1894,#1895,#1896));
#329=EDGE_LOOP('',(#1897,#1898,#1899,#1900,#1901));
#330=EDGE_LOOP('',(#1902,#1903,#1904,#1905));
#331=EDGE_LOOP('',(#1906,#1907,#1908,#1909,#1910));
#332=EDGE_LOOP('',(#1911,#1912,#1913,#1914,#1915));
#333=EDGE_LOOP('',(#1916,#1917,#1918,#1919));
#334=EDGE_LOOP('',(#1920,#1921,#1922,#1923,#1924));
#335=EDGE_LOOP('',(#1925,#1926,#1927,#1928,#1929));
#336=EDGE_LOOP('',(#1930,#1931,#1932,#1933));
#337=EDGE_LOOP('',(#1934,#1935,#1936,#1937,#1938));
#338=EDGE_LOOP('',(#1939,#1940,#1941,#1942,#1943));
#339=EDGE_LOOP('',(#1944,#1945,#1946,#1947));
#340=EDGE_LOOP('',(#1948,#1949,#1950,#1951,#1952));
#341=EDGE_LOOP('',(#1953,#1954,#1955,#1956,#1957));
#342=EDGE_LOOP('',(#1958,#1959,#1960,#1961));
#343=EDGE_LOOP('',(#1962,#1963,#1964,#1965,#1966));
#344=EDGE_LOOP('',(#1967,#1968,#1969,#1970,#1971));
#345=EDGE_LOOP('',(#1972,#1973,#1974,#1975));
#346=EDGE_LOOP('',(#1976,#1977,#1978,#1979,#1980));
#347=EDGE_LOOP('',(#1981,#1982,#1983,#1984,#1985));
#348=EDGE_LOOP('',(#1986,#1987,#1988,#1989));
#349=EDGE_LOOP('',(#1990,#1991,#1992,#1993,#1994));
#350=EDGE_LOOP('',(#1995,#1996,#1997,#1998,#1999));
#351=EDGE_LOOP('',(#2000,#2001,#2002,#2003,#2004,#2005,#2006,#2007,#2008,
#2009,#2010,#2011));
#352=EDGE_LOOP('',(#2012,#2013,#2014,#2015,#2016,#2017,#2018,#2019,#2020,
#2021,#2022,#2023,#2024,#2025,#2026,#2027,#2028,#2029,#2030,#2031,#2032,
#2033,#2034,#2035,#2036,#2037,#2038,#2039,#2040,#2041,#2042,#2043,#2044,
#2045,#2046,#2047,#2048,#2049,#2050,#2051,#2052,#2053,#2054,#2055,#2056,
#2057,#2058,#2059,#2060,#2061,#2062,#2063,#2064,#2065,#2066,#2067,#2068,
#2069,#2070,#2071));
#353=EDGE_LOOP('',(#2072,#2073,#2074,#2075));
#354=EDGE_LOOP('',(#2076,#2077,#2078,#2079,#2080));
#355=EDGE_LOOP('',(#2081,#2082,#2083,#2084,#2085));
#356=EDGE_LOOP('',(#2086,#2087,#2088,#2089));
#357=EDGE_LOOP('',(#2090,#2091,#2092,#2093,#2094));
#358=EDGE_LOOP('',(#2095,#2096,#2097,#2098,#2099));
#359=EDGE_LOOP('',(#2100,#2101,#2102,#2103));
#360=EDGE_LOOP('',(#2104,#2105,#2106,#2107,#2108));
#361=EDGE_LOOP('',(#2109,#2110,#2111,#2112,#2113));
#362=EDGE_LOOP('',(#2114,#2115,#2116,#2117));
#363=EDGE_LOOP('',(#2118,#2119,#2120,#2121,#2122));
#364=EDGE_LOOP('',(#2123,#2124,#2125,#2126,#2127));
#365=EDGE_LOOP('',(#2128,#2129,#2130,#2131,#2132,#2133,#2134,#2135,#2136,
#2137,#2138,#2139));
#366=EDGE_LOOP('',(#2140,#2141,#2142,#2143,#2144,#2145,#2146,#2147));
#367=EDGE_LOOP('',(#2148));
#368=EDGE_LOOP('',(#2149));
#369=EDGE_LOOP('',(#2150));
#370=EDGE_LOOP('',(#2151));
#371=EDGE_LOOP('',(#2152,#2153,#2154,#2155));
#372=EDGE_LOOP('',(#2156,#2157,#2158,#2159));
#373=EDGE_LOOP('',(#2160,#2161,#2162,#2163));
#374=EDGE_LOOP('',(#2164,#2165,#2166,#2167));
#375=EDGE_LOOP('',(#2168,#2169,#2170,#2171));
#376=EDGE_LOOP('',(#2172,#2173,#2174,#2175));
#377=EDGE_LOOP('',(#2176,#2177,#2178,#2179));
#378=EDGE_LOOP('',(#2180,#2181,#2182,#2183));
#379=EDGE_LOOP('',(#2184,#2185,#2186,#2187));
#380=EDGE_LOOP('',(#2188,#2189,#2190,#2191));
#381=EDGE_LOOP('',(#2192,#2193,#2194,#2195));
#382=EDGE_LOOP('',(#2196,#2197,#2198,#2199));
#383=EDGE_LOOP('',(#2200,#2201,#2202,#2203));
#384=EDGE_LOOP('',(#2204,#2205,#2206,#2207));
#385=EDGE_LOOP('',(#2208,#2209,#2210,#2211));
#386=EDGE_LOOP('',(#2212,#2213,#2214,#2215));
#387=EDGE_LOOP('',(#2216,#2217,#2218,#2219));
#388=EDGE_LOOP('',(#2220));
#389=EDGE_LOOP('',(#2221));
#390=EDGE_LOOP('',(#2222));
#391=EDGE_LOOP('',(#2223));
#392=EDGE_LOOP('',(#2224));
#393=EDGE_LOOP('',(#2225));
#394=EDGE_LOOP('',(#2226));
#395=EDGE_LOOP('',(#2227));
#396=EDGE_LOOP('',(#2228,#2229,#2230,#2231));
#397=EDGE_LOOP('',(#2232,#2233,#2234,#2235));
#398=EDGE_LOOP('',(#2236,#2237,#2238,#2239));
#399=EDGE_LOOP('',(#2240,#2241,#2242,#2243));
#400=EDGE_LOOP('',(#2244,#2245,#2246,#2247));
#401=EDGE_LOOP('',(#2248,#2249,#2250,#2251));
#402=EDGE_LOOP('',(#2252,#2253,#2254,#2255));
#403=EDGE_LOOP('',(#2256,#2257,#2258,#2259));
#404=EDGE_LOOP('',(#2260,#2261,#2262,#2263,#2264,#2265,#2266,#2267,#2268,
#2269,#2270,#2271,#2272,#2273,#2274,#2275,#2276,#2277,#2278,#2279,#2280,
#2281,#2282,#2283,#2284,#2285,#2286,#2287,#2288,#2289,#2290,#2291,#2292,
#2293,#2294,#2295,#2296,#2297,#2298,#2299,#2300,#2301,#2302,#2303,#2304,
#2305,#2306,#2307,#2308,#2309,#2310,#2311,#2312,#2313,#2314,#2315,#2316,
#2317,#2318,#2319));
#405=EDGE_LOOP('',(#2320,#2321,#2322,#2323,#2324,#2325));
#406=EDGE_LOOP('',(#2326));
#407=EDGE_LOOP('',(#2327));
#408=EDGE_LOOP('',(#2328));
#409=EDGE_LOOP('',(#2329));
#410=EDGE_LOOP('',(#2330,#2331,#2332,#2333,#2334,#2335,#2336,#2337));
#411=EDGE_LOOP('',(#2338,#2339,#2340,#2341));
#412=EDGE_LOOP('',(#2342,#2343,#2344,#2345));
#413=EDGE_LOOP('',(#2346,#2347,#2348,#2349));
#414=EDGE_LOOP('',(#2350,#2351,#2352,#2353));
#415=EDGE_LOOP('',(#2354,#2355,#2356,#2357));
#416=EDGE_LOOP('',(#2358,#2359,#2360,#2361));
#417=EDGE_LOOP('',(#2362,#2363,#2364,#2365));
#418=EDGE_LOOP('',(#2366,#2367,#2368,#2369));
#419=EDGE_LOOP('',(#2370,#2371,#2372,#2373));
#420=EDGE_LOOP('',(#2374,#2375,#2376,#2377));
#421=EDGE_LOOP('',(#2378,#2379,#2380,#2381));
#422=LINE('',#3437,#718);
#423=LINE('',#3440,#719);
#424=LINE('',#3443,#720);
#425=LINE('',#3447,#721);
#426=LINE('',#3450,#722);
#427=LINE('',#3453,#723);
#428=LINE('',#3454,#724);
#429=LINE('',#3458,#725);
#430=LINE('',#3461,#726);
#431=LINE('',#3464,#727);
#432=LINE('',#3466,#728);
#433=LINE('',#3468,#729);
#434=LINE('',#3472,#730);
#435=LINE('',#3474,#731);
#436=LINE('',#3476,#732);
#437=LINE('',#3477,#733);
#438=LINE('',#3480,#734);
#439=LINE('',#3482,#735);
#440=LINE('',#3483,#736);
#441=LINE('',#3487,#737);
#442=LINE('',#3489,#738);
#443=LINE('',#3491,#739);
#444=LINE('',#3492,#740);
#445=LINE('',#3495,#741);
#446=LINE('',#3497,#742);
#447=LINE('',#3498,#743);
#448=LINE('',#3502,#744);
#449=LINE('',#3504,#745);
#450=LINE('',#3506,#746);
#451=LINE('',#3507,#747);
#452=LINE('',#3511,#748);
#453=LINE('',#3517,#749);
#454=LINE('',#3518,#750);
#455=LINE('',#3519,#751);
#456=LINE('',#3522,#752);
#457=LINE('',#3524,#753);
#458=LINE('',#3525,#754);
#459=LINE('',#3528,#755);
#460=LINE('',#3532,#756);
#461=LINE('',#3533,#757);
#462=LINE('',#3537,#758);
#463=LINE('',#3539,#759);
#464=LINE('',#3541,#760);
#465=LINE('',#3542,#761);
#466=LINE('',#3545,#762);
#467=LINE('',#3547,#763);
#468=LINE('',#3548,#764);
#469=LINE('',#3551,#765);
#470=LINE('',#3553,#766);
#471=LINE('',#3554,#767);
#472=LINE('',#3558,#768);
#473=LINE('',#3564,#769);
#474=LINE('',#3565,#770);
#475=LINE('',#3566,#771);
#476=LINE('',#3569,#772);
#477=LINE('',#3571,#773);
#478=LINE('',#3572,#774);
#479=LINE('',#3575,#775);
#480=LINE('',#3579,#776);
#481=LINE('',#3580,#777);
#482=LINE('',#3583,#778);
#483=LINE('',#3584,#779);
#484=LINE('',#3587,#780);
#485=LINE('',#3588,#781);
#486=LINE('',#3592,#782);
#487=LINE('',#3594,#783);
#488=LINE('',#3596,#784);
#489=LINE('',#3597,#785);
#490=LINE('',#3600,#786);
#491=LINE('',#3602,#787);
#492=LINE('',#3603,#788);
#493=LINE('',#3607,#789);
#494=LINE('',#3609,#790);
#495=LINE('',#3611,#791);
#496=LINE('',#3612,#792);
#497=LINE('',#3615,#793);
#498=LINE('',#3617,#794);
#499=LINE('',#3618,#795);
#500=LINE('',#3622,#796);
#501=LINE('',#3624,#797);
#502=LINE('',#3626,#798);
#503=LINE('',#3627,#799);
#504=LINE('',#3630,#800);
#505=LINE('',#3632,#801);
#506=LINE('',#3633,#802);
#507=LINE('',#3637,#803);
#508=LINE('',#3639,#804);
#509=LINE('',#3641,#805);
#510=LINE('',#3642,#806);
#511=LINE('',#3645,#807);
#512=LINE('',#3647,#808);
#513=LINE('',#3648,#809);
#514=LINE('',#3652,#810);
#515=LINE('',#3654,#811);
#516=LINE('',#3656,#812);
#517=LINE('',#3657,#813);
#518=LINE('',#3661,#814);
#519=LINE('',#3665,#815);
#520=LINE('',#3666,#816);
#521=LINE('',#3669,#817);
#522=LINE('',#3671,#818);
#523=LINE('',#3672,#819);
#524=LINE('',#3675,#820);
#525=LINE('',#3676,#821);
#526=LINE('',#3679,#822);
#527=LINE('',#3680,#823);
#528=LINE('',#3683,#824);
#529=LINE('',#3687,#825);
#530=LINE('',#3688,#826);
#531=LINE('',#3692,#827);
#532=LINE('',#3694,#828);
#533=LINE('',#3696,#829);
#534=LINE('',#3697,#830);
#535=LINE('',#3700,#831);
#536=LINE('',#3702,#832);
#537=LINE('',#3703,#833);
#538=LINE('',#3707,#834);
#539=LINE('',#3709,#835);
#540=LINE('',#3711,#836);
#541=LINE('',#3712,#837);
#542=LINE('',#3716,#838);
#543=LINE('',#3722,#839);
#544=LINE('',#3723,#840);
#545=LINE('',#3724,#841);
#546=LINE('',#3727,#842);
#547=LINE('',#3729,#843);
#548=LINE('',#3730,#844);
#549=LINE('',#3733,#845);
#550=LINE('',#3737,#846);
#551=LINE('',#3738,#847);
#552=LINE('',#3742,#848);
#553=LINE('',#3744,#849);
#554=LINE('',#3746,#850);
#555=LINE('',#3747,#851);
#556=LINE('',#3750,#852);
#557=LINE('',#3752,#853);
#558=LINE('',#3753,#854);
#559=LINE('',#3757,#855);
#560=LINE('',#3759,#856);
#561=LINE('',#3761,#857);
#562=LINE('',#3762,#858);
#563=LINE('',#3765,#859);
#564=LINE('',#3767,#860);
#565=LINE('',#3768,#861);
#566=LINE('',#3772,#862);
#567=LINE('',#3774,#863);
#568=LINE('',#3776,#864);
#569=LINE('',#3777,#865);
#570=LINE('',#3779,#866);
#571=LINE('',#3780,#867);
#572=LINE('',#3782,#868);
#573=LINE('',#3783,#869);
#574=LINE('',#3787,#870);
#575=LINE('',#3789,#871);
#576=LINE('',#3791,#872);
#577=LINE('',#3792,#873);
#578=LINE('',#3794,#874);
#579=LINE('',#3795,#875);
#580=LINE('',#3797,#876);
#581=LINE('',#3798,#877);
#582=LINE('',#3802,#878);
#583=LINE('',#3804,#879);
#584=LINE('',#3806,#880);
#585=LINE('',#3807,#881);
#586=LINE('',#3809,#882);
#587=LINE('',#3810,#883);
#588=LINE('',#3812,#884);
#589=LINE('',#3813,#885);
#590=LINE('',#3817,#886);
#591=LINE('',#3819,#887);
#592=LINE('',#3821,#888);
#593=LINE('',#3822,#889);
#594=LINE('',#3824,#890);
#595=LINE('',#3825,#891);
#596=LINE('',#3827,#892);
#597=LINE('',#3828,#893);
#598=LINE('',#3832,#894);
#599=LINE('',#3834,#895);
#600=LINE('',#3836,#896);
#601=LINE('',#3837,#897);
#602=LINE('',#3839,#898);
#603=LINE('',#3840,#899);
#604=LINE('',#3842,#900);
#605=LINE('',#3843,#901);
#606=LINE('',#3847,#902);
#607=LINE('',#3849,#903);
#608=LINE('',#3851,#904);
#609=LINE('',#3852,#905);
#610=LINE('',#3854,#906);
#611=LINE('',#3855,#907);
#612=LINE('',#3857,#908);
#613=LINE('',#3858,#909);
#614=LINE('',#3862,#910);
#615=LINE('',#3864,#911);
#616=LINE('',#3866,#912);
#617=LINE('',#3867,#913);
#618=LINE('',#3869,#914);
#619=LINE('',#3870,#915);
#620=LINE('',#3872,#916);
#621=LINE('',#3873,#917);
#622=LINE('',#3877,#918);
#623=LINE('',#3879,#919);
#624=LINE('',#3881,#920);
#625=LINE('',#3882,#921);
#626=LINE('',#3884,#922);
#627=LINE('',#3885,#923);
#628=LINE('',#3887,#924);
#629=LINE('',#3888,#925);
#630=LINE('',#3894,#926);
#631=LINE('',#3898,#927);
#632=LINE('',#3902,#928);
#633=LINE('',#3906,#929);
#634=LINE('',#3908,#930);
#635=LINE('',#3910,#931);
#636=LINE('',#3912,#932);
#637=LINE('',#3913,#933);
#638=LINE('',#3915,#934);
#639=LINE('',#3917,#935);
#640=LINE('',#3918,#936);
#641=LINE('',#3920,#937);
#642=LINE('',#3922,#938);
#643=LINE('',#3923,#939);
#644=LINE('',#3925,#940);
#645=LINE('',#3927,#941);
#646=LINE('',#3928,#942);
#647=LINE('',#3930,#943);
#648=LINE('',#3932,#944);
#649=LINE('',#3933,#945);
#650=LINE('',#3936,#946);
#651=LINE('',#3938,#947);
#652=LINE('',#3939,#948);
#653=LINE('',#3941,#949);
#654=LINE('',#3943,#950);
#655=LINE('',#3946,#951);
#656=LINE('',#3948,#952);
#657=LINE('',#3949,#953);
#658=LINE('',#3951,#954);
#659=LINE('',#3953,#955);
#660=LINE('',#3956,#956);
#661=LINE('',#3958,#957);
#662=LINE('',#3959,#958);
#663=LINE('',#3961,#959);
#664=LINE('',#3963,#960);
#665=LINE('',#3966,#961);
#666=LINE('',#3968,#962);
#667=LINE('',#3969,#963);
#668=LINE('',#3971,#964);
#669=LINE('',#3973,#965);
#670=LINE('',#3977,#966);
#671=LINE('',#3979,#967);
#672=LINE('',#3981,#968);
#673=LINE('',#3983,#969);
#674=LINE('',#3987,#970);
#675=LINE('',#3991,#971);
#676=LINE('',#3995,#972);
#677=LINE('',#3998,#973);
#678=LINE('',#4003,#974);
#679=LINE('',#4007,#975);
#680=LINE('',#4011,#976);
#681=LINE('',#4014,#977);
#682=LINE('',#4026,#978);
#683=LINE('',#4027,#979);
#684=LINE('',#4028,#980);
#685=LINE('',#4032,#981);
#686=LINE('',#4035,#982);
#687=LINE('',#4036,#983);
#688=LINE('',#4040,#984);
#689=LINE('',#4043,#985);
#690=LINE('',#4044,#986);
#691=LINE('',#4048,#987);
#692=LINE('',#4051,#988);
#693=LINE('',#4052,#989);
#694=LINE('',#4056,#990);
#695=LINE('',#4057,#991);
#696=LINE('',#4061,#992);
#697=LINE('',#4065,#993);
#698=LINE('',#4069,#994);
#699=LINE('',#4073,#995);
#700=LINE('',#4078,#996);
#701=LINE('',#4084,#997);
#702=LINE('',#4090,#998);
#703=LINE('',#4096,#999);
#704=LINE('',#4105,#1000);
#705=LINE('',#4114,#1001);
#706=LINE('',#4122,#1002);
#707=LINE('',#4130,#1003);
#708=LINE('',#4136,#1004);
#709=LINE('',#4138,#1005);
#710=LINE('',#4140,#1006);
#711=LINE('',#4142,#1007);
#712=LINE('',#4144,#1008);
#713=LINE('',#4146,#1009);
#714=LINE('',#4148,#1010);
#715=LINE('',#4150,#1011);
#716=LINE('',#4152,#1012);
#717=LINE('',#4154,#1013);
#718=VECTOR('',#2747,10.);
#719=VECTOR('',#2750,10.);
#720=VECTOR('',#2753,10.);
#721=VECTOR('',#2756,10.);
#722=VECTOR('',#2759,10.);
#723=VECTOR('',#2762,10.);
#724=VECTOR('',#2763,10.);
#725=VECTOR('',#2768,10.);
#726=VECTOR('',#2771,10.);
#727=VECTOR('',#2774,10.);
#728=VECTOR('',#2777,10.);
#729=VECTOR('',#2780,10.);
#730=VECTOR('',#2783,10.);
#731=VECTOR('',#2784,10.);
#732=VECTOR('',#2785,10.);
#733=VECTOR('',#2786,10.);
#734=VECTOR('',#2789,10.);
#735=VECTOR('',#2790,10.);
#736=VECTOR('',#2791,10.);
#737=VECTOR('',#2794,10.);
#738=VECTOR('',#2795,10.);
#739=VECTOR('',#2796,10.);
#740=VECTOR('',#2797,10.);
#741=VECTOR('',#2800,10.);
#742=VECTOR('',#2801,10.);
#743=VECTOR('',#2802,10.);
#744=VECTOR('',#2805,10.);
#745=VECTOR('',#2806,10.);
#746=VECTOR('',#2807,10.);
#747=VECTOR('',#2808,10.);
#748=VECTOR('',#2811,10.);
#749=VECTOR('',#2818,10.);
#750=VECTOR('',#2819,10.);
#751=VECTOR('',#2820,10.);
#752=VECTOR('',#2823,10.);
#753=VECTOR('',#2824,10.);
#754=VECTOR('',#2825,10.);
#755=VECTOR('',#2828,10.);
#756=VECTOR('',#2833,10.);
#757=VECTOR('',#2834,10.);
#758=VECTOR('',#2837,10.);
#759=VECTOR('',#2838,10.);
#760=VECTOR('',#2839,10.);
#761=VECTOR('',#2840,10.);
#762=VECTOR('',#2843,10.);
#763=VECTOR('',#2844,10.);
#764=VECTOR('',#2845,10.);
#765=VECTOR('',#2848,10.);
#766=VECTOR('',#2849,10.);
#767=VECTOR('',#2850,10.);
#768=VECTOR('',#2853,10.);
#769=VECTOR('',#2860,10.);
#770=VECTOR('',#2861,10.);
#771=VECTOR('',#2862,10.);
#772=VECTOR('',#2865,10.);
#773=VECTOR('',#2866,10.);
#774=VECTOR('',#2867,10.);
#775=VECTOR('',#2870,10.);
#776=VECTOR('',#2875,10.);
#777=VECTOR('',#2876,10.);
#778=VECTOR('',#2879,10.);
#779=VECTOR('',#2880,10.);
#780=VECTOR('',#2883,10.);
#781=VECTOR('',#2884,10.);
#782=VECTOR('',#2887,10.);
#783=VECTOR('',#2888,10.);
#784=VECTOR('',#2889,10.);
#785=VECTOR('',#2890,10.);
#786=VECTOR('',#2893,10.);
#787=VECTOR('',#2894,10.);
#788=VECTOR('',#2895,10.);
#789=VECTOR('',#2898,10.);
#790=VECTOR('',#2899,10.);
#791=VECTOR('',#2900,10.);
#792=VECTOR('',#2901,10.);
#793=VECTOR('',#2904,10.);
#794=VECTOR('',#2905,10.);
#795=VECTOR('',#2906,10.);
#796=VECTOR('',#2909,10.);
#797=VECTOR('',#2910,10.);
#798=VECTOR('',#2911,10.);
#799=VECTOR('',#2912,10.);
#800=VECTOR('',#2915,10.);
#801=VECTOR('',#2916,10.);
#802=VECTOR('',#2917,10.);
#803=VECTOR('',#2920,10.);
#804=VECTOR('',#2921,10.);
#805=VECTOR('',#2922,10.);
#806=VECTOR('',#2923,10.);
#807=VECTOR('',#2926,10.);
#808=VECTOR('',#2927,10.);
#809=VECTOR('',#2928,10.);
#810=VECTOR('',#2931,10.);
#811=VECTOR('',#2932,10.);
#812=VECTOR('',#2933,10.);
#813=VECTOR('',#2934,10.);
#814=VECTOR('',#2937,10.);
#815=VECTOR('',#2944,10.);
#816=VECTOR('',#2945,10.);
#817=VECTOR('',#2948,10.);
#818=VECTOR('',#2949,10.);
#819=VECTOR('',#2950,10.);
#820=VECTOR('',#2953,10.);
#821=VECTOR('',#2954,10.);
#822=VECTOR('',#2957,10.);
#823=VECTOR('',#2958,10.);
#824=VECTOR('',#2961,10.);
#825=VECTOR('',#2966,10.);
#826=VECTOR('',#2967,10.);
#827=VECTOR('',#2970,10.);
#828=VECTOR('',#2971,10.);
#829=VECTOR('',#2972,10.);
#830=VECTOR('',#2973,10.);
#831=VECTOR('',#2976,10.);
#832=VECTOR('',#2977,10.);
#833=VECTOR('',#2978,10.);
#834=VECTOR('',#2981,10.);
#835=VECTOR('',#2982,10.);
#836=VECTOR('',#2983,10.);
#837=VECTOR('',#2984,10.);
#838=VECTOR('',#2987,10.);
#839=VECTOR('',#2994,10.);
#840=VECTOR('',#2995,10.);
#841=VECTOR('',#2996,10.);
#842=VECTOR('',#2999,10.);
#843=VECTOR('',#3000,10.);
#844=VECTOR('',#3001,10.);
#845=VECTOR('',#3004,10.);
#846=VECTOR('',#3009,10.);
#847=VECTOR('',#3010,10.);
#848=VECTOR('',#3013,10.);
#849=VECTOR('',#3014,10.);
#850=VECTOR('',#3015,10.);
#851=VECTOR('',#3016,10.);
#852=VECTOR('',#3019,10.);
#853=VECTOR('',#3020,10.);
#854=VECTOR('',#3021,10.);
#855=VECTOR('',#3024,10.);
#856=VECTOR('',#3025,10.);
#857=VECTOR('',#3026,10.);
#858=VECTOR('',#3027,10.);
#859=VECTOR('',#3030,10.);
#860=VECTOR('',#3031,10.);
#861=VECTOR('',#3032,10.);
#862=VECTOR('',#3035,10.);
#863=VECTOR('',#3036,10.);
#864=VECTOR('',#3037,10.);
#865=VECTOR('',#3038,10.);
#866=VECTOR('',#3041,10.);
#867=VECTOR('',#3042,10.);
#868=VECTOR('',#3045,10.);
#869=VECTOR('',#3046,10.);
#870=VECTOR('',#3049,10.);
#871=VECTOR('',#3050,10.);
#872=VECTOR('',#3051,10.);
#873=VECTOR('',#3052,10.);
#874=VECTOR('',#3055,10.);
#875=VECTOR('',#3056,10.);
#876=VECTOR('',#3059,10.);
#877=VECTOR('',#3060,10.);
#878=VECTOR('',#3063,10.);
#879=VECTOR('',#3064,10.);
#880=VECTOR('',#3065,10.);
#881=VECTOR('',#3066,10.);
#882=VECTOR('',#3069,10.);
#883=VECTOR('',#3070,10.);
#884=VECTOR('',#3073,10.);
#885=VECTOR('',#3074,10.);
#886=VECTOR('',#3077,10.);
#887=VECTOR('',#3078,10.);
#888=VECTOR('',#3079,10.);
#889=VECTOR('',#3080,10.);
#890=VECTOR('',#3083,10.);
#891=VECTOR('',#3084,10.);
#892=VECTOR('',#3087,10.);
#893=VECTOR('',#3088,10.);
#894=VECTOR('',#3091,10.);
#895=VECTOR('',#3092,10.);
#896=VECTOR('',#3093,10.);
#897=VECTOR('',#3094,10.);
#898=VECTOR('',#3097,10.);
#899=VECTOR('',#3098,10.);
#900=VECTOR('',#3101,10.);
#901=VECTOR('',#3102,10.);
#902=VECTOR('',#3105,10.);
#903=VECTOR('',#3106,10.);
#904=VECTOR('',#3107,10.);
#905=VECTOR('',#3108,10.);
#906=VECTOR('',#3111,10.);
#907=VECTOR('',#3112,10.);
#908=VECTOR('',#3115,10.);
#909=VECTOR('',#3116,10.);
#910=VECTOR('',#3119,10.);
#911=VECTOR('',#3120,10.);
#912=VECTOR('',#3121,10.);
#913=VECTOR('',#3122,10.);
#914=VECTOR('',#3125,10.);
#915=VECTOR('',#3126,10.);
#916=VECTOR('',#3129,10.);
#917=VECTOR('',#3130,10.);
#918=VECTOR('',#3133,10.);
#919=VECTOR('',#3134,10.);
#920=VECTOR('',#3135,10.);
#921=VECTOR('',#3136,10.);
#922=VECTOR('',#3139,10.);
#923=VECTOR('',#3140,10.);
#924=VECTOR('',#3143,10.);
#925=VECTOR('',#3144,10.);
#926=VECTOR('',#3149,10.);
#927=VECTOR('',#3152,10.);
#928=VECTOR('',#3155,10.);
#929=VECTOR('',#3158,10.);
#930=VECTOR('',#3159,10.);
#931=VECTOR('',#3160,10.);
#932=VECTOR('',#3161,10.);
#933=VECTOR('',#3162,10.);
#934=VECTOR('',#3163,10.);
#935=VECTOR('',#3164,10.);
#936=VECTOR('',#3165,10.);
#937=VECTOR('',#3166,10.);
#938=VECTOR('',#3167,10.);
#939=VECTOR('',#3168,10.);
#940=VECTOR('',#3169,10.);
#941=VECTOR('',#3170,10.);
#942=VECTOR('',#3171,10.);
#943=VECTOR('',#3172,10.);
#944=VECTOR('',#3173,10.);
#945=VECTOR('',#3174,10.);
#946=VECTOR('',#3177,10.);
#947=VECTOR('',#3178,10.);
#948=VECTOR('',#3179,10.);
#949=VECTOR('',#3182,10.);
#950=VECTOR('',#3185,10.);
#951=VECTOR('',#3188,10.);
#952=VECTOR('',#3189,10.);
#953=VECTOR('',#3190,10.);
#954=VECTOR('',#3193,10.);
#955=VECTOR('',#3196,10.);
#956=VECTOR('',#3199,10.);
#957=VECTOR('',#3200,10.);
#958=VECTOR('',#3201,10.);
#959=VECTOR('',#3204,10.);
#960=VECTOR('',#3207,10.);
#961=VECTOR('',#3210,10.);
#962=VECTOR('',#3211,10.);
#963=VECTOR('',#3212,10.);
#964=VECTOR('',#3215,10.);
#965=VECTOR('',#3218,10.);
#966=VECTOR('',#3221,1.);
#967=VECTOR('',#3222,1.);
#968=VECTOR('',#3223,1.);
#969=VECTOR('',#3224,1.);
#970=VECTOR('',#3227,1.);
#971=VECTOR('',#3230,1.);
#972=VECTOR('',#3233,1.);
#973=VECTOR('',#3236,1.);
#974=VECTOR('',#3239,1.);
#975=VECTOR('',#3242,1.);
#976=VECTOR('',#3245,1.);
#977=VECTOR('',#3248,1.);
#978=VECTOR('',#3259,1.);
#979=VECTOR('',#3260,1.);
#980=VECTOR('',#3261,1.);
#981=VECTOR('',#3266,1.);
#982=VECTOR('',#3269,1.);
#983=VECTOR('',#3270,1.);
#984=VECTOR('',#3275,1.);
#985=VECTOR('',#3278,1.);
#986=VECTOR('',#3279,1.);
#987=VECTOR('',#3284,1.);
#988=VECTOR('',#3287,1.);
#989=VECTOR('',#3288,1.);
#990=VECTOR('',#3295,10.);
#991=VECTOR('',#3296,1.);
#992=VECTOR('',#3301,1.6);
#993=VECTOR('',#3306,1.6);
#994=VECTOR('',#3311,1.6);
#995=VECTOR('',#3316,1.6);
#996=VECTOR('',#3321,3.25);
#997=VECTOR('',#3328,3.25);
#998=VECTOR('',#3335,3.25);
#999=VECTOR('',#3342,3.25);
#1000=VECTOR('',#3355,1.);
#1001=VECTOR('',#3368,1.);
#1002=VECTOR('',#3379,1.);
#1003=VECTOR('',#3390,1.);
#1004=VECTOR('',#3401,1.);
#1005=VECTOR('',#3404,1.);
#1006=VECTOR('',#3407,1.);
#1007=VECTOR('',#3410,1.);
#1008=VECTOR('',#3413,1.);
#1009=VECTOR('',#3416,1.);
#1010=VECTOR('',#3419,1.);
#1011=VECTOR('',#3422,1.);
#1012=VECTOR('',#3425,1.);
#1013=VECTOR('',#3428,1.);
#1014=CIRCLE('',#2546,0.2);
#1015=CIRCLE('',#2547,0.2);
#1016=CIRCLE('',#2549,0.2);
#1017=CIRCLE('',#2550,0.2);
#1018=CIRCLE('',#2553,0.2);
#1019=CIRCLE('',#2555,0.2);
#1020=CIRCLE('',#2564,2.3);
#1021=CIRCLE('',#2565,1.79999999999999);
#1022=CIRCLE('',#2569,1.79999999999999);
#1023=CIRCLE('',#2575,2.29999999999995);
#1024=CIRCLE('',#2576,1.79999999999994);
#1025=CIRCLE('',#2580,1.79999999999994);
#1026=CIRCLE('',#2594,2.29999999999996);
#1027=CIRCLE('',#2595,1.79999999999996);
#1028=CIRCLE('',#2601,1.79999999999996);
#1029=CIRCLE('',#2607,2.3);
#1030=CIRCLE('',#2608,1.80000000000001);
#1031=CIRCLE('',#2612,1.80000000000001);
#1032=CIRCLE('',#2643,2.99999999999996);
#1033=CIRCLE('',#2644,3.);
#1034=CIRCLE('',#2645,3.);
#1035=CIRCLE('',#2646,2.99999999999994);
#1036=CIRCLE('',#2660,3.);
#1037=CIRCLE('',#2661,3.);
#1038=CIRCLE('',#2662,3.);
#1039=CIRCLE('',#2663,3.);
#1040=CIRCLE('',#2664,0.500000000000001);
#1041=CIRCLE('',#2665,0.500000000000001);
#1042=CIRCLE('',#2666,0.500000000000001);
#1043=CIRCLE('',#2667,0.500000000000001);
#1044=CIRCLE('',#2668,1.6);
#1045=CIRCLE('',#2669,1.6);
#1046=CIRCLE('',#2670,1.6);
#1047=CIRCLE('',#2671,1.6);
#1048=CIRCLE('',#2674,0.500000000000001);
#1049=CIRCLE('',#2677,0.500000000000001);
#1050=CIRCLE('',#2680,0.500000000000001);
#1051=CIRCLE('',#2683,0.500000000000001);
#1052=CIRCLE('',#2686,1.6);
#1053=CIRCLE('',#2688,1.6);
#1054=CIRCLE('',#2690,1.6);
#1055=CIRCLE('',#2692,1.6);
#1056=CIRCLE('',#2694,3.25);
#1057=CIRCLE('',#2695,3.25);
#1058=CIRCLE('',#2697,3.25);
#1059=CIRCLE('',#2698,3.25);
#1060=CIRCLE('',#2700,3.25);
#1061=CIRCLE('',#2701,3.25);
#1062=CIRCLE('',#2703,3.25);
#1063=CIRCLE('',#2704,3.25);
#1064=CIRCLE('',#2710,1.);
#1065=CIRCLE('',#2711,1.);
#1066=CIRCLE('',#2713,1.5);
#1067=CIRCLE('',#2714,1.);
#1068=CIRCLE('',#2716,1.);
#1069=CIRCLE('',#2718,1.5);
#1070=CIRCLE('',#2719,1.);
#1071=CIRCLE('',#2721,1.);
#1072=CIRCLE('',#2723,1.5);
#1073=CIRCLE('',#2724,1.);
#1074=CIRCLE('',#2726,1.);
#1075=CIRCLE('',#2728,1.5);
#1076=VERTEX_POINT('',#3433);
#1077=VERTEX_POINT('',#3434);
#1078=VERTEX_POINT('',#3436);
#1079=VERTEX_POINT('',#3438);
#1080=VERTEX_POINT('',#3442);
#1081=VERTEX_POINT('',#3444);
#1082=VERTEX_POINT('',#3446);
#1083=VERTEX_POINT('',#3448);
#1084=VERTEX_POINT('',#3452);
#1085=VERTEX_POINT('',#3456);
#1086=VERTEX_POINT('',#3460);
#1087=VERTEX_POINT('',#3462);
#1088=VERTEX_POINT('',#3470);
#1089=VERTEX_POINT('',#3471);
#1090=VERTEX_POINT('',#3473);
#1091=VERTEX_POINT('',#3475);
#1092=VERTEX_POINT('',#3479);
#1093=VERTEX_POINT('',#3481);
#1094=VERTEX_POINT('',#3485);
#1095=VERTEX_POINT('',#3486);
#1096=VERTEX_POINT('',#3488);
#1097=VERTEX_POINT('',#3490);
#1098=VERTEX_POINT('',#3494);
#1099=VERTEX_POINT('',#3496);
#1100=VERTEX_POINT('',#3500);
#1101=VERTEX_POINT('',#3501);
#1102=VERTEX_POINT('',#3503);
#1103=VERTEX_POINT('',#3505);
#1104=VERTEX_POINT('',#3509);
#1105=VERTEX_POINT('',#3510);
#1106=VERTEX_POINT('',#3515);
#1107=VERTEX_POINT('',#3516);
#1108=VERTEX_POINT('',#3521);
#1109=VERTEX_POINT('',#3523);
#1110=VERTEX_POINT('',#3527);
#1111=VERTEX_POINT('',#3531);
#1112=VERTEX_POINT('',#3535);
#1113=VERTEX_POINT('',#3536);
#1114=VERTEX_POINT('',#3538);
#1115=VERTEX_POINT('',#3540);
#1116=VERTEX_POINT('',#3544);
#1117=VERTEX_POINT('',#3546);
#1118=VERTEX_POINT('',#3550);
#1119=VERTEX_POINT('',#3552);
#1120=VERTEX_POINT('',#3556);
#1121=VERTEX_POINT('',#3557);
#1122=VERTEX_POINT('',#3562);
#1123=VERTEX_POINT('',#3563);
#1124=VERTEX_POINT('',#3568);
#1125=VERTEX_POINT('',#3570);
#1126=VERTEX_POINT('',#3574);
#1127=VERTEX_POINT('',#3578);
#1128=VERTEX_POINT('',#3582);
#1129=VERTEX_POINT('',#3586);
#1130=VERTEX_POINT('',#3590);
#1131=VERTEX_POINT('',#3591);
#1132=VERTEX_POINT('',#3593);
#1133=VERTEX_POINT('',#3595);
#1134=VERTEX_POINT('',#3599);
#1135=VERTEX_POINT('',#3601);
#1136=VERTEX_POINT('',#3605);
#1137=VERTEX_POINT('',#3606);
#1138=VERTEX_POINT('',#3608);
#1139=VERTEX_POINT('',#3610);
#1140=VERTEX_POINT('',#3614);
#1141=VERTEX_POINT('',#3616);
#1142=VERTEX_POINT('',#3620);
#1143=VERTEX_POINT('',#3621);
#1144=VERTEX_POINT('',#3623);
#1145=VERTEX_POINT('',#3625);
#1146=VERTEX_POINT('',#3629);
#1147=VERTEX_POINT('',#3631);
#1148=VERTEX_POINT('',#3635);
#1149=VERTEX_POINT('',#3636);
#1150=VERTEX_POINT('',#3638);
#1151=VERTEX_POINT('',#3640);
#1152=VERTEX_POINT('',#3644);
#1153=VERTEX_POINT('',#3646);
#1154=VERTEX_POINT('',#3650);
#1155=VERTEX_POINT('',#3651);
#1156=VERTEX_POINT('',#3653);
#1157=VERTEX_POINT('',#3655);
#1158=VERTEX_POINT('',#3659);
#1159=VERTEX_POINT('',#3660);
#1160=VERTEX_POINT('',#3668);
#1161=VERTEX_POINT('',#3670);
#1162=VERTEX_POINT('',#3674);
#1163=VERTEX_POINT('',#3678);
#1164=VERTEX_POINT('',#3682);
#1165=VERTEX_POINT('',#3686);
#1166=VERTEX_POINT('',#3690);
#1167=VERTEX_POINT('',#3691);
#1168=VERTEX_POINT('',#3693);
#1169=VERTEX_POINT('',#3695);
#1170=VERTEX_POINT('',#3699);
#1171=VERTEX_POINT('',#3701);
#1172=VERTEX_POINT('',#3705);
#1173=VERTEX_POINT('',#3706);
#1174=VERTEX_POINT('',#3708);
#1175=VERTEX_POINT('',#3710);
#1176=VERTEX_POINT('',#3714);
#1177=VERTEX_POINT('',#3715);
#1178=VERTEX_POINT('',#3720);
#1179=VERTEX_POINT('',#3721);
#1180=VERTEX_POINT('',#3726);
#1181=VERTEX_POINT('',#3728);
#1182=VERTEX_POINT('',#3732);
#1183=VERTEX_POINT('',#3736);
#1184=VERTEX_POINT('',#3740);
#1185=VERTEX_POINT('',#3741);
#1186=VERTEX_POINT('',#3743);
#1187=VERTEX_POINT('',#3745);
#1188=VERTEX_POINT('',#3749);
#1189=VERTEX_POINT('',#3751);
#1190=VERTEX_POINT('',#3755);
#1191=VERTEX_POINT('',#3756);
#1192=VERTEX_POINT('',#3758);
#1193=VERTEX_POINT('',#3760);
#1194=VERTEX_POINT('',#3764);
#1195=VERTEX_POINT('',#3766);
#1196=VERTEX_POINT('',#3770);
#1197=VERTEX_POINT('',#3771);
#1198=VERTEX_POINT('',#3773);
#1199=VERTEX_POINT('',#3775);
#1200=VERTEX_POINT('',#3785);
#1201=VERTEX_POINT('',#3786);
#1202=VERTEX_POINT('',#3788);
#1203=VERTEX_POINT('',#3790);
#1204=VERTEX_POINT('',#3800);
#1205=VERTEX_POINT('',#3801);
#1206=VERTEX_POINT('',#3803);
#1207=VERTEX_POINT('',#3805);
#1208=VERTEX_POINT('',#3815);
#1209=VERTEX_POINT('',#3816);
#1210=VERTEX_POINT('',#3818);
#1211=VERTEX_POINT('',#3820);
#1212=VERTEX_POINT('',#3830);
#1213=VERTEX_POINT('',#3831);
#1214=VERTEX_POINT('',#3833);
#1215=VERTEX_POINT('',#3835);
#1216=VERTEX_POINT('',#3845);
#1217=VERTEX_POINT('',#3846);
#1218=VERTEX_POINT('',#3848);
#1219=VERTEX_POINT('',#3850);
#1220=VERTEX_POINT('',#3860);
#1221=VERTEX_POINT('',#3861);
#1222=VERTEX_POINT('',#3863);
#1223=VERTEX_POINT('',#3865);
#1224=VERTEX_POINT('',#3875);
#1225=VERTEX_POINT('',#3876);
#1226=VERTEX_POINT('',#3878);
#1227=VERTEX_POINT('',#3880);
#1228=VERTEX_POINT('',#3890);
#1229=VERTEX_POINT('',#3891);
#1230=VERTEX_POINT('',#3893);
#1231=VERTEX_POINT('',#3895);
#1232=VERTEX_POINT('',#3897);
#1233=VERTEX_POINT('',#3899);
#1234=VERTEX_POINT('',#3901);
#1235=VERTEX_POINT('',#3903);
#1236=VERTEX_POINT('',#3905);
#1237=VERTEX_POINT('',#3907);
#1238=VERTEX_POINT('',#3909);
#1239=VERTEX_POINT('',#3911);
#1240=VERTEX_POINT('',#3914);
#1241=VERTEX_POINT('',#3916);
#1242=VERTEX_POINT('',#3919);
#1243=VERTEX_POINT('',#3921);
#1244=VERTEX_POINT('',#3924);
#1245=VERTEX_POINT('',#3926);
#1246=VERTEX_POINT('',#3929);
#1247=VERTEX_POINT('',#3931);
#1248=VERTEX_POINT('',#3935);
#1249=VERTEX_POINT('',#3937);
#1250=VERTEX_POINT('',#3945);
#1251=VERTEX_POINT('',#3947);
#1252=VERTEX_POINT('',#3955);
#1253=VERTEX_POINT('',#3957);
#1254=VERTEX_POINT('',#3965);
#1255=VERTEX_POINT('',#3967);
#1256=VERTEX_POINT('',#3975);
#1257=VERTEX_POINT('',#3976);
#1258=VERTEX_POINT('',#3978);
#1259=VERTEX_POINT('',#3980);
#1260=VERTEX_POINT('',#3982);
#1261=VERTEX_POINT('',#3984);
#1262=VERTEX_POINT('',#3986);
#1263=VERTEX_POINT('',#3988);
#1264=VERTEX_POINT('',#3990);
#1265=VERTEX_POINT('',#3992);
#1266=VERTEX_POINT('',#3994);
#1267=VERTEX_POINT('',#3996);
#1268=VERTEX_POINT('',#3999);
#1269=VERTEX_POINT('',#4000);
#1270=VERTEX_POINT('',#4002);
#1271=VERTEX_POINT('',#4004);
#1272=VERTEX_POINT('',#4006);
#1273=VERTEX_POINT('',#4008);
#1274=VERTEX_POINT('',#4010);
#1275=VERTEX_POINT('',#4012);
#1276=VERTEX_POINT('',#4015);
#1277=VERTEX_POINT('',#4017);
#1278=VERTEX_POINT('',#4019);
#1279=VERTEX_POINT('',#4021);
#1280=VERTEX_POINT('',#4024);
#1281=VERTEX_POINT('',#4025);
#1282=VERTEX_POINT('',#4030);
#1283=VERTEX_POINT('',#4034);
#1284=VERTEX_POINT('',#4038);
#1285=VERTEX_POINT('',#4042);
#1286=VERTEX_POINT('',#4046);
#1287=VERTEX_POINT('',#4050);
#1288=VERTEX_POINT('',#4059);
#1289=VERTEX_POINT('',#4063);
#1290=VERTEX_POINT('',#4067);
#1291=VERTEX_POINT('',#4071);
#1292=VERTEX_POINT('',#4075);
#1293=VERTEX_POINT('',#4077);
#1294=VERTEX_POINT('',#4081);
#1295=VERTEX_POINT('',#4083);
#1296=VERTEX_POINT('',#4087);
#1297=VERTEX_POINT('',#4089);
#1298=VERTEX_POINT('',#4093);
#1299=VERTEX_POINT('',#4095);
#1300=VERTEX_POINT('',#4103);
#1301=VERTEX_POINT('',#4104);
#1302=VERTEX_POINT('',#4109);
#1303=VERTEX_POINT('',#4113);
#1304=VERTEX_POINT('',#4117);
#1305=VERTEX_POINT('',#4121);
#1306=VERTEX_POINT('',#4125);
#1307=VERTEX_POINT('',#4129);
#1308=EDGE_CURVE('',#1076,#1077,#1014,.T.);
#1309=EDGE_CURVE('',#1076,#1078,#422,.T.);
#1310=EDGE_CURVE('',#1078,#1079,#1015,.T.);
#1311=EDGE_CURVE('',#1079,#1077,#423,.T.);
#1312=EDGE_CURVE('',#1080,#1077,#424,.T.);
#1313=EDGE_CURVE('',#1080,#1081,#1016,.T.);
#1314=EDGE_CURVE('',#1082,#1081,#425,.T.);
#1315=EDGE_CURVE('',#1082,#1083,#1017,.T.);
#1316=EDGE_CURVE('',#1076,#1083,#426,.T.);
#1317=EDGE_CURVE('',#1084,#1079,#427,.T.);
#1318=EDGE_CURVE('',#1080,#1084,#428,.T.);
#1319=EDGE_CURVE('',#1084,#1085,#1018,.T.);
#1320=EDGE_CURVE('',#1085,#1081,#429,.T.);
#1321=EDGE_CURVE('',#1082,#1086,#430,.T.);
#1322=EDGE_CURVE('',#1086,#1087,#1019,.T.);
#1323=EDGE_CURVE('',#1087,#1083,#431,.T.);
#1324=EDGE_CURVE('',#1078,#1087,#432,.T.);
#1325=EDGE_CURVE('',#1086,#1085,#433,.T.);
#1326=EDGE_CURVE('',#1088,#1089,#434,.F.);
#1327=EDGE_CURVE('',#1089,#1090,#435,.T.);
#1328=EDGE_CURVE('',#1090,#1091,#436,.F.);
#1329=EDGE_CURVE('',#1091,#1088,#437,.T.);
#1330=EDGE_CURVE('',#1089,#1092,#438,.T.);
#1331=EDGE_CURVE('',#1093,#1092,#439,.T.);
#1332=EDGE_CURVE('',#1093,#1090,#440,.T.);
#1333=EDGE_CURVE('',#1094,#1095,#441,.F.);
#1334=EDGE_CURVE('',#1095,#1096,#442,.T.);
#1335=EDGE_CURVE('',#1096,#1097,#443,.F.);
#1336=EDGE_CURVE('',#1097,#1094,#444,.T.);
#1337=EDGE_CURVE('',#1095,#1098,#445,.T.);
#1338=EDGE_CURVE('',#1099,#1098,#446,.T.);
#1339=EDGE_CURVE('',#1099,#1096,#447,.T.);
#1340=EDGE_CURVE('',#1100,#1101,#448,.F.);
#1341=EDGE_CURVE('',#1101,#1102,#449,.T.);
#1342=EDGE_CURVE('',#1102,#1103,#450,.T.);
#1343=EDGE_CURVE('',#1103,#1100,#451,.T.);
#1344=EDGE_CURVE('',#1104,#1105,#452,.T.);
#1345=EDGE_CURVE('',#1105,#1103,#1020,.T.);
#1346=EDGE_CURVE('',#1102,#1104,#1021,.T.);
#1347=EDGE_CURVE('',#1106,#1107,#453,.F.);
#1348=EDGE_CURVE('',#1107,#1105,#454,.T.);
#1349=EDGE_CURVE('',#1104,#1106,#455,.T.);
#1350=EDGE_CURVE('',#1108,#1104,#456,.T.);
#1351=EDGE_CURVE('',#1109,#1108,#457,.T.);
#1352=EDGE_CURVE('',#1109,#1106,#458,.T.);
#1353=EDGE_CURVE('',#1110,#1102,#459,.T.);
#1354=EDGE_CURVE('',#1108,#1110,#1022,.T.);
#1355=EDGE_CURVE('',#1101,#1111,#460,.T.);
#1356=EDGE_CURVE('',#1110,#1111,#461,.T.);
#1357=EDGE_CURVE('',#1112,#1113,#462,.T.);
#1358=EDGE_CURVE('',#1113,#1114,#463,.T.);
#1359=EDGE_CURVE('',#1114,#1115,#464,.T.);
#1360=EDGE_CURVE('',#1115,#1112,#465,.T.);
#1361=EDGE_CURVE('',#1115,#1116,#466,.T.);
#1362=EDGE_CURVE('',#1116,#1117,#467,.T.);
#1363=EDGE_CURVE('',#1117,#1112,#468,.T.);
#1364=EDGE_CURVE('',#1116,#1118,#469,.T.);
#1365=EDGE_CURVE('',#1118,#1119,#470,.F.);
#1366=EDGE_CURVE('',#1119,#1117,#471,.T.);
#1367=EDGE_CURVE('',#1120,#1121,#472,.T.);
#1368=EDGE_CURVE('',#1121,#1114,#1023,.T.);
#1369=EDGE_CURVE('',#1113,#1120,#1024,.T.);
#1370=EDGE_CURVE('',#1122,#1123,#473,.F.);
#1371=EDGE_CURVE('',#1123,#1121,#474,.T.);
#1372=EDGE_CURVE('',#1120,#1122,#475,.T.);
#1373=EDGE_CURVE('',#1124,#1120,#476,.T.);
#1374=EDGE_CURVE('',#1125,#1124,#477,.T.);
#1375=EDGE_CURVE('',#1125,#1122,#478,.T.);
#1376=EDGE_CURVE('',#1126,#1113,#479,.T.);
#1377=EDGE_CURVE('',#1124,#1126,#1025,.T.);
#1378=EDGE_CURVE('',#1127,#1112,#480,.T.);
#1379=EDGE_CURVE('',#1126,#1127,#481,.T.);
#1380=EDGE_CURVE('',#1128,#1117,#482,.T.);
#1381=EDGE_CURVE('',#1127,#1128,#483,.T.);
#1382=EDGE_CURVE('',#1119,#1129,#484,.T.);
#1383=EDGE_CURVE('',#1128,#1129,#485,.T.);
#1384=EDGE_CURVE('',#1130,#1131,#486,.F.);
#1385=EDGE_CURVE('',#1131,#1132,#487,.T.);
#1386=EDGE_CURVE('',#1132,#1133,#488,.F.);
#1387=EDGE_CURVE('',#1133,#1130,#489,.T.);
#1388=EDGE_CURVE('',#1131,#1134,#490,.T.);
#1389=EDGE_CURVE('',#1135,#1134,#491,.T.);
#1390=EDGE_CURVE('',#1135,#1132,#492,.T.);
#1391=EDGE_CURVE('',#1136,#1137,#493,.F.);
#1392=EDGE_CURVE('',#1137,#1138,#494,.T.);
#1393=EDGE_CURVE('',#1138,#1139,#495,.F.);
#1394=EDGE_CURVE('',#1139,#1136,#496,.T.);
#1395=EDGE_CURVE('',#1137,#1140,#497,.T.);
#1396=EDGE_CURVE('',#1141,#1140,#498,.T.);
#1397=EDGE_CURVE('',#1141,#1138,#499,.T.);
#1398=EDGE_CURVE('',#1142,#1143,#500,.F.);
#1399=EDGE_CURVE('',#1143,#1144,#501,.T.);
#1400=EDGE_CURVE('',#1144,#1145,#502,.F.);
#1401=EDGE_CURVE('',#1145,#1142,#503,.T.);
#1402=EDGE_CURVE('',#1143,#1146,#504,.T.);
#1403=EDGE_CURVE('',#1147,#1146,#505,.T.);
#1404=EDGE_CURVE('',#1147,#1144,#506,.T.);
#1405=EDGE_CURVE('',#1148,#1149,#507,.T.);
#1406=EDGE_CURVE('',#1149,#1150,#508,.F.);
#1407=EDGE_CURVE('',#1150,#1151,#509,.T.);
#1408=EDGE_CURVE('',#1151,#1148,#510,.T.);
#1409=EDGE_CURVE('',#1151,#1152,#511,.T.);
#1410=EDGE_CURVE('',#1152,#1153,#512,.T.);
#1411=EDGE_CURVE('',#1153,#1148,#513,.T.);
#1412=EDGE_CURVE('',#1154,#1155,#514,.F.);
#1413=EDGE_CURVE('',#1155,#1156,#515,.T.);
#1414=EDGE_CURVE('',#1156,#1157,#516,.T.);
#1415=EDGE_CURVE('',#1157,#1154,#517,.T.);
#1416=EDGE_CURVE('',#1158,#1159,#518,.T.);
#1417=EDGE_CURVE('',#1159,#1157,#1026,.T.);
#1418=EDGE_CURVE('',#1156,#1158,#1027,.T.);
#1419=EDGE_CURVE('',#1152,#1159,#519,.T.);
#1420=EDGE_CURVE('',#1158,#1153,#520,.T.);
#1421=EDGE_CURVE('',#1160,#1148,#521,.T.);
#1422=EDGE_CURVE('',#1161,#1160,#522,.T.);
#1423=EDGE_CURVE('',#1161,#1149,#523,.T.);
#1424=EDGE_CURVE('',#1162,#1153,#524,.T.);
#1425=EDGE_CURVE('',#1160,#1162,#525,.T.);
#1426=EDGE_CURVE('',#1163,#1158,#526,.T.);
#1427=EDGE_CURVE('',#1162,#1163,#527,.T.);
#1428=EDGE_CURVE('',#1156,#1164,#528,.T.);
#1429=EDGE_CURVE('',#1163,#1164,#1028,.T.);
#1430=EDGE_CURVE('',#1155,#1165,#529,.T.);
#1431=EDGE_CURVE('',#1164,#1165,#530,.T.);
#1432=EDGE_CURVE('',#1166,#1167,#531,.F.);
#1433=EDGE_CURVE('',#1167,#1168,#532,.T.);
#1434=EDGE_CURVE('',#1168,#1169,#533,.F.);
#1435=EDGE_CURVE('',#1169,#1166,#534,.T.);
#1436=EDGE_CURVE('',#1167,#1170,#535,.T.);
#1437=EDGE_CURVE('',#1171,#1170,#536,.T.);
#1438=EDGE_CURVE('',#1171,#1168,#537,.T.);
#1439=EDGE_CURVE('',#1172,#1173,#538,.F.);
#1440=EDGE_CURVE('',#1173,#1174,#539,.T.);
#1441=EDGE_CURVE('',#1174,#1175,#540,.T.);
#1442=EDGE_CURVE('',#1175,#1172,#541,.T.);
#1443=EDGE_CURVE('',#1176,#1177,#542,.T.);
#1444=EDGE_CURVE('',#1177,#1175,#1029,.T.);
#1445=EDGE_CURVE('',#1174,#1176,#1030,.T.);
#1446=EDGE_CURVE('',#1178,#1179,#543,.F.);
#1447=EDGE_CURVE('',#1179,#1177,#544,.T.);
#1448=EDGE_CURVE('',#1176,#1178,#545,.T.);
#1449=EDGE_CURVE('',#1180,#1176,#546,.T.);
#1450=EDGE_CURVE('',#1181,#1180,#547,.T.);
#1451=EDGE_CURVE('',#1181,#1178,#548,.T.);
#1452=EDGE_CURVE('',#1182,#1174,#549,.T.);
#1453=EDGE_CURVE('',#1180,#1182,#1031,.T.);
#1454=EDGE_CURVE('',#1173,#1183,#550,.T.);
#1455=EDGE_CURVE('',#1182,#1183,#551,.T.);
#1456=EDGE_CURVE('',#1184,#1185,#552,.F.);
#1457=EDGE_CURVE('',#1185,#1186,#553,.T.);
#1458=EDGE_CURVE('',#1186,#1187,#554,.F.);
#1459=EDGE_CURVE('',#1187,#1184,#555,.T.);
#1460=EDGE_CURVE('',#1185,#1188,#556,.T.);
#1461=EDGE_CURVE('',#1189,#1188,#557,.T.);
#1462=EDGE_CURVE('',#1189,#1186,#558,.T.);
#1463=EDGE_CURVE('',#1190,#1191,#559,.F.);
#1464=EDGE_CURVE('',#1191,#1192,#560,.T.);
#1465=EDGE_CURVE('',#1192,#1193,#561,.F.);
#1466=EDGE_CURVE('',#1193,#1190,#562,.T.);
#1467=EDGE_CURVE('',#1191,#1194,#563,.T.);
#1468=EDGE_CURVE('',#1195,#1194,#564,.T.);
#1469=EDGE_CURVE('',#1195,#1192,#565,.T.);
#1470=EDGE_CURVE('',#1196,#1197,#566,.T.);
#1471=EDGE_CURVE('',#1198,#1196,#567,.T.);
#1472=EDGE_CURVE('',#1199,#1198,#568,.T.);
#1473=EDGE_CURVE('',#1197,#1199,#569,.T.);
#1474=EDGE_CURVE('',#1197,#1107,#570,.T.);
#1475=EDGE_CURVE('',#1196,#1109,#571,.T.);
#1476=EDGE_CURVE('',#1094,#1199,#572,.T.);
#1477=EDGE_CURVE('',#1098,#1198,#573,.T.);
#1478=EDGE_CURVE('',#1200,#1201,#574,.T.);
#1479=EDGE_CURVE('',#1200,#1202,#575,.T.);
#1480=EDGE_CURVE('',#1203,#1202,#576,.T.);
#1481=EDGE_CURVE('',#1201,#1203,#577,.T.);
#1482=EDGE_CURVE('',#1172,#1200,#578,.T.);
#1483=EDGE_CURVE('',#1183,#1201,#579,.T.);
#1484=EDGE_CURVE('',#1203,#1189,#580,.T.);
#1485=EDGE_CURVE('',#1202,#1187,#581,.T.);
#1486=EDGE_CURVE('',#1204,#1205,#582,.T.);
#1487=EDGE_CURVE('',#1206,#1204,#583,.T.);
#1488=EDGE_CURVE('',#1207,#1206,#584,.T.);
#1489=EDGE_CURVE('',#1205,#1207,#585,.T.);
#1490=EDGE_CURVE('',#1204,#1181,#586,.T.);
#1491=EDGE_CURVE('',#1205,#1179,#587,.T.);
#1492=EDGE_CURVE('',#1166,#1207,#588,.T.);
#1493=EDGE_CURVE('',#1170,#1206,#589,.T.);
#1494=EDGE_CURVE('',#1208,#1209,#590,.T.);
#1495=EDGE_CURVE('',#1208,#1210,#591,.T.);
#1496=EDGE_CURVE('',#1211,#1210,#592,.T.);
#1497=EDGE_CURVE('',#1209,#1211,#593,.T.);
#1498=EDGE_CURVE('',#1154,#1208,#594,.T.);
#1499=EDGE_CURVE('',#1165,#1209,#595,.T.);
#1500=EDGE_CURVE('',#1211,#1171,#596,.T.);
#1501=EDGE_CURVE('',#1210,#1169,#597,.T.);
#1502=EDGE_CURVE('',#1212,#1213,#598,.T.);
#1503=EDGE_CURVE('',#1214,#1212,#599,.T.);
#1504=EDGE_CURVE('',#1215,#1214,#600,.T.);
#1505=EDGE_CURVE('',#1213,#1215,#601,.T.);
#1506=EDGE_CURVE('',#1213,#1150,#602,.T.);
#1507=EDGE_CURVE('',#1212,#1161,#603,.T.);
#1508=EDGE_CURVE('',#1142,#1215,#604,.T.);
#1509=EDGE_CURVE('',#1146,#1214,#605,.T.);
#1510=EDGE_CURVE('',#1216,#1217,#606,.T.);
#1511=EDGE_CURVE('',#1218,#1216,#607,.T.);
#1512=EDGE_CURVE('',#1219,#1218,#608,.T.);
#1513=EDGE_CURVE('',#1217,#1219,#609,.T.);
#1514=EDGE_CURVE('',#1217,#1145,#610,.T.);
#1515=EDGE_CURVE('',#1216,#1147,#611,.T.);
#1516=EDGE_CURVE('',#1136,#1219,#612,.T.);
#1517=EDGE_CURVE('',#1140,#1218,#613,.T.);
#1518=EDGE_CURVE('',#1220,#1221,#614,.T.);
#1519=EDGE_CURVE('',#1220,#1222,#615,.T.);
#1520=EDGE_CURVE('',#1223,#1222,#616,.T.);
#1521=EDGE_CURVE('',#1221,#1223,#617,.T.);
#1522=EDGE_CURVE('',#1130,#1220,#618,.T.);
#1523=EDGE_CURVE('',#1134,#1221,#619,.T.);
#1524=EDGE_CURVE('',#1223,#1141,#620,.T.);
#1525=EDGE_CURVE('',#1222,#1139,#621,.T.);
#1526=EDGE_CURVE('',#1224,#1225,#622,.T.);
#1527=EDGE_CURVE('',#1224,#1226,#623,.T.);
#1528=EDGE_CURVE('',#1227,#1226,#624,.T.);
#1529=EDGE_CURVE('',#1225,#1227,#625,.T.);
#1530=EDGE_CURVE('',#1118,#1224,#626,.T.);
#1531=EDGE_CURVE('',#1129,#1225,#627,.T.);
#1532=EDGE_CURVE('',#1227,#1135,#628,.T.);
#1533=EDGE_CURVE('',#1226,#1133,#629,.T.);
#1534=EDGE_CURVE('',#1228,#1229,#1032,.T.);
#1535=EDGE_CURVE('',#1229,#1230,#630,.T.);
#1536=EDGE_CURVE('',#1230,#1231,#1033,.T.);
#1537=EDGE_CURVE('',#1231,#1232,#631,.T.);
#1538=EDGE_CURVE('',#1232,#1233,#1034,.T.);
#1539=EDGE_CURVE('',#1233,#1234,#632,.T.);
#1540=EDGE_CURVE('',#1234,#1235,#1035,.T.);
#1541=EDGE_CURVE('',#1235,#1236,#633,.T.);
#1542=EDGE_CURVE('',#1236,#1237,#634,.T.);
#1543=EDGE_CURVE('',#1237,#1238,#635,.T.);
#1544=EDGE_CURVE('',#1238,#1239,#636,.T.);
#1545=EDGE_CURVE('',#1239,#1228,#637,.T.);
#1546=EDGE_CURVE('',#1240,#1091,#638,.T.);
#1547=EDGE_CURVE('',#1241,#1240,#639,.T.);
#1548=EDGE_CURVE('',#1100,#1241,#640,.T.);
#1549=EDGE_CURVE('',#1242,#1097,#641,.T.);
#1550=EDGE_CURVE('',#1243,#1242,#642,.T.);
#1551=EDGE_CURVE('',#1243,#1190,#643,.T.);
#1552=EDGE_CURVE('',#1193,#1244,#644,.T.);
#1553=EDGE_CURVE('',#1244,#1245,#645,.T.);
#1554=EDGE_CURVE('',#1184,#1245,#646,.T.);
#1555=EDGE_CURVE('',#1246,#1123,#647,.T.);
#1556=EDGE_CURVE('',#1247,#1246,#648,.T.);
#1557=EDGE_CURVE('',#1088,#1247,#649,.T.);
#1558=EDGE_CURVE('',#1247,#1248,#650,.T.);
#1559=EDGE_CURVE('',#1249,#1246,#651,.T.);
#1560=EDGE_CURVE('',#1248,#1249,#652,.T.);
#1561=EDGE_CURVE('',#1092,#1248,#653,.T.);
#1562=EDGE_CURVE('',#1249,#1125,#654,.T.);
#1563=EDGE_CURVE('',#1241,#1250,#655,.T.);
#1564=EDGE_CURVE('',#1251,#1240,#656,.T.);
#1565=EDGE_CURVE('',#1250,#1251,#657,.T.);
#1566=EDGE_CURVE('',#1111,#1250,#658,.T.);
#1567=EDGE_CURVE('',#1251,#1093,#659,.T.);
#1568=EDGE_CURVE('',#1252,#1243,#660,.T.);
#1569=EDGE_CURVE('',#1253,#1242,#661,.T.);
#1570=EDGE_CURVE('',#1252,#1253,#662,.T.);
#1571=EDGE_CURVE('',#1253,#1099,#663,.T.);
#1572=EDGE_CURVE('',#1194,#1252,#664,.T.);
#1573=EDGE_CURVE('',#1244,#1254,#665,.T.);
#1574=EDGE_CURVE('',#1255,#1254,#666,.T.);
#1575=EDGE_CURVE('',#1245,#1255,#667,.T.);
#1576=EDGE_CURVE('',#1188,#1255,#668,.T.);
#1577=EDGE_CURVE('',#1254,#1195,#669,.T.);
#1578=EDGE_CURVE('',#1256,#1257,#670,.T.);
#1579=EDGE_CURVE('',#1257,#1258,#671,.T.);
#1580=EDGE_CURVE('',#1258,#1259,#672,.T.);
#1581=EDGE_CURVE('',#1259,#1260,#673,.T.);
#1582=EDGE_CURVE('',#1260,#1261,#1036,.T.);
#1583=EDGE_CURVE('',#1262,#1261,#674,.T.);
#1584=EDGE_CURVE('',#1262,#1263,#1037,.T.);
#1585=EDGE_CURVE('',#1264,#1263,#675,.T.);
#1586=EDGE_CURVE('',#1264,#1265,#1038,.T.);
#1587=EDGE_CURVE('',#1266,#1265,#676,.T.);
#1588=EDGE_CURVE('',#1266,#1267,#1039,.T.);
#1589=EDGE_CURVE('',#1267,#1256,#677,.T.);
#1590=EDGE_CURVE('',#1268,#1269,#1040,.F.);
#1591=EDGE_CURVE('',#1269,#1270,#678,.T.);
#1592=EDGE_CURVE('',#1270,#1271,#1041,.F.);
#1593=EDGE_CURVE('',#1271,#1272,#679,.T.);
#1594=EDGE_CURVE('',#1272,#1273,#1042,.F.);
#1595=EDGE_CURVE('',#1273,#1274,#680,.T.);
#1596=EDGE_CURVE('',#1274,#1275,#1043,.F.);
#1597=EDGE_CURVE('',#1275,#1268,#681,.T.);
#1598=EDGE_CURVE('',#1276,#1276,#1044,.F.);
#1599=EDGE_CURVE('',#1277,#1277,#1045,.F.);
#1600=EDGE_CURVE('',#1278,#1278,#1046,.F.);
#1601=EDGE_CURVE('',#1279,#1279,#1047,.F.);
#1602=EDGE_CURVE('',#1280,#1281,#682,.F.);
#1603=EDGE_CURVE('',#1280,#1268,#683,.T.);
#1604=EDGE_CURVE('',#1281,#1275,#684,.T.);
#1605=EDGE_CURVE('',#1281,#1282,#1048,.T.);
#1606=EDGE_CURVE('',#1282,#1274,#685,.T.);
#1607=EDGE_CURVE('',#1282,#1283,#686,.F.);
#1608=EDGE_CURVE('',#1283,#1273,#687,.T.);
#1609=EDGE_CURVE('',#1283,#1284,#1049,.T.);
#1610=EDGE_CURVE('',#1284,#1272,#688,.T.);
#1611=EDGE_CURVE('',#1284,#1285,#689,.F.);
#1612=EDGE_CURVE('',#1285,#1271,#690,.T.);
#1613=EDGE_CURVE('',#1285,#1286,#1050,.T.);
#1614=EDGE_CURVE('',#1286,#1270,#691,.T.);
#1615=EDGE_CURVE('',#1286,#1287,#692,.F.);
#1616=EDGE_CURVE('',#1287,#1269,#693,.T.);
#1617=EDGE_CURVE('',#1287,#1280,#1051,.T.);
#1618=EDGE_CURVE('',#1256,#1239,#694,.T.);
#1619=EDGE_CURVE('',#1228,#1267,#695,.T.);
#1620=EDGE_CURVE('',#1288,#1288,#1052,.T.);
#1621=EDGE_CURVE('',#1288,#1276,#696,.T.);
#1622=EDGE_CURVE('',#1289,#1289,#1053,.T.);
#1623=EDGE_CURVE('',#1289,#1277,#697,.T.);
#1624=EDGE_CURVE('',#1290,#1290,#1054,.T.);
#1625=EDGE_CURVE('',#1290,#1278,#698,.T.);
#1626=EDGE_CURVE('',#1291,#1291,#1055,.T.);
#1627=EDGE_CURVE('',#1291,#1279,#699,.T.);
#1628=EDGE_CURVE('',#1292,#1292,#1056,.T.);
#1629=EDGE_CURVE('',#1292,#1293,#700,.T.);
#1630=EDGE_CURVE('',#1293,#1293,#1057,.F.);
#1631=EDGE_CURVE('',#1294,#1294,#1058,.T.);
#1632=EDGE_CURVE('',#1294,#1295,#701,.T.);
#1633=EDGE_CURVE('',#1295,#1295,#1059,.F.);
#1634=EDGE_CURVE('',#1296,#1296,#1060,.T.);
#1635=EDGE_CURVE('',#1296,#1297,#702,.T.);
#1636=EDGE_CURVE('',#1297,#1297,#1061,.F.);
#1637=EDGE_CURVE('',#1298,#1298,#1062,.T.);
#1638=EDGE_CURVE('',#1298,#1299,#703,.T.);
#1639=EDGE_CURVE('',#1299,#1299,#1063,.F.);
#1640=EDGE_CURVE('',#1300,#1301,#704,.F.);
#1641=EDGE_CURVE('',#1286,#1300,#1064,.F.);
#1642=EDGE_CURVE('',#1287,#1301,#1065,.F.);
#1643=EDGE_CURVE('',#1301,#1302,#1066,.T.);
#1644=EDGE_CURVE('',#1280,#1302,#1067,.F.);
#1645=EDGE_CURVE('',#1302,#1303,#705,.F.);
#1646=EDGE_CURVE('',#1281,#1303,#1068,.F.);
#1647=EDGE_CURVE('',#1303,#1304,#1069,.T.);
#1648=EDGE_CURVE('',#1282,#1304,#1070,.F.);
#1649=EDGE_CURVE('',#1304,#1305,#706,.F.);
#1650=EDGE_CURVE('',#1283,#1305,#1071,.F.);
#1651=EDGE_CURVE('',#1305,#1306,#1072,.T.);
#1652=EDGE_CURVE('',#1284,#1306,#1073,.F.);
#1653=EDGE_CURVE('',#1306,#1307,#707,.F.);
#1654=EDGE_CURVE('',#1285,#1307,#1074,.F.);
#1655=EDGE_CURVE('',#1307,#1300,#1075,.T.);
#1656=EDGE_CURVE('',#1229,#1266,#708,.T.);
#1657=EDGE_CURVE('',#1230,#1265,#709,.T.);
#1658=EDGE_CURVE('',#1231,#1264,#710,.T.);
#1659=EDGE_CURVE('',#1232,#1263,#711,.T.);
#1660=EDGE_CURVE('',#1233,#1262,#712,.T.);
#1661=EDGE_CURVE('',#1234,#1261,#713,.T.);
#1662=EDGE_CURVE('',#1235,#1260,#714,.T.);
#1663=EDGE_CURVE('',#1259,#1236,#715,.T.);
#1664=EDGE_CURVE('',#1237,#1258,#716,.T.);
#1665=EDGE_CURVE('',#1238,#1257,#717,.T.);
#1666=ORIENTED_EDGE('',*,*,#1308,.F.);
#1667=ORIENTED_EDGE('',*,*,#1309,.T.);
#1668=ORIENTED_EDGE('',*,*,#1310,.T.);
#1669=ORIENTED_EDGE('',*,*,#1311,.T.);
#1670=ORIENTED_EDGE('',*,*,#1308,.T.);
#1671=ORIENTED_EDGE('',*,*,#1312,.F.);
#1672=ORIENTED_EDGE('',*,*,#1313,.T.);
#1673=ORIENTED_EDGE('',*,*,#1314,.F.);
#1674=ORIENTED_EDGE('',*,*,#1315,.T.);
#1675=ORIENTED_EDGE('',*,*,#1316,.F.);
#1676=ORIENTED_EDGE('',*,*,#1311,.F.);
#1677=ORIENTED_EDGE('',*,*,#1317,.F.);
#1678=ORIENTED_EDGE('',*,*,#1318,.F.);
#1679=ORIENTED_EDGE('',*,*,#1312,.T.);
#1680=ORIENTED_EDGE('',*,*,#1313,.F.);
#1681=ORIENTED_EDGE('',*,*,#1318,.T.);
#1682=ORIENTED_EDGE('',*,*,#1319,.T.);
#1683=ORIENTED_EDGE('',*,*,#1320,.T.);
#1684=ORIENTED_EDGE('',*,*,#1315,.F.);
#1685=ORIENTED_EDGE('',*,*,#1321,.T.);
#1686=ORIENTED_EDGE('',*,*,#1322,.T.);
#1687=ORIENTED_EDGE('',*,*,#1323,.T.);
#1688=ORIENTED_EDGE('',*,*,#1309,.F.);
#1689=ORIENTED_EDGE('',*,*,#1316,.T.);
#1690=ORIENTED_EDGE('',*,*,#1323,.F.);
#1691=ORIENTED_EDGE('',*,*,#1324,.F.);
#1692=ORIENTED_EDGE('',*,*,#1320,.F.);
#1693=ORIENTED_EDGE('',*,*,#1325,.F.);
#1694=ORIENTED_EDGE('',*,*,#1321,.F.);
#1695=ORIENTED_EDGE('',*,*,#1314,.T.);
#1696=ORIENTED_EDGE('',*,*,#1326,.T.);
#1697=ORIENTED_EDGE('',*,*,#1327,.T.);
#1698=ORIENTED_EDGE('',*,*,#1328,.T.);
#1699=ORIENTED_EDGE('',*,*,#1329,.T.);
#1700=ORIENTED_EDGE('',*,*,#1327,.F.);
#1701=ORIENTED_EDGE('',*,*,#1330,.T.);
#1702=ORIENTED_EDGE('',*,*,#1331,.F.);
#1703=ORIENTED_EDGE('',*,*,#1332,.T.);
#1704=ORIENTED_EDGE('',*,*,#1333,.T.);
#1705=ORIENTED_EDGE('',*,*,#1334,.T.);
#1706=ORIENTED_EDGE('',*,*,#1335,.T.);
#1707=ORIENTED_EDGE('',*,*,#1336,.T.);
#1708=ORIENTED_EDGE('',*,*,#1334,.F.);
#1709=ORIENTED_EDGE('',*,*,#1337,.T.);
#1710=ORIENTED_EDGE('',*,*,#1338,.F.);
#1711=ORIENTED_EDGE('',*,*,#1339,.T.);
#1712=ORIENTED_EDGE('',*,*,#1340,.T.);
#1713=ORIENTED_EDGE('',*,*,#1341,.T.);
#1714=ORIENTED_EDGE('',*,*,#1342,.T.);
#1715=ORIENTED_EDGE('',*,*,#1343,.T.);
#1716=ORIENTED_EDGE('',*,*,#1344,.T.);
#1717=ORIENTED_EDGE('',*,*,#1345,.T.);
#1718=ORIENTED_EDGE('',*,*,#1342,.F.);
#1719=ORIENTED_EDGE('',*,*,#1346,.T.);
#1720=ORIENTED_EDGE('',*,*,#1347,.T.);
#1721=ORIENTED_EDGE('',*,*,#1348,.T.);
#1722=ORIENTED_EDGE('',*,*,#1344,.F.);
#1723=ORIENTED_EDGE('',*,*,#1349,.T.);
#1724=ORIENTED_EDGE('',*,*,#1349,.F.);
#1725=ORIENTED_EDGE('',*,*,#1350,.F.);
#1726=ORIENTED_EDGE('',*,*,#1351,.F.);
#1727=ORIENTED_EDGE('',*,*,#1352,.T.);
#1728=ORIENTED_EDGE('',*,*,#1346,.F.);
#1729=ORIENTED_EDGE('',*,*,#1353,.F.);
#1730=ORIENTED_EDGE('',*,*,#1354,.F.);
#1731=ORIENTED_EDGE('',*,*,#1350,.T.);
#1732=ORIENTED_EDGE('',*,*,#1341,.F.);
#1733=ORIENTED_EDGE('',*,*,#1355,.T.);
#1734=ORIENTED_EDGE('',*,*,#1356,.F.);
#1735=ORIENTED_EDGE('',*,*,#1353,.T.);
#1736=ORIENTED_EDGE('',*,*,#1357,.T.);
#1737=ORIENTED_EDGE('',*,*,#1358,.T.);
#1738=ORIENTED_EDGE('',*,*,#1359,.T.);
#1739=ORIENTED_EDGE('',*,*,#1360,.T.);
#1740=ORIENTED_EDGE('',*,*,#1361,.T.);
#1741=ORIENTED_EDGE('',*,*,#1362,.T.);
#1742=ORIENTED_EDGE('',*,*,#1363,.T.);
#1743=ORIENTED_EDGE('',*,*,#1360,.F.);
#1744=ORIENTED_EDGE('',*,*,#1364,.T.);
#1745=ORIENTED_EDGE('',*,*,#1365,.T.);
#1746=ORIENTED_EDGE('',*,*,#1366,.T.);
#1747=ORIENTED_EDGE('',*,*,#1362,.F.);
#1748=ORIENTED_EDGE('',*,*,#1367,.T.);
#1749=ORIENTED_EDGE('',*,*,#1368,.T.);
#1750=ORIENTED_EDGE('',*,*,#1358,.F.);
#1751=ORIENTED_EDGE('',*,*,#1369,.T.);
#1752=ORIENTED_EDGE('',*,*,#1370,.T.);
#1753=ORIENTED_EDGE('',*,*,#1371,.T.);
#1754=ORIENTED_EDGE('',*,*,#1367,.F.);
#1755=ORIENTED_EDGE('',*,*,#1372,.T.);
#1756=ORIENTED_EDGE('',*,*,#1372,.F.);
#1757=ORIENTED_EDGE('',*,*,#1373,.F.);
#1758=ORIENTED_EDGE('',*,*,#1374,.F.);
#1759=ORIENTED_EDGE('',*,*,#1375,.T.);
#1760=ORIENTED_EDGE('',*,*,#1369,.F.);
#1761=ORIENTED_EDGE('',*,*,#1376,.F.);
#1762=ORIENTED_EDGE('',*,*,#1377,.F.);
#1763=ORIENTED_EDGE('',*,*,#1373,.T.);
#1764=ORIENTED_EDGE('',*,*,#1357,.F.);
#1765=ORIENTED_EDGE('',*,*,#1378,.F.);
#1766=ORIENTED_EDGE('',*,*,#1379,.F.);
#1767=ORIENTED_EDGE('',*,*,#1376,.T.);
#1768=ORIENTED_EDGE('',*,*,#1363,.F.);
#1769=ORIENTED_EDGE('',*,*,#1380,.F.);
#1770=ORIENTED_EDGE('',*,*,#1381,.F.);
#1771=ORIENTED_EDGE('',*,*,#1378,.T.);
#1772=ORIENTED_EDGE('',*,*,#1366,.F.);
#1773=ORIENTED_EDGE('',*,*,#1382,.T.);
#1774=ORIENTED_EDGE('',*,*,#1383,.F.);
#1775=ORIENTED_EDGE('',*,*,#1380,.T.);
#1776=ORIENTED_EDGE('',*,*,#1384,.T.);
#1777=ORIENTED_EDGE('',*,*,#1385,.T.);
#1778=ORIENTED_EDGE('',*,*,#1386,.T.);
#1779=ORIENTED_EDGE('',*,*,#1387,.T.);
#1780=ORIENTED_EDGE('',*,*,#1385,.F.);
#1781=ORIENTED_EDGE('',*,*,#1388,.T.);
#1782=ORIENTED_EDGE('',*,*,#1389,.F.);
#1783=ORIENTED_EDGE('',*,*,#1390,.T.);
#1784=ORIENTED_EDGE('',*,*,#1391,.T.);
#1785=ORIENTED_EDGE('',*,*,#1392,.T.);
#1786=ORIENTED_EDGE('',*,*,#1393,.T.);
#1787=ORIENTED_EDGE('',*,*,#1394,.T.);
#1788=ORIENTED_EDGE('',*,*,#1392,.F.);
#1789=ORIENTED_EDGE('',*,*,#1395,.T.);
#1790=ORIENTED_EDGE('',*,*,#1396,.F.);
#1791=ORIENTED_EDGE('',*,*,#1397,.T.);
#1792=ORIENTED_EDGE('',*,*,#1398,.T.);
#1793=ORIENTED_EDGE('',*,*,#1399,.T.);
#1794=ORIENTED_EDGE('',*,*,#1400,.T.);
#1795=ORIENTED_EDGE('',*,*,#1401,.T.);
#1796=ORIENTED_EDGE('',*,*,#1399,.F.);
#1797=ORIENTED_EDGE('',*,*,#1402,.T.);
#1798=ORIENTED_EDGE('',*,*,#1403,.F.);
#1799=ORIENTED_EDGE('',*,*,#1404,.T.);
#1800=ORIENTED_EDGE('',*,*,#1405,.T.);
#1801=ORIENTED_EDGE('',*,*,#1406,.T.);
#1802=ORIENTED_EDGE('',*,*,#1407,.T.);
#1803=ORIENTED_EDGE('',*,*,#1408,.T.);
#1804=ORIENTED_EDGE('',*,*,#1409,.T.);
#1805=ORIENTED_EDGE('',*,*,#1410,.T.);
#1806=ORIENTED_EDGE('',*,*,#1411,.T.);
#1807=ORIENTED_EDGE('',*,*,#1408,.F.);
#1808=ORIENTED_EDGE('',*,*,#1412,.T.);
#1809=ORIENTED_EDGE('',*,*,#1413,.T.);
#1810=ORIENTED_EDGE('',*,*,#1414,.T.);
#1811=ORIENTED_EDGE('',*,*,#1415,.T.);
#1812=ORIENTED_EDGE('',*,*,#1416,.T.);
#1813=ORIENTED_EDGE('',*,*,#1417,.T.);
#1814=ORIENTED_EDGE('',*,*,#1414,.F.);
#1815=ORIENTED_EDGE('',*,*,#1418,.T.);
#1816=ORIENTED_EDGE('',*,*,#1419,.T.);
#1817=ORIENTED_EDGE('',*,*,#1416,.F.);
#1818=ORIENTED_EDGE('',*,*,#1420,.T.);
#1819=ORIENTED_EDGE('',*,*,#1410,.F.);
#1820=ORIENTED_EDGE('',*,*,#1405,.F.);
#1821=ORIENTED_EDGE('',*,*,#1421,.F.);
#1822=ORIENTED_EDGE('',*,*,#1422,.F.);
#1823=ORIENTED_EDGE('',*,*,#1423,.T.);
#1824=ORIENTED_EDGE('',*,*,#1411,.F.);
#1825=ORIENTED_EDGE('',*,*,#1424,.F.);
#1826=ORIENTED_EDGE('',*,*,#1425,.F.);
#1827=ORIENTED_EDGE('',*,*,#1421,.T.);
#1828=ORIENTED_EDGE('',*,*,#1420,.F.);
#1829=ORIENTED_EDGE('',*,*,#1426,.F.);
#1830=ORIENTED_EDGE('',*,*,#1427,.F.);
#1831=ORIENTED_EDGE('',*,*,#1424,.T.);
#1832=ORIENTED_EDGE('',*,*,#1418,.F.);
#1833=ORIENTED_EDGE('',*,*,#1428,.T.);
#1834=ORIENTED_EDGE('',*,*,#1429,.F.);
#1835=ORIENTED_EDGE('',*,*,#1426,.T.);
#1836=ORIENTED_EDGE('',*,*,#1413,.F.);
#1837=ORIENTED_EDGE('',*,*,#1430,.T.);
#1838=ORIENTED_EDGE('',*,*,#1431,.F.);
#1839=ORIENTED_EDGE('',*,*,#1428,.F.);
#1840=ORIENTED_EDGE('',*,*,#1432,.T.);
#1841=ORIENTED_EDGE('',*,*,#1433,.T.);
#1842=ORIENTED_EDGE('',*,*,#1434,.T.);
#1843=ORIENTED_EDGE('',*,*,#1435,.T.);
#1844=ORIENTED_EDGE('',*,*,#1433,.F.);
#1845=ORIENTED_EDGE('',*,*,#1436,.T.);
#1846=ORIENTED_EDGE('',*,*,#1437,.F.);
#1847=ORIENTED_EDGE('',*,*,#1438,.T.);
#1848=ORIENTED_EDGE('',*,*,#1439,.T.);
#1849=ORIENTED_EDGE('',*,*,#1440,.T.);
#1850=ORIENTED_EDGE('',*,*,#1441,.T.);
#1851=ORIENTED_EDGE('',*,*,#1442,.T.);
#1852=ORIENTED_EDGE('',*,*,#1443,.T.);
#1853=ORIENTED_EDGE('',*,*,#1444,.T.);
#1854=ORIENTED_EDGE('',*,*,#1441,.F.);
#1855=ORIENTED_EDGE('',*,*,#1445,.T.);
#1856=ORIENTED_EDGE('',*,*,#1446,.T.);
#1857=ORIENTED_EDGE('',*,*,#1447,.T.);
#1858=ORIENTED_EDGE('',*,*,#1443,.F.);
#1859=ORIENTED_EDGE('',*,*,#1448,.T.);
#1860=ORIENTED_EDGE('',*,*,#1448,.F.);
#1861=ORIENTED_EDGE('',*,*,#1449,.F.);
#1862=ORIENTED_EDGE('',*,*,#1450,.F.);
#1863=ORIENTED_EDGE('',*,*,#1451,.T.);
#1864=ORIENTED_EDGE('',*,*,#1445,.F.);
#1865=ORIENTED_EDGE('',*,*,#1452,.F.);
#1866=ORIENTED_EDGE('',*,*,#1453,.F.);
#1867=ORIENTED_EDGE('',*,*,#1449,.T.);
#1868=ORIENTED_EDGE('',*,*,#1440,.F.);
#1869=ORIENTED_EDGE('',*,*,#1454,.T.);
#1870=ORIENTED_EDGE('',*,*,#1455,.F.);
#1871=ORIENTED_EDGE('',*,*,#1452,.T.);
#1872=ORIENTED_EDGE('',*,*,#1456,.T.);
#1873=ORIENTED_EDGE('',*,*,#1457,.T.);
#1874=ORIENTED_EDGE('',*,*,#1458,.T.);
#1875=ORIENTED_EDGE('',*,*,#1459,.T.);
#1876=ORIENTED_EDGE('',*,*,#1457,.F.);
#1877=ORIENTED_EDGE('',*,*,#1460,.T.);
#1878=ORIENTED_EDGE('',*,*,#1461,.F.);
#1879=ORIENTED_EDGE('',*,*,#1462,.T.);
#1880=ORIENTED_EDGE('',*,*,#1463,.T.);
#1881=ORIENTED_EDGE('',*,*,#1464,.T.);
#1882=ORIENTED_EDGE('',*,*,#1465,.T.);
#1883=ORIENTED_EDGE('',*,*,#1466,.T.);
#1884=ORIENTED_EDGE('',*,*,#1464,.F.);
#1885=ORIENTED_EDGE('',*,*,#1467,.T.);
#1886=ORIENTED_EDGE('',*,*,#1468,.F.);
#1887=ORIENTED_EDGE('',*,*,#1469,.T.);
#1888=ORIENTED_EDGE('',*,*,#1470,.F.);
#1889=ORIENTED_EDGE('',*,*,#1471,.F.);
#1890=ORIENTED_EDGE('',*,*,#1472,.F.);
#1891=ORIENTED_EDGE('',*,*,#1473,.F.);
#1892=ORIENTED_EDGE('',*,*,#1474,.T.);
#1893=ORIENTED_EDGE('',*,*,#1347,.F.);
#1894=ORIENTED_EDGE('',*,*,#1352,.F.);
#1895=ORIENTED_EDGE('',*,*,#1475,.F.);
#1896=ORIENTED_EDGE('',*,*,#1470,.T.);
#1897=ORIENTED_EDGE('',*,*,#1476,.T.);
#1898=ORIENTED_EDGE('',*,*,#1472,.T.);
#1899=ORIENTED_EDGE('',*,*,#1477,.F.);
#1900=ORIENTED_EDGE('',*,*,#1337,.F.);
#1901=ORIENTED_EDGE('',*,*,#1333,.F.);
#1902=ORIENTED_EDGE('',*,*,#1478,.F.);
#1903=ORIENTED_EDGE('',*,*,#1479,.T.);
#1904=ORIENTED_EDGE('',*,*,#1480,.F.);
#1905=ORIENTED_EDGE('',*,*,#1481,.F.);
#1906=ORIENTED_EDGE('',*,*,#1482,.T.);
#1907=ORIENTED_EDGE('',*,*,#1478,.T.);
#1908=ORIENTED_EDGE('',*,*,#1483,.F.);
#1909=ORIENTED_EDGE('',*,*,#1454,.F.);
#1910=ORIENTED_EDGE('',*,*,#1439,.F.);
#1911=ORIENTED_EDGE('',*,*,#1462,.F.);
#1912=ORIENTED_EDGE('',*,*,#1484,.F.);
#1913=ORIENTED_EDGE('',*,*,#1480,.T.);
#1914=ORIENTED_EDGE('',*,*,#1485,.T.);
#1915=ORIENTED_EDGE('',*,*,#1458,.F.);
#1916=ORIENTED_EDGE('',*,*,#1486,.F.);
#1917=ORIENTED_EDGE('',*,*,#1487,.F.);
#1918=ORIENTED_EDGE('',*,*,#1488,.F.);
#1919=ORIENTED_EDGE('',*,*,#1489,.F.);
#1920=ORIENTED_EDGE('',*,*,#1451,.F.);
#1921=ORIENTED_EDGE('',*,*,#1490,.F.);
#1922=ORIENTED_EDGE('',*,*,#1486,.T.);
#1923=ORIENTED_EDGE('',*,*,#1491,.T.);
#1924=ORIENTED_EDGE('',*,*,#1446,.F.);
#1925=ORIENTED_EDGE('',*,*,#1492,.T.);
#1926=ORIENTED_EDGE('',*,*,#1488,.T.);
#1927=ORIENTED_EDGE('',*,*,#1493,.F.);
#1928=ORIENTED_EDGE('',*,*,#1436,.F.);
#1929=ORIENTED_EDGE('',*,*,#1432,.F.);
#1930=ORIENTED_EDGE('',*,*,#1494,.F.);
#1931=ORIENTED_EDGE('',*,*,#1495,.T.);
#1932=ORIENTED_EDGE('',*,*,#1496,.F.);
#1933=ORIENTED_EDGE('',*,*,#1497,.F.);
#1934=ORIENTED_EDGE('',*,*,#1498,.T.);
#1935=ORIENTED_EDGE('',*,*,#1494,.T.);
#1936=ORIENTED_EDGE('',*,*,#1499,.F.);
#1937=ORIENTED_EDGE('',*,*,#1430,.F.);
#1938=ORIENTED_EDGE('',*,*,#1412,.F.);
#1939=ORIENTED_EDGE('',*,*,#1438,.F.);
#1940=ORIENTED_EDGE('',*,*,#1500,.F.);
#1941=ORIENTED_EDGE('',*,*,#1496,.T.);
#1942=ORIENTED_EDGE('',*,*,#1501,.T.);
#1943=ORIENTED_EDGE('',*,*,#1434,.F.);
#1944=ORIENTED_EDGE('',*,*,#1502,.F.);
#1945=ORIENTED_EDGE('',*,*,#1503,.F.);
#1946=ORIENTED_EDGE('',*,*,#1504,.F.);
#1947=ORIENTED_EDGE('',*,*,#1505,.F.);
#1948=ORIENTED_EDGE('',*,*,#1506,.T.);
#1949=ORIENTED_EDGE('',*,*,#1406,.F.);
#1950=ORIENTED_EDGE('',*,*,#1423,.F.);
#1951=ORIENTED_EDGE('',*,*,#1507,.F.);
#1952=ORIENTED_EDGE('',*,*,#1502,.T.);
#1953=ORIENTED_EDGE('',*,*,#1508,.T.);
#1954=ORIENTED_EDGE('',*,*,#1504,.T.);
#1955=ORIENTED_EDGE('',*,*,#1509,.F.);
#1956=ORIENTED_EDGE('',*,*,#1402,.F.);
#1957=ORIENTED_EDGE('',*,*,#1398,.F.);
#1958=ORIENTED_EDGE('',*,*,#1510,.F.);
#1959=ORIENTED_EDGE('',*,*,#1511,.F.);
#1960=ORIENTED_EDGE('',*,*,#1512,.F.);
#1961=ORIENTED_EDGE('',*,*,#1513,.F.);
#1962=ORIENTED_EDGE('',*,*,#1514,.T.);
#1963=ORIENTED_EDGE('',*,*,#1400,.F.);
#1964=ORIENTED_EDGE('',*,*,#1404,.F.);
#1965=ORIENTED_EDGE('',*,*,#1515,.F.);
#1966=ORIENTED_EDGE('',*,*,#1510,.T.);
#1967=ORIENTED_EDGE('',*,*,#1516,.T.);
#1968=ORIENTED_EDGE('',*,*,#1512,.T.);
#1969=ORIENTED_EDGE('',*,*,#1517,.F.);
#1970=ORIENTED_EDGE('',*,*,#1395,.F.);
#1971=ORIENTED_EDGE('',*,*,#1391,.F.);
#1972=ORIENTED_EDGE('',*,*,#1518,.F.);
#1973=ORIENTED_EDGE('',*,*,#1519,.T.);
#1974=ORIENTED_EDGE('',*,*,#1520,.F.);
#1975=ORIENTED_EDGE('',*,*,#1521,.F.);
#1976=ORIENTED_EDGE('',*,*,#1522,.T.);
#1977=ORIENTED_EDGE('',*,*,#1518,.T.);
#1978=ORIENTED_EDGE('',*,*,#1523,.F.);
#1979=ORIENTED_EDGE('',*,*,#1388,.F.);
#1980=ORIENTED_EDGE('',*,*,#1384,.F.);
#1981=ORIENTED_EDGE('',*,*,#1397,.F.);
#1982=ORIENTED_EDGE('',*,*,#1524,.F.);
#1983=ORIENTED_EDGE('',*,*,#1520,.T.);
#1984=ORIENTED_EDGE('',*,*,#1525,.T.);
#1985=ORIENTED_EDGE('',*,*,#1393,.F.);
#1986=ORIENTED_EDGE('',*,*,#1526,.F.);
#1987=ORIENTED_EDGE('',*,*,#1527,.T.);
#1988=ORIENTED_EDGE('',*,*,#1528,.F.);
#1989=ORIENTED_EDGE('',*,*,#1529,.F.);
#1990=ORIENTED_EDGE('',*,*,#1530,.T.);
#1991=ORIENTED_EDGE('',*,*,#1526,.T.);
#1992=ORIENTED_EDGE('',*,*,#1531,.F.);
#1993=ORIENTED_EDGE('',*,*,#1382,.F.);
#1994=ORIENTED_EDGE('',*,*,#1365,.F.);
#1995=ORIENTED_EDGE('',*,*,#1390,.F.);
#1996=ORIENTED_EDGE('',*,*,#1532,.F.);
#1997=ORIENTED_EDGE('',*,*,#1528,.T.);
#1998=ORIENTED_EDGE('',*,*,#1533,.T.);
#1999=ORIENTED_EDGE('',*,*,#1386,.F.);
#2000=ORIENTED_EDGE('',*,*,#1534,.T.);
#2001=ORIENTED_EDGE('',*,*,#1535,.T.);
#2002=ORIENTED_EDGE('',*,*,#1536,.T.);
#2003=ORIENTED_EDGE('',*,*,#1537,.T.);
#2004=ORIENTED_EDGE('',*,*,#1538,.T.);
#2005=ORIENTED_EDGE('',*,*,#1539,.T.);
#2006=ORIENTED_EDGE('',*,*,#1540,.T.);
#2007=ORIENTED_EDGE('',*,*,#1541,.T.);
#2008=ORIENTED_EDGE('',*,*,#1542,.T.);
#2009=ORIENTED_EDGE('',*,*,#1543,.T.);
#2010=ORIENTED_EDGE('',*,*,#1544,.T.);
#2011=ORIENTED_EDGE('',*,*,#1545,.T.);
#2012=ORIENTED_EDGE('',*,*,#1546,.F.);
#2013=ORIENTED_EDGE('',*,*,#1547,.F.);
#2014=ORIENTED_EDGE('',*,*,#1548,.F.);
#2015=ORIENTED_EDGE('',*,*,#1343,.F.);
#2016=ORIENTED_EDGE('',*,*,#1345,.F.);
#2017=ORIENTED_EDGE('',*,*,#1348,.F.);
#2018=ORIENTED_EDGE('',*,*,#1474,.F.);
#2019=ORIENTED_EDGE('',*,*,#1473,.T.);
#2020=ORIENTED_EDGE('',*,*,#1476,.F.);
#2021=ORIENTED_EDGE('',*,*,#1336,.F.);
#2022=ORIENTED_EDGE('',*,*,#1549,.F.);
#2023=ORIENTED_EDGE('',*,*,#1550,.F.);
#2024=ORIENTED_EDGE('',*,*,#1551,.T.);
#2025=ORIENTED_EDGE('',*,*,#1466,.F.);
#2026=ORIENTED_EDGE('',*,*,#1552,.T.);
#2027=ORIENTED_EDGE('',*,*,#1553,.T.);
#2028=ORIENTED_EDGE('',*,*,#1554,.F.);
#2029=ORIENTED_EDGE('',*,*,#1459,.F.);
#2030=ORIENTED_EDGE('',*,*,#1485,.F.);
#2031=ORIENTED_EDGE('',*,*,#1479,.F.);
#2032=ORIENTED_EDGE('',*,*,#1482,.F.);
#2033=ORIENTED_EDGE('',*,*,#1442,.F.);
#2034=ORIENTED_EDGE('',*,*,#1444,.F.);
#2035=ORIENTED_EDGE('',*,*,#1447,.F.);
#2036=ORIENTED_EDGE('',*,*,#1491,.F.);
#2037=ORIENTED_EDGE('',*,*,#1489,.T.);
#2038=ORIENTED_EDGE('',*,*,#1492,.F.);
#2039=ORIENTED_EDGE('',*,*,#1435,.F.);
#2040=ORIENTED_EDGE('',*,*,#1501,.F.);
#2041=ORIENTED_EDGE('',*,*,#1495,.F.);
#2042=ORIENTED_EDGE('',*,*,#1498,.F.);
#2043=ORIENTED_EDGE('',*,*,#1415,.F.);
#2044=ORIENTED_EDGE('',*,*,#1417,.F.);
#2045=ORIENTED_EDGE('',*,*,#1419,.F.);
#2046=ORIENTED_EDGE('',*,*,#1409,.F.);
#2047=ORIENTED_EDGE('',*,*,#1407,.F.);
#2048=ORIENTED_EDGE('',*,*,#1506,.F.);
#2049=ORIENTED_EDGE('',*,*,#1505,.T.);
#2050=ORIENTED_EDGE('',*,*,#1508,.F.);
#2051=ORIENTED_EDGE('',*,*,#1401,.F.);
#2052=ORIENTED_EDGE('',*,*,#1514,.F.);
#2053=ORIENTED_EDGE('',*,*,#1513,.T.);
#2054=ORIENTED_EDGE('',*,*,#1516,.F.);
#2055=ORIENTED_EDGE('',*,*,#1394,.F.);
#2056=ORIENTED_EDGE('',*,*,#1525,.F.);
#2057=ORIENTED_EDGE('',*,*,#1519,.F.);
#2058=ORIENTED_EDGE('',*,*,#1522,.F.);
#2059=ORIENTED_EDGE('',*,*,#1387,.F.);
#2060=ORIENTED_EDGE('',*,*,#1533,.F.);
#2061=ORIENTED_EDGE('',*,*,#1527,.F.);
#2062=ORIENTED_EDGE('',*,*,#1530,.F.);
#2063=ORIENTED_EDGE('',*,*,#1364,.F.);
#2064=ORIENTED_EDGE('',*,*,#1361,.F.);
#2065=ORIENTED_EDGE('',*,*,#1359,.F.);
#2066=ORIENTED_EDGE('',*,*,#1368,.F.);
#2067=ORIENTED_EDGE('',*,*,#1371,.F.);
#2068=ORIENTED_EDGE('',*,*,#1555,.F.);
#2069=ORIENTED_EDGE('',*,*,#1556,.F.);
#2070=ORIENTED_EDGE('',*,*,#1557,.F.);
#2071=ORIENTED_EDGE('',*,*,#1329,.F.);
#2072=ORIENTED_EDGE('',*,*,#1558,.F.);
#2073=ORIENTED_EDGE('',*,*,#1556,.T.);
#2074=ORIENTED_EDGE('',*,*,#1559,.F.);
#2075=ORIENTED_EDGE('',*,*,#1560,.F.);
#2076=ORIENTED_EDGE('',*,*,#1557,.T.);
#2077=ORIENTED_EDGE('',*,*,#1558,.T.);
#2078=ORIENTED_EDGE('',*,*,#1561,.F.);
#2079=ORIENTED_EDGE('',*,*,#1330,.F.);
#2080=ORIENTED_EDGE('',*,*,#1326,.F.);
#2081=ORIENTED_EDGE('',*,*,#1375,.F.);
#2082=ORIENTED_EDGE('',*,*,#1562,.F.);
#2083=ORIENTED_EDGE('',*,*,#1559,.T.);
#2084=ORIENTED_EDGE('',*,*,#1555,.T.);
#2085=ORIENTED_EDGE('',*,*,#1370,.F.);
#2086=ORIENTED_EDGE('',*,*,#1563,.F.);
#2087=ORIENTED_EDGE('',*,*,#1547,.T.);
#2088=ORIENTED_EDGE('',*,*,#1564,.F.);
#2089=ORIENTED_EDGE('',*,*,#1565,.F.);
#2090=ORIENTED_EDGE('',*,*,#1548,.T.);
#2091=ORIENTED_EDGE('',*,*,#1563,.T.);
#2092=ORIENTED_EDGE('',*,*,#1566,.F.);
#2093=ORIENTED_EDGE('',*,*,#1355,.F.);
#2094=ORIENTED_EDGE('',*,*,#1340,.F.);
#2095=ORIENTED_EDGE('',*,*,#1332,.F.);
#2096=ORIENTED_EDGE('',*,*,#1567,.F.);
#2097=ORIENTED_EDGE('',*,*,#1564,.T.);
#2098=ORIENTED_EDGE('',*,*,#1546,.T.);
#2099=ORIENTED_EDGE('',*,*,#1328,.F.);
#2100=ORIENTED_EDGE('',*,*,#1568,.T.);
#2101=ORIENTED_EDGE('',*,*,#1550,.T.);
#2102=ORIENTED_EDGE('',*,*,#1569,.F.);
#2103=ORIENTED_EDGE('',*,*,#1570,.F.);
#2104=ORIENTED_EDGE('',*,*,#1549,.T.);
#2105=ORIENTED_EDGE('',*,*,#1335,.F.);
#2106=ORIENTED_EDGE('',*,*,#1339,.F.);
#2107=ORIENTED_EDGE('',*,*,#1571,.F.);
#2108=ORIENTED_EDGE('',*,*,#1569,.T.);
#2109=ORIENTED_EDGE('',*,*,#1551,.F.);
#2110=ORIENTED_EDGE('',*,*,#1568,.F.);
#2111=ORIENTED_EDGE('',*,*,#1572,.F.);
#2112=ORIENTED_EDGE('',*,*,#1467,.F.);
#2113=ORIENTED_EDGE('',*,*,#1463,.F.);
#2114=ORIENTED_EDGE('',*,*,#1573,.T.);
#2115=ORIENTED_EDGE('',*,*,#1574,.F.);
#2116=ORIENTED_EDGE('',*,*,#1575,.F.);
#2117=ORIENTED_EDGE('',*,*,#1553,.F.);
#2118=ORIENTED_EDGE('',*,*,#1554,.T.);
#2119=ORIENTED_EDGE('',*,*,#1575,.T.);
#2120=ORIENTED_EDGE('',*,*,#1576,.F.);
#2121=ORIENTED_EDGE('',*,*,#1460,.F.);
#2122=ORIENTED_EDGE('',*,*,#1456,.F.);
#2123=ORIENTED_EDGE('',*,*,#1469,.F.);
#2124=ORIENTED_EDGE('',*,*,#1577,.F.);
#2125=ORIENTED_EDGE('',*,*,#1573,.F.);
#2126=ORIENTED_EDGE('',*,*,#1552,.F.);
#2127=ORIENTED_EDGE('',*,*,#1465,.F.);
#2128=ORIENTED_EDGE('',*,*,#1578,.T.);
#2129=ORIENTED_EDGE('',*,*,#1579,.T.);
#2130=ORIENTED_EDGE('',*,*,#1580,.T.);
#2131=ORIENTED_EDGE('',*,*,#1581,.T.);
#2132=ORIENTED_EDGE('',*,*,#1582,.T.);
#2133=ORIENTED_EDGE('',*,*,#1583,.F.);
#2134=ORIENTED_EDGE('',*,*,#1584,.T.);
#2135=ORIENTED_EDGE('',*,*,#1585,.F.);
#2136=ORIENTED_EDGE('',*,*,#1586,.T.);
#2137=ORIENTED_EDGE('',*,*,#1587,.F.);
#2138=ORIENTED_EDGE('',*,*,#1588,.T.);
#2139=ORIENTED_EDGE('',*,*,#1589,.T.);
#2140=ORIENTED_EDGE('',*,*,#1590,.T.);
#2141=ORIENTED_EDGE('',*,*,#1591,.T.);
#2142=ORIENTED_EDGE('',*,*,#1592,.T.);
#2143=ORIENTED_EDGE('',*,*,#1593,.T.);
#2144=ORIENTED_EDGE('',*,*,#1594,.T.);
#2145=ORIENTED_EDGE('',*,*,#1595,.T.);
#2146=ORIENTED_EDGE('',*,*,#1596,.T.);
#2147=ORIENTED_EDGE('',*,*,#1597,.T.);
#2148=ORIENTED_EDGE('',*,*,#1598,.T.);
#2149=ORIENTED_EDGE('',*,*,#1599,.T.);
#2150=ORIENTED_EDGE('',*,*,#1600,.T.);
#2151=ORIENTED_EDGE('',*,*,#1601,.T.);
#2152=ORIENTED_EDGE('',*,*,#1602,.F.);
#2153=ORIENTED_EDGE('',*,*,#1603,.T.);
#2154=ORIENTED_EDGE('',*,*,#1597,.F.);
#2155=ORIENTED_EDGE('',*,*,#1604,.F.);
#2156=ORIENTED_EDGE('',*,*,#1605,.F.);
#2157=ORIENTED_EDGE('',*,*,#1604,.T.);
#2158=ORIENTED_EDGE('',*,*,#1596,.F.);
#2159=ORIENTED_EDGE('',*,*,#1606,.F.);
#2160=ORIENTED_EDGE('',*,*,#1607,.F.);
#2161=ORIENTED_EDGE('',*,*,#1606,.T.);
#2162=ORIENTED_EDGE('',*,*,#1595,.F.);
#2163=ORIENTED_EDGE('',*,*,#1608,.F.);
#2164=ORIENTED_EDGE('',*,*,#1609,.F.);
#2165=ORIENTED_EDGE('',*,*,#1608,.T.);
#2166=ORIENTED_EDGE('',*,*,#1594,.F.);
#2167=ORIENTED_EDGE('',*,*,#1610,.F.);
#2168=ORIENTED_EDGE('',*,*,#1611,.F.);
#2169=ORIENTED_EDGE('',*,*,#1610,.T.);
#2170=ORIENTED_EDGE('',*,*,#1593,.F.);
#2171=ORIENTED_EDGE('',*,*,#1612,.F.);
#2172=ORIENTED_EDGE('',*,*,#1613,.F.);
#2173=ORIENTED_EDGE('',*,*,#1612,.T.);
#2174=ORIENTED_EDGE('',*,*,#1592,.F.);
#2175=ORIENTED_EDGE('',*,*,#1614,.F.);
#2176=ORIENTED_EDGE('',*,*,#1615,.F.);
#2177=ORIENTED_EDGE('',*,*,#1614,.T.);
#2178=ORIENTED_EDGE('',*,*,#1591,.F.);
#2179=ORIENTED_EDGE('',*,*,#1616,.F.);
#2180=ORIENTED_EDGE('',*,*,#1617,.F.);
#2181=ORIENTED_EDGE('',*,*,#1616,.T.);
#2182=ORIENTED_EDGE('',*,*,#1590,.F.);
#2183=ORIENTED_EDGE('',*,*,#1603,.F.);
#2184=ORIENTED_EDGE('',*,*,#1618,.F.);
#2185=ORIENTED_EDGE('',*,*,#1589,.F.);
#2186=ORIENTED_EDGE('',*,*,#1619,.F.);
#2187=ORIENTED_EDGE('',*,*,#1545,.F.);
#2188=ORIENTED_EDGE('',*,*,#1620,.F.);
#2189=ORIENTED_EDGE('',*,*,#1621,.T.);
#2190=ORIENTED_EDGE('',*,*,#1598,.F.);
#2191=ORIENTED_EDGE('',*,*,#1621,.F.);
#2192=ORIENTED_EDGE('',*,*,#1622,.F.);
#2193=ORIENTED_EDGE('',*,*,#1623,.T.);
#2194=ORIENTED_EDGE('',*,*,#1599,.F.);
#2195=ORIENTED_EDGE('',*,*,#1623,.F.);
#2196=ORIENTED_EDGE('',*,*,#1624,.F.);
#2197=ORIENTED_EDGE('',*,*,#1625,.T.);
#2198=ORIENTED_EDGE('',*,*,#1600,.F.);
#2199=ORIENTED_EDGE('',*,*,#1625,.F.);
#2200=ORIENTED_EDGE('',*,*,#1626,.F.);
#2201=ORIENTED_EDGE('',*,*,#1627,.T.);
#2202=ORIENTED_EDGE('',*,*,#1601,.F.);
#2203=ORIENTED_EDGE('',*,*,#1627,.F.);
#2204=ORIENTED_EDGE('',*,*,#1628,.F.);
#2205=ORIENTED_EDGE('',*,*,#1629,.T.);
#2206=ORIENTED_EDGE('',*,*,#1630,.F.);
#2207=ORIENTED_EDGE('',*,*,#1629,.F.);
#2208=ORIENTED_EDGE('',*,*,#1631,.F.);
#2209=ORIENTED_EDGE('',*,*,#1632,.T.);
#2210=ORIENTED_EDGE('',*,*,#1633,.F.);
#2211=ORIENTED_EDGE('',*,*,#1632,.F.);
#2212=ORIENTED_EDGE('',*,*,#1634,.F.);
#2213=ORIENTED_EDGE('',*,*,#1635,.T.);
#2214=ORIENTED_EDGE('',*,*,#1636,.F.);
#2215=ORIENTED_EDGE('',*,*,#1635,.F.);
#2216=ORIENTED_EDGE('',*,*,#1637,.F.);
#2217=ORIENTED_EDGE('',*,*,#1638,.T.);
#2218=ORIENTED_EDGE('',*,*,#1639,.F.);
#2219=ORIENTED_EDGE('',*,*,#1638,.F.);
#2220=ORIENTED_EDGE('',*,*,#1628,.T.);
#2221=ORIENTED_EDGE('',*,*,#1620,.T.);
#2222=ORIENTED_EDGE('',*,*,#1637,.T.);
#2223=ORIENTED_EDGE('',*,*,#1622,.T.);
#2224=ORIENTED_EDGE('',*,*,#1631,.T.);
#2225=ORIENTED_EDGE('',*,*,#1624,.T.);
#2226=ORIENTED_EDGE('',*,*,#1634,.T.);
#2227=ORIENTED_EDGE('',*,*,#1626,.T.);
#2228=ORIENTED_EDGE('',*,*,#1640,.F.);
#2229=ORIENTED_EDGE('',*,*,#1641,.F.);
#2230=ORIENTED_EDGE('',*,*,#1615,.T.);
#2231=ORIENTED_EDGE('',*,*,#1642,.T.);
#2232=ORIENTED_EDGE('',*,*,#1643,.F.);
#2233=ORIENTED_EDGE('',*,*,#1642,.F.);
#2234=ORIENTED_EDGE('',*,*,#1617,.T.);
#2235=ORIENTED_EDGE('',*,*,#1644,.T.);
#2236=ORIENTED_EDGE('',*,*,#1645,.F.);
#2237=ORIENTED_EDGE('',*,*,#1644,.F.);
#2238=ORIENTED_EDGE('',*,*,#1602,.T.);
#2239=ORIENTED_EDGE('',*,*,#1646,.T.);
#2240=ORIENTED_EDGE('',*,*,#1647,.F.);
#2241=ORIENTED_EDGE('',*,*,#1646,.F.);
#2242=ORIENTED_EDGE('',*,*,#1605,.T.);
#2243=ORIENTED_EDGE('',*,*,#1648,.T.);
#2244=ORIENTED_EDGE('',*,*,#1649,.F.);
#2245=ORIENTED_EDGE('',*,*,#1648,.F.);
#2246=ORIENTED_EDGE('',*,*,#1607,.T.);
#2247=ORIENTED_EDGE('',*,*,#1650,.T.);
#2248=ORIENTED_EDGE('',*,*,#1651,.F.);
#2249=ORIENTED_EDGE('',*,*,#1650,.F.);
#2250=ORIENTED_EDGE('',*,*,#1609,.T.);
#2251=ORIENTED_EDGE('',*,*,#1652,.T.);
#2252=ORIENTED_EDGE('',*,*,#1653,.F.);
#2253=ORIENTED_EDGE('',*,*,#1652,.F.);
#2254=ORIENTED_EDGE('',*,*,#1611,.T.);
#2255=ORIENTED_EDGE('',*,*,#1654,.T.);
#2256=ORIENTED_EDGE('',*,*,#1655,.F.);
#2257=ORIENTED_EDGE('',*,*,#1654,.F.);
#2258=ORIENTED_EDGE('',*,*,#1613,.T.);
#2259=ORIENTED_EDGE('',*,*,#1641,.T.);
#2260=ORIENTED_EDGE('',*,*,#1574,.T.);
#2261=ORIENTED_EDGE('',*,*,#1577,.T.);
#2262=ORIENTED_EDGE('',*,*,#1468,.T.);
#2263=ORIENTED_EDGE('',*,*,#1572,.T.);
#2264=ORIENTED_EDGE('',*,*,#1570,.T.);
#2265=ORIENTED_EDGE('',*,*,#1571,.T.);
#2266=ORIENTED_EDGE('',*,*,#1338,.T.);
#2267=ORIENTED_EDGE('',*,*,#1477,.T.);
#2268=ORIENTED_EDGE('',*,*,#1471,.T.);
#2269=ORIENTED_EDGE('',*,*,#1475,.T.);
#2270=ORIENTED_EDGE('',*,*,#1351,.T.);
#2271=ORIENTED_EDGE('',*,*,#1354,.T.);
#2272=ORIENTED_EDGE('',*,*,#1356,.T.);
#2273=ORIENTED_EDGE('',*,*,#1566,.T.);
#2274=ORIENTED_EDGE('',*,*,#1565,.T.);
#2275=ORIENTED_EDGE('',*,*,#1567,.T.);
#2276=ORIENTED_EDGE('',*,*,#1331,.T.);
#2277=ORIENTED_EDGE('',*,*,#1561,.T.);
#2278=ORIENTED_EDGE('',*,*,#1560,.T.);
#2279=ORIENTED_EDGE('',*,*,#1562,.T.);
#2280=ORIENTED_EDGE('',*,*,#1374,.T.);
#2281=ORIENTED_EDGE('',*,*,#1377,.T.);
#2282=ORIENTED_EDGE('',*,*,#1379,.T.);
#2283=ORIENTED_EDGE('',*,*,#1381,.T.);
#2284=ORIENTED_EDGE('',*,*,#1383,.T.);
#2285=ORIENTED_EDGE('',*,*,#1531,.T.);
#2286=ORIENTED_EDGE('',*,*,#1529,.T.);
#2287=ORIENTED_EDGE('',*,*,#1532,.T.);
#2288=ORIENTED_EDGE('',*,*,#1389,.T.);
#2289=ORIENTED_EDGE('',*,*,#1523,.T.);
#2290=ORIENTED_EDGE('',*,*,#1521,.T.);
#2291=ORIENTED_EDGE('',*,*,#1524,.T.);
#2292=ORIENTED_EDGE('',*,*,#1396,.T.);
#2293=ORIENTED_EDGE('',*,*,#1517,.T.);
#2294=ORIENTED_EDGE('',*,*,#1511,.T.);
#2295=ORIENTED_EDGE('',*,*,#1515,.T.);
#2296=ORIENTED_EDGE('',*,*,#1403,.T.);
#2297=ORIENTED_EDGE('',*,*,#1509,.T.);
#2298=ORIENTED_EDGE('',*,*,#1503,.T.);
#2299=ORIENTED_EDGE('',*,*,#1507,.T.);
#2300=ORIENTED_EDGE('',*,*,#1422,.T.);
#2301=ORIENTED_EDGE('',*,*,#1425,.T.);
#2302=ORIENTED_EDGE('',*,*,#1427,.T.);
#2303=ORIENTED_EDGE('',*,*,#1429,.T.);
#2304=ORIENTED_EDGE('',*,*,#1431,.T.);
#2305=ORIENTED_EDGE('',*,*,#1499,.T.);
#2306=ORIENTED_EDGE('',*,*,#1497,.T.);
#2307=ORIENTED_EDGE('',*,*,#1500,.T.);
#2308=ORIENTED_EDGE('',*,*,#1437,.T.);
#2309=ORIENTED_EDGE('',*,*,#1493,.T.);
#2310=ORIENTED_EDGE('',*,*,#1487,.T.);
#2311=ORIENTED_EDGE('',*,*,#1490,.T.);
#2312=ORIENTED_EDGE('',*,*,#1450,.T.);
#2313=ORIENTED_EDGE('',*,*,#1453,.T.);
#2314=ORIENTED_EDGE('',*,*,#1455,.T.);
#2315=ORIENTED_EDGE('',*,*,#1483,.T.);
#2316=ORIENTED_EDGE('',*,*,#1481,.T.);
#2317=ORIENTED_EDGE('',*,*,#1484,.T.);
#2318=ORIENTED_EDGE('',*,*,#1461,.T.);
#2319=ORIENTED_EDGE('',*,*,#1576,.T.);
#2320=ORIENTED_EDGE('',*,*,#1324,.T.);
#2321=ORIENTED_EDGE('',*,*,#1322,.F.);
#2322=ORIENTED_EDGE('',*,*,#1325,.T.);
#2323=ORIENTED_EDGE('',*,*,#1319,.F.);
#2324=ORIENTED_EDGE('',*,*,#1317,.T.);
#2325=ORIENTED_EDGE('',*,*,#1310,.F.);
#2326=ORIENTED_EDGE('',*,*,#1630,.T.);
#2327=ORIENTED_EDGE('',*,*,#1633,.T.);
#2328=ORIENTED_EDGE('',*,*,#1636,.T.);
#2329=ORIENTED_EDGE('',*,*,#1639,.T.);
#2330=ORIENTED_EDGE('',*,*,#1640,.T.);
#2331=ORIENTED_EDGE('',*,*,#1643,.T.);
#2332=ORIENTED_EDGE('',*,*,#1645,.T.);
#2333=ORIENTED_EDGE('',*,*,#1647,.T.);
#2334=ORIENTED_EDGE('',*,*,#1649,.T.);
#2335=ORIENTED_EDGE('',*,*,#1651,.T.);
#2336=ORIENTED_EDGE('',*,*,#1653,.T.);
#2337=ORIENTED_EDGE('',*,*,#1655,.T.);
#2338=ORIENTED_EDGE('',*,*,#1619,.T.);
#2339=ORIENTED_EDGE('',*,*,#1588,.F.);
#2340=ORIENTED_EDGE('',*,*,#1656,.F.);
#2341=ORIENTED_EDGE('',*,*,#1534,.F.);
#2342=ORIENTED_EDGE('',*,*,#1656,.T.);
#2343=ORIENTED_EDGE('',*,*,#1587,.T.);
#2344=ORIENTED_EDGE('',*,*,#1657,.F.);
#2345=ORIENTED_EDGE('',*,*,#1535,.F.);
#2346=ORIENTED_EDGE('',*,*,#1657,.T.);
#2347=ORIENTED_EDGE('',*,*,#1586,.F.);
#2348=ORIENTED_EDGE('',*,*,#1658,.F.);
#2349=ORIENTED_EDGE('',*,*,#1536,.F.);
#2350=ORIENTED_EDGE('',*,*,#1658,.T.);
#2351=ORIENTED_EDGE('',*,*,#1585,.T.);
#2352=ORIENTED_EDGE('',*,*,#1659,.F.);
#2353=ORIENTED_EDGE('',*,*,#1537,.F.);
#2354=ORIENTED_EDGE('',*,*,#1659,.T.);
#2355=ORIENTED_EDGE('',*,*,#1584,.F.);
#2356=ORIENTED_EDGE('',*,*,#1660,.F.);
#2357=ORIENTED_EDGE('',*,*,#1538,.F.);
#2358=ORIENTED_EDGE('',*,*,#1660,.T.);
#2359=ORIENTED_EDGE('',*,*,#1583,.T.);
#2360=ORIENTED_EDGE('',*,*,#1661,.F.);
#2361=ORIENTED_EDGE('',*,*,#1539,.F.);
#2362=ORIENTED_EDGE('',*,*,#1661,.T.);
#2363=ORIENTED_EDGE('',*,*,#1582,.F.);
#2364=ORIENTED_EDGE('',*,*,#1662,.F.);
#2365=ORIENTED_EDGE('',*,*,#1540,.F.);
#2366=ORIENTED_EDGE('',*,*,#1662,.T.);
#2367=ORIENTED_EDGE('',*,*,#1581,.F.);
#2368=ORIENTED_EDGE('',*,*,#1663,.T.);
#2369=ORIENTED_EDGE('',*,*,#1541,.F.);
#2370=ORIENTED_EDGE('',*,*,#1663,.F.);
#2371=ORIENTED_EDGE('',*,*,#1580,.F.);
#2372=ORIENTED_EDGE('',*,*,#1664,.F.);
#2373=ORIENTED_EDGE('',*,*,#1542,.F.);
#2374=ORIENTED_EDGE('',*,*,#1664,.T.);
#2375=ORIENTED_EDGE('',*,*,#1579,.F.);
#2376=ORIENTED_EDGE('',*,*,#1665,.F.);
#2377=ORIENTED_EDGE('',*,*,#1543,.F.);
#2378=ORIENTED_EDGE('',*,*,#1665,.T.);
#2379=ORIENTED_EDGE('',*,*,#1578,.F.);
#2380=ORIENTED_EDGE('',*,*,#1618,.T.);
#2381=ORIENTED_EDGE('',*,*,#1544,.F.);
#2382=CYLINDRICAL_SURFACE('',#2545,0.2);
#2383=CYLINDRICAL_SURFACE('',#2552,0.2);
#2384=CYLINDRICAL_SURFACE('',#2554,0.2);
#2385=CYLINDRICAL_SURFACE('',#2568,1.79999999999999);
#2386=CYLINDRICAL_SURFACE('',#2579,1.79999999999994);
#2387=CYLINDRICAL_SURFACE('',#2600,1.79999999999996);
#2388=CYLINDRICAL_SURFACE('',#2611,1.80000000000001);
#2389=CYLINDRICAL_SURFACE('',#2673,0.500000000000001);
#2390=CYLINDRICAL_SURFACE('',#2676,0.500000000000001);
#2391=CYLINDRICAL_SURFACE('',#2679,0.500000000000001);
#2392=CYLINDRICAL_SURFACE('',#2682,0.500000000000001);
#2393=CYLINDRICAL_SURFACE('',#2685,1.6);
#2394=CYLINDRICAL_SURFACE('',#2687,1.6);
#2395=CYLINDRICAL_SURFACE('',#2689,1.6);
#2396=CYLINDRICAL_SURFACE('',#2691,1.6);
#2397=CYLINDRICAL_SURFACE('',#2693,3.25);
#2398=CYLINDRICAL_SURFACE('',#2696,3.25);
#2399=CYLINDRICAL_SURFACE('',#2699,3.25);
#2400=CYLINDRICAL_SURFACE('',#2702,3.25);
#2401=CYLINDRICAL_SURFACE('',#2709,1.);
#2402=CYLINDRICAL_SURFACE('',#2715,1.);
#2403=CYLINDRICAL_SURFACE('',#2720,1.);
#2404=CYLINDRICAL_SURFACE('',#2725,1.);
#2405=CYLINDRICAL_SURFACE('',#2730,3.);
#2406=CYLINDRICAL_SURFACE('',#2732,3.);
#2407=CYLINDRICAL_SURFACE('',#2734,3.);
#2408=CYLINDRICAL_SURFACE('',#2736,3.);
#2409=ADVANCED_FACE('',(#138),#2382,.F.);
#2410=ADVANCED_FACE('',(#139),#39,.F.);
#2411=ADVANCED_FACE('',(#140),#40,.F.);
#2412=ADVANCED_FACE('',(#141),#2383,.F.);
#2413=ADVANCED_FACE('',(#142),#2384,.F.);
#2414=ADVANCED_FACE('',(#143),#41,.F.);
#2415=ADVANCED_FACE('',(#144),#42,.F.);
#2416=ADVANCED_FACE('',(#145),#43,.T.);
#2417=ADVANCED_FACE('',(#146),#44,.T.);
#2418=ADVANCED_FACE('',(#147),#45,.T.);
#2419=ADVANCED_FACE('',(#148),#46,.T.);
#2420=ADVANCED_FACE('',(#149),#47,.T.);
#2421=ADVANCED_FACE('',(#150),#35,.F.);
#2422=ADVANCED_FACE('',(#151),#48,.T.);
#2423=ADVANCED_FACE('',(#152),#49,.T.);
#2424=ADVANCED_FACE('',(#153),#2385,.F.);
#2425=ADVANCED_FACE('',(#154),#50,.T.);
#2426=ADVANCED_FACE('',(#155),#51,.T.);
#2427=ADVANCED_FACE('',(#156),#52,.T.);
#2428=ADVANCED_FACE('',(#157),#53,.T.);
#2429=ADVANCED_FACE('',(#158),#36,.F.);
#2430=ADVANCED_FACE('',(#159),#54,.T.);
#2431=ADVANCED_FACE('',(#160),#55,.T.);
#2432=ADVANCED_FACE('',(#161),#2386,.F.);
#2433=ADVANCED_FACE('',(#162),#56,.T.);
#2434=ADVANCED_FACE('',(#163),#57,.T.);
#2435=ADVANCED_FACE('',(#164),#58,.T.);
#2436=ADVANCED_FACE('',(#165),#59,.T.);
#2437=ADVANCED_FACE('',(#166),#60,.T.);
#2438=ADVANCED_FACE('',(#167),#61,.T.);
#2439=ADVANCED_FACE('',(#168),#62,.T.);
#2440=ADVANCED_FACE('',(#169),#63,.T.);
#2441=ADVANCED_FACE('',(#170),#64,.T.);
#2442=ADVANCED_FACE('',(#171),#65,.T.);
#2443=ADVANCED_FACE('',(#172),#66,.T.);
#2444=ADVANCED_FACE('',(#173),#67,.T.);
#2445=ADVANCED_FACE('',(#174),#37,.F.);
#2446=ADVANCED_FACE('',(#175),#68,.T.);
#2447=ADVANCED_FACE('',(#176),#69,.T.);
#2448=ADVANCED_FACE('',(#177),#70,.T.);
#2449=ADVANCED_FACE('',(#178),#71,.T.);
#2450=ADVANCED_FACE('',(#179),#2387,.F.);
#2451=ADVANCED_FACE('',(#180),#72,.T.);
#2452=ADVANCED_FACE('',(#181),#73,.T.);
#2453=ADVANCED_FACE('',(#182),#74,.T.);
#2454=ADVANCED_FACE('',(#183),#75,.T.);
#2455=ADVANCED_FACE('',(#184),#38,.F.);
#2456=ADVANCED_FACE('',(#185),#76,.T.);
#2457=ADVANCED_FACE('',(#186),#77,.T.);
#2458=ADVANCED_FACE('',(#187),#2388,.F.);
#2459=ADVANCED_FACE('',(#188),#78,.T.);
#2460=ADVANCED_FACE('',(#189),#79,.T.);
#2461=ADVANCED_FACE('',(#190),#80,.T.);
#2462=ADVANCED_FACE('',(#191),#81,.T.);
#2463=ADVANCED_FACE('',(#192),#82,.T.);
#2464=ADVANCED_FACE('',(#193),#83,.T.);
#2465=ADVANCED_FACE('',(#194),#84,.T.);
#2466=ADVANCED_FACE('',(#195),#85,.T.);
#2467=ADVANCED_FACE('',(#196),#86,.T.);
#2468=ADVANCED_FACE('',(#197),#87,.T.);
#2469=ADVANCED_FACE('',(#198),#88,.T.);
#2470=ADVANCED_FACE('',(#199),#89,.T.);
#2471=ADVANCED_FACE('',(#200),#90,.T.);
#2472=ADVANCED_FACE('',(#201),#91,.T.);
#2473=ADVANCED_FACE('',(#202),#92,.T.);
#2474=ADVANCED_FACE('',(#203),#93,.T.);
#2475=ADVANCED_FACE('',(#204),#94,.T.);
#2476=ADVANCED_FACE('',(#205),#95,.T.);
#2477=ADVANCED_FACE('',(#206),#96,.T.);
#2478=ADVANCED_FACE('',(#207),#97,.T.);
#2479=ADVANCED_FACE('',(#208),#98,.T.);
#2480=ADVANCED_FACE('',(#209),#99,.T.);
#2481=ADVANCED_FACE('',(#210),#100,.T.);
#2482=ADVANCED_FACE('',(#211),#101,.T.);
#2483=ADVANCED_FACE('',(#212),#102,.T.);
#2484=ADVANCED_FACE('',(#213),#103,.T.);
#2485=ADVANCED_FACE('',(#214),#104,.T.);
#2486=ADVANCED_FACE('',(#215),#105,.T.);
#2487=ADVANCED_FACE('',(#216),#106,.T.);
#2488=ADVANCED_FACE('',(#217,#19),#107,.T.);
#2489=ADVANCED_FACE('',(#218),#108,.T.);
#2490=ADVANCED_FACE('',(#219),#109,.T.);
#2491=ADVANCED_FACE('',(#220),#110,.T.);
#2492=ADVANCED_FACE('',(#221),#111,.T.);
#2493=ADVANCED_FACE('',(#222),#112,.T.);
#2494=ADVANCED_FACE('',(#223),#113,.T.);
#2495=ADVANCED_FACE('',(#224),#114,.T.);
#2496=ADVANCED_FACE('',(#225),#115,.T.);
#2497=ADVANCED_FACE('',(#226),#116,.F.);
#2498=ADVANCED_FACE('',(#227),#117,.T.);
#2499=ADVANCED_FACE('',(#228),#118,.T.);
#2500=ADVANCED_FACE('',(#229),#119,.F.);
#2501=ADVANCED_FACE('',(#230,#20,#21,#22,#23,#24),#120,.F.);
#2502=ADVANCED_FACE('',(#231),#121,.F.);
#2503=ADVANCED_FACE('',(#232),#2389,.F.);
#2504=ADVANCED_FACE('',(#233),#122,.F.);
#2505=ADVANCED_FACE('',(#234),#2390,.F.);
#2506=ADVANCED_FACE('',(#235),#123,.F.);
#2507=ADVANCED_FACE('',(#236),#2391,.F.);
#2508=ADVANCED_FACE('',(#237),#124,.F.);
#2509=ADVANCED_FACE('',(#238),#2392,.F.);
#2510=ADVANCED_FACE('',(#239),#125,.F.);
#2511=ADVANCED_FACE('',(#240),#2393,.F.);
#2512=ADVANCED_FACE('',(#241),#2394,.F.);
#2513=ADVANCED_FACE('',(#242),#2395,.F.);
#2514=ADVANCED_FACE('',(#243),#2396,.F.);
#2515=ADVANCED_FACE('',(#244),#2397,.F.);
#2516=ADVANCED_FACE('',(#245),#2398,.F.);
#2517=ADVANCED_FACE('',(#246),#2399,.F.);
#2518=ADVANCED_FACE('',(#247),#2400,.F.);
#2519=ADVANCED_FACE('',(#248,#25),#126,.T.);
#2520=ADVANCED_FACE('',(#249,#26),#127,.T.);
#2521=ADVANCED_FACE('',(#250,#27),#128,.T.);
#2522=ADVANCED_FACE('',(#251,#28),#129,.T.);
#2523=ADVANCED_FACE('',(#252),#2401,.T.);
#2524=ADVANCED_FACE('',(#253),#15,.T.);
#2525=ADVANCED_FACE('',(#254),#2402,.T.);
#2526=ADVANCED_FACE('',(#255),#16,.T.);
#2527=ADVANCED_FACE('',(#256),#2403,.T.);
#2528=ADVANCED_FACE('',(#257),#17,.T.);
#2529=ADVANCED_FACE('',(#258),#2404,.T.);
#2530=ADVANCED_FACE('',(#259),#18,.T.);
#2531=ADVANCED_FACE('',(#260,#29,#30,#31,#32,#33,#34),#130,.T.);
#2532=ADVANCED_FACE('',(#261),#2405,.T.);
#2533=ADVANCED_FACE('',(#262),#131,.F.);
#2534=ADVANCED_FACE('',(#263),#2406,.T.);
#2535=ADVANCED_FACE('',(#264),#132,.F.);
#2536=ADVANCED_FACE('',(#265),#2407,.T.);
#2537=ADVANCED_FACE('',(#266),#133,.F.);
#2538=ADVANCED_FACE('',(#267),#2408,.T.);
#2539=ADVANCED_FACE('',(#268),#134,.F.);
#2540=ADVANCED_FACE('',(#269),#135,.T.);
#2541=ADVANCED_FACE('',(#270),#136,.F.);
#2542=ADVANCED_FACE('',(#271),#137,.T.);
#2543=CLOSED_SHELL('',(#2409,#2410,#2411,#2412,#2413,#2414,#2415,#2416,
#2417,#2418,#2419,#2420,#2421,#2422,#2423,#2424,#2425,#2426,#2427,#2428,
#2429,#2430,#2431,#2432,#2433,#2434,#2435,#2436,#2437,#2438,#2439,#2440,
#2441,#2442,#2443,#2444,#2445,#2446,#2447,#2448,#2449,#2450,#2451,#2452,
#2453,#2454,#2455,#2456,#2457,#2458,#2459,#2460,#2461,#2462,#2463,#2464,
#2465,#2466,#2467,#2468,#2469,#2470,#2471,#2472,#2473,#2474,#2475,#2476,
#2477,#2478,#2479,#2480,#2481,#2482,#2483,#2484,#2485,#2486,#2487,#2488,
#2489,#2490,#2491,#2492,#2493,#2494,#2495,#2496,#2497,#2498,#2499,#2500,
#2501,#2502,#2503,#2504,#2505,#2506,#2507,#2508,#2509,#2510,#2511,#2512,
#2513,#2514,#2515,#2516,#2517,#2518,#2519,#2520,#2521,#2522,#2523,#2524,
#2525,#2526,#2527,#2528,#2529,#2530,#2531,#2532,#2533,#2534,#2535,#2536,
#2537,#2538,#2539,#2540,#2541,#2542));
#2544=AXIS2_PLACEMENT_3D('',#3431,#2741,#2742);
#2545=AXIS2_PLACEMENT_3D('',#3432,#2743,#2744);
#2546=AXIS2_PLACEMENT_3D('',#3435,#2745,#2746);
#2547=AXIS2_PLACEMENT_3D('',#3439,#2748,#2749);
#2548=AXIS2_PLACEMENT_3D('',#3441,#2751,#2752);
#2549=AXIS2_PLACEMENT_3D('',#3445,#2754,#2755);
#2550=AXIS2_PLACEMENT_3D('',#3449,#2757,#2758);
#2551=AXIS2_PLACEMENT_3D('',#3451,#2760,#2761);
#2552=AXIS2_PLACEMENT_3D('',#3455,#2764,#2765);
#2553=AXIS2_PLACEMENT_3D('',#3457,#2766,#2767);
#2554=AXIS2_PLACEMENT_3D('',#3459,#2769,#2770);
#2555=AXIS2_PLACEMENT_3D('',#3463,#2772,#2773);
#2556=AXIS2_PLACEMENT_3D('',#3465,#2775,#2776);
#2557=AXIS2_PLACEMENT_3D('',#3467,#2778,#2779);
#2558=AXIS2_PLACEMENT_3D('',#3469,#2781,#2782);
#2559=AXIS2_PLACEMENT_3D('',#3478,#2787,#2788);
#2560=AXIS2_PLACEMENT_3D('',#3484,#2792,#2793);
#2561=AXIS2_PLACEMENT_3D('',#3493,#2798,#2799);
#2562=AXIS2_PLACEMENT_3D('',#3499,#2803,#2804);
#2563=AXIS2_PLACEMENT_3D('',#3508,#2809,#2810);
#2564=AXIS2_PLACEMENT_3D('',#3512,#2812,#2813);
#2565=AXIS2_PLACEMENT_3D('',#3513,#2814,#2815);
#2566=AXIS2_PLACEMENT_3D('',#3514,#2816,#2817);
#2567=AXIS2_PLACEMENT_3D('',#3520,#2821,#2822);
#2568=AXIS2_PLACEMENT_3D('',#3526,#2826,#2827);
#2569=AXIS2_PLACEMENT_3D('',#3529,#2829,#2830);
#2570=AXIS2_PLACEMENT_3D('',#3530,#2831,#2832);
#2571=AXIS2_PLACEMENT_3D('',#3534,#2835,#2836);
#2572=AXIS2_PLACEMENT_3D('',#3543,#2841,#2842);
#2573=AXIS2_PLACEMENT_3D('',#3549,#2846,#2847);
#2574=AXIS2_PLACEMENT_3D('',#3555,#2851,#2852);
#2575=AXIS2_PLACEMENT_3D('',#3559,#2854,#2855);
#2576=AXIS2_PLACEMENT_3D('',#3560,#2856,#2857);
#2577=AXIS2_PLACEMENT_3D('',#3561,#2858,#2859);
#2578=AXIS2_PLACEMENT_3D('',#3567,#2863,#2864);
#2579=AXIS2_PLACEMENT_3D('',#3573,#2868,#2869);
#2580=AXIS2_PLACEMENT_3D('',#3576,#2871,#2872);
#2581=AXIS2_PLACEMENT_3D('',#3577,#2873,#2874);
#2582=AXIS2_PLACEMENT_3D('',#3581,#2877,#2878);
#2583=AXIS2_PLACEMENT_3D('',#3585,#2881,#2882);
#2584=AXIS2_PLACEMENT_3D('',#3589,#2885,#2886);
#2585=AXIS2_PLACEMENT_3D('',#3598,#2891,#2892);
#2586=AXIS2_PLACEMENT_3D('',#3604,#2896,#2897);
#2587=AXIS2_PLACEMENT_3D('',#3613,#2902,#2903);
#2588=AXIS2_PLACEMENT_3D('',#3619,#2907,#2908);
#2589=AXIS2_PLACEMENT_3D('',#3628,#2913,#2914);
#2590=AXIS2_PLACEMENT_3D('',#3634,#2918,#2919);
#2591=AXIS2_PLACEMENT_3D('',#3643,#2924,#2925);
#2592=AXIS2_PLACEMENT_3D('',#3649,#2929,#2930);
#2593=AXIS2_PLACEMENT_3D('',#3658,#2935,#2936);
#2594=AXIS2_PLACEMENT_3D('',#3662,#2938,#2939);
#2595=AXIS2_PLACEMENT_3D('',#3663,#2940,#2941);
#2596=AXIS2_PLACEMENT_3D('',#3664,#2942,#2943);
#2597=AXIS2_PLACEMENT_3D('',#3667,#2946,#2947);
#2598=AXIS2_PLACEMENT_3D('',#3673,#2951,#2952);
#2599=AXIS2_PLACEMENT_3D('',#3677,#2955,#2956);
#2600=AXIS2_PLACEMENT_3D('',#3681,#2959,#2960);
#2601=AXIS2_PLACEMENT_3D('',#3684,#2962,#2963);
#2602=AXIS2_PLACEMENT_3D('',#3685,#2964,#2965);
#2603=AXIS2_PLACEMENT_3D('',#3689,#2968,#2969);
#2604=AXIS2_PLACEMENT_3D('',#3698,#2974,#2975);
#2605=AXIS2_PLACEMENT_3D('',#3704,#2979,#2980);
#2606=AXIS2_PLACEMENT_3D('',#3713,#2985,#2986);
#2607=AXIS2_PLACEMENT_3D('',#3717,#2988,#2989);
#2608=AXIS2_PLACEMENT_3D('',#3718,#2990,#2991);
#2609=AXIS2_PLACEMENT_3D('',#3719,#2992,#2993);
#2610=AXIS2_PLACEMENT_3D('',#3725,#2997,#2998);
#2611=AXIS2_PLACEMENT_3D('',#3731,#3002,#3003);
#2612=AXIS2_PLACEMENT_3D('',#3734,#3005,#3006);
#2613=AXIS2_PLACEMENT_3D('',#3735,#3007,#3008);
#2614=AXIS2_PLACEMENT_3D('',#3739,#3011,#3012);
#2615=AXIS2_PLACEMENT_3D('',#3748,#3017,#3018);
#2616=AXIS2_PLACEMENT_3D('',#3754,#3022,#3023);
#2617=AXIS2_PLACEMENT_3D('',#3763,#3028,#3029);
#2618=AXIS2_PLACEMENT_3D('',#3769,#3033,#3034);
#2619=AXIS2_PLACEMENT_3D('',#3778,#3039,#3040);
#2620=AXIS2_PLACEMENT_3D('',#3781,#3043,#3044);
#2621=AXIS2_PLACEMENT_3D('',#3784,#3047,#3048);
#2622=AXIS2_PLACEMENT_3D('',#3793,#3053,#3054);
#2623=AXIS2_PLACEMENT_3D('',#3796,#3057,#3058);
#2624=AXIS2_PLACEMENT_3D('',#3799,#3061,#3062);
#2625=AXIS2_PLACEMENT_3D('',#3808,#3067,#3068);
#2626=AXIS2_PLACEMENT_3D('',#3811,#3071,#3072);
#2627=AXIS2_PLACEMENT_3D('',#3814,#3075,#3076);
#2628=AXIS2_PLACEMENT_3D('',#3823,#3081,#3082);
#2629=AXIS2_PLACEMENT_3D('',#3826,#3085,#3086);
#2630=AXIS2_PLACEMENT_3D('',#3829,#3089,#3090);
#2631=AXIS2_PLACEMENT_3D('',#3838,#3095,#3096);
#2632=AXIS2_PLACEMENT_3D('',#3841,#3099,#3100);
#2633=AXIS2_PLACEMENT_3D('',#3844,#3103,#3104);
#2634=AXIS2_PLACEMENT_3D('',#3853,#3109,#3110);
#2635=AXIS2_PLACEMENT_3D('',#3856,#3113,#3114);
#2636=AXIS2_PLACEMENT_3D('',#3859,#3117,#3118);
#2637=AXIS2_PLACEMENT_3D('',#3868,#3123,#3124);
#2638=AXIS2_PLACEMENT_3D('',#3871,#3127,#3128);
#2639=AXIS2_PLACEMENT_3D('',#3874,#3131,#3132);
#2640=AXIS2_PLACEMENT_3D('',#3883,#3137,#3138);
#2641=AXIS2_PLACEMENT_3D('',#3886,#3141,#3142);
#2642=AXIS2_PLACEMENT_3D('',#3889,#3145,#3146);
#2643=AXIS2_PLACEMENT_3D('',#3892,#3147,#3148);
#2644=AXIS2_PLACEMENT_3D('',#3896,#3150,#3151);
#2645=AXIS2_PLACEMENT_3D('',#3900,#3153,#3154);
#2646=AXIS2_PLACEMENT_3D('',#3904,#3156,#3157);
#2647=AXIS2_PLACEMENT_3D('',#3934,#3175,#3176);
#2648=AXIS2_PLACEMENT_3D('',#3940,#3180,#3181);
#2649=AXIS2_PLACEMENT_3D('',#3942,#3183,#3184);
#2650=AXIS2_PLACEMENT_3D('',#3944,#3186,#3187);
#2651=AXIS2_PLACEMENT_3D('',#3950,#3191,#3192);
#2652=AXIS2_PLACEMENT_3D('',#3952,#3194,#3195);
#2653=AXIS2_PLACEMENT_3D('',#3954,#3197,#3198);
#2654=AXIS2_PLACEMENT_3D('',#3960,#3202,#3203);
#2655=AXIS2_PLACEMENT_3D('',#3962,#3205,#3206);
#2656=AXIS2_PLACEMENT_3D('',#3964,#3208,#3209);
#2657=AXIS2_PLACEMENT_3D('',#3970,#3213,#3214);
#2658=AXIS2_PLACEMENT_3D('',#3972,#3216,#3217);
#2659=AXIS2_PLACEMENT_3D('',#3974,#3219,#3220);
#2660=AXIS2_PLACEMENT_3D('',#3985,#3225,#3226);
#2661=AXIS2_PLACEMENT_3D('',#3989,#3228,#3229);
#2662=AXIS2_PLACEMENT_3D('',#3993,#3231,#3232);
#2663=AXIS2_PLACEMENT_3D('',#3997,#3234,#3235);
#2664=AXIS2_PLACEMENT_3D('',#4001,#3237,#3238);
#2665=AXIS2_PLACEMENT_3D('',#4005,#3240,#3241);
#2666=AXIS2_PLACEMENT_3D('',#4009,#3243,#3244);
#2667=AXIS2_PLACEMENT_3D('',#4013,#3246,#3247);
#2668=AXIS2_PLACEMENT_3D('',#4016,#3249,#3250);
#2669=AXIS2_PLACEMENT_3D('',#4018,#3251,#3252);
#2670=AXIS2_PLACEMENT_3D('',#4020,#3253,#3254);
#2671=AXIS2_PLACEMENT_3D('',#4022,#3255,#3256);
#2672=AXIS2_PLACEMENT_3D('',#4023,#3257,#3258);
#2673=AXIS2_PLACEMENT_3D('',#4029,#3262,#3263);
#2674=AXIS2_PLACEMENT_3D('',#4031,#3264,#3265);
#2675=AXIS2_PLACEMENT_3D('',#4033,#3267,#3268);
#2676=AXIS2_PLACEMENT_3D('',#4037,#3271,#3272);
#2677=AXIS2_PLACEMENT_3D('',#4039,#3273,#3274);
#2678=AXIS2_PLACEMENT_3D('',#4041,#3276,#3277);
#2679=AXIS2_PLACEMENT_3D('',#4045,#3280,#3281);
#2680=AXIS2_PLACEMENT_3D('',#4047,#3282,#3283);
#2681=AXIS2_PLACEMENT_3D('',#4049,#3285,#3286);
#2682=AXIS2_PLACEMENT_3D('',#4053,#3289,#3290);
#2683=AXIS2_PLACEMENT_3D('',#4054,#3291,#3292);
#2684=AXIS2_PLACEMENT_3D('',#4055,#3293,#3294);
#2685=AXIS2_PLACEMENT_3D('',#4058,#3297,#3298);
#2686=AXIS2_PLACEMENT_3D('',#4060,#3299,#3300);
#2687=AXIS2_PLACEMENT_3D('',#4062,#3302,#3303);
#2688=AXIS2_PLACEMENT_3D('',#4064,#3304,#3305);
#2689=AXIS2_PLACEMENT_3D('',#4066,#3307,#3308);
#2690=AXIS2_PLACEMENT_3D('',#4068,#3309,#3310);
#2691=AXIS2_PLACEMENT_3D('',#4070,#3312,#3313);
#2692=AXIS2_PLACEMENT_3D('',#4072,#3314,#3315);
#2693=AXIS2_PLACEMENT_3D('',#4074,#3317,#3318);
#2694=AXIS2_PLACEMENT_3D('',#4076,#3319,#3320);
#2695=AXIS2_PLACEMENT_3D('',#4079,#3322,#3323);
#2696=AXIS2_PLACEMENT_3D('',#4080,#3324,#3325);
#2697=AXIS2_PLACEMENT_3D('',#4082,#3326,#3327);
#2698=AXIS2_PLACEMENT_3D('',#4085,#3329,#3330);
#2699=AXIS2_PLACEMENT_3D('',#4086,#3331,#3332);
#2700=AXIS2_PLACEMENT_3D('',#4088,#3333,#3334);
#2701=AXIS2_PLACEMENT_3D('',#4091,#3336,#3337);
#2702=AXIS2_PLACEMENT_3D('',#4092,#3338,#3339);
#2703=AXIS2_PLACEMENT_3D('',#4094,#3340,#3341);
#2704=AXIS2_PLACEMENT_3D('',#4097,#3343,#3344);
#2705=AXIS2_PLACEMENT_3D('',#4098,#3345,#3346);
#2706=AXIS2_PLACEMENT_3D('',#4099,#3347,#3348);
#2707=AXIS2_PLACEMENT_3D('',#4100,#3349,#3350);
#2708=AXIS2_PLACEMENT_3D('',#4101,#3351,#3352);
#2709=AXIS2_PLACEMENT_3D('',#4102,#3353,#3354);
#2710=AXIS2_PLACEMENT_3D('',#4106,#3356,#3357);
#2711=AXIS2_PLACEMENT_3D('',#4107,#3358,#3359);
#2712=AXIS2_PLACEMENT_3D('',#4108,#3360,#3361);
#2713=AXIS2_PLACEMENT_3D('',#4110,#3362,#3363);
#2714=AXIS2_PLACEMENT_3D('',#4111,#3364,#3365);
#2715=AXIS2_PLACEMENT_3D('',#4112,#3366,#3367);
#2716=AXIS2_PLACEMENT_3D('',#4115,#3369,#3370);
#2717=AXIS2_PLACEMENT_3D('',#4116,#3371,#3372);
#2718=AXIS2_PLACEMENT_3D('',#4118,#3373,#3374);
#2719=AXIS2_PLACEMENT_3D('',#4119,#3375,#3376);
#2720=AXIS2_PLACEMENT_3D('',#4120,#3377,#3378);
#2721=AXIS2_PLACEMENT_3D('',#4123,#3380,#3381);
#2722=AXIS2_PLACEMENT_3D('',#4124,#3382,#3383);
#2723=AXIS2_PLACEMENT_3D('',#4126,#3384,#3385);
#2724=AXIS2_PLACEMENT_3D('',#4127,#3386,#3387);
#2725=AXIS2_PLACEMENT_3D('',#4128,#3388,#3389);
#2726=AXIS2_PLACEMENT_3D('',#4131,#3391,#3392);
#2727=AXIS2_PLACEMENT_3D('',#4132,#3393,#3394);
#2728=AXIS2_PLACEMENT_3D('',#4133,#3395,#3396);
#2729=AXIS2_PLACEMENT_3D('',#4134,#3397,#3398);
#2730=AXIS2_PLACEMENT_3D('',#4135,#3399,#3400);
#2731=AXIS2_PLACEMENT_3D('',#4137,#3402,#3403);
#2732=AXIS2_PLACEMENT_3D('',#4139,#3405,#3406);
#2733=AXIS2_PLACEMENT_3D('',#4141,#3408,#3409);
#2734=AXIS2_PLACEMENT_3D('',#4143,#3411,#3412);
#2735=AXIS2_PLACEMENT_3D('',#4145,#3414,#3415);
#2736=AXIS2_PLACEMENT_3D('',#4147,#3417,#3418);
#2737=AXIS2_PLACEMENT_3D('',#4149,#3420,#3421);
#2738=AXIS2_PLACEMENT_3D('',#4151,#3423,#3424);
#2739=AXIS2_PLACEMENT_3D('',#4153,#3426,#3427);
#2740=AXIS2_PLACEMENT_3D('',#4155,#3429,#3430);
#2741=DIRECTION('axis',(0.,0.,1.));
#2742=DIRECTION('refdir',(1.,0.,0.));
#2743=DIRECTION('center_axis',(1.85037170770861E-15,-1.,7.40148683083442E-15));
#2744=DIRECTION('ref_axis',(0.866025403784443,0.,-0.499999999999993));
#2745=DIRECTION('center_axis',(-1.85037170770861E-15,1.,-7.40148683083442E-15));
#2746=DIRECTION('ref_axis',(0.866025403784443,0.,-0.499999999999993));
#2747=DIRECTION('',(-1.85037170770861E-15,1.,-7.40148683083442E-15));
#2748=DIRECTION('center_axis',(-1.67227342498706E-15,1.,-7.27470667401232E-15));
#2749=DIRECTION('ref_axis',(0.866025403784443,0.,-0.499999999999993));
#2750=DIRECTION('',(1.85037170770861E-15,-1.,7.40148683083442E-15));
#2751=DIRECTION('center_axis',(1.85037170770861E-15,-1.,7.40148683083442E-15));
#2752=DIRECTION('ref_axis',(0.,-7.40148683083442E-15,-1.));
#2753=DIRECTION('',(1.,1.67227342498707E-15,1.44222201478767E-15));
#2754=DIRECTION('center_axis',(-1.85037170770861E-15,1.,-7.40148683083442E-15));
#2755=DIRECTION('ref_axis',(-0.866025403784444,0.,-0.49999999999999));
#2756=DIRECTION('',(-0.499999999999999,-8.09769884046018E-15,-0.866025403784439));
#2757=DIRECTION('center_axis',(-1.85037170770861E-15,1.,-7.40148683083442E-15));
#2758=DIRECTION('ref_axis',(5.55111512312565E-15,0.,1.));
#2759=DIRECTION('',(-0.500000000000001,6.42542541547311E-15,0.866025403784438));
#2760=DIRECTION('center_axis',(1.44222201478769E-15,-7.40148683083442E-15,
-1.));
#2761=DIRECTION('ref_axis',(1.,1.67227342498707E-15,1.44222201478767E-15));
#2762=DIRECTION('',(1.,1.67227342498707E-15,1.44222201478767E-15));
#2763=DIRECTION('',(-1.85037170770861E-15,1.,-7.40148683083442E-15));
#2764=DIRECTION('center_axis',(1.85037170770861E-15,-1.,7.40148683083442E-15));
#2765=DIRECTION('ref_axis',(-0.866025403784444,0.,-0.49999999999999));
#2766=DIRECTION('center_axis',(-1.67227342498706E-15,1.,-7.27470667401232E-15));
#2767=DIRECTION('ref_axis',(-0.866025403784444,0.,-0.49999999999999));
#2768=DIRECTION('',(1.85037170770861E-15,-1.,7.40148683083442E-15));
#2769=DIRECTION('center_axis',(1.85037170770861E-15,-1.,7.40148683083442E-15));
#2770=DIRECTION('ref_axis',(5.55111512312565E-15,0.,1.));
#2771=DIRECTION('',(-1.85037170770861E-15,1.,-7.40148683083442E-15));
#2772=DIRECTION('center_axis',(-1.67227342498706E-15,1.,-7.27470667401232E-15));
#2773=DIRECTION('ref_axis',(5.55111512312565E-15,0.,1.));
#2774=DIRECTION('',(1.85037170770861E-15,-1.,7.40148683083442E-15));
#2775=DIRECTION('center_axis',(0.866025403784438,5.30321232073686E-15,0.500000000000001));
#2776=DIRECTION('ref_axis',(-0.500000000000001,6.42542541547311E-15,0.866025403784438));
#2777=DIRECTION('',(-0.500000000000001,5.46394407228133E-15,0.866025403784438));
#2778=DIRECTION('center_axis',(-0.866025403784439,2.09827451009756E-15,
0.499999999999999));
#2779=DIRECTION('ref_axis',(-0.499999999999999,-8.09769884046018E-15,-0.866025403784439));
#2780=DIRECTION('',(-0.499999999999999,-7.1362174972684E-15,-0.866025403784439));
#2781=DIRECTION('center_axis',(0.707106781186502,0.707106781186593,-7.46582811681544E-15));
#2782=DIRECTION('ref_axis',(-1.05582753771475E-14,0.,-1.));
#2783=DIRECTION('',(-0.707106781186593,0.707106781186502,1.57009245868388E-16));
#2784=DIRECTION('',(-3.22973970800033E-16,-1.02353014063461E-14,-1.));
#2785=DIRECTION('',(0.707106781186593,-0.707106781186502,-1.57009245868388E-16));
#2786=DIRECTION('',(3.22973970800033E-16,1.02353014063461E-14,1.));
#2787=DIRECTION('center_axis',(1.,-2.20660393068806E-30,-3.22973970800033E-16));
#2788=DIRECTION('ref_axis',(-3.22973970800033E-16,-7.42840132840105E-15,
-1.));
#2789=DIRECTION('',(-2.20660393068806E-30,-1.,4.89964498015652E-46));
#2790=DIRECTION('',(3.22973970800033E-16,7.27470667401232E-15,1.));
#2791=DIRECTION('',(2.20660393068806E-30,1.,-4.89964498015652E-46));
#2792=DIRECTION('center_axis',(-1.50140090947663E-15,0.707106781186628,
0.707106781186467));
#2793=DIRECTION('ref_axis',(1.,0.,2.12330152874139E-15));
#2794=DIRECTION('',(-9.42055475210182E-15,0.707106781186467,-0.707106781186628));
#2795=DIRECTION('',(1.,1.67227342498704E-15,4.5102810375397E-16));
#2796=DIRECTION('',(9.42055475210182E-15,-0.707106781186467,0.707106781186628));
#2797=DIRECTION('',(-1.,-1.67227342498704E-15,-4.5102810375397E-16));
#2798=DIRECTION('center_axis',(-4.51028103753981E-16,6.83214169000097E-15,
1.));
#2799=DIRECTION('ref_axis',(1.,1.66533453693774E-15,4.5102810375397E-16));
#2800=DIRECTION('',(1.1842378929335E-14,-1.,6.83214169000097E-15));
#2801=DIRECTION('',(-1.,-1.67227342498707E-15,-4.5102810375397E-16));
#2802=DIRECTION('',(-1.1842378929335E-14,1.,-6.83214169000097E-15));
#2803=DIRECTION('center_axis',(0.707106781186483,0.707106781186612,-7.46582811681562E-15));
#2804=DIRECTION('ref_axis',(-1.0558275377148E-14,0.,-1.));
#2805=DIRECTION('',(-0.707106781186612,0.707106781186483,1.57009245868392E-16));
#2806=DIRECTION('',(-3.22973970800033E-16,-1.02353014063461E-14,-1.));
#2807=DIRECTION('',(-0.707106781186615,0.70710678118648,-9.42055475210346E-15));
#2808=DIRECTION('',(3.22973970800033E-16,1.02353014063461E-14,1.));
#2809=DIRECTION('center_axis',(0.,1.,-8.88178419700475E-15));
#2810=DIRECTION('ref_axis',(1.23358113847241E-15,-8.74123128697507E-15,
-1.));
#2811=DIRECTION('',(0.,0.707106781186398,-0.707106781186697));
#2812=DIRECTION('center_axis',(-1.67227342498704E-15,1.,-1.02353014063461E-14));
#2813=DIRECTION('ref_axis',(1.23358113847242E-15,-1.02353014063461E-14,
-1.));
#2814=DIRECTION('center_axis',(1.67227342498704E-15,-1.,1.02353014063461E-14));
#2815=DIRECTION('ref_axis',(1.23358113847241E-15,-6.83214169000097E-15,
-1.));
#2816=DIRECTION('center_axis',(-1.50140090947663E-15,0.707106781186626,
0.707106781186469));
#2817=DIRECTION('ref_axis',(1.,0.,2.12330152874138E-15));
#2818=DIRECTION('',(9.42055475210184E-15,-0.707106781186469,0.707106781186626));
#2819=DIRECTION('',(-1.,-1.67227342498704E-15,-4.5102810375397E-16));
#2820=DIRECTION('',(1.,1.67227342498704E-15,4.5102810375397E-16));
#2821=DIRECTION('center_axis',(-4.51028103753981E-16,6.83214169000097E-15,
1.));
#2822=DIRECTION('ref_axis',(1.,1.66533453693774E-15,4.5102810375397E-16));
#2823=DIRECTION('',(0.,1.,-6.83214169000097E-15));
#2824=DIRECTION('',(-1.,-1.67227342498707E-15,-4.5102810375397E-16));
#2825=DIRECTION('',(-1.1842378929335E-14,1.,-6.83214169000097E-15));
#2826=DIRECTION('center_axis',(0.,1.,-6.83214169000097E-15));
#2827=DIRECTION('ref_axis',(1.23358113847241E-15,-6.83214169000097E-15,
-1.));
#2828=DIRECTION('',(0.,1.,-6.83214169000097E-15));
#2829=DIRECTION('center_axis',(-1.67227342498706E-15,1.,-7.27470667401232E-15));
#2830=DIRECTION('ref_axis',(1.23358113847241E-15,-6.83214169000097E-15,
-1.));
#2831=DIRECTION('center_axis',(1.,-2.20660393068806E-30,-3.22973970800033E-16));
#2832=DIRECTION('ref_axis',(-3.22973970800033E-16,-7.42840132840105E-15,
-1.));
#2833=DIRECTION('',(-2.20660393068806E-30,-1.,4.89964498015652E-46));
#2834=DIRECTION('',(3.22973970800033E-16,7.27470667401232E-15,1.));
#2835=DIRECTION('center_axis',(4.88640518358496E-14,0.707106781186535,-0.70710678118656));
#2836=DIRECTION('ref_axis',(-1.,0.,-6.91042048187592E-14));
#2837=DIRECTION('',(-1.,-1.67227342498776E-15,-7.07764782437469E-14));
#2838=DIRECTION('',(-5.02429586778796E-14,0.707106781186554,0.707106781186541));
#2839=DIRECTION('',(1.,1.67227342498776E-15,7.07764782437469E-14));
#2840=DIRECTION('',(-0.281084637714804,-0.678598344545844,-0.678598344545857));
#2841=DIRECTION('center_axis',(-0.500000000000005,0.707106781186542,-0.500000000000003));
#2842=DIRECTION('ref_axis',(-0.707106781186546,0.,0.707106781186549));
#2843=DIRECTION('',(0.707106781186542,-6.05497515310922E-15,-0.707106781186553));
#2844=DIRECTION('',(-0.281084637714852,-0.678598344545846,-0.678598344545834));
#2845=DIRECTION('',(-0.707106781186542,6.05497515310922E-15,0.707106781186553));
#2846=DIRECTION('center_axis',(-7.63743468719782E-16,0.707106781186541,
-0.707106781186554));
#2847=DIRECTION('ref_axis',(-1.,0.,1.08009637163738E-15));
#2848=DIRECTION('',(1.,1.67227342498704E-15,5.92177053349635E-16));
#2849=DIRECTION('',(-2.45154736323632E-15,0.707106781186554,0.707106781186541));
#2850=DIRECTION('',(-1.,-1.67227342498704E-15,-5.92177053349635E-16));
#2851=DIRECTION('center_axis',(0.,1.,-1.77635683940029E-14));
#2852=DIRECTION('ref_axis',(-1.,-9.38104604261111E-16,-9.8686491077795E-15));
#2853=DIRECTION('',(-0.70710678118656,0.707106781186535,-2.51214793389405E-14));
#2854=DIRECTION('center_axis',(-1.67227342498704E-15,1.,-1.02353014063461E-14));
#2855=DIRECTION('ref_axis',(-1.,-1.67227342498714E-15,-9.86864910777949E-15));
#2856=DIRECTION('center_axis',(1.67227342498704E-15,-1.,1.02353014063461E-14));
#2857=DIRECTION('ref_axis',(-1.,-6.79296890607004E-29,-9.8686491077795E-15));
#2858=DIRECTION('center_axis',(0.707106781186527,0.707106781186568,-7.46582811681519E-15));
#2859=DIRECTION('ref_axis',(-1.05582753771467E-14,0.,-1.));
#2860=DIRECTION('',(0.707106781186568,-0.707106781186527,-1.57009245868382E-16));
#2861=DIRECTION('',(3.22973970800033E-16,1.02353014063461E-14,1.));
#2862=DIRECTION('',(-3.22973970800033E-16,-1.02353014063461E-14,-1.));
#2863=DIRECTION('center_axis',(1.,-2.20660393068806E-30,-3.22973970800033E-16));
#2864=DIRECTION('ref_axis',(-3.22973970800033E-16,-7.42840132840105E-15,
-1.));
#2865=DIRECTION('',(0.,1.,-6.83214169000097E-15));
#2866=DIRECTION('',(3.22973970800033E-16,7.27470667401232E-15,1.));
#2867=DIRECTION('',(2.20660393068806E-30,1.,-4.89964498015652E-46));
#2868=DIRECTION('center_axis',(0.,1.,-6.83214169000097E-15));
#2869=DIRECTION('ref_axis',(-1.,-6.79296890607004E-29,-9.8686491077795E-15));
#2870=DIRECTION('',(0.,1.,-6.83214169000097E-15));
#2871=DIRECTION('center_axis',(-1.67227342498706E-15,1.,-7.27470667401232E-15));
#2872=DIRECTION('ref_axis',(-1.,-6.79296890607004E-29,-9.8686491077795E-15));
#2873=DIRECTION('center_axis',(7.07764782437469E-14,-6.83214169000097E-15,
-1.));
#2874=DIRECTION('ref_axis',(-1.,-7.99592539097348E-15,-7.07764782437469E-14));
#2875=DIRECTION('',(0.,1.,-6.83214169000097E-15));
#2876=DIRECTION('',(1.,1.67227342498758E-15,7.07764782437469E-14));
#2877=DIRECTION('center_axis',(-0.707106781186553,-4.83105371902697E-15,
-0.707106781186542));
#2878=DIRECTION('ref_axis',(-0.707106781186542,1.63065127294034E-15,0.707106781186553));
#2879=DIRECTION('',(0.,1.,-6.83214169000097E-15));
#2880=DIRECTION('',(0.707106781186542,-3.96151854153079E-15,-0.707106781186553));
#2881=DIRECTION('center_axis',(5.92177053349646E-16,-6.83214169000097E-15,
-1.));
#2882=DIRECTION('ref_axis',(-1.,-1.6608436940433E-15,-5.92177053349635E-16));
#2883=DIRECTION('',(3.34454684997407E-15,-1.,6.83214169000097E-15));
#2884=DIRECTION('',(1.,1.67227342498707E-15,5.92177053349635E-16));
#2885=DIRECTION('center_axis',(-7.63743468719796E-16,0.707106781186548,
-0.707106781186548));
#2886=DIRECTION('ref_axis',(-1.,0.,1.08009637163741E-15));
#2887=DIRECTION('',(-2.4515473632363E-15,0.707106781186548,0.707106781186548));
#2888=DIRECTION('',(-1.,-1.67227342498704E-15,-5.92177053349635E-16));
#2889=DIRECTION('',(2.4515473632363E-15,-0.707106781186548,-0.707106781186548));
#2890=DIRECTION('',(1.,1.67227342498704E-15,5.92177053349635E-16));
#2891=DIRECTION('center_axis',(5.92177053349646E-16,-6.83214169000097E-15,
-1.));
#2892=DIRECTION('ref_axis',(-1.,-1.6608436940433E-15,-5.92177053349635E-16));
#2893=DIRECTION('',(3.34454684997407E-15,-1.,6.83214169000097E-15));
#2894=DIRECTION('',(1.,1.67227342498707E-15,5.92177053349635E-16));
#2895=DIRECTION('',(-3.34454684997407E-15,1.,-6.83214169000097E-15));
#2896=DIRECTION('center_axis',(-7.63743468719796E-16,0.707106781186548,
-0.707106781186548));
#2897=DIRECTION('ref_axis',(-1.,0.,1.08009637163741E-15));
#2898=DIRECTION('',(6.9690073888662E-15,0.707106781186548,0.707106781186548));
#2899=DIRECTION('',(-1.,-1.67227342498704E-15,-5.92177053349635E-16));
#2900=DIRECTION('',(2.4515473632363E-15,-0.707106781186548,-0.707106781186548));
#2901=DIRECTION('',(1.,1.67227342498704E-15,5.92177053349635E-16));
#2902=DIRECTION('center_axis',(5.92177053349646E-16,-6.83214169000097E-15,
-1.));
#2903=DIRECTION('ref_axis',(-1.,-1.6608436940433E-15,-5.92177053349635E-16));
#2904=DIRECTION('',(-8.49783207936095E-15,-1.,6.83214169000096E-15));
#2905=DIRECTION('',(1.,1.67227342498707E-15,5.92177053349635E-16));
#2906=DIRECTION('',(-3.34454684997407E-15,1.,-6.83214169000097E-15));
#2907=DIRECTION('center_axis',(-7.63743468719796E-16,0.707106781186548,
-0.707106781186548));
#2908=DIRECTION('ref_axis',(-1.,0.,1.08009637163741E-15));
#2909=DIRECTION('',(6.9690073888662E-15,0.707106781186548,0.707106781186548));
#2910=DIRECTION('',(-1.,-1.67227342498704E-15,-5.92177053349635E-16));
#2911=DIRECTION('',(-6.9690073888662E-15,-0.707106781186548,-0.707106781186548));
#2912=DIRECTION('',(1.,1.67227342498704E-15,5.92177053349635E-16));
#2913=DIRECTION('center_axis',(5.92177053349646E-16,-6.83214169000097E-15,
-1.));
#2914=DIRECTION('ref_axis',(-1.,-1.6608436940433E-15,-5.92177053349635E-16));
#2915=DIRECTION('',(-8.49783207936095E-15,-1.,6.83214169000096E-15));
#2916=DIRECTION('',(1.,1.67227342498707E-15,5.92177053349635E-16));
#2917=DIRECTION('',(8.49783207936095E-15,1.,-6.83214169000096E-15));
#2918=DIRECTION('center_axis',(-7.6374346871981E-16,0.707106781186554,-0.707106781186541));
#2919=DIRECTION('ref_axis',(-1.,0.,1.08009637163744E-15));
#2920=DIRECTION('',(-1.,-1.67227342498704E-15,-5.92177053349635E-16));
#2921=DIRECTION('',(-6.96900738886616E-15,-0.707106781186541,-0.707106781186554));
#2922=DIRECTION('',(1.,1.67227342498704E-15,5.92177053349635E-16));
#2923=DIRECTION('',(0.281084637714815,-0.678598344545836,-0.67859834454586));
#2924=DIRECTION('center_axis',(0.499999999999987,0.707106781186548,-0.500000000000013));
#2925=DIRECTION('ref_axis',(-0.707106781186566,0.,-0.707106781186529));
#2926=DIRECTION('',(0.70710678118656,8.41992691072181E-15,0.707106781186535));
#2927=DIRECTION('',(0.281084637714819,-0.678598344545853,-0.678598344545841));
#2928=DIRECTION('',(-0.70710678118656,-8.41992691072181E-15,-0.707106781186535));
#2929=DIRECTION('center_axis',(-0.707106781186554,0.707106781186541,-8.15095937151332E-15));
#2930=DIRECTION('ref_axis',(-1.15271972895461E-14,0.,1.));
#2931=DIRECTION('',(0.707106781186541,0.707106781186554,-1.4545315704076E-14));
#2932=DIRECTION('',(-1.29189588320019E-15,1.02353014063461E-14,1.));
#2933=DIRECTION('',(0.707106781186541,0.707106781186554,0.));
#2934=DIRECTION('',(1.29189588320019E-15,-1.02353014063461E-14,-1.));
#2935=DIRECTION('center_axis',(0.,1.,-1.77635683939991E-14));
#2936=DIRECTION('ref_axis',(-1.48029736616691E-14,8.74123128697506E-15,
1.));
#2937=DIRECTION('',(-1.25607396694689E-14,0.707106781186623,0.707106781186472));
#2938=DIRECTION('center_axis',(-1.67227342498704E-15,1.,-1.02353014063461E-14));
#2939=DIRECTION('ref_axis',(-1.48029736616691E-14,1.02353014063461E-14,
1.));
#2940=DIRECTION('center_axis',(1.67227342498704E-15,-1.,1.02353014063461E-14));
#2941=DIRECTION('ref_axis',(-1.48029736616691E-14,6.83214169000097E-15,
1.));
#2942=DIRECTION('center_axis',(-1.18247587880638E-15,0.707106781186541,
-0.707106781186554));
#2943=DIRECTION('ref_axis',(-1.,0.,1.67227342498701E-15));
#2944=DIRECTION('',(1.,1.67227342498704E-15,8.25610089774643E-31));
#2945=DIRECTION('',(-1.,-1.67227342498704E-15,-8.25610089774643E-31));
#2946=DIRECTION('center_axis',(5.92177053349646E-16,-6.83214169000097E-15,
-1.));
#2947=DIRECTION('ref_axis',(-1.,-1.6608436940433E-15,-5.92177053349635E-16));
#2948=DIRECTION('',(0.,1.,-6.83214169000097E-15));
#2949=DIRECTION('',(1.,1.67227342498707E-15,5.92177053349635E-16));
#2950=DIRECTION('',(8.49783207936095E-15,1.,-6.83214169000096E-15));
#2951=DIRECTION('center_axis',(0.707106781186535,-4.83105371902709E-15,
-0.70710678118656));
#2952=DIRECTION('ref_axis',(-0.70710678118656,-7.50894617794977E-15,-0.707106781186535));
#2953=DIRECTION('',(0.,1.,-6.83214169000097E-15));
#2954=DIRECTION('',(0.70710678118656,6.32647029914348E-15,0.707106781186535));
#2955=DIRECTION('center_axis',(1.22508190737093E-29,-6.83214169000097E-15,
-1.));
#2956=DIRECTION('ref_axis',(-1.,1.93238126087882E-16,-1.3571049331052E-29));
#2957=DIRECTION('',(0.,1.,-6.83214169000097E-15));
#2958=DIRECTION('',(1.,1.67227342498706E-15,8.25610089774464E-31));
#2959=DIRECTION('center_axis',(0.,1.,-6.83214169000097E-15));
#2960=DIRECTION('ref_axis',(-1.48029736616691E-14,6.83214169000097E-15,
1.));
#2961=DIRECTION('',(0.,-1.,6.83214169000097E-15));
#2962=DIRECTION('center_axis',(-1.67227342498706E-15,1.,-7.27470667401232E-15));
#2963=DIRECTION('ref_axis',(-1.48029736616691E-14,6.83214169000097E-15,
1.));
#2964=DIRECTION('center_axis',(-1.,-8.82641572275267E-30,-1.29189588320019E-15));
#2965=DIRECTION('ref_axis',(-1.29189588320019E-15,7.42840132840105E-15,
1.));
#2966=DIRECTION('',(-1.76194717775907E-29,-1.,2.04706028126922E-14));
#2967=DIRECTION('',(1.29189588320019E-15,-7.27470667401231E-15,-1.));
#2968=DIRECTION('center_axis',(-0.707106781186529,0.707106781186566,-8.15095937151354E-15));
#2969=DIRECTION('ref_axis',(-1.15271972895468E-14,0.,1.));
#2970=DIRECTION('',(0.707106781186566,0.707106781186529,-1.43883064582071E-14));
#2971=DIRECTION('',(-1.29189588320019E-15,1.02353014063461E-14,1.));
#2972=DIRECTION('',(-0.707106781186566,-0.707106781186529,1.43883064582071E-14));
#2973=DIRECTION('',(1.29189588320019E-15,-1.02353014063461E-14,-1.));
#2974=DIRECTION('center_axis',(-1.,-8.82641572275267E-30,-1.29189588320019E-15));
#2975=DIRECTION('ref_axis',(-1.29189588320019E-15,7.42840132840105E-15,
1.));
#2976=DIRECTION('',(-1.76194717775907E-29,-1.,2.04706028126922E-14));
#2977=DIRECTION('',(1.29189588320019E-15,-7.27470667401231E-15,-1.));
#2978=DIRECTION('',(1.76194717775907E-29,1.,-2.04706028126922E-14));
#2979=DIRECTION('center_axis',(-1.50140090947663E-15,0.707106781186628,
0.707106781186467));
#2980=DIRECTION('ref_axis',(1.,0.,2.12330152874139E-15));
#2981=DIRECTION('',(0.,0.707106781186467,-0.707106781186628));
#2982=DIRECTION('',(1.,1.67227342498704E-15,4.5102810375397E-16));
#2983=DIRECTION('',(0.,0.707106781186467,-0.707106781186628));
#2984=DIRECTION('',(-1.,-1.67227342498704E-15,-4.5102810375397E-16));
#2985=DIRECTION('center_axis',(0.,1.,-8.88178419700255E-15));
#2986=DIRECTION('ref_axis',(1.,9.38104604261116E-16,1.11022302462515E-14));
#2987=DIRECTION('',(0.707106781186598,0.707106781186497,0.));
#2988=DIRECTION('center_axis',(-1.67227342498704E-15,1.,-1.02353014063461E-14));
#2989=DIRECTION('ref_axis',(1.,1.67227342498715E-15,1.11022302462515E-14));
#2990=DIRECTION('center_axis',(1.67227342498704E-15,-1.,1.02353014063461E-14));
#2991=DIRECTION('ref_axis',(1.,7.559917008368E-29,1.11022302462515E-14));
#2992=DIRECTION('center_axis',(-0.70710678118651,0.707106781186585,-8.15095937151371E-15));
#2993=DIRECTION('ref_axis',(-1.15271972895474E-14,0.,1.));
#2994=DIRECTION('',(-0.707106781186585,-0.70710678118651,1.45453157040751E-14));
#2995=DIRECTION('',(1.29189588320019E-15,-1.02353014063461E-14,-1.));
#2996=DIRECTION('',(-1.29189588320019E-15,1.02353014063461E-14,1.));
#2997=DIRECTION('center_axis',(-1.,-8.82641572275267E-30,-1.29189588320019E-15));
#2998=DIRECTION('ref_axis',(-1.29189588320019E-15,7.42840132840105E-15,
1.));
#2999=DIRECTION('',(0.,1.,-6.83214169000097E-15));
#3000=DIRECTION('',(1.29189588320019E-15,-7.27470667401231E-15,-1.));
#3001=DIRECTION('',(1.76194717775907E-29,1.,-2.04706028126922E-14));
#3002=DIRECTION('center_axis',(0.,1.,-6.83214169000097E-15));
#3003=DIRECTION('ref_axis',(1.,7.559917008368E-29,1.11022302462515E-14));
#3004=DIRECTION('',(0.,1.,-6.83214169000097E-15));
#3005=DIRECTION('center_axis',(-1.67227342498706E-15,1.,-7.27470667401232E-15));
#3006=DIRECTION('ref_axis',(1.,7.559917008368E-29,1.11022302462515E-14));
#3007=DIRECTION('center_axis',(-4.51028103753981E-16,6.83214169000097E-15,
1.));
#3008=DIRECTION('ref_axis',(1.,1.66533453693774E-15,4.5102810375397E-16));
#3009=DIRECTION('',(0.,-1.,6.83214169000097E-15));
#3010=DIRECTION('',(-1.,-1.67227342498707E-15,-4.5102810375397E-16));
#3011=DIRECTION('center_axis',(-1.50140090947663E-15,0.707106781186626,
0.707106781186469));
#3012=DIRECTION('ref_axis',(1.,0.,2.12330152874138E-15));
#3013=DIRECTION('',(0.,0.707106781186469,-0.707106781186626));
#3014=DIRECTION('',(1.,1.67227342498704E-15,4.5102810375397E-16));
#3015=DIRECTION('',(0.,-0.707106781186469,0.707106781186626));
#3016=DIRECTION('',(-1.,-1.67227342498704E-15,-4.5102810375397E-16));
#3017=DIRECTION('center_axis',(-4.51028103753981E-16,6.83214169000097E-15,
1.));
#3018=DIRECTION('ref_axis',(1.,1.66533453693774E-15,4.5102810375397E-16));
#3019=DIRECTION('',(0.,-1.,6.83214169000097E-15));
#3020=DIRECTION('',(-1.,-1.67227342498707E-15,-4.5102810375397E-16));
#3021=DIRECTION('',(0.,1.,-6.83214169000097E-15));
#3022=DIRECTION('center_axis',(-1.50140090947663E-15,0.707106781186628,
0.707106781186467));
#3023=DIRECTION('ref_axis',(1.,0.,2.12330152874139E-15));
#3024=DIRECTION('',(-8.29225435622514E-15,0.707106781186467,-0.707106781186628));
#3025=DIRECTION('',(1.,1.67227342498704E-15,4.5102810375397E-16));
#3026=DIRECTION('',(-1.06266049323122E-32,-0.707106781186467,0.707106781186628));
#3027=DIRECTION('',(-1.,-1.67227342498704E-15,-4.5102810375397E-16));
#3028=DIRECTION('center_axis',(-4.51028103753981E-16,6.83214169000097E-15,
1.));
#3029=DIRECTION('ref_axis',(1.,1.66533453693774E-15,4.5102810375397E-16));
#3030=DIRECTION('',(1.07616072474457E-14,-1.,6.83214169000097E-15));
#3031=DIRECTION('',(-1.,-1.67227342498707E-15,-4.5102810375397E-16));
#3032=DIRECTION('',(1.05386808618442E-40,1.,-6.83214169000097E-15));
#3033=DIRECTION('center_axis',(-7.32709814052423E-15,0.707106781186544,
0.707106781186551));
#3034=DIRECTION('ref_axis',(7.60960546114606E-15,-0.707106781186551,0.707106781186544));
#3035=DIRECTION('',(-7.60960546114606E-15,0.707106781186551,-0.707106781186544));
#3036=DIRECTION('',(-1.,-1.67227342498713E-15,-8.6898081381809E-15));
#3037=DIRECTION('',(7.60960546114606E-15,-0.707106781186551,0.707106781186544));
#3038=DIRECTION('',(1.,1.1842378929335E-14,-1.48029736616688E-15));
#3039=DIRECTION('center_axis',(-1.,-1.1842378929335E-14,1.48029736616688E-15));
#3040=DIRECTION('ref_axis',(1.48029736616688E-15,0.,1.));
#3041=DIRECTION('',(-2.22044604926564E-15,-8.88178419700127E-15,-1.));
#3042=DIRECTION('',(-1.48029736616679E-15,-7.27470667401232E-15,-1.));
#3043=DIRECTION('center_axis',(1.,1.1842378929335E-14,-1.48029736616688E-15));
#3044=DIRECTION('ref_axis',(-1.48029736616688E-15,0.,-1.));
#3045=DIRECTION('',(2.22044604926564E-15,8.88178419700127E-15,1.));
#3046=DIRECTION('',(1.48029736616679E-15,7.27470667401232E-15,1.));
#3047=DIRECTION('center_axis',(0.,0.707106781186544,0.707106781186551));
#3048=DIRECTION('ref_axis',(1.07994259840709E-32,0.707106781186551,-0.707106781186544));
#3049=DIRECTION('',(-1.07994259840709E-32,-0.707106781186551,0.707106781186544));
#3050=DIRECTION('',(-1.,0.,0.));
#3051=DIRECTION('',(1.07994259840709E-32,0.707106781186551,-0.707106781186544));
#3052=DIRECTION('',(-1.,-1.67227342498705E-15,1.67227342498703E-15));
#3053=DIRECTION('center_axis',(1.,0.,0.));
#3054=DIRECTION('ref_axis',(0.,0.,-1.));
#3055=DIRECTION('',(0.,8.88178419700124E-15,1.));
#3056=DIRECTION('',(0.,7.27470667401232E-15,1.));
#3057=DIRECTION('center_axis',(-1.,0.,0.));
#3058=DIRECTION('ref_axis',(0.,0.,1.));
#3059=DIRECTION('',(0.,-7.27470667401232E-15,-1.));
#3060=DIRECTION('',(0.,-8.88178419700124E-15,-1.));
#3061=DIRECTION('center_axis',(-0.707106781186553,0.707106781186542,-1.45614976694545E-14));
#3062=DIRECTION('ref_axis',(-0.707106781186542,-0.707106781186553,1.4545315704076E-14));
#3063=DIRECTION('',(0.707106781186542,0.707106781186553,-1.4545315704076E-14));
#3064=DIRECTION('',(1.33183608185945E-14,-7.27470667401229E-15,-1.));
#3065=DIRECTION('',(-0.707106781186542,-0.707106781186553,1.4545315704076E-14));
#3066=DIRECTION('',(-1.2246467991477E-16,2.04706028126922E-14,1.));
#3067=DIRECTION('center_axis',(-9.95799250102617E-17,-2.04706028126922E-14,
-1.));
#3068=DIRECTION('ref_axis',(-1.,-3.34454684997407E-15,9.95799250103302E-17));
#3069=DIRECTION('',(1.,1.67227342498706E-15,-9.95799250102959E-17));
#3070=DIRECTION('',(1.,-5.53723734702718E-15,-9.95799250101483E-17));
#3071=DIRECTION('center_axis',(-1.2246467991477E-16,2.04706028126922E-14,
1.));
#3072=DIRECTION('ref_axis',(1.,3.34454684997407E-15,1.22464679914701E-16));
#3073=DIRECTION('',(-1.,5.53723734702718E-15,9.95799250101483E-17));
#3074=DIRECTION('',(-1.,-1.67227342498706E-15,-1.22464679914735E-16));
#3075=DIRECTION('center_axis',(-0.707106781186553,0.707106781186542,-1.45614976694545E-14));
#3076=DIRECTION('ref_axis',(0.707106781186542,0.707106781186553,-1.4545315704076E-14));
#3077=DIRECTION('',(-0.707106781186542,-0.707106781186553,1.4545315704076E-14));
#3078=DIRECTION('',(1.2246467991477E-16,-2.04706028126922E-14,-1.));
#3079=DIRECTION('',(0.707106781186542,0.707106781186553,-1.4545315704076E-14));
#3080=DIRECTION('',(1.33183608185945E-14,-7.27470667401229E-15,-1.));
#3081=DIRECTION('center_axis',(9.95799250102617E-17,2.04706028126922E-14,
1.));
#3082=DIRECTION('ref_axis',(1.,3.34454684997407E-15,-9.95799250103302E-17));
#3083=DIRECTION('',(-1.,5.53723734702718E-15,9.95799250101483E-17));
#3084=DIRECTION('',(-1.,-1.67227342498706E-15,9.95799250102959E-17));
#3085=DIRECTION('center_axis',(1.2246467991477E-16,-2.04706028126922E-14,
-1.));
#3086=DIRECTION('ref_axis',(-1.,-3.34454684997407E-15,-1.22464679914701E-16));
#3087=DIRECTION('',(1.,1.67227342498706E-15,1.22464679914735E-16));
#3088=DIRECTION('',(1.,-5.53723734702718E-15,-9.95799250101483E-17));
#3089=DIRECTION('center_axis',(5.04874198853505E-15,0.707106781186529,-0.707106781186566));
#3090=DIRECTION('ref_axis',(-5.1580580979097E-15,-0.707106781186566,-0.707106781186529));
#3091=DIRECTION('',(5.1580580979097E-15,0.707106781186566,0.707106781186529));
#3092=DIRECTION('',(1.,1.67227342498713E-15,8.81227281809564E-15));
#3093=DIRECTION('',(-5.1580580979097E-15,-0.707106781186566,-0.707106781186529));
#3094=DIRECTION('',(-1.,8.49783207936096E-15,1.35783268625193E-15));
#3095=DIRECTION('center_axis',(1.,-8.49783207936096E-15,-1.35783268625193E-15));
#3096=DIRECTION('ref_axis',(-1.35783268625211E-15,-2.04706028126922E-14,
-1.));
#3097=DIRECTION('',(2.0979813693509E-15,1.15888186156909E-14,1.));
#3098=DIRECTION('',(1.35783268625199E-15,7.27470667401232E-15,1.));
#3099=DIRECTION('center_axis',(-1.,8.49783207936096E-15,1.35783268625193E-15));
#3100=DIRECTION('ref_axis',(1.35783268625211E-15,2.04706028126922E-14,1.));
#3101=DIRECTION('',(-2.0979813693509E-15,-1.15888186156909E-14,-1.));
#3102=DIRECTION('',(-1.35783268625199E-15,-7.27470667401232E-15,-1.));
#3103=DIRECTION('center_axis',(5.04874198853505E-15,0.707106781186529,-0.707106781186566));
#3104=DIRECTION('ref_axis',(-5.1580580979097E-15,-0.707106781186566,-0.707106781186529));
#3105=DIRECTION('',(5.1580580979097E-15,0.707106781186566,0.707106781186529));
#3106=DIRECTION('',(1.,1.67227342498713E-15,8.81227281809564E-15));
#3107=DIRECTION('',(-5.1580580979097E-15,-0.707106781186566,-0.707106781186529));
#3108=DIRECTION('',(-1.,8.49783207936096E-15,1.35783268625193E-15));
#3109=DIRECTION('center_axis',(1.,-8.49783207936096E-15,-1.35783268625193E-15));
#3110=DIRECTION('ref_axis',(-1.35783268625211E-15,-2.04706028126922E-14,
-1.));
#3111=DIRECTION('',(2.0979813693509E-15,1.15888186156909E-14,1.));
#3112=DIRECTION('',(1.35783268625199E-15,7.27470667401232E-15,1.));
#3113=DIRECTION('center_axis',(-1.,8.49783207936096E-15,1.35783268625193E-15));
#3114=DIRECTION('ref_axis',(1.35783268625211E-15,2.04706028126922E-14,1.));
#3115=DIRECTION('',(-2.0979813693509E-15,-1.15888186156909E-14,-1.));
#3116=DIRECTION('',(-1.35783268625199E-15,-7.27470667401232E-15,-1.));
#3117=DIRECTION('center_axis',(-2.27835615198919E-15,0.707106781186529,
-0.707106781186566));
#3118=DIRECTION('ref_axis',(-2.45154736323636E-15,0.707106781186566,0.707106781186529));
#3119=DIRECTION('',(2.45154736323636E-15,-0.707106781186566,-0.707106781186529));
#3120=DIRECTION('',(1.,3.34454684997407E-15,1.22464679914701E-16));
#3121=DIRECTION('',(-2.45154736323636E-15,0.707106781186566,0.707106781186529));
#3122=DIRECTION('',(1.,1.67227342498705E-15,-1.54980874507224E-15));
#3123=DIRECTION('center_axis',(-1.,-3.34454684997407E-15,-1.22464679914701E-16));
#3124=DIRECTION('ref_axis',(-1.22464679914769E-16,2.04706028126922E-14,
1.));
#3125=DIRECTION('',(1.2246467991474E-16,-1.1588818615691E-14,-1.));
#3126=DIRECTION('',(1.22464679914725E-16,-7.27470667401232E-15,-1.));
#3127=DIRECTION('center_axis',(1.,3.34454684997407E-15,1.22464679914701E-16));
#3128=DIRECTION('ref_axis',(1.22464679914769E-16,-2.04706028126922E-14,
-1.));
#3129=DIRECTION('',(-1.22464679914725E-16,7.27470667401232E-15,1.));
#3130=DIRECTION('',(-1.2246467991474E-16,1.1588818615691E-14,1.));
#3131=DIRECTION('center_axis',(-2.27835615198919E-15,0.707106781186529,
-0.707106781186566));
#3132=DIRECTION('ref_axis',(-2.45154736323636E-15,0.707106781186566,0.707106781186529));
#3133=DIRECTION('',(2.45154736323636E-15,-0.707106781186566,-0.707106781186529));
#3134=DIRECTION('',(1.,3.34454684997407E-15,1.22464679914701E-16));
#3135=DIRECTION('',(-2.45154736323636E-15,0.707106781186566,0.707106781186529));
#3136=DIRECTION('',(1.,1.67227342498705E-15,-1.54980874507224E-15));
#3137=DIRECTION('center_axis',(-1.,-3.34454684997407E-15,-1.22464679914701E-16));
#3138=DIRECTION('ref_axis',(-1.22464679914769E-16,2.04706028126922E-14,
1.));
#3139=DIRECTION('',(1.2246467991474E-16,-1.1588818615691E-14,-1.));
#3140=DIRECTION('',(1.22464679914725E-16,-7.27470667401232E-15,-1.));
#3141=DIRECTION('center_axis',(1.,3.34454684997407E-15,1.22464679914701E-16));
#3142=DIRECTION('ref_axis',(1.22464679914769E-16,-2.04706028126922E-14,
-1.));
#3143=DIRECTION('',(-1.22464679914725E-16,7.27470667401232E-15,1.));
#3144=DIRECTION('',(-1.2246467991474E-16,1.1588818615691E-14,1.));
#3145=DIRECTION('center_axis',(-1.67227342498704E-15,1.,-1.02353014063461E-14));
#3146=DIRECTION('ref_axis',(-1.,-1.67227342498704E-15,-1.91291056402625E-43));
#3147=DIRECTION('center_axis',(-1.67227342498704E-15,1.,-1.02353014063461E-14));
#3148=DIRECTION('ref_axis',(-8.88178419700138E-15,1.02353014063461E-14,
1.));
#3149=DIRECTION('',(9.68921912400149E-16,-7.42840132840105E-15,-1.));
#3150=DIRECTION('center_axis',(2.69718897257675E-15,1.,-7.27470667401229E-15));
#3151=DIRECTION('ref_axis',(1.,-2.6971889725767E-15,6.66133814775097E-15));
#3152=DIRECTION('',(-1.,-1.66533453693773E-15,-5.89805981832115E-16));
#3153=DIRECTION('center_axis',(-1.67227342498706E-15,1.,-7.12667706229324E-15));
#3154=DIRECTION('ref_axis',(7.40148683083449E-16,-7.12667706229324E-15,
-1.));
#3155=DIRECTION('',(3.22973970800033E-16,7.42840132840105E-15,1.));
#3156=DIRECTION('center_axis',(2.69718897257682E-15,1.,-7.27470667401229E-15));
#3157=DIRECTION('ref_axis',(-1.,2.69718897257678E-15,-5.92118946466765E-15));
#3158=DIRECTION('',(1.,8.77770078258805E-15,-5.16898998200496E-29));
#3159=DIRECTION('',(0.707106781186547,-3.96151854153074E-15,-0.707106781186547));
#3160=DIRECTION('',(1.,1.67227342498707E-15,6.02154860813644E-16));
#3161=DIRECTION('',(0.707106781186575,7.50894617794966E-15,0.70710678118652));
#3162=DIRECTION('',(1.,-1.97215226305253E-31,1.21652986455268E-29));
#3163=DIRECTION('',(-1.,-8.88178419700124E-15,2.22044604925031E-16));
#3164=DIRECTION('',(2.22044604925031E-16,0.,1.));
#3165=DIRECTION('',(1.,8.88178419700124E-15,-2.22044604925031E-16));
#3166=DIRECTION('',(-2.22044604926564E-15,-8.88178419700127E-15,-1.));
#3167=DIRECTION('',(-1.,-1.1842378929335E-14,1.48029736616688E-15));
#3168=DIRECTION('',(-2.22044604926564E-15,-8.88178419700127E-15,-1.));
#3169=DIRECTION('',(0.,8.88178419700124E-15,1.));
#3170=DIRECTION('',(1.,0.,0.));
#3171=DIRECTION('',(0.,8.88178419700124E-15,1.));
#3172=DIRECTION('',(-1.,-8.88178419700124E-15,2.22044604925031E-16));
#3173=DIRECTION('',(2.22044604925031E-16,0.,1.));
#3174=DIRECTION('',(1.,8.88178419700124E-15,-2.22044604925031E-16));
#3175=DIRECTION('center_axis',(0.707106781186551,0.707106781186544,-1.57009245868378E-16));
#3176=DIRECTION('ref_axis',(-0.707106781186544,0.707106781186551,1.57009245868377E-16));
#3177=DIRECTION('',(0.707106781186544,-0.707106781186551,-1.57009245868377E-16));
#3178=DIRECTION('',(-0.707106781186544,0.707106781186551,1.57009245868377E-16));
#3179=DIRECTION('',(-7.0526620690872E-15,7.2747066740123E-15,1.));
#3180=DIRECTION('center_axis',(-2.22044604925031E-16,0.,-1.));
#3181=DIRECTION('ref_axis',(-1.,0.,2.22044604925031E-16));
#3182=DIRECTION('',(1.,1.67227342498706E-15,-2.22044604925031E-16));
#3183=DIRECTION('center_axis',(2.22044604925031E-16,0.,1.));
#3184=DIRECTION('ref_axis',(1.,0.,-2.22044604925031E-16));
#3185=DIRECTION('',(-1.,-1.67227342498706E-15,2.22044604925031E-16));
#3186=DIRECTION('center_axis',(0.707106781186551,0.707106781186544,-1.57009245868378E-16));
#3187=DIRECTION('ref_axis',(-0.707106781186544,0.707106781186551,1.57009245868377E-16));
#3188=DIRECTION('',(0.707106781186544,-0.707106781186551,-1.57009245868377E-16));
#3189=DIRECTION('',(-0.707106781186544,0.707106781186551,1.57009245868377E-16));
#3190=DIRECTION('',(-7.0526620690872E-15,7.2747066740123E-15,1.));
#3191=DIRECTION('center_axis',(-2.22044604925031E-16,0.,-1.));
#3192=DIRECTION('ref_axis',(-1.,0.,2.22044604925031E-16));
#3193=DIRECTION('',(1.,1.67227342498706E-15,-2.22044604925031E-16));
#3194=DIRECTION('center_axis',(2.22044604925031E-16,0.,1.));
#3195=DIRECTION('ref_axis',(1.,0.,-2.22044604925031E-16));
#3196=DIRECTION('',(-1.,-1.67227342498706E-15,2.22044604925031E-16));
#3197=DIRECTION('center_axis',(-7.32709814052423E-15,0.707106781186544,
0.707106781186551));
#3198=DIRECTION('ref_axis',(-7.60960546114606E-15,0.707106781186551,-0.707106781186544));
#3199=DIRECTION('',(-7.60960546114606E-15,0.707106781186551,-0.707106781186544));
#3200=DIRECTION('',(-7.60960546114606E-15,0.707106781186551,-0.707106781186544));
#3201=DIRECTION('',(-1.,-1.67227342498713E-15,-8.6898081381809E-15));
#3202=DIRECTION('center_axis',(-1.,-1.1842378929335E-14,1.48029736616688E-15));
#3203=DIRECTION('ref_axis',(1.48029736616688E-15,0.,1.));
#3204=DIRECTION('',(-1.48029736616679E-15,-7.27470667401232E-15,-1.));
#3205=DIRECTION('center_axis',(-1.,-1.07616072474456E-14,9.65411325776435E-16));
#3206=DIRECTION('ref_axis',(1.07616072474456E-14,-1.,-5.08708093130241E-56));
#3207=DIRECTION('',(9.65411325776356E-16,7.27470667401232E-15,1.));
#3208=DIRECTION('center_axis',(0.,0.707106781186544,0.707106781186551));
#3209=DIRECTION('ref_axis',(-1.07994259840709E-32,-0.707106781186551,0.707106781186544));
#3210=DIRECTION('',(-1.07994259840709E-32,-0.707106781186551,0.707106781186544));
#3211=DIRECTION('',(-1.,-1.67227342498705E-15,1.67227342498703E-15));
#3212=DIRECTION('',(-1.07994259840709E-32,-0.707106781186551,0.707106781186544));
#3213=DIRECTION('center_axis',(1.,0.,0.));
#3214=DIRECTION('ref_axis',(0.,0.,-1.));
#3215=DIRECTION('',(0.,7.27470667401232E-15,1.));
#3216=DIRECTION('center_axis',(1.,-1.05386705943044E-40,1.50282887118683E-32));
#3217=DIRECTION('ref_axis',(1.05386705943044E-40,1.,0.));
#3218=DIRECTION('',(1.50282887118683E-32,-7.27470667401232E-15,-1.));
#3219=DIRECTION('center_axis',(-1.67227342498706E-15,1.,-7.27470667401232E-15));
#3220=DIRECTION('ref_axis',(-1.,-1.67227342498707E-15,-6.3113821782154E-16));
#3221=DIRECTION('',(-0.707106781186555,-6.32647029914351E-15,-0.70710678118654));
#3222=DIRECTION('',(-1.,-1.67227342498707E-15,-5.10707245658811E-16));
#3223=DIRECTION('',(-0.707106781186555,3.96151854153067E-15,0.70710678118654));
#3224=DIRECTION('',(-1.,-1.67227342498707E-15,-6.3113821782154E-16));
#3225=DIRECTION('center_axis',(1.67227342498706E-15,-1.,7.27470667401232E-15));
#3226=DIRECTION('ref_axis',(-6.31138217821552E-16,7.27470667401231E-15,
1.));
#3227=DIRECTION('',(-1.14379864541479E-16,7.27470667401231E-15,1.));
#3228=DIRECTION('center_axis',(1.67227342498706E-15,-1.,7.27470667401232E-15));
#3229=DIRECTION('ref_axis',(-1.,-1.67227342498706E-15,-3.90192713547899E-17));
#3230=DIRECTION('',(-1.,-1.67227342498707E-15,-5.75627066590282E-16));
#3231=DIRECTION('center_axis',(1.67227342498706E-15,-1.,7.27470667401232E-15));
#3232=DIRECTION('ref_axis',(6.31138217821552E-16,-7.27470667401231E-15,
-1.));
#3233=DIRECTION('',(8.89517394461588E-16,-7.27470667401231E-15,-1.));
#3234=DIRECTION('center_axis',(1.67227342498706E-15,-1.,7.27470667401232E-15));
#3235=DIRECTION('ref_axis',(1.,1.67227342498707E-15,6.3113821782154E-16));
#3236=DIRECTION('',(-1.,-1.67227342498705E-15,2.21103272521897E-15));
#3237=DIRECTION('center_axis',(1.67227342498706E-15,-1.,7.27470667401232E-15));
#3238=DIRECTION('ref_axis',(-6.31138217821552E-16,7.27470667401232E-15,
1.));
#3239=DIRECTION('',(1.,1.67227342498707E-15,6.12825260714321E-16));
#3240=DIRECTION('center_axis',(1.67227342498706E-15,-1.,7.27470667401232E-15));
#3241=DIRECTION('ref_axis',(1.,1.67227342498707E-15,6.3113821782154E-16));
#3242=DIRECTION('',(6.31138217821552E-16,-7.27470667401231E-15,-1.));
#3243=DIRECTION('center_axis',(1.67227342498706E-15,-1.,7.27470667401232E-15));
#3244=DIRECTION('ref_axis',(6.31138217821552E-16,-7.27470667401232E-15,
-1.));
#3245=DIRECTION('',(-1.,-1.67227342498707E-15,-6.3113821782154E-16));
#3246=DIRECTION('center_axis',(1.67227342498706E-15,-1.,7.27470667401232E-15));
#3247=DIRECTION('ref_axis',(-1.,-1.67227342498707E-15,-6.3113821782154E-16));
#3248=DIRECTION('',(-6.31138217821552E-16,7.27470667401231E-15,1.));
#3249=DIRECTION('center_axis',(1.67227342498706E-15,-1.,7.27470667401232E-15));
#3250=DIRECTION('ref_axis',(1.,1.67227342498707E-15,6.3113821782154E-16));
#3251=DIRECTION('center_axis',(1.67227342498706E-15,-1.,7.27470667401232E-15));
#3252=DIRECTION('ref_axis',(1.,1.67227342498707E-15,6.3113821782154E-16));
#3253=DIRECTION('center_axis',(1.67227342498706E-15,-1.,7.27470667401232E-15));
#3254=DIRECTION('ref_axis',(1.,1.67227342498707E-15,6.3113821782154E-16));
#3255=DIRECTION('center_axis',(1.67227342498706E-15,-1.,7.27470667401232E-15));
#3256=DIRECTION('ref_axis',(1.,1.67227342498707E-15,6.3113821782154E-16));
#3257=DIRECTION('center_axis',(-1.,-1.67227342498707E-15,-6.3113821782154E-16));
#3258=DIRECTION('ref_axis',(6.31138217821552E-16,-7.27470667401231E-15,
-1.));
#3259=DIRECTION('',(-6.31138217821552E-16,7.27470667401231E-15,1.));
#3260=DIRECTION('',(1.67227342498706E-15,-1.,7.27470667401232E-15));
#3261=DIRECTION('',(1.67227342498706E-15,-1.,7.27470667401232E-15));
#3262=DIRECTION('center_axis',(1.67227342498706E-15,-1.,7.27470667401232E-15));
#3263=DIRECTION('ref_axis',(-1.,-1.67227342498707E-15,-6.3113821782154E-16));
#3264=DIRECTION('center_axis',(1.67227342498706E-15,-1.,7.27470667401232E-15));
#3265=DIRECTION('ref_axis',(-1.,-1.67227342498707E-15,-6.3113821782154E-16));
#3266=DIRECTION('',(1.67227342498706E-15,-1.,7.27470667401232E-15));
#3267=DIRECTION('center_axis',(6.31138217821552E-16,-7.27470667401231E-15,
-1.));
#3268=DIRECTION('ref_axis',(1.,1.67227342498707E-15,6.3113821782154E-16));
#3269=DIRECTION('',(-1.,-1.67227342498707E-15,-6.3113821782154E-16));
#3270=DIRECTION('',(1.67227342498706E-15,-1.,7.27470667401232E-15));
#3271=DIRECTION('center_axis',(1.67227342498706E-15,-1.,7.27470667401232E-15));
#3272=DIRECTION('ref_axis',(6.31138217821552E-16,-7.27470667401232E-15,
-1.));
#3273=DIRECTION('center_axis',(1.67227342498706E-15,-1.,7.27470667401232E-15));
#3274=DIRECTION('ref_axis',(6.31138217821552E-16,-7.27470667401232E-15,
-1.));
#3275=DIRECTION('',(1.67227342498706E-15,-1.,7.27470667401232E-15));
#3276=DIRECTION('center_axis',(1.,1.67227342498707E-15,6.3113821782154E-16));
#3277=DIRECTION('ref_axis',(-6.31138217821552E-16,7.27470667401231E-15,
1.));
#3278=DIRECTION('',(6.31138217821552E-16,-7.27470667401231E-15,-1.));
#3279=DIRECTION('',(1.67227342498706E-15,-1.,7.27470667401232E-15));
#3280=DIRECTION('center_axis',(1.67227342498706E-15,-1.,7.27470667401232E-15));
#3281=DIRECTION('ref_axis',(1.,1.67227342498707E-15,6.3113821782154E-16));
#3282=DIRECTION('center_axis',(1.67227342498706E-15,-1.,7.27470667401232E-15));
#3283=DIRECTION('ref_axis',(1.,1.67227342498707E-15,6.3113821782154E-16));
#3284=DIRECTION('',(1.67227342498706E-15,-1.,7.27470667401232E-15));
#3285=DIRECTION('center_axis',(-6.12825260714333E-16,7.27470667401231E-15,
1.));
#3286=DIRECTION('ref_axis',(-1.,-1.67227342498707E-15,-6.12825260714321E-16));
#3287=DIRECTION('',(1.,1.67227342498707E-15,6.12825260714321E-16));
#3288=DIRECTION('',(1.67227342498706E-15,-1.,7.27470667401232E-15));
#3289=DIRECTION('center_axis',(1.67227342498706E-15,-1.,7.27470667401232E-15));
#3290=DIRECTION('ref_axis',(-6.31138217821552E-16,7.27470667401232E-15,
1.));
#3291=DIRECTION('center_axis',(1.67227342498706E-15,-1.,7.27470667401232E-15));
#3292=DIRECTION('ref_axis',(-6.31138217821552E-16,7.27470667401232E-15,
1.));
#3293=DIRECTION('center_axis',(6.31138217821552E-16,-7.27470667401231E-15,
-1.));
#3294=DIRECTION('ref_axis',(1.67227342498706E-15,-1.,7.27470667401232E-15));
#3295=DIRECTION('',(0.,1.,-6.83214169000097E-15));
#3296=DIRECTION('',(1.67227342498706E-15,-1.,7.27470667401232E-15));
#3297=DIRECTION('center_axis',(1.67227342498706E-15,-1.,7.27470667401232E-15));
#3298=DIRECTION('ref_axis',(1.,1.67227342498707E-15,6.3113821782154E-16));
#3299=DIRECTION('center_axis',(1.67227342498706E-15,-1.,7.27470667401232E-15));
#3300=DIRECTION('ref_axis',(1.,1.67227342498707E-15,6.3113821782154E-16));
#3301=DIRECTION('',(1.67227342498706E-15,-1.,7.27470667401232E-15));
#3302=DIRECTION('center_axis',(1.67227342498706E-15,-1.,7.27470667401232E-15));
#3303=DIRECTION('ref_axis',(1.,1.67227342498707E-15,6.3113821782154E-16));
#3304=DIRECTION('center_axis',(1.67227342498706E-15,-1.,7.27470667401232E-15));
#3305=DIRECTION('ref_axis',(1.,1.67227342498707E-15,6.3113821782154E-16));
#3306=DIRECTION('',(1.67227342498706E-15,-1.,7.27470667401232E-15));
#3307=DIRECTION('center_axis',(1.67227342498706E-15,-1.,7.27470667401232E-15));
#3308=DIRECTION('ref_axis',(1.,1.67227342498707E-15,6.3113821782154E-16));
#3309=DIRECTION('center_axis',(1.67227342498706E-15,-1.,7.27470667401232E-15));
#3310=DIRECTION('ref_axis',(1.,1.67227342498707E-15,6.3113821782154E-16));
#3311=DIRECTION('',(1.67227342498706E-15,-1.,7.27470667401232E-15));
#3312=DIRECTION('center_axis',(1.67227342498706E-15,-1.,7.27470667401232E-15));
#3313=DIRECTION('ref_axis',(1.,1.67227342498707E-15,6.3113821782154E-16));
#3314=DIRECTION('center_axis',(1.67227342498706E-15,-1.,7.27470667401232E-15));
#3315=DIRECTION('ref_axis',(1.,1.67227342498707E-15,6.3113821782154E-16));
#3316=DIRECTION('',(1.67227342498706E-15,-1.,7.27470667401232E-15));
#3317=DIRECTION('center_axis',(-1.67227342498706E-15,1.,-7.27470667401232E-15));
#3318=DIRECTION('ref_axis',(1.,1.67227342498707E-15,6.3113821782154E-16));
#3319=DIRECTION('center_axis',(-1.67227342498706E-15,1.,-7.27470667401232E-15));
#3320=DIRECTION('ref_axis',(1.,1.67227342498707E-15,6.3113821782154E-16));
#3321=DIRECTION('',(-1.67227342498706E-15,1.,-7.27470667401232E-15));
#3322=DIRECTION('center_axis',(-1.67227342498706E-15,1.,-7.27470667401232E-15));
#3323=DIRECTION('ref_axis',(1.,1.67227342498707E-15,6.3113821782154E-16));
#3324=DIRECTION('center_axis',(-1.67227342498706E-15,1.,-7.27470667401232E-15));
#3325=DIRECTION('ref_axis',(-1.,-1.67227342498707E-15,-6.3113821782154E-16));
#3326=DIRECTION('center_axis',(-1.67227342498706E-15,1.,-7.27470667401232E-15));
#3327=DIRECTION('ref_axis',(1.,1.67227342498707E-15,6.3113821782154E-16));
#3328=DIRECTION('',(-1.67227342498706E-15,1.,-7.27470667401232E-15));
#3329=DIRECTION('center_axis',(-1.67227342498706E-15,1.,-7.27470667401232E-15));
#3330=DIRECTION('ref_axis',(-1.,-1.67227342498707E-15,-6.3113821782154E-16));
#3331=DIRECTION('center_axis',(-1.67227342498706E-15,1.,-7.27470667401232E-15));
#3332=DIRECTION('ref_axis',(-1.,-1.67227342498707E-15,-6.3113821782154E-16));
#3333=DIRECTION('center_axis',(-1.67227342498706E-15,1.,-7.27470667401232E-15));
#3334=DIRECTION('ref_axis',(1.,1.67227342498707E-15,6.3113821782154E-16));
#3335=DIRECTION('',(-1.67227342498706E-15,1.,-7.27470667401232E-15));
#3336=DIRECTION('center_axis',(-1.67227342498706E-15,1.,-7.27470667401232E-15));
#3337=DIRECTION('ref_axis',(-1.,-1.67227342498707E-15,-6.3113821782154E-16));
#3338=DIRECTION('center_axis',(-1.67227342498706E-15,1.,-7.27470667401232E-15));
#3339=DIRECTION('ref_axis',(1.,1.67227342498707E-15,6.3113821782154E-16));
#3340=DIRECTION('center_axis',(-1.67227342498706E-15,1.,-7.27470667401232E-15));
#3341=DIRECTION('ref_axis',(1.,1.67227342498707E-15,6.3113821782154E-16));
#3342=DIRECTION('',(-1.67227342498706E-15,1.,-7.27470667401232E-15));
#3343=DIRECTION('center_axis',(-1.67227342498706E-15,1.,-7.27470667401232E-15));
#3344=DIRECTION('ref_axis',(1.,1.67227342498707E-15,6.3113821782154E-16));
#3345=DIRECTION('center_axis',(-1.67227342498706E-15,1.,-7.27470667401232E-15));
#3346=DIRECTION('ref_axis',(-1.,-1.67227342498707E-15,-6.3113821782154E-16));
#3347=DIRECTION('center_axis',(-1.67227342498706E-15,1.,-7.27470667401232E-15));
#3348=DIRECTION('ref_axis',(-1.,-1.67227342498707E-15,-6.3113821782154E-16));
#3349=DIRECTION('center_axis',(-1.67227342498706E-15,1.,-7.27470667401232E-15));
#3350=DIRECTION('ref_axis',(-1.,-1.67227342498707E-15,-6.3113821782154E-16));
#3351=DIRECTION('center_axis',(-1.67227342498706E-15,1.,-7.27470667401232E-15));
#3352=DIRECTION('ref_axis',(-1.,-1.67227342498707E-15,-6.3113821782154E-16));
#3353=DIRECTION('center_axis',(1.,1.67227342498707E-15,6.15418245791449E-16));
#3354=DIRECTION('ref_axis',(6.15418245791461E-16,-7.27470667401231E-15,
-1.));
#3355=DIRECTION('',(1.,1.67227342498707E-15,6.12825260714321E-16));
#3356=DIRECTION('center_axis',(-1.,-1.67227342498706E-15,-6.45843280567419E-17));
#3357=DIRECTION('ref_axis',(-1.67227342498706E-15,1.,-8.16288509371244E-15));
#3358=DIRECTION('center_axis',(-1.,-1.67227342498707E-15,-6.15418245791449E-16));
#3359=DIRECTION('ref_axis',(-1.67227342498706E-15,1.,-7.33593901396968E-15));
#3360=DIRECTION('center_axis',(1.67227342498706E-15,-1.,7.27470667401232E-15));
#3361=DIRECTION('ref_axis',(1.,0.,0.));
#3362=DIRECTION('center_axis',(1.67227342498706E-15,-1.,7.27470667401232E-15));
#3363=DIRECTION('ref_axis',(-6.31138217821552E-16,7.27470667401231E-15,
1.));
#3364=DIRECTION('center_axis',(6.4584328056754E-17,-7.27470667401232E-15,
-1.));
#3365=DIRECTION('ref_axis',(-1.67227342498706E-15,1.,-7.27470667401232E-15));
#3366=DIRECTION('center_axis',(-6.31138217821552E-16,7.27470667401231E-15,
1.));
#3367=DIRECTION('ref_axis',(1.,1.67227342498707E-15,6.3113821782154E-16));
#3368=DIRECTION('',(-6.31138217821552E-16,7.27470667401231E-15,1.));
#3369=DIRECTION('center_axis',(6.31138217821552E-16,-7.27470667401231E-15,
-1.));
#3370=DIRECTION('ref_axis',(-1.61104108502969E-15,1.,-7.27470667401232E-15));
#3371=DIRECTION('center_axis',(1.67227342498706E-15,-1.,7.27470667401232E-15));
#3372=DIRECTION('ref_axis',(-7.105427357601E-16,8.5265128291212E-15,1.));
#3373=DIRECTION('center_axis',(1.67227342498706E-15,-1.,7.27470667401232E-15));
#3374=DIRECTION('ref_axis',(-1.,-1.67227342498707E-15,-6.3113821782154E-16));
#3375=DIRECTION('center_axis',(1.,1.67227342498706E-15,6.45843280567419E-17));
#3376=DIRECTION('ref_axis',(-1.67227342498706E-15,1.,-7.27470667401232E-15));
#3377=DIRECTION('center_axis',(-1.,-1.67227342498707E-15,-6.3113821782154E-16));
#3378=DIRECTION('ref_axis',(-6.31138217821552E-16,7.27470667401231E-15,
1.));
#3379=DIRECTION('',(-1.,-1.67227342498707E-15,-6.3113821782154E-16));
#3380=DIRECTION('center_axis',(1.,1.67227342498707E-15,6.3113821782154E-16));
#3381=DIRECTION('ref_axis',(-1.67227342498706E-15,1.,-7.21347433405495E-15));
#3382=DIRECTION('center_axis',(1.67227342498706E-15,-1.,7.27470667401232E-15));
#3383=DIRECTION('ref_axis',(-1.,0.,0.));
#3384=DIRECTION('center_axis',(1.67227342498706E-15,-1.,7.27470667401232E-15));
#3385=DIRECTION('ref_axis',(6.31138217821552E-16,-7.27470667401231E-15,
-1.));
#3386=DIRECTION('center_axis',(3.79504881793308E-16,7.27470667401232E-15,
1.));
#3387=DIRECTION('ref_axis',(-1.67227342498706E-15,1.,-7.27470667401232E-15));
#3388=DIRECTION('center_axis',(6.31138217821552E-16,-7.27470667401231E-15,
-1.));
#3389=DIRECTION('ref_axis',(-1.,-1.67227342498707E-15,-6.3113821782154E-16));
#3390=DIRECTION('',(6.31138217821552E-16,-7.27470667401231E-15,-1.));
#3391=DIRECTION('center_axis',(-6.31138217821552E-16,7.27470667401231E-15,
1.));
#3392=DIRECTION('ref_axis',(-1.73350576494443E-15,1.,-7.27470667401232E-15));
#3393=DIRECTION('center_axis',(1.67227342498706E-15,-1.,7.27470667401232E-15));
#3394=DIRECTION('ref_axis',(0.,-8.5265128291212E-15,-1.));
#3395=DIRECTION('center_axis',(1.67227342498706E-15,-1.,7.27470667401232E-15));
#3396=DIRECTION('ref_axis',(1.,1.67227342498707E-15,6.3113821782154E-16));
#3397=DIRECTION('center_axis',(-1.67227342498706E-15,1.,-7.27470667401232E-15));
#3398=DIRECTION('ref_axis',(-1.,-1.67227342498707E-15,-6.3113821782154E-16));
#3399=DIRECTION('center_axis',(1.67227342498706E-15,-1.,7.27470667401232E-15));
#3400=DIRECTION('ref_axis',(1.,1.67227342498707E-15,6.3113821782154E-16));
#3401=DIRECTION('',(1.67227342498706E-15,-1.,7.27470667401232E-15));
#3402=DIRECTION('center_axis',(-1.,-1.67227342498707E-15,-6.3113821782154E-16));
#3403=DIRECTION('ref_axis',(1.67227342498706E-15,-1.,7.27470667401232E-15));
#3404=DIRECTION('',(1.67227342498706E-15,-1.,7.27470667401232E-15));
#3405=DIRECTION('center_axis',(1.67227342498706E-15,-1.,7.27470667401232E-15));
#3406=DIRECTION('ref_axis',(6.31138217821552E-16,-7.27470667401231E-15,
-1.));
#3407=DIRECTION('',(1.67227342498706E-15,-1.,7.27470667401232E-15));
#3408=DIRECTION('center_axis',(-6.31138217821552E-16,7.27470667401231E-15,
1.));
#3409=DIRECTION('ref_axis',(-1.67227342498706E-15,1.,-7.27470667401232E-15));
#3410=DIRECTION('',(1.67227342498706E-15,-1.,7.27470667401232E-15));
#3411=DIRECTION('center_axis',(1.67227342498706E-15,-1.,7.27470667401232E-15));
#3412=DIRECTION('ref_axis',(-1.,-1.67227342498706E-15,-3.90192713547899E-17));
#3413=DIRECTION('',(1.67227342498706E-15,-1.,7.27470667401232E-15));
#3414=DIRECTION('center_axis',(1.,1.67227342498707E-15,6.3113821782154E-16));
#3415=DIRECTION('ref_axis',(-1.67227342498706E-15,1.,-7.27470667401232E-15));
#3416=DIRECTION('',(1.67227342498706E-15,-1.,7.27470667401232E-15));
#3417=DIRECTION('center_axis',(1.67227342498706E-15,-1.,7.27470667401232E-15));
#3418=DIRECTION('ref_axis',(-6.31138217821552E-16,7.27470667401231E-15,
1.));
#3419=DIRECTION('',(1.67227342498706E-15,-1.,7.27470667401232E-15));
#3420=DIRECTION('center_axis',(6.31138217821552E-16,-7.27470667401231E-15,
-1.));
#3421=DIRECTION('ref_axis',(1.67227342498706E-15,-1.,7.27470667401232E-15));
#3422=DIRECTION('',(-1.67227342498706E-15,1.,-7.27470667401232E-15));
#3423=DIRECTION('center_axis',(0.70710678118654,6.32647029914359E-15,0.707106781186555));
#3424=DIRECTION('ref_axis',(-0.707106781186555,3.96151854153067E-15,0.70710678118654));
#3425=DIRECTION('',(1.67227342498706E-15,-1.,7.27470667401232E-15));
#3426=DIRECTION('center_axis',(6.31138217821552E-16,-7.27470667401231E-15,
-1.));
#3427=DIRECTION('ref_axis',(1.67227342498706E-15,-1.,7.27470667401232E-15));
#3428=DIRECTION('',(1.67227342498706E-15,-1.,7.27470667401232E-15));
#3429=DIRECTION('center_axis',(-0.70710678118654,3.9615185415308E-15,0.707106781186555));
#3430=DIRECTION('ref_axis',(-0.707106781186555,-6.32647029914351E-15,-0.70710678118654));
#3431=CARTESIAN_POINT('',(0.,0.,0.));
#3432=CARTESIAN_POINT('Origin',(-1.36211005247981,53.4999999999995,18.5654019543771));
#3433=CARTESIAN_POINT('',(-1.18890497172292,52.8999999999995,18.6654019543771));
#3434=CARTESIAN_POINT('',(-1.36211005247981,52.8999999999995,18.3654019543771));
#3435=CARTESIAN_POINT('Origin',(-1.36211005247981,52.8999999999995,18.5654019543771));
#3436=CARTESIAN_POINT('',(-1.18890497172293,53.4999999999995,18.6654019543771));
#3437=CARTESIAN_POINT('',(-1.18890497172292,53.4999999999995,18.6654019543771));
#3438=CARTESIAN_POINT('',(-1.36211005247981,53.4999999999995,18.3654019543771));
#3439=CARTESIAN_POINT('Origin',(-1.36211005247981,53.4999999999995,18.5654019543771));
#3440=CARTESIAN_POINT('',(-1.36211005247981,53.4999999999995,18.3654019543771));
#3441=CARTESIAN_POINT('Origin',(-3.32510096772454,52.8999999999995,20.8654019543771));
#3442=CARTESIAN_POINT('',(-5.28809188296927,52.8999999999995,18.3654019543771));
#3443=CARTESIAN_POINT('',(-1.01569989096603,52.8999999999995,18.3654019543771));
#3444=CARTESIAN_POINT('',(-5.46129696372615,52.8999999999995,18.6654019543771));
#3445=CARTESIAN_POINT('Origin',(-5.28809188296927,52.8999999999995,18.5654019543771));
#3446=CARTESIAN_POINT('',(-3.49830604848143,52.8999999999996,22.0654019543771));
#3447=CARTESIAN_POINT('',(-5.63450204448304,52.8999999999995,18.3654019543771));
#3448=CARTESIAN_POINT('',(-3.15189588696765,52.8999999999996,22.0654019543771));
#3449=CARTESIAN_POINT('Origin',(-3.32510096772454,52.8999999999995,21.9654019543771));
#3450=CARTESIAN_POINT('',(-3.32510096772454,52.8999999999996,22.3654019543771));
#3451=CARTESIAN_POINT('Origin',(-5.63450204448304,53.4999999999995,18.3654019543771));
#3452=CARTESIAN_POINT('',(-5.28809188296927,53.4999999999995,18.3654019543771));
#3453=CARTESIAN_POINT('',(5.1422218183437,53.4999999999995,18.3654019543771));
#3454=CARTESIAN_POINT('',(-5.28809188296927,53.4999999999995,18.3654019543771));
#3455=CARTESIAN_POINT('Origin',(-5.28809188296927,53.4999999999995,18.5654019543771));
#3456=CARTESIAN_POINT('',(-5.46129696372616,53.4999999999995,18.6654019543771));
#3457=CARTESIAN_POINT('Origin',(-5.28809188296927,53.4999999999995,18.5654019543771));
#3458=CARTESIAN_POINT('',(-5.46129696372616,53.4999999999995,18.6654019543771));
#3459=CARTESIAN_POINT('Origin',(-3.32510096772454,53.4999999999995,21.9654019543771));
#3460=CARTESIAN_POINT('',(-3.49830604848143,53.4999999999995,22.0654019543771));
#3461=CARTESIAN_POINT('',(-3.49830604848143,53.4999999999995,22.0654019543771));
#3462=CARTESIAN_POINT('',(-3.15189588696766,53.4999999999995,22.0654019543771));
#3463=CARTESIAN_POINT('Origin',(-3.32510096772454,53.4999999999995,21.9654019543771));
#3464=CARTESIAN_POINT('',(-3.15189588696765,53.4999999999995,22.0654019543771));
#3465=CARTESIAN_POINT('Origin',(-1.01569989096604,53.4999999999995,18.3654019543771));
#3466=CARTESIAN_POINT('',(-1.75675302693763,53.4999999999995,19.6489436369882));
#3467=CARTESIAN_POINT('Origin',(-3.32510096772454,53.4999999999995,22.3654019543771));
#3468=CARTESIAN_POINT('',(1.07226329209152,53.4999999999996,29.9818602717661));
#3469=CARTESIAN_POINT('Origin',(-18.1310543188296,54.5499999999996,38.9404019543771));
#3470=CARTESIAN_POINT('',(-18.3810543188296,54.7999999999996,39.8154019543771));
#3471=CARTESIAN_POINT('',(-17.8810543188296,54.2999999999997,39.8154019543771));
#3472=CARTESIAN_POINT('',(-17.6810543188295,54.0999999999996,39.8154019543771));
#3473=CARTESIAN_POINT('',(-17.8810543188296,54.2999999999995,25.0154019543771));
#3474=CARTESIAN_POINT('',(-17.8810543188296,54.2999999999997,38.9404019543771));
#3475=CARTESIAN_POINT('',(-18.3810543188296,54.7999999999995,25.0154019543771));
#3476=CARTESIAN_POINT('',(-17.6810543188296,54.0999999999995,25.0154019543771));
#3477=CARTESIAN_POINT('',(-18.3810543188296,54.7999999999996,38.9404019543771));
#3478=CARTESIAN_POINT('Origin',(-17.8810543188296,53.4999999999997,45.8154019543771));
#3479=CARTESIAN_POINT('',(-17.8810543188296,53.4999999999995,39.8154019543771));
#3480=CARTESIAN_POINT('',(-17.8810543188296,53.8249999999996,39.8154019543771));
#3481=CARTESIAN_POINT('',(-17.8810543188296,53.4999999999995,25.0154019543771));
#3482=CARTESIAN_POINT('',(-17.8810543188296,53.4999999999996,38.9404019543771));
#3483=CARTESIAN_POINT('',(-17.8810543188296,53.8249999999996,25.0154019543771));
#3484=CARTESIAN_POINT('Origin',(-0.0810543188295674,54.5499999999995,16.2654019543771));
#3485=CARTESIAN_POINT('',(-7.78105447475471,54.7999999999994,16.0154019543771));
#3486=CARTESIAN_POINT('',(-7.78105447475471,54.2999999999995,16.5154019543771));
#3487=CARTESIAN_POINT('',(-7.7810544747547,54.0999999999994,16.7154019543773));
#3488=CARTESIAN_POINT('',(7.0189455252453,54.2999999999995,16.5154019543771));
#3489=CARTESIAN_POINT('',(-0.0810543188295671,54.2999999999995,16.5154019543771));
#3490=CARTESIAN_POINT('',(7.01894552524529,54.7999999999994,16.0154019543771));
#3491=CARTESIAN_POINT('',(7.0189455252453,54.0999999999994,16.7154019543773));
#3492=CARTESIAN_POINT('',(-0.0810543188295677,54.7999999999994,16.0154019543771));
#3493=CARTESIAN_POINT('Origin',(-16.0810543188296,53.4999999999995,16.5154019543771));
#3494=CARTESIAN_POINT('',(-7.7810544747547,53.4999999999991,16.5154019543771));
#3495=CARTESIAN_POINT('',(-7.7810544747547,53.8249999999994,16.5154019543771));
#3496=CARTESIAN_POINT('',(7.01894552524531,53.4999999999991,16.5154019543771));
#3497=CARTESIAN_POINT('',(-0.0810543188295708,53.4999999999995,16.5154019543771));
#3498=CARTESIAN_POINT('',(7.01894552524531,53.8249999999994,16.5154019543771));
#3499=CARTESIAN_POINT('Origin',(-18.1310543188296,54.5499999999996,38.9404019543771));
#3500=CARTESIAN_POINT('',(-18.3810543188296,54.7999999999994,23.5154019543771));
#3501=CARTESIAN_POINT('',(-17.8810543188296,54.2999999999995,23.5154019543771));
#3502=CARTESIAN_POINT('',(-17.6810543188295,54.0999999999996,23.5154019543771));
#3503=CARTESIAN_POINT('',(-17.8810543188296,54.2999999999995,18.3154019543771));
#3504=CARTESIAN_POINT('',(-17.8810543188296,54.2999999999997,38.9404019543771));
#3505=CARTESIAN_POINT('',(-18.3810543188296,54.7999999999994,18.3154019543771));
#3506=CARTESIAN_POINT('',(-17.8810543188296,54.2999999999995,18.3154019543771));
#3507=CARTESIAN_POINT('',(-18.3810543188296,54.7999999999996,38.9404019543771));
#3508=CARTESIAN_POINT('Origin',(-16.0810543188296,54.5499999999995,18.3154019543771));
#3509=CARTESIAN_POINT('',(-16.0810543188296,54.2999999999996,16.5154019543771));
#3510=CARTESIAN_POINT('',(-16.0810543188296,54.7999999999994,16.0154019543771));
#3511=CARTESIAN_POINT('',(-16.0810543188296,54.2999999999996,16.5154019543771));
#3512=CARTESIAN_POINT('Origin',(-16.0810543188296,54.7999999999994,18.3154019543771));
#3513=CARTESIAN_POINT('Origin',(-16.0810543188296,54.2999999999996,18.3154019543771));
#3514=CARTESIAN_POINT('Origin',(-0.0810543188295674,54.5499999999995,16.2654019543771));
#3515=CARTESIAN_POINT('',(-9.2810544747547,54.2999999999995,16.5154019543771));
#3516=CARTESIAN_POINT('',(-9.28105447475471,54.7999999999994,16.0154019543771));
#3517=CARTESIAN_POINT('',(-9.2810544747547,54.0999999999993,16.7154019543773));
#3518=CARTESIAN_POINT('',(-0.0810543188295677,54.7999999999994,16.0154019543771));
#3519=CARTESIAN_POINT('',(-0.0810543188295671,54.2999999999995,16.5154019543771));
#3520=CARTESIAN_POINT('Origin',(-16.0810543188296,53.4999999999995,16.5154019543771));
#3521=CARTESIAN_POINT('',(-16.0810543188296,53.4999999999995,16.5154019543771));
#3522=CARTESIAN_POINT('',(-16.0810543188296,53.4999999999995,16.5154019543771));
#3523=CARTESIAN_POINT('',(-9.2810544747547,53.4999999999991,16.5154019543771));
#3524=CARTESIAN_POINT('',(-0.0810543188295708,53.4999999999995,16.5154019543771));
#3525=CARTESIAN_POINT('',(-9.2810544747547,53.8249999999993,16.5154019543771));
#3526=CARTESIAN_POINT('Origin',(-16.0810543188296,53.4999999999995,18.3154019543771));
#3527=CARTESIAN_POINT('',(-17.8810543188296,53.4999999999995,18.3154019543771));
#3528=CARTESIAN_POINT('',(-17.8810543188296,53.4999999999995,18.3154019543771));
#3529=CARTESIAN_POINT('Origin',(-16.0810543188296,53.4999999999995,18.3154019543771));
#3530=CARTESIAN_POINT('Origin',(-17.8810543188296,53.4999999999997,45.8154019543771));
#3531=CARTESIAN_POINT('',(-17.8810543188296,53.4999999999995,23.5154019543771));
#3532=CARTESIAN_POINT('',(-17.8810543188296,53.8249999999996,23.5154019543771));
#3533=CARTESIAN_POINT('',(-17.8810543188296,53.4999999999996,38.9404019543771));
#3534=CARTESIAN_POINT('Origin',(0.295417543745981,54.5499999999997,47.8654019543782));
#3535=CARTESIAN_POINT('',(-15.3281105936773,54.2999999999997,47.6154019543771));
#3536=CARTESIAN_POINT('',(-16.0810543188296,54.2999999999997,47.6154019543771));
#3537=CARTESIAN_POINT('',(0.295417543745999,54.2999999999997,47.6154019543782));
#3538=CARTESIAN_POINT('',(-16.0810543188297,54.7999999999997,48.1154019543771));
#3539=CARTESIAN_POINT('',(-16.0810543188296,54.2999999999997,47.6154019543771));
#3540=CARTESIAN_POINT('',(-15.1210038124908,54.7999999999997,48.1154019543771));
#3541=CARTESIAN_POINT('',(0.295417543745963,54.7999999999997,48.1154019543782));
#3542=CARTESIAN_POINT('',(-15.1210038124908,54.7999999999997,48.1154019543771));
#3543=CARTESIAN_POINT('Origin',(-2.82706982966887,54.5499999999996,35.4679145809617));
#3544=CARTESIAN_POINT('',(-13.8710038124908,54.7999999999997,46.8654019543771));
#3545=CARTESIAN_POINT('',(-2.65029313437223,54.7999999999996,35.6446912762584));
#3546=CARTESIAN_POINT('',(-14.0781105936773,54.2999999999997,46.3654019543771));
#3547=CARTESIAN_POINT('',(-13.8710038124908,54.7999999999997,46.8654019543771));
#3548=CARTESIAN_POINT('',(-3.00384652496551,54.2999999999996,35.2911378856651));
#3549=CARTESIAN_POINT('Origin',(30.9174738185943,54.5499999999998,46.6154019543771));
#3550=CARTESIAN_POINT('',(-9.28105447475473,54.7999999999997,46.8654019543771));
#3551=CARTESIAN_POINT('',(30.9174738185943,54.7999999999998,46.8654019543771));
#3552=CARTESIAN_POINT('',(-9.28105447475472,54.2999999999997,46.3654019543771));
#3553=CARTESIAN_POINT('',(-9.28105447475472,54.0999999999996,46.165401954377));
#3554=CARTESIAN_POINT('',(30.9174738185943,54.2999999999998,46.3654019543771));
#3555=CARTESIAN_POINT('Origin',(-16.0810543188296,54.5499999999997,45.8154019543771));
#3556=CARTESIAN_POINT('',(-17.8810543188296,54.2999999999997,45.8154019543771));
#3557=CARTESIAN_POINT('',(-18.3810543188296,54.7999999999997,45.8154019543771));
#3558=CARTESIAN_POINT('',(-17.8810543188296,54.2999999999997,45.8154019543771));
#3559=CARTESIAN_POINT('Origin',(-16.0810543188296,54.7999999999997,45.8154019543771));
#3560=CARTESIAN_POINT('Origin',(-16.0810543188296,54.2999999999997,45.8154019543771));
#3561=CARTESIAN_POINT('Origin',(-18.1310543188296,54.5499999999996,38.9404019543771));
#3562=CARTESIAN_POINT('',(-17.8810543188296,54.2999999999996,41.3154019543771));
#3563=CARTESIAN_POINT('',(-18.3810543188296,54.7999999999996,41.3154019543771));
#3564=CARTESIAN_POINT('',(-17.6810543188295,54.0999999999996,41.3154019543771));
#3565=CARTESIAN_POINT('',(-18.3810543188296,54.7999999999996,38.9404019543771));
#3566=CARTESIAN_POINT('',(-17.8810543188296,54.2999999999996,38.9404019543771));
#3567=CARTESIAN_POINT('Origin',(-17.8810543188296,53.4999999999997,45.8154019543771));
#3568=CARTESIAN_POINT('',(-17.8810543188296,53.4999999999997,45.8154019543771));
#3569=CARTESIAN_POINT('',(-17.8810543188296,53.4999999999997,45.8154019543771));
#3570=CARTESIAN_POINT('',(-17.8810543188296,53.4999999999995,41.3154019543771));
#3571=CARTESIAN_POINT('',(-17.8810543188296,53.4999999999996,38.9404019543771));
#3572=CARTESIAN_POINT('',(-17.8810543188296,53.8249999999996,41.3154019543771));
#3573=CARTESIAN_POINT('Origin',(-16.0810543188296,53.4999999999997,45.8154019543771));
#3574=CARTESIAN_POINT('',(-16.0810543188296,53.4999999999997,47.6154019543771));
#3575=CARTESIAN_POINT('',(-16.0810543188296,53.4999999999997,47.6154019543771));
#3576=CARTESIAN_POINT('Origin',(-16.0810543188296,53.4999999999997,45.8154019543771));
#3577=CARTESIAN_POINT('Origin',(-15.3281105936773,53.4999999999997,47.6154019543771));
#3578=CARTESIAN_POINT('',(-15.3281105936773,53.4999999999997,47.6154019543771));
#3579=CARTESIAN_POINT('',(-15.3281105936773,53.4999999999997,47.6154019543771));
#3580=CARTESIAN_POINT('',(0.295417543745995,53.4999999999997,47.6154019543782));
#3581=CARTESIAN_POINT('Origin',(-14.0781105936773,53.4999999999997,46.3654019543771));
#3582=CARTESIAN_POINT('',(-14.0781105936773,53.4999999999997,46.3654019543771));
#3583=CARTESIAN_POINT('',(-14.0781105936773,53.4999999999997,46.3654019543771));
#3584=CARTESIAN_POINT('',(-3.00384652496551,53.4999999999996,35.2911378856651));
#3585=CARTESIAN_POINT('Origin',(45.9160019560181,53.4999999999998,46.3654019543771));
#3586=CARTESIAN_POINT('',(-9.28105447475472,53.4999999999995,46.3654019543771));
#3587=CARTESIAN_POINT('',(-9.28105447475472,53.8249999999995,46.3654019543771));
#3588=CARTESIAN_POINT('',(30.9174738185943,53.4999999999998,46.3654019543771));
#3589=CARTESIAN_POINT('Origin',(30.9174738185943,54.5499999999998,46.6154019543771));
#3590=CARTESIAN_POINT('',(7.01894552524528,54.7999999999997,46.8654019543771));
#3591=CARTESIAN_POINT('',(7.01894552524528,54.2999999999997,46.3654019543771));
#3592=CARTESIAN_POINT('',(7.01894552524528,54.0999999999997,46.1654019543771));
#3593=CARTESIAN_POINT('',(-7.78105447475473,54.2999999999997,46.3654019543771));
#3594=CARTESIAN_POINT('',(30.9174738185943,54.2999999999998,46.3654019543771));
#3595=CARTESIAN_POINT('',(-7.78105447475473,54.7999999999997,46.8654019543771));
#3596=CARTESIAN_POINT('',(-7.78105447475473,54.0999999999996,46.165401954377));
#3597=CARTESIAN_POINT('',(30.9174738185943,54.7999999999998,46.8654019543771));
#3598=CARTESIAN_POINT('Origin',(45.9160019560181,53.4999999999998,46.3654019543771));
#3599=CARTESIAN_POINT('',(7.01894552524528,53.4999999999995,46.3654019543771));
#3600=CARTESIAN_POINT('',(7.01894552524528,53.8249999999996,46.3654019543771));
#3601=CARTESIAN_POINT('',(-7.78105447475472,53.4999999999995,46.3654019543771));
#3602=CARTESIAN_POINT('',(30.9174738185943,53.4999999999998,46.3654019543771));
#3603=CARTESIAN_POINT('',(-7.78105447475473,53.8249999999995,46.3654019543771));
#3604=CARTESIAN_POINT('Origin',(30.9174738185943,54.5499999999998,46.6154019543771));
#3605=CARTESIAN_POINT('',(23.3189455252459,54.7999999999998,46.8654019543771));
#3606=CARTESIAN_POINT('',(23.3189455252459,54.2999999999998,46.3654019543771));
#3607=CARTESIAN_POINT('',(23.3189455252459,54.0999999999997,46.1654019543771));
#3608=CARTESIAN_POINT('',(8.51894552524527,54.2999999999997,46.3654019543771));
#3609=CARTESIAN_POINT('',(30.9174738185943,54.2999999999998,46.3654019543771));
#3610=CARTESIAN_POINT('',(8.51894552524528,54.7999999999997,46.8654019543771));
#3611=CARTESIAN_POINT('',(8.51894552524528,54.0999999999997,46.1654019543771));
#3612=CARTESIAN_POINT('',(30.9174738185943,54.7999999999998,46.8654019543771));
#3613=CARTESIAN_POINT('Origin',(45.9160019560181,53.4999999999998,46.3654019543771));
#3614=CARTESIAN_POINT('',(23.3189455252459,53.4999999999994,46.3654019543771));
#3615=CARTESIAN_POINT('',(23.3189455252459,53.8249999999997,46.3654019543771));
#3616=CARTESIAN_POINT('',(8.51894552524528,53.4999999999995,46.3654019543771));
#3617=CARTESIAN_POINT('',(30.9174738185943,53.4999999999998,46.3654019543771));
#3618=CARTESIAN_POINT('',(8.51894552524527,53.8249999999996,46.3654019543771));
#3619=CARTESIAN_POINT('Origin',(30.9174738185943,54.5499999999998,46.6154019543771));
#3620=CARTESIAN_POINT('',(39.6189455252459,54.7999999999998,46.8654019543771));
#3621=CARTESIAN_POINT('',(39.6189455252459,54.2999999999998,46.3654019543771));
#3622=CARTESIAN_POINT('',(39.6189455252459,54.0999999999997,46.165401954377));
#3623=CARTESIAN_POINT('',(24.8189455252459,54.2999999999998,46.3654019543771));
#3624=CARTESIAN_POINT('',(30.9174738185943,54.2999999999998,46.3654019543771));
#3625=CARTESIAN_POINT('',(24.8189455252459,54.7999999999998,46.8654019543771));
#3626=CARTESIAN_POINT('',(24.8189455252459,54.0999999999997,46.165401954377));
#3627=CARTESIAN_POINT('',(30.9174738185943,54.7999999999998,46.8654019543771));
#3628=CARTESIAN_POINT('Origin',(45.9160019560181,53.4999999999998,46.3654019543771));
#3629=CARTESIAN_POINT('',(39.6189455252459,53.4999999999995,46.3654019543771));
#3630=CARTESIAN_POINT('',(39.6189455252458,53.8249999999997,46.3654019543771));
#3631=CARTESIAN_POINT('',(24.8189455252459,53.4999999999994,46.3654019543771));
#3632=CARTESIAN_POINT('',(30.9174738185943,53.4999999999998,46.3654019543771));
#3633=CARTESIAN_POINT('',(24.8189455252459,53.8249999999997,46.3654019543771));
#3634=CARTESIAN_POINT('Origin',(30.9174738185943,54.5499999999998,46.6154019543771));
#3635=CARTESIAN_POINT('',(45.9160019560181,54.2999999999998,46.3654019543771));
#3636=CARTESIAN_POINT('',(41.1189455252459,54.2999999999998,46.3654019543771));
#3637=CARTESIAN_POINT('',(30.9174738185943,54.2999999999998,46.3654019543771));
#3638=CARTESIAN_POINT('',(41.1189455252459,54.7999999999998,46.8654019543771));
#3639=CARTESIAN_POINT('',(41.1189455252459,54.0999999999997,46.165401954377));
#3640=CARTESIAN_POINT('',(45.7088951748316,54.7999999999998,46.8654019543771));
#3641=CARTESIAN_POINT('',(30.9174738185943,54.7999999999998,46.8654019543771));
#3642=CARTESIAN_POINT('',(45.7088951748316,54.7999999999998,46.8654019543771));
#3643=CARTESIAN_POINT('Origin',(35.2899611920093,54.5499999999997,36.092914580962));
#3644=CARTESIAN_POINT('',(46.9588951748317,54.7999999999998,48.1154019543771));
#3645=CARTESIAN_POINT('',(35.1131844967127,54.7999999999997,36.2696912762586));
#3646=CARTESIAN_POINT('',(47.1660019560182,54.2999999999998,47.6154019543771));
#3647=CARTESIAN_POINT('',(46.9588951748317,54.7999999999998,48.1154019543771));
#3648=CARTESIAN_POINT('',(35.466737887306,54.2999999999997,35.9161378856653));
#3649=CARTESIAN_POINT('Origin',(49.9689456811704,54.5499999999996,25.1904019543772));
#3650=CARTESIAN_POINT('',(50.2189456811704,54.7999999999997,41.3154019543771));
#3651=CARTESIAN_POINT('',(49.7189456811704,54.2999999999997,41.3154019543771));
#3652=CARTESIAN_POINT('',(49.5189456811705,54.0999999999998,41.3154019543771));
#3653=CARTESIAN_POINT('',(49.7189456811704,54.2999999999998,45.8154019543772));
#3654=CARTESIAN_POINT('',(49.7189456811704,54.2999999999996,25.1904019543772));
#3655=CARTESIAN_POINT('',(50.2189456811704,54.7999999999998,45.8154019543772));
#3656=CARTESIAN_POINT('',(49.7189456811704,54.2999999999998,45.8154019543772));
#3657=CARTESIAN_POINT('',(50.2189456811704,54.7999999999996,25.1904019543771));
#3658=CARTESIAN_POINT('Origin',(47.9189456811704,54.5499999999997,45.8154019543772));
#3659=CARTESIAN_POINT('',(47.9189456811704,54.2999999999997,47.6154019543771));
#3660=CARTESIAN_POINT('',(47.9189456811704,54.7999999999998,48.1154019543771));
#3661=CARTESIAN_POINT('',(47.9189456811704,54.2999999999997,47.6154019543771));
#3662=CARTESIAN_POINT('Origin',(47.9189456811704,54.7999999999998,45.8154019543772));
#3663=CARTESIAN_POINT('Origin',(47.9189456811704,54.2999999999997,45.8154019543772));
#3664=CARTESIAN_POINT('Origin',(31.9189456811704,54.5499999999998,47.8654019543771));
#3665=CARTESIAN_POINT('',(31.9189456811704,54.7999999999998,48.1154019543771));
#3666=CARTESIAN_POINT('',(31.9189456811704,54.2999999999998,47.6154019543771));
#3667=CARTESIAN_POINT('Origin',(45.9160019560181,53.4999999999998,46.3654019543771));
#3668=CARTESIAN_POINT('',(45.9160019560181,53.4999999999998,46.3654019543771));
#3669=CARTESIAN_POINT('',(45.9160019560181,53.4999999999998,46.3654019543771));
#3670=CARTESIAN_POINT('',(41.1189455252459,53.4999999999995,46.3654019543771));
#3671=CARTESIAN_POINT('',(30.9174738185943,53.4999999999998,46.3654019543771));
#3672=CARTESIAN_POINT('',(41.1189455252459,53.8249999999996,46.3654019543771));
#3673=CARTESIAN_POINT('Origin',(47.1660019560182,53.4999999999998,47.6154019543771));
#3674=CARTESIAN_POINT('',(47.1660019560182,53.4999999999998,47.6154019543771));
#3675=CARTESIAN_POINT('',(47.1660019560182,53.4999999999998,47.6154019543771));
#3676=CARTESIAN_POINT('',(35.466737887306,53.4999999999997,35.9161378856653));
#3677=CARTESIAN_POINT('Origin',(47.9189456811704,53.4999999999998,47.6154019543771));
#3678=CARTESIAN_POINT('',(47.9189456811704,53.4999999999998,47.6154019543771));
#3679=CARTESIAN_POINT('',(47.9189456811704,53.4999999999998,47.6154019543771));
#3680=CARTESIAN_POINT('',(31.9189456811704,53.4999999999998,47.6154019543771));
#3681=CARTESIAN_POINT('Origin',(47.9189456811704,53.4999999999998,45.8154019543772));
#3682=CARTESIAN_POINT('',(49.7189456811704,53.4999999999998,45.8154019543772));
#3683=CARTESIAN_POINT('',(49.7189456811704,53.4999999999998,45.8154019543772));
#3684=CARTESIAN_POINT('Origin',(47.9189456811704,53.4999999999997,45.8154019543772));
#3685=CARTESIAN_POINT('Origin',(49.7189456811704,53.4999999999996,18.3154019543772));
#3686=CARTESIAN_POINT('',(49.7189456811704,53.4999999999998,41.3154019543771));
#3687=CARTESIAN_POINT('',(49.7189456811704,53.8249999999999,41.3154019543771));
#3688=CARTESIAN_POINT('',(49.7189456811704,53.4999999999996,25.1904019543772));
#3689=CARTESIAN_POINT('Origin',(49.9689456811704,54.5499999999996,25.1904019543772));
#3690=CARTESIAN_POINT('',(50.2189456811704,54.7999999999996,25.0154019543771));
#3691=CARTESIAN_POINT('',(49.7189456811704,54.2999999999996,25.0154019543771));
#3692=CARTESIAN_POINT('',(49.5189456811704,54.0999999999996,25.0154019543771));
#3693=CARTESIAN_POINT('',(49.7189456811704,54.2999999999998,39.8154019543771));
#3694=CARTESIAN_POINT('',(49.7189456811704,54.2999999999996,25.1904019543772));
#3695=CARTESIAN_POINT('',(50.2189456811704,54.7999999999997,39.8154019543771));
#3696=CARTESIAN_POINT('',(49.5189456811705,54.0999999999998,39.8154019543771));
#3697=CARTESIAN_POINT('',(50.2189456811704,54.7999999999996,25.1904019543771));
#3698=CARTESIAN_POINT('Origin',(49.7189456811704,53.4999999999996,18.3154019543772));
#3699=CARTESIAN_POINT('',(49.7189456811704,53.4999999999994,25.0154019543771));
#3700=CARTESIAN_POINT('',(49.7189456811704,53.8249999999996,25.0154019543771));
#3701=CARTESIAN_POINT('',(49.7189456811704,53.4999999999997,39.8154019543771));
#3702=CARTESIAN_POINT('',(49.7189456811704,53.4999999999996,25.1904019543772));
#3703=CARTESIAN_POINT('',(49.7189456811704,53.8249999999999,39.8154019543771));
#3704=CARTESIAN_POINT('Origin',(-0.0810543188295674,54.5499999999995,16.2654019543771));
#3705=CARTESIAN_POINT('',(41.1189455252459,54.7999999999995,16.0154019543771));
#3706=CARTESIAN_POINT('',(41.1189455252459,54.2999999999996,16.5154019543771));
#3707=CARTESIAN_POINT('',(41.1189455252459,54.0999999999995,16.7154019543773));
#3708=CARTESIAN_POINT('',(47.9189456811704,54.2999999999996,16.5154019543771));
#3709=CARTESIAN_POINT('',(-0.0810543188295671,54.2999999999995,16.5154019543771));
#3710=CARTESIAN_POINT('',(47.9189456811704,54.7999999999995,16.0154019543771));
#3711=CARTESIAN_POINT('',(47.9189456811704,54.2999999999996,16.5154019543771));
#3712=CARTESIAN_POINT('',(-0.0810543188295677,54.7999999999994,16.0154019543771));
#3713=CARTESIAN_POINT('Origin',(47.9189456811704,54.5499999999995,18.3154019543771));
#3714=CARTESIAN_POINT('',(49.7189456811704,54.2999999999996,18.3154019543772));
#3715=CARTESIAN_POINT('',(50.2189456811704,54.7999999999995,18.3154019543772));
#3716=CARTESIAN_POINT('',(49.7189456811704,54.2999999999996,18.3154019543772));
#3717=CARTESIAN_POINT('Origin',(47.9189456811704,54.7999999999995,18.3154019543771));
#3718=CARTESIAN_POINT('Origin',(47.9189456811704,54.2999999999996,18.3154019543771));
#3719=CARTESIAN_POINT('Origin',(49.9689456811704,54.5499999999996,25.1904019543772));
#3720=CARTESIAN_POINT('',(49.7189456811704,54.2999999999996,23.5154019543771));
#3721=CARTESIAN_POINT('',(50.2189456811704,54.7999999999996,23.5154019543771));
#3722=CARTESIAN_POINT('',(49.5189456811704,54.0999999999996,23.5154019543771));
#3723=CARTESIAN_POINT('',(50.2189456811704,54.7999999999996,25.1904019543771));
#3724=CARTESIAN_POINT('',(49.7189456811704,54.2999999999996,25.1904019543772));
#3725=CARTESIAN_POINT('Origin',(49.7189456811704,53.4999999999996,18.3154019543772));
#3726=CARTESIAN_POINT('',(49.7189456811704,53.4999999999996,18.3154019543772));
#3727=CARTESIAN_POINT('',(49.7189456811704,53.4999999999996,18.3154019543772));
#3728=CARTESIAN_POINT('',(49.7189456811704,53.4999999999994,23.5154019543771));
#3729=CARTESIAN_POINT('',(49.7189456811704,53.4999999999996,25.1904019543772));
#3730=CARTESIAN_POINT('',(49.7189456811704,53.8249999999996,23.5154019543771));
#3731=CARTESIAN_POINT('Origin',(47.9189456811704,53.4999999999996,18.3154019543771));
#3732=CARTESIAN_POINT('',(47.9189456811704,53.4999999999996,16.5154019543771));
#3733=CARTESIAN_POINT('',(47.9189456811704,53.4999999999996,16.5154019543771));
#3734=CARTESIAN_POINT('Origin',(47.9189456811704,53.4999999999995,18.3154019543771));
#3735=CARTESIAN_POINT('Origin',(-16.0810543188296,53.4999999999995,16.5154019543771));
#3736=CARTESIAN_POINT('',(41.1189455252459,53.4999999999993,16.5154019543771));
#3737=CARTESIAN_POINT('',(41.1189455252459,53.8249999999994,16.5154019543771));
#3738=CARTESIAN_POINT('',(-0.0810543188295708,53.4999999999995,16.5154019543771));
#3739=CARTESIAN_POINT('Origin',(-0.0810543188295674,54.5499999999995,16.2654019543771));
#3740=CARTESIAN_POINT('',(24.8189455252459,54.7999999999994,16.0154019543771));
#3741=CARTESIAN_POINT('',(24.8189455252459,54.2999999999995,16.5154019543771));
#3742=CARTESIAN_POINT('',(24.8189455252459,54.0999999999995,16.7154019543773));
#3743=CARTESIAN_POINT('',(39.6189455252459,54.2999999999996,16.5154019543771));
#3744=CARTESIAN_POINT('',(-0.0810543188295671,54.2999999999995,16.5154019543771));
#3745=CARTESIAN_POINT('',(39.6189455252459,54.7999999999995,16.0154019543771));
#3746=CARTESIAN_POINT('',(39.6189455252459,54.0999999999995,16.7154019543773));
#3747=CARTESIAN_POINT('',(-0.0810543188295677,54.7999999999994,16.0154019543771));
#3748=CARTESIAN_POINT('Origin',(-16.0810543188296,53.4999999999995,16.5154019543771));
#3749=CARTESIAN_POINT('',(24.8189455252459,53.4999999999993,16.5154019543771));
#3750=CARTESIAN_POINT('',(24.8189455252459,53.8249999999994,16.5154019543771));
#3751=CARTESIAN_POINT('',(39.6189455252459,53.4999999999993,16.5154019543771));
#3752=CARTESIAN_POINT('',(-0.0810543188295708,53.4999999999995,16.5154019543771));
#3753=CARTESIAN_POINT('',(39.6189455252459,53.8249999999994,16.5154019543771));
#3754=CARTESIAN_POINT('Origin',(-0.0810543188295674,54.5499999999995,16.2654019543771));
#3755=CARTESIAN_POINT('',(8.51894552524529,54.7999999999994,16.0154019543771));
#3756=CARTESIAN_POINT('',(8.5189455252453,54.2999999999995,16.5154019543771));
#3757=CARTESIAN_POINT('',(8.5189455252453,54.0999999999994,16.7154019543773));
#3758=CARTESIAN_POINT('',(23.3189455252459,54.2999999999995,16.5154019543771));
#3759=CARTESIAN_POINT('',(-0.0810543188295671,54.2999999999995,16.5154019543771));
#3760=CARTESIAN_POINT('',(23.3189455252459,54.7999999999994,16.0154019543771));
#3761=CARTESIAN_POINT('',(23.3189455252459,54.0999999999995,16.7154019543773));
#3762=CARTESIAN_POINT('',(-0.0810543188295677,54.7999999999994,16.0154019543771));
#3763=CARTESIAN_POINT('Origin',(-16.0810543188296,53.4999999999995,16.5154019543771));
#3764=CARTESIAN_POINT('',(8.51894552524531,53.4999999999991,16.5154019543771));
#3765=CARTESIAN_POINT('',(8.51894552524531,53.8249999999994,16.5154019543771));
#3766=CARTESIAN_POINT('',(23.3189455252459,53.4999999999993,16.5154019543771));
#3767=CARTESIAN_POINT('',(-0.0810543188295708,53.4999999999995,16.5154019543771));
#3768=CARTESIAN_POINT('',(23.3189455252459,53.8249999999994,16.5154019543771));
#3769=CARTESIAN_POINT('Origin',(-9.28105447475471,54.7999999999991,17.5154019543771));
#3770=CARTESIAN_POINT('',(-9.2810544747547,53.4999999999991,18.8154019543771));
#3771=CARTESIAN_POINT('',(-9.28105447475471,54.7999999999991,17.5154019543771));
#3772=CARTESIAN_POINT('',(-9.2810544747547,53.4999999999991,18.8154019543771));
#3773=CARTESIAN_POINT('',(-7.7810544747547,53.4999999999992,18.8154019543771));
#3774=CARTESIAN_POINT('',(3.31894560320791,53.4999999999995,18.8154019543769));
#3775=CARTESIAN_POINT('',(-7.78105447475471,54.7999999999992,17.5154019543771));
#3776=CARTESIAN_POINT('',(-7.7810544747547,53.4999999999992,18.8154019543771));
#3777=CARTESIAN_POINT('',(-9.28105447475471,54.7999999999991,17.5154019543771));
#3778=CARTESIAN_POINT('Origin',(-9.2810544747547,54.1499999999991,17.6654019543771));
#3779=CARTESIAN_POINT('',(-9.28105447475471,54.7999999999991,17.5154019543771));
#3780=CARTESIAN_POINT('',(-9.28105447475468,53.4999999999995,24.8654019543772));
#3781=CARTESIAN_POINT('Origin',(-7.7810544747547,54.1499999999991,17.6654019543771));
#3782=CARTESIAN_POINT('',(-7.78105447475471,54.7999999999992,17.5154019543771));
#3783=CARTESIAN_POINT('',(-7.78105447475468,53.4999999999995,24.8654019543771));
#3784=CARTESIAN_POINT('Origin',(41.1189455252459,53.4999999999993,18.8154019543771));
#3785=CARTESIAN_POINT('',(41.1189455252459,54.7999999999993,17.5154019543771));
#3786=CARTESIAN_POINT('',(41.1189455252459,53.4999999999993,18.8154019543771));
#3787=CARTESIAN_POINT('',(41.1189455252459,54.7999999999993,17.5154019543771));
#3788=CARTESIAN_POINT('',(39.6189455252459,54.7999999999993,17.5154019543771));
#3789=CARTESIAN_POINT('',(41.1189455252459,54.7999999999993,17.5154019543771));
#3790=CARTESIAN_POINT('',(39.6189455252459,53.4999999999993,18.8154019543771));
#3791=CARTESIAN_POINT('',(39.6189455252459,54.7999999999993,17.5154019543771));
#3792=CARTESIAN_POINT('',(28.5189456032081,53.4999999999996,18.8154019543769));
#3793=CARTESIAN_POINT('Origin',(41.1189455252459,54.1499999999993,17.6654019543771));
#3794=CARTESIAN_POINT('',(41.1189455252459,54.7999999999993,16.5154019543771));
#3795=CARTESIAN_POINT('',(41.1189455252459,53.4999999999996,24.8654019543771));
#3796=CARTESIAN_POINT('Origin',(39.6189455252459,54.1499999999993,17.6654019543771));
#3797=CARTESIAN_POINT('',(39.6189455252459,53.4999999999996,24.8654019543771));
#3798=CARTESIAN_POINT('',(39.6189455252459,54.7999999999993,16.5154019543771));
#3799=CARTESIAN_POINT('Origin',(48.7189456811704,54.7999999999995,23.5154019543771));
#3800=CARTESIAN_POINT('',(47.4189456811704,53.4999999999995,23.5154019543771));
#3801=CARTESIAN_POINT('',(48.7189456811704,54.7999999999995,23.5154019543771));
#3802=CARTESIAN_POINT('',(48.7189456811704,54.7999999999995,23.5154019543771));
#3803=CARTESIAN_POINT('',(47.4189456811704,53.4999999999995,25.0154019543771));
#3804=CARTESIAN_POINT('',(47.4189456811706,53.4999999999997,27.7904019543773));
#3805=CARTESIAN_POINT('',(48.7189456811704,54.7999999999995,25.0154019543771));
#3806=CARTESIAN_POINT('',(48.7189456811704,54.7999999999995,25.0154019543771));
#3807=CARTESIAN_POINT('',(48.7189456811704,54.7999999999995,23.5154019543771));
#3808=CARTESIAN_POINT('Origin',(48.5689456811704,54.1499999999994,23.5154019543771));
#3809=CARTESIAN_POINT('',(32.2439456811704,53.4999999999996,23.5154019543771));
#3810=CARTESIAN_POINT('',(49.7189456811704,54.7999999999995,23.5154019543771));
#3811=CARTESIAN_POINT('Origin',(48.5689456811704,54.1499999999995,25.0154019543771));
#3812=CARTESIAN_POINT('',(49.7189456811704,54.7999999999995,25.0154019543771));
#3813=CARTESIAN_POINT('',(32.2439456811704,53.4999999999996,25.0154019543771));
#3814=CARTESIAN_POINT('Origin',(47.4189456811704,53.4999999999998,41.3154019543771));
#3815=CARTESIAN_POINT('',(48.7189456811704,54.7999999999998,41.3154019543771));
#3816=CARTESIAN_POINT('',(47.4189456811704,53.4999999999998,41.3154019543771));
#3817=CARTESIAN_POINT('',(48.7189456811704,54.7999999999998,41.3154019543771));
#3818=CARTESIAN_POINT('',(48.7189456811704,54.7999999999998,39.8154019543771));
#3819=CARTESIAN_POINT('',(48.7189456811704,54.7999999999998,41.3154019543771));
#3820=CARTESIAN_POINT('',(47.4189456811704,53.4999999999998,39.8154019543771));
#3821=CARTESIAN_POINT('',(48.7189456811704,54.7999999999998,39.8154019543771));
#3822=CARTESIAN_POINT('',(47.4189456811704,53.4999999999997,36.6904019543773));
#3823=CARTESIAN_POINT('Origin',(48.5689456811704,54.1499999999998,41.3154019543771));
#3824=CARTESIAN_POINT('',(49.7189456811704,54.7999999999998,41.3154019543771));
#3825=CARTESIAN_POINT('',(32.2439456811704,53.4999999999997,41.3154019543771));
#3826=CARTESIAN_POINT('Origin',(48.5689456811704,54.1499999999998,39.8154019543771));
#3827=CARTESIAN_POINT('',(32.2439456811704,53.4999999999997,39.8154019543771));
#3828=CARTESIAN_POINT('',(49.7189456811704,54.7999999999998,39.8154019543771));
#3829=CARTESIAN_POINT('Origin',(41.1189455252459,54.7999999999995,45.3654019543771));
#3830=CARTESIAN_POINT('',(41.1189455252459,53.4999999999995,44.0654019543771));
#3831=CARTESIAN_POINT('',(41.1189455252459,54.7999999999995,45.3654019543771));
#3832=CARTESIAN_POINT('',(41.1189455252459,53.4999999999995,44.0654019543771));
#3833=CARTESIAN_POINT('',(39.6189455252459,53.4999999999995,44.0654019543771));
#3834=CARTESIAN_POINT('',(28.5189456032081,53.4999999999997,44.0654019543773));
#3835=CARTESIAN_POINT('',(39.6189455252459,54.7999999999995,45.3654019543771));
#3836=CARTESIAN_POINT('',(39.6189455252459,53.4999999999995,44.0654019543771));
#3837=CARTESIAN_POINT('',(41.1189455252459,54.7999999999995,45.3654019543771));
#3838=CARTESIAN_POINT('Origin',(41.1189455252459,54.1499999999995,45.2154019543771));
#3839=CARTESIAN_POINT('',(41.1189455252459,54.7999999999995,45.3654019543771));
#3840=CARTESIAN_POINT('',(41.1189455252458,53.4999999999997,38.6404019543771));
#3841=CARTESIAN_POINT('Origin',(39.6189455252459,54.1499999999995,45.2154019543771));
#3842=CARTESIAN_POINT('',(39.6189455252459,54.7999999999995,45.3654019543771));
#3843=CARTESIAN_POINT('',(39.6189455252458,53.4999999999997,38.6404019543771));
#3844=CARTESIAN_POINT('Origin',(24.8189455252459,54.7999999999994,45.3654019543771));
#3845=CARTESIAN_POINT('',(24.8189455252459,53.4999999999994,44.0654019543771));
#3846=CARTESIAN_POINT('',(24.8189455252459,54.7999999999994,45.3654019543771));
#3847=CARTESIAN_POINT('',(24.8189455252459,53.4999999999994,44.0654019543771));
#3848=CARTESIAN_POINT('',(23.3189455252459,53.4999999999994,44.0654019543771));
#3849=CARTESIAN_POINT('',(20.3689456032081,53.4999999999997,44.0654019543774));
#3850=CARTESIAN_POINT('',(23.3189455252459,54.7999999999995,45.3654019543771));
#3851=CARTESIAN_POINT('',(23.3189455252459,53.4999999999994,44.0654019543771));
#3852=CARTESIAN_POINT('',(24.8189455252459,54.7999999999994,45.3654019543771));
#3853=CARTESIAN_POINT('Origin',(24.8189455252459,54.1499999999994,45.2154019543771));
#3854=CARTESIAN_POINT('',(24.8189455252459,54.7999999999994,45.3654019543771));
#3855=CARTESIAN_POINT('',(24.8189455252458,53.4999999999997,38.6404019543771));
#3856=CARTESIAN_POINT('Origin',(23.3189455252459,54.1499999999994,45.2154019543771));
#3857=CARTESIAN_POINT('',(23.3189455252459,54.7999999999995,45.3654019543771));
#3858=CARTESIAN_POINT('',(23.3189455252458,53.4999999999997,38.6404019543771));
#3859=CARTESIAN_POINT('Origin',(7.01894552524529,53.4999999999996,44.0654019543771));
#3860=CARTESIAN_POINT('',(7.01894552524528,54.7999999999996,45.3654019543771));
#3861=CARTESIAN_POINT('',(7.01894552524529,53.4999999999996,44.0654019543771));
#3862=CARTESIAN_POINT('',(7.01894552524528,54.7999999999996,45.3654019543771));
#3863=CARTESIAN_POINT('',(8.51894552524528,54.7999999999996,45.3654019543771));
#3864=CARTESIAN_POINT('',(7.01894552524528,54.7999999999996,45.3654019543771));
#3865=CARTESIAN_POINT('',(8.51894552524529,53.4999999999996,44.0654019543771));
#3866=CARTESIAN_POINT('',(8.51894552524528,54.7999999999996,45.3654019543771));
#3867=CARTESIAN_POINT('',(11.4689456032079,53.4999999999997,44.0654019543773));
#3868=CARTESIAN_POINT('Origin',(7.01894552524528,54.1499999999995,45.2154019543771));
#3869=CARTESIAN_POINT('',(7.01894552524528,54.7999999999996,46.3654019543771));
#3870=CARTESIAN_POINT('',(7.01894552524528,53.4999999999997,38.6404019543771));
#3871=CARTESIAN_POINT('Origin',(8.51894552524528,54.1499999999995,45.2154019543771));
#3872=CARTESIAN_POINT('',(8.51894552524528,53.4999999999997,38.6404019543771));
#3873=CARTESIAN_POINT('',(8.51894552524528,54.7999999999996,46.3654019543771));
#3874=CARTESIAN_POINT('Origin',(-9.28105447475472,53.4999999999995,44.0654019543771));
#3875=CARTESIAN_POINT('',(-9.28105447475473,54.7999999999995,45.3654019543771));
#3876=CARTESIAN_POINT('',(-9.28105447475472,53.4999999999995,44.0654019543771));
#3877=CARTESIAN_POINT('',(-9.28105447475473,54.7999999999995,45.3654019543771));
#3878=CARTESIAN_POINT('',(-7.78105447475473,54.7999999999995,45.3654019543771));
#3879=CARTESIAN_POINT('',(-9.28105447475473,54.7999999999995,45.3654019543771));
#3880=CARTESIAN_POINT('',(-7.78105447475472,53.4999999999995,44.0654019543771));
#3881=CARTESIAN_POINT('',(-7.78105447475473,54.7999999999995,45.3654019543771));
#3882=CARTESIAN_POINT('',(3.31894560320786,53.4999999999997,44.0654019543773));
#3883=CARTESIAN_POINT('Origin',(-9.28105447475472,54.1499999999995,45.2154019543771));
#3884=CARTESIAN_POINT('',(-9.28105447475473,54.7999999999995,46.3654019543771));
#3885=CARTESIAN_POINT('',(-9.28105447475472,53.4999999999996,38.6404019543771));
#3886=CARTESIAN_POINT('Origin',(-7.78105447475473,54.1499999999995,45.2154019543771));
#3887=CARTESIAN_POINT('',(-7.78105447475473,53.4999999999996,38.6404019543771));
#3888=CARTESIAN_POINT('',(-7.78105447475473,54.7999999999995,46.3654019543771));
#3889=CARTESIAN_POINT('Origin',(15.9189456811704,54.7999999999996,32.0654019543771));
#3890=CARTESIAN_POINT('',(47.9189456811704,54.7999999999998,48.8154019543771));
#3891=CARTESIAN_POINT('',(50.9189456811704,54.7999999999998,45.8154019543771));
#3892=CARTESIAN_POINT('Origin',(47.9189456811704,54.7999999999998,45.8154019543772));
#3893=CARTESIAN_POINT('',(50.9189456811704,54.7999999999996,18.3154019543771));
#3894=CARTESIAN_POINT('',(50.9189456811704,54.7999999999998,45.8154019543771));
#3895=CARTESIAN_POINT('',(47.9189456811704,54.7999999999996,15.3154019543771));
#3896=CARTESIAN_POINT('Origin',(47.9189456811704,54.7999999999996,18.3154019543771));
#3897=CARTESIAN_POINT('',(-16.0810543188296,54.7999999999995,15.3154019543771));
#3898=CARTESIAN_POINT('',(47.9189456811704,54.7999999999996,15.3154019543771));
#3899=CARTESIAN_POINT('',(-19.0810543188296,54.7999999999995,18.3154019543771));
#3900=CARTESIAN_POINT('Origin',(-16.0810543188296,54.7999999999995,18.3154019543771));
#3901=CARTESIAN_POINT('',(-19.0810543188296,54.7999999999997,45.8154019543771));
#3902=CARTESIAN_POINT('',(-19.0810543188296,54.7999999999995,18.3154019543771));
#3903=CARTESIAN_POINT('',(-16.0810543188296,54.7999999999997,48.8154019543771));
#3904=CARTESIAN_POINT('Origin',(-16.0810543188296,54.7999999999997,45.8154019543771));
#3905=CARTESIAN_POINT('',(-14.8310543188296,54.7999999999997,48.8154019543771));
#3906=CARTESIAN_POINT('',(-14.8310543188296,54.7999999999997,48.8154019543771));
#3907=CARTESIAN_POINT('',(-13.5810543188296,54.7999999999997,47.5654019543771));
#3908=CARTESIAN_POINT('',(-13.5810543188296,54.7999999999997,47.5654019543771));
#3909=CARTESIAN_POINT('',(45.4189456811704,54.7999999999998,47.5654019543771));
#3910=CARTESIAN_POINT('',(45.4189456811704,54.7999999999998,47.5654019543771));
#3911=CARTESIAN_POINT('',(46.6689456811705,54.7999999999998,48.8154019543771));
#3912=CARTESIAN_POINT('',(46.6689456811705,54.7999999999998,48.8154019543771));
#3913=CARTESIAN_POINT('',(47.9189456811704,54.7999999999998,48.8154019543771));
#3914=CARTESIAN_POINT('',(-16.8810543188296,54.7999999999995,25.0154019543771));
#3915=CARTESIAN_POINT('',(-17.8810543188296,54.7999999999995,25.0154019543771));
#3916=CARTESIAN_POINT('',(-16.8810543188296,54.7999999999995,23.5154019543771));
#3917=CARTESIAN_POINT('',(-16.8810543188296,54.7999999999995,23.5154019543771));
#3918=CARTESIAN_POINT('',(-17.8810543188296,54.7999999999995,23.5154019543771));
#3919=CARTESIAN_POINT('',(7.01894552524529,54.7999999999991,17.5154019543771));
#3920=CARTESIAN_POINT('',(7.01894552524529,54.7999999999991,17.5154019543771));
#3921=CARTESIAN_POINT('',(8.5189455252453,54.7999999999992,17.5154019543771));
#3922=CARTESIAN_POINT('',(7.9189455252453,54.7999999999992,17.5154019543771));
#3923=CARTESIAN_POINT('',(8.5189455252453,54.7999999999992,17.5154019543771));
#3924=CARTESIAN_POINT('',(23.3189455252459,54.7999999999993,17.5154019543771));
#3925=CARTESIAN_POINT('',(23.3189455252459,54.7999999999993,16.5154019543771));
#3926=CARTESIAN_POINT('',(24.8189455252459,54.7999999999993,17.5154019543771));
#3927=CARTESIAN_POINT('',(23.9189455252459,54.7999999999993,17.5154019543771));
#3928=CARTESIAN_POINT('',(24.8189455252459,54.7999999999993,16.5154019543771));
#3929=CARTESIAN_POINT('',(-16.8810543188296,54.7999999999995,41.3154019543771));
#3930=CARTESIAN_POINT('',(-17.8810543188296,54.7999999999995,41.3154019543771));
#3931=CARTESIAN_POINT('',(-16.8810543188296,54.7999999999995,39.8154019543771));
#3932=CARTESIAN_POINT('',(-16.8810543188296,54.7999999999995,39.8154019543771));
#3933=CARTESIAN_POINT('',(-17.8810543188296,54.7999999999995,39.8154019543771));
#3934=CARTESIAN_POINT('Origin',(-15.5810543188296,53.4999999999995,39.8154019543771));
#3935=CARTESIAN_POINT('',(-15.5810543188296,53.4999999999995,39.8154019543771));
#3936=CARTESIAN_POINT('',(-16.8810543188296,54.7999999999995,39.8154019543771));
#3937=CARTESIAN_POINT('',(-15.5810543188296,53.4999999999995,41.3154019543771));
#3938=CARTESIAN_POINT('',(-16.8810543188296,54.7999999999995,41.3154019543771));
#3939=CARTESIAN_POINT('',(-15.5810543188296,53.4999999999996,35.940401954377));
#3940=CARTESIAN_POINT('Origin',(-16.7310543188296,54.1499999999995,39.8154019543771));
#3941=CARTESIAN_POINT('',(-0.406054318829574,53.4999999999997,39.8154019543771));
#3942=CARTESIAN_POINT('Origin',(-16.7310543188296,54.1499999999995,41.3154019543771));
#3943=CARTESIAN_POINT('',(-0.406054318829572,53.4999999999997,41.3154019543771));
#3944=CARTESIAN_POINT('Origin',(-15.5810543188296,53.4999999999995,23.5154019543771));
#3945=CARTESIAN_POINT('',(-15.5810543188296,53.4999999999995,23.5154019543771));
#3946=CARTESIAN_POINT('',(-16.8810543188296,54.7999999999995,23.5154019543771));
#3947=CARTESIAN_POINT('',(-15.5810543188296,53.4999999999995,25.0154019543771));
#3948=CARTESIAN_POINT('',(-16.8810543188296,54.7999999999995,25.0154019543771));
#3949=CARTESIAN_POINT('',(-15.5810543188296,53.4999999999995,27.790401954377));
#3950=CARTESIAN_POINT('Origin',(-16.7310543188296,54.1499999999995,23.5154019543771));
#3951=CARTESIAN_POINT('',(-0.406054318829576,53.4999999999995,23.5154019543771));
#3952=CARTESIAN_POINT('Origin',(-16.7310543188296,54.1499999999995,25.0154019543771));
#3953=CARTESIAN_POINT('',(-0.406054318829574,53.4999999999996,25.0154019543771));
#3954=CARTESIAN_POINT('Origin',(7.91894552524531,53.4999999999992,18.8154019543771));
#3955=CARTESIAN_POINT('',(8.51894552524531,53.4999999999992,18.8154019543771));
#3956=CARTESIAN_POINT('',(8.51894552524531,53.4999999999992,18.8154019543771));
#3957=CARTESIAN_POINT('',(7.01894552524531,53.4999999999991,18.8154019543771));
#3958=CARTESIAN_POINT('',(7.01894552524531,53.4999999999991,18.8154019543771));
#3959=CARTESIAN_POINT('',(11.9189456032079,53.4999999999995,18.8154019543768));
#3960=CARTESIAN_POINT('Origin',(7.0189455252453,54.1499999999991,17.6654019543771));
#3961=CARTESIAN_POINT('',(7.01894552524532,53.4999999999996,24.8654019543771));
#3962=CARTESIAN_POINT('Origin',(8.5189455252453,54.1499999999991,17.6654019543771));
#3963=CARTESIAN_POINT('',(8.51894552524531,53.4999999999996,24.8654019543771));
#3964=CARTESIAN_POINT('Origin',(23.9189455252459,54.7999999999993,17.5154019543771));
#3965=CARTESIAN_POINT('',(23.3189455252459,53.4999999999993,18.8154019543771));
#3966=CARTESIAN_POINT('',(23.3189455252459,54.7999999999993,17.5154019543771));
#3967=CARTESIAN_POINT('',(24.8189455252459,53.4999999999993,18.8154019543771));
#3968=CARTESIAN_POINT('',(19.9189456032081,53.4999999999995,18.8154019543769));
#3969=CARTESIAN_POINT('',(24.8189455252459,54.7999999999993,17.5154019543771));
#3970=CARTESIAN_POINT('Origin',(24.8189455252459,54.1499999999993,17.6654019543771));
#3971=CARTESIAN_POINT('',(24.8189455252459,53.4999999999996,24.8654019543771));
#3972=CARTESIAN_POINT('Origin',(23.3189455252459,54.1499999999993,17.6654019543771));
#3973=CARTESIAN_POINT('',(23.3189455252459,53.4999999999996,24.8654019543771));
#3974=CARTESIAN_POINT('Origin',(15.9189456811704,47.4999999999996,31.5654019543772));
#3975=CARTESIAN_POINT('',(46.6689456811704,47.4999999999998,48.8154019543772));
#3976=CARTESIAN_POINT('',(45.4189456811704,47.4999999999998,47.5654019543772));
#3977=CARTESIAN_POINT('',(46.6689456811704,47.4999999999998,48.8154019543772));
#3978=CARTESIAN_POINT('',(-13.5810543188296,47.4999999999997,47.5654019543772));
#3979=CARTESIAN_POINT('',(45.4189456811704,47.4999999999998,47.5654019543772));
#3980=CARTESIAN_POINT('',(-14.8310543188296,47.4999999999997,48.8154019543772));
#3981=CARTESIAN_POINT('',(-13.5810543188296,47.4999999999997,47.5654019543772));
#3982=CARTESIAN_POINT('',(-16.0810543188296,47.4999999999997,48.8154019543772));
#3983=CARTESIAN_POINT('',(-14.8310543188296,47.4999999999997,48.8154019543772));
#3984=CARTESIAN_POINT('',(-19.0810543188296,47.4999999999997,45.8154019543771));
#3985=CARTESIAN_POINT('Origin',(-16.0810543188296,47.4999999999997,45.8154019543771));
#3986=CARTESIAN_POINT('',(-19.0810543188296,47.4999999999995,18.3154019543771));
#3987=CARTESIAN_POINT('',(-19.0810543188296,47.4999999999995,17.8154019543771));
#3988=CARTESIAN_POINT('',(-16.0810543188296,47.4999999999995,15.3154019543772));
#3989=CARTESIAN_POINT('Origin',(-16.0810543188296,47.4999999999995,18.3154019543772));
#3990=CARTESIAN_POINT('',(47.9189456811704,47.4999999999996,15.3154019543772));
#3991=CARTESIAN_POINT('',(47.9189456811704,47.4999999999996,15.3154019543772));
#3992=CARTESIAN_POINT('',(50.9189456811704,47.4999999999996,18.3154019543772));
#3993=CARTESIAN_POINT('Origin',(47.9189456811704,47.4999999999996,18.3154019543772));
#3994=CARTESIAN_POINT('',(50.9189456811704,47.4999999999998,45.8154019543772));
#3995=CARTESIAN_POINT('',(50.9189456811704,47.4999999999998,45.3154019543772));
#3996=CARTESIAN_POINT('',(47.9189456811704,47.4999999999998,48.8154019543772));
#3997=CARTESIAN_POINT('Origin',(47.9189456811704,47.4999999999998,45.8154019543772));
#3998=CARTESIAN_POINT('',(47.9189456811704,47.4999999999998,48.8154019543772));
#3999=CARTESIAN_POINT('',(-8.83105431882957,47.4999999999996,37.0654019543772));
#4000=CARTESIAN_POINT('',(-8.33105431882958,47.4999999999996,37.5654019543772));
#4001=CARTESIAN_POINT('Origin',(-8.33105431882958,47.4999999999996,37.0654019543772));
#4002=CARTESIAN_POINT('',(40.1689456811704,47.4999999999997,37.5654019543772));
#4003=CARTESIAN_POINT('',(-8.33105431882958,47.4999999999996,37.5654019543772));
#4004=CARTESIAN_POINT('',(40.6689456811704,47.4999999999997,37.0654019543772));
#4005=CARTESIAN_POINT('Origin',(40.1689456811704,47.4999999999997,37.0654019543772));
#4006=CARTESIAN_POINT('',(40.6689456811704,47.4999999999996,24.5654019543772));
#4007=CARTESIAN_POINT('',(40.6689456811704,47.4999999999997,36.5654019543772));
#4008=CARTESIAN_POINT('',(40.1689456811704,47.4999999999996,24.0654019543772));
#4009=CARTESIAN_POINT('Origin',(40.1689456811704,47.4999999999996,24.5654019543772));
#4010=CARTESIAN_POINT('',(-8.33105431882958,47.4999999999995,24.0654019543772));
#4011=CARTESIAN_POINT('',(40.1689456811704,47.4999999999996,24.0654019543772));
#4012=CARTESIAN_POINT('',(-8.83105431882957,47.4999999999995,24.5654019543772));
#4013=CARTESIAN_POINT('Origin',(-8.33105431882958,47.4999999999995,24.5654019543772));
#4014=CARTESIAN_POINT('',(-8.83105431882957,47.4999999999995,24.0654019543772));
#4015=CARTESIAN_POINT('',(-14.4310543188296,47.4999999999997,43.0654019543772));
#4016=CARTESIAN_POINT('Origin',(-12.8310543188296,47.4999999999997,43.0654019543772));
#4017=CARTESIAN_POINT('',(43.0689456811704,47.4999999999998,43.0654019543772));
#4018=CARTESIAN_POINT('Origin',(44.6689456811704,47.4999999999998,43.0654019543772));
#4019=CARTESIAN_POINT('',(-15.6810543188296,47.4999999999995,20.5654019543772));
#4020=CARTESIAN_POINT('Origin',(-14.0810543188296,47.4999999999995,20.5654019543772));
#4021=CARTESIAN_POINT('',(44.3189456811704,47.4999999999996,20.5654019543772));
#4022=CARTESIAN_POINT('Origin',(45.9189456811704,47.4999999999996,20.5654019543772));
#4023=CARTESIAN_POINT('Origin',(-8.83105431882958,54.4999999999996,37.0654019543771));
#4024=CARTESIAN_POINT('',(-8.83105431882958,52.4999999999996,37.0654019543771));
#4025=CARTESIAN_POINT('',(-8.83105431882958,52.4999999999995,24.5654019543771));
#4026=CARTESIAN_POINT('',(-8.83105431882958,52.4999999999995,24.5654019543771));
#4027=CARTESIAN_POINT('',(-8.83105431882958,52.4999999999996,37.0654019543771));
#4028=CARTESIAN_POINT('',(-8.83105431882958,52.4999999999995,24.5654019543771));
#4029=CARTESIAN_POINT('Origin',(-8.33105431882959,54.4999999999995,24.5654019543771));
#4030=CARTESIAN_POINT('',(-8.33105431882959,52.4999999999995,24.0654019543771));
#4031=CARTESIAN_POINT('Origin',(-8.33105431882959,52.4999999999995,24.5654019543771));
#4032=CARTESIAN_POINT('',(-8.33105431882959,52.4999999999995,24.0654019543771));
#4033=CARTESIAN_POINT('Origin',(-8.33105431882959,54.4999999999995,24.0654019543771));
#4034=CARTESIAN_POINT('',(40.1689456811704,52.4999999999996,24.0654019543772));
#4035=CARTESIAN_POINT('',(40.1689456811704,52.4999999999996,24.0654019543772));
#4036=CARTESIAN_POINT('',(40.1689456811704,52.4999999999996,24.0654019543772));
#4037=CARTESIAN_POINT('Origin',(40.1689456811704,54.4999999999996,24.5654019543771));
#4038=CARTESIAN_POINT('',(40.6689456811704,52.4999999999996,24.5654019543772));
#4039=CARTESIAN_POINT('Origin',(40.1689456811704,52.4999999999996,24.5654019543772));
#4040=CARTESIAN_POINT('',(40.6689456811704,52.4999999999996,24.5654019543772));
#4041=CARTESIAN_POINT('Origin',(40.6689456811704,54.4999999999996,24.5654019543771));
#4042=CARTESIAN_POINT('',(40.6689456811704,52.4999999999997,37.0654019543772));
#4043=CARTESIAN_POINT('',(40.6689456811704,52.4999999999997,37.0654019543772));
#4044=CARTESIAN_POINT('',(40.6689456811704,52.4999999999997,37.0654019543772));
#4045=CARTESIAN_POINT('Origin',(40.1689456811704,54.4999999999997,37.0654019543771));
#4046=CARTESIAN_POINT('',(40.1689456811704,52.4999999999997,37.5654019543772));
#4047=CARTESIAN_POINT('Origin',(40.1689456811704,52.4999999999997,37.0654019543772));
#4048=CARTESIAN_POINT('',(40.1689456811704,52.4999999999997,37.5654019543772));
#4049=CARTESIAN_POINT('Origin',(40.1689456811704,54.4999999999997,37.5654019543771));
#4050=CARTESIAN_POINT('',(-8.33105431882959,52.4999999999996,37.5654019543771));
#4051=CARTESIAN_POINT('',(-8.33105431882959,52.4999999999996,37.5654019543771));
#4052=CARTESIAN_POINT('',(-8.33105431882959,52.4999999999996,37.5654019543771));
#4053=CARTESIAN_POINT('Origin',(-8.33105431882959,54.4999999999996,37.0654019543771));
#4054=CARTESIAN_POINT('Origin',(-8.33105431882959,52.4999999999996,37.0654019543771));
#4055=CARTESIAN_POINT('Origin',(50.9189456811704,53.4999999999998,48.8154019543772));
#4056=CARTESIAN_POINT('',(46.6689456811705,53.4999999999998,48.8154019543771));
#4057=CARTESIAN_POINT('',(47.9189456811704,52.4999999999998,48.8154019543772));
#4058=CARTESIAN_POINT('Origin',(-12.8310543188296,57.4999999999997,43.0654019543771));
#4059=CARTESIAN_POINT('',(-14.4310543188296,50.4999999999997,43.0654019543771));
#4060=CARTESIAN_POINT('Origin',(-12.8310543188296,50.4999999999997,43.0654019543771));
#4061=CARTESIAN_POINT('',(-14.4310543188296,57.4999999999997,43.0654019543771));
#4062=CARTESIAN_POINT('Origin',(44.6689456811704,57.4999999999998,43.0654019543771));
#4063=CARTESIAN_POINT('',(43.0689456811704,50.4999999999998,43.0654019543772));
#4064=CARTESIAN_POINT('Origin',(44.6689456811704,50.4999999999998,43.0654019543772));
#4065=CARTESIAN_POINT('',(43.0689456811704,57.4999999999998,43.0654019543771));
#4066=CARTESIAN_POINT('Origin',(-14.0810543188296,57.4999999999995,20.5654019543771));
#4067=CARTESIAN_POINT('',(-15.6810543188296,50.4999999999995,20.5654019543771));
#4068=CARTESIAN_POINT('Origin',(-14.0810543188296,50.4999999999995,20.5654019543771));
#4069=CARTESIAN_POINT('',(-15.6810543188296,57.4999999999995,20.5654019543771));
#4070=CARTESIAN_POINT('Origin',(45.9189456811704,57.4999999999996,20.5654019543771));
#4071=CARTESIAN_POINT('',(44.3189456811704,50.4999999999996,20.5654019543772));
#4072=CARTESIAN_POINT('Origin',(45.9189456811704,50.4999999999996,20.5654019543772));
#4073=CARTESIAN_POINT('',(44.3189456811704,57.4999999999996,20.5654019543771));
#4074=CARTESIAN_POINT('Origin',(-12.8310543188296,50.4999999999997,43.0654019543771));
#4075=CARTESIAN_POINT('',(-16.0810543188296,50.4999999999997,43.0654019543771));
#4076=CARTESIAN_POINT('Origin',(-12.8310543188296,50.4999999999997,43.0654019543771));
#4077=CARTESIAN_POINT('',(-16.0810543188296,53.4999999999997,43.0654019543771));
#4078=CARTESIAN_POINT('',(-16.0810543188296,50.4999999999997,43.0654019543771));
#4079=CARTESIAN_POINT('Origin',(-12.8310543188296,53.4999999999997,43.0654019543771));
#4080=CARTESIAN_POINT('Origin',(-14.0810543188296,50.4999999999995,20.5654019543771));
#4081=CARTESIAN_POINT('',(-10.8310543188296,50.4999999999995,20.5654019543771));
#4082=CARTESIAN_POINT('Origin',(-14.0810543188296,50.4999999999995,20.5654019543771));
#4083=CARTESIAN_POINT('',(-10.8310543188296,53.4999999999995,20.5654019543771));
#4084=CARTESIAN_POINT('',(-10.8310543188296,50.4999999999995,20.5654019543771));
#4085=CARTESIAN_POINT('Origin',(-14.0810543188296,53.4999999999995,20.5654019543771));
#4086=CARTESIAN_POINT('Origin',(45.9189456811704,50.4999999999996,20.5654019543772));
#4087=CARTESIAN_POINT('',(49.1689456811704,50.4999999999996,20.5654019543772));
#4088=CARTESIAN_POINT('Origin',(45.9189456811704,50.4999999999996,20.5654019543772));
#4089=CARTESIAN_POINT('',(49.1689456811704,53.4999999999996,20.5654019543771));
#4090=CARTESIAN_POINT('',(49.1689456811704,50.4999999999996,20.5654019543772));
#4091=CARTESIAN_POINT('Origin',(45.9189456811704,53.4999999999996,20.5654019543771));
#4092=CARTESIAN_POINT('Origin',(44.6689456811704,50.4999999999998,43.0654019543772));
#4093=CARTESIAN_POINT('',(41.4189456811704,50.4999999999998,43.0654019543772));
#4094=CARTESIAN_POINT('Origin',(44.6689456811704,50.4999999999998,43.0654019543772));
#4095=CARTESIAN_POINT('',(41.4189456811704,53.4999999999997,43.0654019543772));
#4096=CARTESIAN_POINT('',(41.4189456811704,50.4999999999998,43.0654019543772));
#4097=CARTESIAN_POINT('Origin',(44.6689456811704,53.4999999999998,43.0654019543771));
#4098=CARTESIAN_POINT('Origin',(15.9189456811704,50.4999999999996,32.0654019543772));
#4099=CARTESIAN_POINT('Origin',(15.9189456811704,50.4999999999996,32.0654019543772));
#4100=CARTESIAN_POINT('Origin',(15.9189456811704,50.4999999999996,32.0654019543772));
#4101=CARTESIAN_POINT('Origin',(15.9189456811704,50.4999999999996,32.0654019543772));
#4102=CARTESIAN_POINT('Origin',(-12.3310543188296,52.4999999999996,38.5654019543771));
#4103=CARTESIAN_POINT('',(40.1689456811704,53.4999999999997,38.5654019543771));
#4104=CARTESIAN_POINT('',(-8.33105431882959,53.4999999999996,38.5654019543771));
#4105=CARTESIAN_POINT('',(-8.33105431882959,53.4999999999996,38.5654019543771));
#4106=CARTESIAN_POINT('Origin',(40.1689456811704,52.4999999999997,38.5654019543772));
#4107=CARTESIAN_POINT('Origin',(-8.33105431882959,52.4999999999996,38.5654019543771));
#4108=CARTESIAN_POINT('Origin',(-8.33105431882959,52.4999999999996,37.0654019543771));
#4109=CARTESIAN_POINT('',(-9.8310543188296,53.4999999999996,37.0654019543771));
#4110=CARTESIAN_POINT('Origin',(-8.33105431882959,53.4999999999996,37.0654019543771));
#4111=CARTESIAN_POINT('Origin',(-9.8310543188296,52.4999999999996,37.0654019543771));
#4112=CARTESIAN_POINT('Origin',(-9.8310543188296,52.4999999999995,20.5654019543771));
#4113=CARTESIAN_POINT('',(-9.8310543188296,53.4999999999995,24.5654019543771));
#4114=CARTESIAN_POINT('',(-9.8310543188296,53.4999999999995,24.5654019543771));
#4115=CARTESIAN_POINT('Origin',(-9.8310543188296,52.4999999999995,24.5654019543771));
#4116=CARTESIAN_POINT('Origin',(-8.33105431882959,52.4999999999995,24.5654019543771));
#4117=CARTESIAN_POINT('',(-8.33105431882959,53.4999999999995,23.0654019543771));
#4118=CARTESIAN_POINT('Origin',(-8.33105431882959,53.4999999999995,24.5654019543771));
#4119=CARTESIAN_POINT('Origin',(-8.33105431882959,52.4999999999995,23.0654019543771));
#4120=CARTESIAN_POINT('Origin',(44.1689456811704,52.4999999999996,23.0654019543772));
#4121=CARTESIAN_POINT('',(40.1689456811704,53.4999999999996,23.0654019543771));
#4122=CARTESIAN_POINT('',(40.1689456811704,53.4999999999996,23.0654019543771));
#4123=CARTESIAN_POINT('Origin',(40.1689456811704,52.4999999999996,23.0654019543772));
#4124=CARTESIAN_POINT('Origin',(40.1689456811704,52.4999999999996,24.5654019543772));
#4125=CARTESIAN_POINT('',(41.6689456811704,53.4999999999996,24.5654019543771));
#4126=CARTESIAN_POINT('Origin',(40.1689456811704,53.4999999999996,24.5654019543771));
#4127=CARTESIAN_POINT('Origin',(41.6689456811704,52.4999999999996,24.5654019543772));
#4128=CARTESIAN_POINT('Origin',(41.6689456811704,52.4999999999997,41.0654019543772));
#4129=CARTESIAN_POINT('',(41.6689456811704,53.4999999999997,37.0654019543771));
#4130=CARTESIAN_POINT('',(41.6689456811704,53.4999999999997,37.0654019543771));
#4131=CARTESIAN_POINT('Origin',(41.6689456811704,52.4999999999997,37.0654019543772));
#4132=CARTESIAN_POINT('Origin',(40.1689456811704,52.4999999999997,37.0654019543772));
#4133=CARTESIAN_POINT('Origin',(40.1689456811704,53.4999999999997,37.0654019543771));
#4134=CARTESIAN_POINT('Origin',(15.9189456811704,53.4999999999996,32.0654019543771));
#4135=CARTESIAN_POINT('Origin',(47.9189456811704,54.4999999999998,45.8154019543771));
#4136=CARTESIAN_POINT('',(50.9189456811704,52.4999999999998,45.8154019543772));
#4137=CARTESIAN_POINT('Origin',(50.9189456811704,53.4999999999998,48.8154019543772));
#4138=CARTESIAN_POINT('',(50.9189456811704,52.4999999999996,18.3154019543772));
#4139=CARTESIAN_POINT('Origin',(47.9189456811704,54.4999999999996,18.3154019543771));
#4140=CARTESIAN_POINT('',(47.9189456811704,52.4999999999996,15.3154019543772));
#4141=CARTESIAN_POINT('Origin',(50.9189456811704,53.4999999999996,15.3154019543772));
#4142=CARTESIAN_POINT('',(-16.0810543188296,52.4999999999994,15.3154019543771));
#4143=CARTESIAN_POINT('Origin',(-16.0810543188296,54.4999999999995,18.3154019543771));
#4144=CARTESIAN_POINT('',(-19.0810543188296,52.4999999999995,18.3154019543771));
#4145=CARTESIAN_POINT('Origin',(-19.0810543188296,53.4999999999997,48.8154019543771));
#4146=CARTESIAN_POINT('',(-19.0810543188296,52.4999999999997,45.8154019543771));
#4147=CARTESIAN_POINT('Origin',(-16.0810543188296,54.4999999999997,45.8154019543771));
#4148=CARTESIAN_POINT('',(-16.0810543188296,52.4999999999997,48.8154019543771));
#4149=CARTESIAN_POINT('Origin',(50.9189456811704,53.4999999999998,48.8154019543772));
#4150=CARTESIAN_POINT('',(-14.8310543188296,47.4999999999997,48.8154019543772));
#4151=CARTESIAN_POINT('Origin',(-13.5810543188296,54.4999999999997,47.5654019543771));
#4152=CARTESIAN_POINT('',(-13.5810543188296,52.4999999999997,47.5654019543771));
#4153=CARTESIAN_POINT('Origin',(44.6689456811704,47.4999999999998,47.5654019543772));
#4154=CARTESIAN_POINT('',(45.4189456811704,52.4999999999998,47.5654019543772));
#4155=CARTESIAN_POINT('Origin',(46.6689456811704,54.4999999999998,48.8154019543771));
#4156=UNCERTAINTY_MEASURE_WITH_UNIT(LENGTH_MEASURE(0.01),#4160,
'DISTANCE_ACCURACY_VALUE',
'Maximum model space distance between geometric entities at asserted c
onnectivities');
#4157=UNCERTAINTY_MEASURE_WITH_UNIT(LENGTH_MEASURE(0.01),#4160,
'DISTANCE_ACCURACY_VALUE',
'Maximum model space distance between geometric entities at asserted c
onnectivities');
#4158=(
GEOMETRIC_REPRESENTATION_CONTEXT(3)
GLOBAL_UNCERTAINTY_ASSIGNED_CONTEXT((#4156))
GLOBAL_UNIT_ASSIGNED_CONTEXT((#4160,#4161,#4162))
REPRESENTATION_CONTEXT('','3D')
);
#4159=(
GEOMETRIC_REPRESENTATION_CONTEXT(3)
GLOBAL_UNCERTAINTY_ASSIGNED_CONTEXT((#4157))
GLOBAL_UNIT_ASSIGNED_CONTEXT((#4160,#4161,#4162))
REPRESENTATION_CONTEXT('','3D')
);
#4160=(
LENGTH_UNIT()
NAMED_UNIT(*)
SI_UNIT(.MILLI.,.METRE.)
);
#4161=(
NAMED_UNIT(*)
PLANE_ANGLE_UNIT()
SI_UNIT($,.RADIAN.)
);
#4162=(
NAMED_UNIT(*)
SI_UNIT($,.STERADIAN.)
SOLID_ANGLE_UNIT()
);
#4163=SHAPE_DEFINITION_REPRESENTATION(#4164,#4165);
#4164=PRODUCT_DEFINITION_SHAPE('',$,#4167);
#4165=SHAPE_REPRESENTATION('',(#2544),#4158);
#4166=PRODUCT_DEFINITION_CONTEXT('part definition',#4171,'design');
#4167=PRODUCT_DEFINITION('bracketC45','bracketC45 v33',#4168,#4166);
#4168=PRODUCT_DEFINITION_FORMATION('',$,#4173);
#4169=PRODUCT_RELATED_PRODUCT_CATEGORY('bracketC45 v33',
'bracketC45 v33',(#4173));
#4170=APPLICATION_PROTOCOL_DEFINITION('international standard',
'automotive_design',2009,#4171);
#4171=APPLICATION_CONTEXT(
'Core Data for Automotive Mechanical Design Process');
#4172=PRODUCT_CONTEXT('part definition',#4171,'mechanical');
#4173=PRODUCT('bracketC45','bracketC45 v33',$,(#4172));
#4174=PRESENTATION_STYLE_ASSIGNMENT((#4180));
#4175=PRESENTATION_STYLE_ASSIGNMENT((#4181));
#4176=PRESENTATION_STYLE_ASSIGNMENT((#4182));
#4177=PRESENTATION_STYLE_ASSIGNMENT((#4183));
#4178=PRESENTATION_STYLE_ASSIGNMENT((#4184));
#4179=PRESENTATION_STYLE_ASSIGNMENT((#4185));
#4180=SURFACE_STYLE_USAGE(.BOTH.,#4186);
#4181=SURFACE_STYLE_USAGE(.BOTH.,#4187);
#4182=SURFACE_STYLE_USAGE(.BOTH.,#4188);
#4183=SURFACE_STYLE_USAGE(.BOTH.,#4189);
#4184=SURFACE_STYLE_USAGE(.BOTH.,#4190);
#4185=SURFACE_STYLE_USAGE(.BOTH.,#4191);
#4186=SURFACE_SIDE_STYLE('',(#4192));
#4187=SURFACE_SIDE_STYLE('',(#4193));
#4188=SURFACE_SIDE_STYLE('',(#4194));
#4189=SURFACE_SIDE_STYLE('',(#4195));
#4190=SURFACE_SIDE_STYLE('',(#4196));
#4191=SURFACE_SIDE_STYLE('',(#4197));
#4192=SURFACE_STYLE_FILL_AREA(#4198);
#4193=SURFACE_STYLE_FILL_AREA(#4199);
#4194=SURFACE_STYLE_FILL_AREA(#4200);
#4195=SURFACE_STYLE_FILL_AREA(#4201);
#4196=SURFACE_STYLE_FILL_AREA(#4202);
#4197=SURFACE_STYLE_FILL_AREA(#4203);
#4198=FILL_AREA_STYLE('Steel - Satin',(#4204));
#4199=FILL_AREA_STYLE('Plastic - Translucent Matte (Blue)',(#4205));
#4200=FILL_AREA_STYLE('Opaque(202,209,238)',(#4206));
#4201=FILL_AREA_STYLE('Opaque(144,144,144)',(#4207));
#4202=FILL_AREA_STYLE('Opaque(192,192,192)',(#4208));
#4203=FILL_AREA_STYLE('Opaque(151,158,166)',(#4209));
#4204=FILL_AREA_STYLE_COLOUR('Steel - Satin',#4210);
#4205=FILL_AREA_STYLE_COLOUR('Plastic - Translucent Matte (Blue)',#4211);
#4206=FILL_AREA_STYLE_COLOUR('Opaque(202,209,238)',#4212);
#4207=FILL_AREA_STYLE_COLOUR('Opaque(144,144,144)',#4213);
#4208=FILL_AREA_STYLE_COLOUR('Opaque(192,192,192)',#4214);
#4209=FILL_AREA_STYLE_COLOUR('Opaque(151,158,166)',#4215);
#4210=COLOUR_RGB('Steel - Satin',0.627450980392157,0.627450980392157,0.627450980392157);
#4211=COLOUR_RGB('Plastic - Translucent Matte (Blue)',0.,0.117647058823529,
1.);
#4212=COLOUR_RGB('Opaque(202,209,238)',0.792156862745098,0.819607843137255,
0.933333333333333);
#4213=COLOUR_RGB('Opaque(144,144,144)',0.564705882352941,0.564705882352941,
0.564705882352941);
#4214=COLOUR_RGB('Opaque(192,192,192)',0.752941176470588,0.752941176470588,
0.752941176470588);
#4215=COLOUR_RGB('Opaque(151,158,166)',0.592156862745098,0.619607843137255,
0.650980392156863);
ENDSEC;
END-ISO-10303-21;
