ISO-10303-21;
HEADER;
/* Generated by software containing ST-Developer
 * from STEP Tools, Inc. (www.steptools.com) 
 */

FILE_DESCRIPTION(
/* description */ ('',
'CAx-IF Rec.Pracs.---Representation and Presentation of Product Manufa
cturing Information (PMI)---4.0---2014-10-13'),
/* implementation_level */ '2;1');

FILE_NAME(
/* name */ 'din_12.12.24.step',
/* time_stamp */ '2024-12-12T08:53:05+03:00',
/* author */ (''),
/* organization */ (''),
/* preprocessor_version */ 'ST-DEVELOPER v20',
/* originating_system */ 'Autodesk Translation Framework v13.20.0.188',

/* authorisation */ '');

FILE_SCHEMA (('AP242_MANAGED_MODEL_BASED_3D_ENGINEERING_MIM_LF { 1 0 10303 442 1 1 4 }'));
ENDSEC;

DATA;
#10=MECHANICAL_DESIGN_GEOMETRIC_PRESENTATION_REPRESENTATION('',(#13),#12076);
#11=SHAPE_REPRESENTATION_RELATIONSHIP('SRR','None',#12082,#12);
#12=ADVANCED_BREP_SHAPE_REPRESENTATION('',(#14),#12075);
#13=STYLED_ITEM('',(#12092),#14);
#14=MANIFOLD_SOLID_BREP('03 (3) (4) (1) (3) (3) (3)',#5692);
#15=(
BOUNDED_SURFACE()
B_SPLINE_SURFACE(2,2,((#10144,#10145,#10146),(#10147,#10148,#10149),(#10150,
#10151,#10152)),.UNSPECIFIED.,.F.,.F.,.F.)
B_SPLINE_SURFACE_WITH_KNOTS((3,3),(3,3),(-1.57079632679492,0.),(-3.14159265358979,
-1.5707963267949),.UNSPECIFIED.)
GEOMETRIC_REPRESENTATION_ITEM()
RATIONAL_B_SPLINE_SURFACE(((1.,0.707106781186548,1.),(0.707106781186554,
0.500000000000004,0.707106781186554),(1.,0.707106781186548,1.)))
REPRESENTATION_ITEM('')
SURFACE()
);
#16=(
BOUNDED_SURFACE()
B_SPLINE_SURFACE(2,2,((#10164,#10165,#10166),(#10167,#10168,#10169),(#10170,
#10171,#10172)),.UNSPECIFIED.,.F.,.F.,.F.)
B_SPLINE_SURFACE_WITH_KNOTS((3,3),(3,3),(-1.5707963267951,0.),(-1.5707963267949,
0.),.UNSPECIFIED.)
GEOMETRIC_REPRESENTATION_ITEM()
RATIONAL_B_SPLINE_SURFACE(((1.,0.707106781186548,1.),(0.707106781186491,
0.49999999999996,0.707106781186491),(1.,0.707106781186548,1.)))
REPRESENTATION_ITEM('')
SURFACE()
);
#17=(
BOUNDED_SURFACE()
B_SPLINE_SURFACE(2,2,((#10294,#10295,#10296),(#10297,#10298,#10299),(#10300,
#10301,#10302)),.UNSPECIFIED.,.F.,.F.,.F.)
B_SPLINE_SURFACE_WITH_KNOTS((3,3),(3,3),(-1.57079632679492,0.),(0.,1.5707963267949),
 .UNSPECIFIED.)
GEOMETRIC_REPRESENTATION_ITEM()
RATIONAL_B_SPLINE_SURFACE(((1.,0.707106781186548,1.),(0.707106781186554,
0.500000000000004,0.707106781186554),(1.,0.707106781186548,1.)))
REPRESENTATION_ITEM('')
SURFACE()
);
#18=(
BOUNDED_SURFACE()
B_SPLINE_SURFACE(2,2,((#10310,#10311,#10312),(#10313,#10314,#10315),(#10316,
#10317,#10318)),.UNSPECIFIED.,.F.,.F.,.F.)
B_SPLINE_SURFACE_WITH_KNOTS((3,3),(3,3),(-1.57079632679492,0.),(1.5707963267949,
3.14159265358979),.UNSPECIFIED.)
GEOMETRIC_REPRESENTATION_ITEM()
RATIONAL_B_SPLINE_SURFACE(((1.,0.707106781186548,1.),(0.707106781186554,
0.500000000000004,0.707106781186554),(1.,0.707106781186548,1.)))
REPRESENTATION_ITEM('')
SURFACE()
);
#19=(
BOUNDED_SURFACE()
B_SPLINE_SURFACE(2,2,((#10515,#10516,#10517),(#10518,#10519,#10520),(#10521,
#10522,#10523)),.UNSPECIFIED.,.F.,.F.,.F.)
B_SPLINE_SURFACE_WITH_KNOTS((3,3),(3,3),(-1.57079632679492,0.),(1.5707963267949,
3.14159265358979),.UNSPECIFIED.)
GEOMETRIC_REPRESENTATION_ITEM()
RATIONAL_B_SPLINE_SURFACE(((1.,0.707106781186548,1.),(0.707106781186554,
0.500000000000004,0.707106781186554),(1.,0.707106781186548,1.)))
REPRESENTATION_ITEM('')
SURFACE()
);
#20=(
BOUNDED_SURFACE()
B_SPLINE_SURFACE(2,2,((#10531,#10532,#10533),(#10534,#10535,#10536),(#10537,
#10538,#10539)),.UNSPECIFIED.,.F.,.F.,.F.)
B_SPLINE_SURFACE_WITH_KNOTS((3,3),(3,3),(-1.57079632679492,0.),(-3.14159265358979,
-1.5707963267949),.UNSPECIFIED.)
GEOMETRIC_REPRESENTATION_ITEM()
RATIONAL_B_SPLINE_SURFACE(((1.,0.707106781186548,1.),(0.707106781186554,
0.500000000000004,0.707106781186554),(1.,0.707106781186548,1.)))
REPRESENTATION_ITEM('')
SURFACE()
);
#21=(
BOUNDED_SURFACE()
B_SPLINE_SURFACE(2,2,((#10552,#10553,#10554),(#10555,#10556,#10557),(#10558,
#10559,#10560)),.UNSPECIFIED.,.F.,.F.,.F.)
B_SPLINE_SURFACE_WITH_KNOTS((3,3),(3,3),(-1.57079632679492,0.),(-1.5707963267949,
0.),.UNSPECIFIED.)
GEOMETRIC_REPRESENTATION_ITEM()
RATIONAL_B_SPLINE_SURFACE(((1.,0.707106781186548,1.),(0.707106781186554,
0.500000000000004,0.707106781186554),(1.,0.707106781186548,1.)))
REPRESENTATION_ITEM('')
SURFACE()
);
#22=(
BOUNDED_SURFACE()
B_SPLINE_SURFACE(2,2,((#10572,#10573,#10574),(#10575,#10576,#10577),(#10578,
#10579,#10580)),.UNSPECIFIED.,.F.,.F.,.F.)
B_SPLINE_SURFACE_WITH_KNOTS((3,3),(3,3),(-1.57079632679492,0.),(0.,1.5707963267949),
 .UNSPECIFIED.)
GEOMETRIC_REPRESENTATION_ITEM()
RATIONAL_B_SPLINE_SURFACE(((1.,0.707106781186548,1.),(0.707106781186554,
0.500000000000004,0.707106781186554),(1.,0.707106781186548,1.)))
REPRESENTATION_ITEM('')
SURFACE()
);
#23=(
BOUNDED_SURFACE()
B_SPLINE_SURFACE(2,2,((#10857,#10858,#10859),(#10860,#10861,#10862),(#10863,
#10864,#10865)),.UNSPECIFIED.,.F.,.F.,.F.)
B_SPLINE_SURFACE_WITH_KNOTS((3,3),(3,3),(-1.57079632679492,0.),(-3.14159265358979,
-1.5707963267949),.UNSPECIFIED.)
GEOMETRIC_REPRESENTATION_ITEM()
RATIONAL_B_SPLINE_SURFACE(((1.,0.707106781186548,1.),(0.707106781186554,
0.500000000000004,0.707106781186554),(1.,0.707106781186548,1.)))
REPRESENTATION_ITEM('')
SURFACE()
);
#24=(
BOUNDED_SURFACE()
B_SPLINE_SURFACE(2,2,((#10877,#10878,#10879),(#10880,#10881,#10882),(#10883,
#10884,#10885)),.UNSPECIFIED.,.F.,.F.,.F.)
B_SPLINE_SURFACE_WITH_KNOTS((3,3),(3,3),(-1.57079632679501,0.),(-1.5707963267949,
0.),.UNSPECIFIED.)
GEOMETRIC_REPRESENTATION_ITEM()
RATIONAL_B_SPLINE_SURFACE(((1.,0.707106781186548,1.),(0.707106781186522,
0.499999999999982,0.707106781186522),(1.,0.707106781186548,1.)))
REPRESENTATION_ITEM('')
SURFACE()
);
#25=(
BOUNDED_SURFACE()
B_SPLINE_SURFACE(2,2,((#11007,#11008,#11009),(#11010,#11011,#11012),(#11013,
#11014,#11015)),.UNSPECIFIED.,.F.,.F.,.F.)
B_SPLINE_SURFACE_WITH_KNOTS((3,3),(3,3),(-1.57079632679492,0.),(0.,1.5707963267949),
 .UNSPECIFIED.)
GEOMETRIC_REPRESENTATION_ITEM()
RATIONAL_B_SPLINE_SURFACE(((1.,0.707106781186548,1.),(0.707106781186554,
0.500000000000004,0.707106781186554),(1.,0.707106781186548,1.)))
REPRESENTATION_ITEM('')
SURFACE()
);
#26=(
BOUNDED_SURFACE()
B_SPLINE_SURFACE(2,2,((#11023,#11024,#11025),(#11026,#11027,#11028),(#11029,
#11030,#11031)),.UNSPECIFIED.,.F.,.F.,.F.)
B_SPLINE_SURFACE_WITH_KNOTS((3,3),(3,3),(-1.57079632679492,0.),(1.5707963267949,
3.14159265358979),.UNSPECIFIED.)
GEOMETRIC_REPRESENTATION_ITEM()
RATIONAL_B_SPLINE_SURFACE(((1.,0.707106781186548,1.),(0.707106781186554,
0.500000000000004,0.707106781186554),(1.,0.707106781186548,1.)))
REPRESENTATION_ITEM('')
SURFACE()
);
#27=(
BOUNDED_SURFACE()
B_SPLINE_SURFACE(2,2,((#11228,#11229,#11230),(#11231,#11232,#11233),(#11234,
#11235,#11236)),.UNSPECIFIED.,.F.,.F.,.F.)
B_SPLINE_SURFACE_WITH_KNOTS((3,3),(3,3),(-1.57079632679492,0.),(1.5707963267949,
3.14159265358979),.UNSPECIFIED.)
GEOMETRIC_REPRESENTATION_ITEM()
RATIONAL_B_SPLINE_SURFACE(((1.,0.707106781186548,1.),(0.707106781186554,
0.500000000000004,0.707106781186554),(1.,0.707106781186548,1.)))
REPRESENTATION_ITEM('')
SURFACE()
);
#28=(
BOUNDED_SURFACE()
B_SPLINE_SURFACE(2,2,((#11244,#11245,#11246),(#11247,#11248,#11249),(#11250,
#11251,#11252)),.UNSPECIFIED.,.F.,.F.,.F.)
B_SPLINE_SURFACE_WITH_KNOTS((3,3),(3,3),(-1.57079632679492,0.),(-3.14159265358979,
-1.5707963267949),.UNSPECIFIED.)
GEOMETRIC_REPRESENTATION_ITEM()
RATIONAL_B_SPLINE_SURFACE(((1.,0.707106781186548,1.),(0.707106781186554,
0.500000000000004,0.707106781186554),(1.,0.707106781186548,1.)))
REPRESENTATION_ITEM('')
SURFACE()
);
#29=(
BOUNDED_SURFACE()
B_SPLINE_SURFACE(2,2,((#11265,#11266,#11267),(#11268,#11269,#11270),(#11271,
#11272,#11273)),.UNSPECIFIED.,.F.,.F.,.F.)
B_SPLINE_SURFACE_WITH_KNOTS((3,3),(3,3),(-1.57079632679501,0.),(-1.5707963267949,
0.),.UNSPECIFIED.)
GEOMETRIC_REPRESENTATION_ITEM()
RATIONAL_B_SPLINE_SURFACE(((1.,0.707106781186548,1.),(0.707106781186522,
0.499999999999982,0.707106781186522),(1.,0.707106781186548,1.)))
REPRESENTATION_ITEM('')
SURFACE()
);
#30=(
BOUNDED_SURFACE()
B_SPLINE_SURFACE(2,2,((#11285,#11286,#11287),(#11288,#11289,#11290),(#11291,
#11292,#11293)),.UNSPECIFIED.,.F.,.F.,.F.)
B_SPLINE_SURFACE_WITH_KNOTS((3,3),(3,3),(-1.57079632679492,0.),(0.,1.5707963267949),
 .UNSPECIFIED.)
GEOMETRIC_REPRESENTATION_ITEM()
RATIONAL_B_SPLINE_SURFACE(((1.,0.707106781186548,1.),(0.707106781186554,
0.500000000000004,0.707106781186554),(1.,0.707106781186548,1.)))
REPRESENTATION_ITEM('')
SURFACE()
);
#31=FACE_BOUND('',#706,.T.);
#32=FACE_BOUND('',#793,.T.);
#33=FACE_BOUND('',#850,.T.);
#34=FACE_BOUND('',#851,.T.);
#35=FACE_BOUND('',#852,.T.);
#36=FACE_BOUND('',#853,.T.);
#37=FACE_BOUND('',#857,.T.);
#38=FACE_BOUND('',#858,.T.);
#39=FACE_BOUND('',#859,.T.);
#40=FACE_BOUND('',#860,.T.);
#41=PLANE('',#5792);
#42=PLANE('',#5795);
#43=PLANE('',#5800);
#44=PLANE('',#5805);
#45=PLANE('',#5806);
#46=PLANE('',#5828);
#47=PLANE('',#5830);
#48=PLANE('',#5850);
#49=PLANE('',#5853);
#50=PLANE('',#5855);
#51=PLANE('',#5886);
#52=PLANE('',#5888);
#53=PLANE('',#5889);
#54=PLANE('',#5892);
#55=PLANE('',#5893);
#56=PLANE('',#5964);
#57=PLANE('',#5967);
#58=PLANE('',#5972);
#59=PLANE('',#5977);
#60=PLANE('',#5978);
#61=PLANE('',#6000);
#62=PLANE('',#6002);
#63=PLANE('',#6022);
#64=PLANE('',#6025);
#65=PLANE('',#6027);
#66=PLANE('',#6058);
#67=PLANE('',#6060);
#68=PLANE('',#6061);
#69=PLANE('',#6062);
#70=PLANE('',#6065);
#71=PLANE('',#6066);
#72=PLANE('',#6067);
#73=PLANE('',#6071);
#74=PLANE('',#6072);
#75=PLANE('',#6120);
#76=PLANE('',#6121);
#77=PLANE('',#6166);
#78=PLANE('',#6167);
#79=PLANE('',#6168);
#80=PLANE('',#6169);
#81=PLANE('',#6170);
#82=PLANE('',#6171);
#83=PLANE('',#6172);
#84=PLANE('',#6173);
#85=PLANE('',#6175);
#86=PLANE('',#6179);
#87=PLANE('',#6180);
#88=PLANE('',#6181);
#89=PLANE('',#6182);
#90=PLANE('',#6183);
#91=PLANE('',#6184);
#92=PLANE('',#6186);
#93=PLANE('',#6187);
#94=PLANE('',#6189);
#95=PLANE('',#6190);
#96=PLANE('',#6194);
#97=PLANE('',#6195);
#98=PLANE('',#6197);
#99=PLANE('',#6198);
#100=PLANE('',#6200);
#101=PLANE('',#6201);
#102=PLANE('',#6202);
#103=PLANE('',#6203);
#104=PLANE('',#6204);
#105=PLANE('',#6205);
#106=PLANE('',#6208);
#107=PLANE('',#6209);
#108=PLANE('',#6210);
#109=PLANE('',#6212);
#110=PLANE('',#6214);
#111=PLANE('',#6215);
#112=PLANE('',#6217);
#113=PLANE('',#6219);
#114=PLANE('',#6222);
#115=PLANE('',#6224);
#116=PLANE('',#6225);
#117=PLANE('',#6227);
#118=PLANE('',#6229);
#119=PLANE('',#6232);
#120=PLANE('',#6234);
#121=PLANE('',#6236);
#122=PLANE('',#6238);
#123=PLANE('',#6240);
#124=PLANE('',#6242);
#125=PLANE('',#6244);
#126=PLANE('',#6246);
#127=PLANE('',#6248);
#128=PLANE('',#6250);
#129=PLANE('',#6251);
#130=PLANE('',#6253);
#131=PLANE('',#6254);
#132=PLANE('',#6257);
#133=PLANE('',#6259);
#134=PLANE('',#6261);
#135=PLANE('',#6262);
#136=PLANE('',#6264);
#137=PLANE('',#6266);
#138=PLANE('',#6267);
#139=PLANE('',#6268);
#140=PLANE('',#6271);
#141=PLANE('',#6272);
#142=PLANE('',#6273);
#143=PLANE('',#6274);
#144=PLANE('',#6275);
#145=PLANE('',#6276);
#146=PLANE('',#6278);
#147=PLANE('',#6280);
#148=PLANE('',#6281);
#149=PLANE('',#6282);
#150=PLANE('',#6283);
#151=PLANE('',#6284);
#152=PLANE('',#6285);
#153=PLANE('',#6286);
#154=SPHERICAL_SURFACE('',#5752,0.2);
#155=SPHERICAL_SURFACE('',#5769,0.2);
#156=SPHERICAL_SURFACE('',#5786,0.2);
#157=SPHERICAL_SURFACE('',#5788,0.2);
#158=SPHERICAL_SURFACE('',#5924,0.2);
#159=SPHERICAL_SURFACE('',#5941,0.2);
#160=SPHERICAL_SURFACE('',#5958,0.2);
#161=SPHERICAL_SURFACE('',#5960,0.2);
#162=TOROIDAL_SURFACE('',#5725,0.4,0.2);
#163=TOROIDAL_SURFACE('',#5731,0.4,0.2);
#164=TOROIDAL_SURFACE('',#5740,0.4,0.2);
#165=TOROIDAL_SURFACE('',#5746,0.4,0.2);
#166=TOROIDAL_SURFACE('',#5757,0.4,0.2);
#167=TOROIDAL_SURFACE('',#5763,0.4,0.2);
#168=TOROIDAL_SURFACE('',#5774,0.4,0.2);
#169=TOROIDAL_SURFACE('',#5780,0.4,0.2);
#170=TOROIDAL_SURFACE('',#5808,0.3,0.1);
#171=TOROIDAL_SURFACE('',#5823,0.3,0.1);
#172=TOROIDAL_SURFACE('',#5833,0.3,0.1);
#173=TOROIDAL_SURFACE('',#5847,0.3,0.1);
#174=TOROIDAL_SURFACE('',#5878,0.750000000000004,0.1);
#175=TOROIDAL_SURFACE('',#5882,0.750000000000004,0.1);
#176=TOROIDAL_SURFACE('',#5897,0.4,0.2);
#177=TOROIDAL_SURFACE('',#5903,0.4,0.2);
#178=TOROIDAL_SURFACE('',#5912,0.4,0.2);
#179=TOROIDAL_SURFACE('',#5918,0.4,0.2);
#180=TOROIDAL_SURFACE('',#5929,0.4,0.2);
#181=TOROIDAL_SURFACE('',#5935,0.4,0.2);
#182=TOROIDAL_SURFACE('',#5946,0.4,0.2);
#183=TOROIDAL_SURFACE('',#5952,0.4,0.2);
#184=TOROIDAL_SURFACE('',#5980,0.3,0.1);
#185=TOROIDAL_SURFACE('',#5995,0.3,0.1);
#186=TOROIDAL_SURFACE('',#6005,0.3,0.1);
#187=TOROIDAL_SURFACE('',#6019,0.3,0.1);
#188=TOROIDAL_SURFACE('',#6050,0.749999999999995,0.1);
#189=TOROIDAL_SURFACE('',#6054,0.749999999999995,0.1);
#190=CYLINDRICAL_SURFACE('',#5722,0.2);
#191=CYLINDRICAL_SURFACE('',#5729,0.2);
#192=CYLINDRICAL_SURFACE('',#5735,0.2);
#193=CYLINDRICAL_SURFACE('',#5737,0.2);
#194=CYLINDRICAL_SURFACE('',#5744,0.2);
#195=CYLINDRICAL_SURFACE('',#5750,0.2);
#196=CYLINDRICAL_SURFACE('',#5754,0.2);
#197=CYLINDRICAL_SURFACE('',#5761,0.2);
#198=CYLINDRICAL_SURFACE('',#5767,0.2);
#199=CYLINDRICAL_SURFACE('',#5771,0.2);
#200=CYLINDRICAL_SURFACE('',#5778,0.2);
#201=CYLINDRICAL_SURFACE('',#5784,0.2);
#202=CYLINDRICAL_SURFACE('',#5790,0.2);
#203=CYLINDRICAL_SURFACE('',#5793,0.2);
#204=CYLINDRICAL_SURFACE('',#5796,0.2);
#205=CYLINDRICAL_SURFACE('',#5798,0.2);
#206=CYLINDRICAL_SURFACE('',#5801,0.2);
#207=CYLINDRICAL_SURFACE('',#5803,0.2);
#208=CYLINDRICAL_SURFACE('',#5811,0.1);
#209=CYLINDRICAL_SURFACE('',#5816,0.1);
#210=CYLINDRICAL_SURFACE('',#5821,0.1);
#211=CYLINDRICAL_SURFACE('',#5827,0.2);
#212=CYLINDRICAL_SURFACE('',#5829,0.2);
#213=CYLINDRICAL_SURFACE('',#5831,0.2);
#214=CYLINDRICAL_SURFACE('',#5837,0.1);
#215=CYLINDRICAL_SURFACE('',#5841,0.1);
#216=CYLINDRICAL_SURFACE('',#5845,0.1);
#217=CYLINDRICAL_SURFACE('',#5851,0.2);
#218=CYLINDRICAL_SURFACE('',#5852,0.1);
#219=CYLINDRICAL_SURFACE('',#5854,0.1);
#220=CYLINDRICAL_SURFACE('',#5858,0.1);
#221=CYLINDRICAL_SURFACE('',#5862,0.1);
#222=CYLINDRICAL_SURFACE('',#5866,0.1);
#223=CYLINDRICAL_SURFACE('',#5867,0.1);
#224=CYLINDRICAL_SURFACE('',#5872,0.1);
#225=CYLINDRICAL_SURFACE('',#5877,0.1);
#226=CYLINDRICAL_SURFACE('',#5885,0.2);
#227=CYLINDRICAL_SURFACE('',#5887,0.2);
#228=CYLINDRICAL_SURFACE('',#5890,0.650000000000004);
#229=CYLINDRICAL_SURFACE('',#5894,0.2);
#230=CYLINDRICAL_SURFACE('',#5901,0.2);
#231=CYLINDRICAL_SURFACE('',#5907,0.2);
#232=CYLINDRICAL_SURFACE('',#5909,0.2);
#233=CYLINDRICAL_SURFACE('',#5916,0.2);
#234=CYLINDRICAL_SURFACE('',#5922,0.2);
#235=CYLINDRICAL_SURFACE('',#5926,0.2);
#236=CYLINDRICAL_SURFACE('',#5933,0.2);
#237=CYLINDRICAL_SURFACE('',#5939,0.2);
#238=CYLINDRICAL_SURFACE('',#5943,0.2);
#239=CYLINDRICAL_SURFACE('',#5950,0.2);
#240=CYLINDRICAL_SURFACE('',#5956,0.2);
#241=CYLINDRICAL_SURFACE('',#5962,0.2);
#242=CYLINDRICAL_SURFACE('',#5965,0.2);
#243=CYLINDRICAL_SURFACE('',#5968,0.2);
#244=CYLINDRICAL_SURFACE('',#5970,0.2);
#245=CYLINDRICAL_SURFACE('',#5973,0.2);
#246=CYLINDRICAL_SURFACE('',#5975,0.2);
#247=CYLINDRICAL_SURFACE('',#5983,0.1);
#248=CYLINDRICAL_SURFACE('',#5988,0.1);
#249=CYLINDRICAL_SURFACE('',#5993,0.1);
#250=CYLINDRICAL_SURFACE('',#5999,0.2);
#251=CYLINDRICAL_SURFACE('',#6001,0.2);
#252=CYLINDRICAL_SURFACE('',#6003,0.2);
#253=CYLINDRICAL_SURFACE('',#6009,0.1);
#254=CYLINDRICAL_SURFACE('',#6013,0.1);
#255=CYLINDRICAL_SURFACE('',#6017,0.1);
#256=CYLINDRICAL_SURFACE('',#6023,0.2);
#257=CYLINDRICAL_SURFACE('',#6024,0.1);
#258=CYLINDRICAL_SURFACE('',#6026,0.1);
#259=CYLINDRICAL_SURFACE('',#6030,0.1);
#260=CYLINDRICAL_SURFACE('',#6034,0.1);
#261=CYLINDRICAL_SURFACE('',#6038,0.1);
#262=CYLINDRICAL_SURFACE('',#6039,0.1);
#263=CYLINDRICAL_SURFACE('',#6044,0.1);
#264=CYLINDRICAL_SURFACE('',#6049,0.1);
#265=CYLINDRICAL_SURFACE('',#6057,0.2);
#266=CYLINDRICAL_SURFACE('',#6059,0.2);
#267=CYLINDRICAL_SURFACE('',#6063,0.649999999999995);
#268=CYLINDRICAL_SURFACE('',#6068,1.25);
#269=CYLINDRICAL_SURFACE('',#6118,1.25);
#270=CYLINDRICAL_SURFACE('',#6174,1.25);
#271=CYLINDRICAL_SURFACE('',#6176,1.25);
#272=CYLINDRICAL_SURFACE('',#6177,1.25);
#273=CYLINDRICAL_SURFACE('',#6178,1.25);
#274=CYLINDRICAL_SURFACE('',#6185,1.25);
#275=CYLINDRICAL_SURFACE('',#6188,1.25);
#276=CYLINDRICAL_SURFACE('',#6191,1.25);
#277=CYLINDRICAL_SURFACE('',#6192,1.25);
#278=CYLINDRICAL_SURFACE('',#6193,1.);
#279=CYLINDRICAL_SURFACE('',#6196,1.25);
#280=CYLINDRICAL_SURFACE('',#6199,1.25);
#281=CYLINDRICAL_SURFACE('',#6206,1.25);
#282=CYLINDRICAL_SURFACE('',#6207,1.25);
#283=CYLINDRICAL_SURFACE('',#6211,1.24999999999999);
#284=CYLINDRICAL_SURFACE('',#6213,1.25);
#285=CYLINDRICAL_SURFACE('',#6216,1.25);
#286=CYLINDRICAL_SURFACE('',#6218,1.24999999999999);
#287=CYLINDRICAL_SURFACE('',#6220,1.25);
#288=CYLINDRICAL_SURFACE('',#6221,1.25);
#289=CYLINDRICAL_SURFACE('',#6223,1.);
#290=CYLINDRICAL_SURFACE('',#6226,1.25);
#291=CYLINDRICAL_SURFACE('',#6228,1.25);
#292=CYLINDRICAL_SURFACE('',#6230,1.25);
#293=CYLINDRICAL_SURFACE('',#6231,1.25);
#294=CYLINDRICAL_SURFACE('',#6233,1.25);
#295=CYLINDRICAL_SURFACE('',#6235,1.25);
#296=CYLINDRICAL_SURFACE('',#6237,1.25);
#297=CYLINDRICAL_SURFACE('',#6239,1.25);
#298=CYLINDRICAL_SURFACE('',#6241,1.25);
#299=CYLINDRICAL_SURFACE('',#6243,1.25);
#300=CYLINDRICAL_SURFACE('',#6245,1.25);
#301=CYLINDRICAL_SURFACE('',#6247,1.25);
#302=CYLINDRICAL_SURFACE('',#6249,1.);
#303=CYLINDRICAL_SURFACE('',#6252,1.);
#304=CYLINDRICAL_SURFACE('',#6255,1.25);
#305=CYLINDRICAL_SURFACE('',#6256,1.25);
#306=CYLINDRICAL_SURFACE('',#6258,1.24999999999999);
#307=CYLINDRICAL_SURFACE('',#6260,1.25);
#308=CYLINDRICAL_SURFACE('',#6263,1.25);
#309=CYLINDRICAL_SURFACE('',#6265,1.24999999999999);
#310=CYLINDRICAL_SURFACE('',#6269,1.25);
#311=CYLINDRICAL_SURFACE('',#6270,1.25);
#312=CYLINDRICAL_SURFACE('',#6277,1.25);
#313=CYLINDRICAL_SURFACE('',#6279,1.25);
#314=FACE_OUTER_BOUND('',#643,.T.);
#315=FACE_OUTER_BOUND('',#644,.T.);
#316=FACE_OUTER_BOUND('',#645,.T.);
#317=FACE_OUTER_BOUND('',#646,.T.);
#318=FACE_OUTER_BOUND('',#647,.T.);
#319=FACE_OUTER_BOUND('',#648,.T.);
#320=FACE_OUTER_BOUND('',#649,.T.);
#321=FACE_OUTER_BOUND('',#650,.T.);
#322=FACE_OUTER_BOUND('',#651,.T.);
#323=FACE_OUTER_BOUND('',#652,.T.);
#324=FACE_OUTER_BOUND('',#653,.T.);
#325=FACE_OUTER_BOUND('',#654,.T.);
#326=FACE_OUTER_BOUND('',#655,.T.);
#327=FACE_OUTER_BOUND('',#656,.T.);
#328=FACE_OUTER_BOUND('',#657,.T.);
#329=FACE_OUTER_BOUND('',#658,.T.);
#330=FACE_OUTER_BOUND('',#659,.T.);
#331=FACE_OUTER_BOUND('',#660,.T.);
#332=FACE_OUTER_BOUND('',#661,.T.);
#333=FACE_OUTER_BOUND('',#662,.T.);
#334=FACE_OUTER_BOUND('',#663,.T.);
#335=FACE_OUTER_BOUND('',#664,.T.);
#336=FACE_OUTER_BOUND('',#665,.T.);
#337=FACE_OUTER_BOUND('',#666,.T.);
#338=FACE_OUTER_BOUND('',#667,.T.);
#339=FACE_OUTER_BOUND('',#668,.T.);
#340=FACE_OUTER_BOUND('',#669,.T.);
#341=FACE_OUTER_BOUND('',#670,.T.);
#342=FACE_OUTER_BOUND('',#671,.T.);
#343=FACE_OUTER_BOUND('',#672,.T.);
#344=FACE_OUTER_BOUND('',#673,.T.);
#345=FACE_OUTER_BOUND('',#674,.T.);
#346=FACE_OUTER_BOUND('',#675,.T.);
#347=FACE_OUTER_BOUND('',#676,.T.);
#348=FACE_OUTER_BOUND('',#677,.T.);
#349=FACE_OUTER_BOUND('',#678,.T.);
#350=FACE_OUTER_BOUND('',#679,.T.);
#351=FACE_OUTER_BOUND('',#680,.T.);
#352=FACE_OUTER_BOUND('',#681,.T.);
#353=FACE_OUTER_BOUND('',#682,.T.);
#354=FACE_OUTER_BOUND('',#683,.T.);
#355=FACE_OUTER_BOUND('',#684,.T.);
#356=FACE_OUTER_BOUND('',#685,.T.);
#357=FACE_OUTER_BOUND('',#686,.T.);
#358=FACE_OUTER_BOUND('',#687,.T.);
#359=FACE_OUTER_BOUND('',#688,.T.);
#360=FACE_OUTER_BOUND('',#689,.T.);
#361=FACE_OUTER_BOUND('',#690,.T.);
#362=FACE_OUTER_BOUND('',#691,.T.);
#363=FACE_OUTER_BOUND('',#692,.T.);
#364=FACE_OUTER_BOUND('',#693,.T.);
#365=FACE_OUTER_BOUND('',#694,.T.);
#366=FACE_OUTER_BOUND('',#695,.T.);
#367=FACE_OUTER_BOUND('',#696,.T.);
#368=FACE_OUTER_BOUND('',#697,.T.);
#369=FACE_OUTER_BOUND('',#698,.T.);
#370=FACE_OUTER_BOUND('',#699,.T.);
#371=FACE_OUTER_BOUND('',#700,.T.);
#372=FACE_OUTER_BOUND('',#701,.T.);
#373=FACE_OUTER_BOUND('',#702,.T.);
#374=FACE_OUTER_BOUND('',#703,.T.);
#375=FACE_OUTER_BOUND('',#704,.T.);
#376=FACE_OUTER_BOUND('',#705,.T.);
#377=FACE_OUTER_BOUND('',#707,.T.);
#378=FACE_OUTER_BOUND('',#708,.T.);
#379=FACE_OUTER_BOUND('',#709,.T.);
#380=FACE_OUTER_BOUND('',#710,.T.);
#381=FACE_OUTER_BOUND('',#711,.T.);
#382=FACE_OUTER_BOUND('',#712,.T.);
#383=FACE_OUTER_BOUND('',#713,.T.);
#384=FACE_OUTER_BOUND('',#714,.T.);
#385=FACE_OUTER_BOUND('',#715,.T.);
#386=FACE_OUTER_BOUND('',#716,.T.);
#387=FACE_OUTER_BOUND('',#717,.T.);
#388=FACE_OUTER_BOUND('',#718,.T.);
#389=FACE_OUTER_BOUND('',#719,.T.);
#390=FACE_OUTER_BOUND('',#720,.T.);
#391=FACE_OUTER_BOUND('',#721,.T.);
#392=FACE_OUTER_BOUND('',#722,.T.);
#393=FACE_OUTER_BOUND('',#723,.T.);
#394=FACE_OUTER_BOUND('',#724,.T.);
#395=FACE_OUTER_BOUND('',#725,.T.);
#396=FACE_OUTER_BOUND('',#726,.T.);
#397=FACE_OUTER_BOUND('',#727,.T.);
#398=FACE_OUTER_BOUND('',#728,.T.);
#399=FACE_OUTER_BOUND('',#729,.T.);
#400=FACE_OUTER_BOUND('',#730,.T.);
#401=FACE_OUTER_BOUND('',#731,.T.);
#402=FACE_OUTER_BOUND('',#732,.T.);
#403=FACE_OUTER_BOUND('',#733,.T.);
#404=FACE_OUTER_BOUND('',#734,.T.);
#405=FACE_OUTER_BOUND('',#735,.T.);
#406=FACE_OUTER_BOUND('',#736,.T.);
#407=FACE_OUTER_BOUND('',#737,.T.);
#408=FACE_OUTER_BOUND('',#738,.T.);
#409=FACE_OUTER_BOUND('',#739,.T.);
#410=FACE_OUTER_BOUND('',#740,.T.);
#411=FACE_OUTER_BOUND('',#741,.T.);
#412=FACE_OUTER_BOUND('',#742,.T.);
#413=FACE_OUTER_BOUND('',#743,.T.);
#414=FACE_OUTER_BOUND('',#744,.T.);
#415=FACE_OUTER_BOUND('',#745,.T.);
#416=FACE_OUTER_BOUND('',#746,.T.);
#417=FACE_OUTER_BOUND('',#747,.T.);
#418=FACE_OUTER_BOUND('',#748,.T.);
#419=FACE_OUTER_BOUND('',#749,.T.);
#420=FACE_OUTER_BOUND('',#750,.T.);
#421=FACE_OUTER_BOUND('',#751,.T.);
#422=FACE_OUTER_BOUND('',#752,.T.);
#423=FACE_OUTER_BOUND('',#753,.T.);
#424=FACE_OUTER_BOUND('',#754,.T.);
#425=FACE_OUTER_BOUND('',#755,.T.);
#426=FACE_OUTER_BOUND('',#756,.T.);
#427=FACE_OUTER_BOUND('',#757,.T.);
#428=FACE_OUTER_BOUND('',#758,.T.);
#429=FACE_OUTER_BOUND('',#759,.T.);
#430=FACE_OUTER_BOUND('',#760,.T.);
#431=FACE_OUTER_BOUND('',#761,.T.);
#432=FACE_OUTER_BOUND('',#762,.T.);
#433=FACE_OUTER_BOUND('',#763,.T.);
#434=FACE_OUTER_BOUND('',#764,.T.);
#435=FACE_OUTER_BOUND('',#765,.T.);
#436=FACE_OUTER_BOUND('',#766,.T.);
#437=FACE_OUTER_BOUND('',#767,.T.);
#438=FACE_OUTER_BOUND('',#768,.T.);
#439=FACE_OUTER_BOUND('',#769,.T.);
#440=FACE_OUTER_BOUND('',#770,.T.);
#441=FACE_OUTER_BOUND('',#771,.T.);
#442=FACE_OUTER_BOUND('',#772,.T.);
#443=FACE_OUTER_BOUND('',#773,.T.);
#444=FACE_OUTER_BOUND('',#774,.T.);
#445=FACE_OUTER_BOUND('',#775,.T.);
#446=FACE_OUTER_BOUND('',#776,.T.);
#447=FACE_OUTER_BOUND('',#777,.T.);
#448=FACE_OUTER_BOUND('',#778,.T.);
#449=FACE_OUTER_BOUND('',#779,.T.);
#450=FACE_OUTER_BOUND('',#780,.T.);
#451=FACE_OUTER_BOUND('',#781,.T.);
#452=FACE_OUTER_BOUND('',#782,.T.);
#453=FACE_OUTER_BOUND('',#783,.T.);
#454=FACE_OUTER_BOUND('',#784,.T.);
#455=FACE_OUTER_BOUND('',#785,.T.);
#456=FACE_OUTER_BOUND('',#786,.T.);
#457=FACE_OUTER_BOUND('',#787,.T.);
#458=FACE_OUTER_BOUND('',#788,.T.);
#459=FACE_OUTER_BOUND('',#789,.T.);
#460=FACE_OUTER_BOUND('',#790,.T.);
#461=FACE_OUTER_BOUND('',#791,.T.);
#462=FACE_OUTER_BOUND('',#792,.T.);
#463=FACE_OUTER_BOUND('',#794,.T.);
#464=FACE_OUTER_BOUND('',#795,.T.);
#465=FACE_OUTER_BOUND('',#796,.T.);
#466=FACE_OUTER_BOUND('',#797,.T.);
#467=FACE_OUTER_BOUND('',#798,.T.);
#468=FACE_OUTER_BOUND('',#799,.T.);
#469=FACE_OUTER_BOUND('',#800,.T.);
#470=FACE_OUTER_BOUND('',#801,.T.);
#471=FACE_OUTER_BOUND('',#802,.T.);
#472=FACE_OUTER_BOUND('',#803,.T.);
#473=FACE_OUTER_BOUND('',#804,.T.);
#474=FACE_OUTER_BOUND('',#805,.T.);
#475=FACE_OUTER_BOUND('',#806,.T.);
#476=FACE_OUTER_BOUND('',#807,.T.);
#477=FACE_OUTER_BOUND('',#808,.T.);
#478=FACE_OUTER_BOUND('',#809,.T.);
#479=FACE_OUTER_BOUND('',#810,.T.);
#480=FACE_OUTER_BOUND('',#811,.T.);
#481=FACE_OUTER_BOUND('',#812,.T.);
#482=FACE_OUTER_BOUND('',#813,.T.);
#483=FACE_OUTER_BOUND('',#814,.T.);
#484=FACE_OUTER_BOUND('',#815,.T.);
#485=FACE_OUTER_BOUND('',#816,.T.);
#486=FACE_OUTER_BOUND('',#817,.T.);
#487=FACE_OUTER_BOUND('',#818,.T.);
#488=FACE_OUTER_BOUND('',#819,.T.);
#489=FACE_OUTER_BOUND('',#820,.T.);
#490=FACE_OUTER_BOUND('',#821,.T.);
#491=FACE_OUTER_BOUND('',#822,.T.);
#492=FACE_OUTER_BOUND('',#823,.T.);
#493=FACE_OUTER_BOUND('',#824,.T.);
#494=FACE_OUTER_BOUND('',#825,.T.);
#495=FACE_OUTER_BOUND('',#826,.T.);
#496=FACE_OUTER_BOUND('',#827,.T.);
#497=FACE_OUTER_BOUND('',#828,.T.);
#498=FACE_OUTER_BOUND('',#829,.T.);
#499=FACE_OUTER_BOUND('',#830,.T.);
#500=FACE_OUTER_BOUND('',#831,.T.);
#501=FACE_OUTER_BOUND('',#832,.T.);
#502=FACE_OUTER_BOUND('',#833,.T.);
#503=FACE_OUTER_BOUND('',#834,.T.);
#504=FACE_OUTER_BOUND('',#835,.T.);
#505=FACE_OUTER_BOUND('',#836,.T.);
#506=FACE_OUTER_BOUND('',#837,.T.);
#507=FACE_OUTER_BOUND('',#838,.T.);
#508=FACE_OUTER_BOUND('',#839,.T.);
#509=FACE_OUTER_BOUND('',#840,.T.);
#510=FACE_OUTER_BOUND('',#841,.T.);
#511=FACE_OUTER_BOUND('',#842,.T.);
#512=FACE_OUTER_BOUND('',#843,.T.);
#513=FACE_OUTER_BOUND('',#844,.T.);
#514=FACE_OUTER_BOUND('',#845,.T.);
#515=FACE_OUTER_BOUND('',#846,.T.);
#516=FACE_OUTER_BOUND('',#847,.T.);
#517=FACE_OUTER_BOUND('',#848,.T.);
#518=FACE_OUTER_BOUND('',#849,.T.);
#519=FACE_OUTER_BOUND('',#854,.T.);
#520=FACE_OUTER_BOUND('',#855,.T.);
#521=FACE_OUTER_BOUND('',#856,.T.);
#522=FACE_OUTER_BOUND('',#861,.T.);
#523=FACE_OUTER_BOUND('',#862,.T.);
#524=FACE_OUTER_BOUND('',#863,.T.);
#525=FACE_OUTER_BOUND('',#864,.T.);
#526=FACE_OUTER_BOUND('',#865,.T.);
#527=FACE_OUTER_BOUND('',#866,.T.);
#528=FACE_OUTER_BOUND('',#867,.T.);
#529=FACE_OUTER_BOUND('',#868,.T.);
#530=FACE_OUTER_BOUND('',#869,.T.);
#531=FACE_OUTER_BOUND('',#870,.T.);
#532=FACE_OUTER_BOUND('',#871,.T.);
#533=FACE_OUTER_BOUND('',#872,.T.);
#534=FACE_OUTER_BOUND('',#873,.T.);
#535=FACE_OUTER_BOUND('',#874,.T.);
#536=FACE_OUTER_BOUND('',#875,.T.);
#537=FACE_OUTER_BOUND('',#876,.T.);
#538=FACE_OUTER_BOUND('',#877,.T.);
#539=FACE_OUTER_BOUND('',#878,.T.);
#540=FACE_OUTER_BOUND('',#879,.T.);
#541=FACE_OUTER_BOUND('',#880,.T.);
#542=FACE_OUTER_BOUND('',#881,.T.);
#543=FACE_OUTER_BOUND('',#882,.T.);
#544=FACE_OUTER_BOUND('',#883,.T.);
#545=FACE_OUTER_BOUND('',#884,.T.);
#546=FACE_OUTER_BOUND('',#885,.T.);
#547=FACE_OUTER_BOUND('',#886,.T.);
#548=FACE_OUTER_BOUND('',#887,.T.);
#549=FACE_OUTER_BOUND('',#888,.T.);
#550=FACE_OUTER_BOUND('',#889,.T.);
#551=FACE_OUTER_BOUND('',#890,.T.);
#552=FACE_OUTER_BOUND('',#891,.T.);
#553=FACE_OUTER_BOUND('',#892,.T.);
#554=FACE_OUTER_BOUND('',#893,.T.);
#555=FACE_OUTER_BOUND('',#894,.T.);
#556=FACE_OUTER_BOUND('',#895,.T.);
#557=FACE_OUTER_BOUND('',#896,.T.);
#558=FACE_OUTER_BOUND('',#897,.T.);
#559=FACE_OUTER_BOUND('',#898,.T.);
#560=FACE_OUTER_BOUND('',#899,.T.);
#561=FACE_OUTER_BOUND('',#900,.T.);
#562=FACE_OUTER_BOUND('',#901,.T.);
#563=FACE_OUTER_BOUND('',#902,.T.);
#564=FACE_OUTER_BOUND('',#903,.T.);
#565=FACE_OUTER_BOUND('',#904,.T.);
#566=FACE_OUTER_BOUND('',#905,.T.);
#567=FACE_OUTER_BOUND('',#906,.T.);
#568=FACE_OUTER_BOUND('',#907,.T.);
#569=FACE_OUTER_BOUND('',#908,.T.);
#570=FACE_OUTER_BOUND('',#909,.T.);
#571=FACE_OUTER_BOUND('',#910,.T.);
#572=FACE_OUTER_BOUND('',#911,.T.);
#573=FACE_OUTER_BOUND('',#912,.T.);
#574=FACE_OUTER_BOUND('',#913,.T.);
#575=FACE_OUTER_BOUND('',#914,.T.);
#576=FACE_OUTER_BOUND('',#915,.T.);
#577=FACE_OUTER_BOUND('',#916,.T.);
#578=FACE_OUTER_BOUND('',#917,.T.);
#579=FACE_OUTER_BOUND('',#918,.T.);
#580=FACE_OUTER_BOUND('',#919,.T.);
#581=FACE_OUTER_BOUND('',#920,.T.);
#582=FACE_OUTER_BOUND('',#921,.T.);
#583=FACE_OUTER_BOUND('',#922,.T.);
#584=FACE_OUTER_BOUND('',#923,.T.);
#585=FACE_OUTER_BOUND('',#924,.T.);
#586=FACE_OUTER_BOUND('',#925,.T.);
#587=FACE_OUTER_BOUND('',#926,.T.);
#588=FACE_OUTER_BOUND('',#927,.T.);
#589=FACE_OUTER_BOUND('',#928,.T.);
#590=FACE_OUTER_BOUND('',#929,.T.);
#591=FACE_OUTER_BOUND('',#930,.T.);
#592=FACE_OUTER_BOUND('',#931,.T.);
#593=FACE_OUTER_BOUND('',#932,.T.);
#594=FACE_OUTER_BOUND('',#933,.T.);
#595=FACE_OUTER_BOUND('',#934,.T.);
#596=FACE_OUTER_BOUND('',#935,.T.);
#597=FACE_OUTER_BOUND('',#936,.T.);
#598=FACE_OUTER_BOUND('',#937,.T.);
#599=FACE_OUTER_BOUND('',#938,.T.);
#600=FACE_OUTER_BOUND('',#939,.T.);
#601=FACE_OUTER_BOUND('',#940,.T.);
#602=FACE_OUTER_BOUND('',#941,.T.);
#603=FACE_OUTER_BOUND('',#942,.T.);
#604=FACE_OUTER_BOUND('',#943,.T.);
#605=FACE_OUTER_BOUND('',#944,.T.);
#606=FACE_OUTER_BOUND('',#945,.T.);
#607=FACE_OUTER_BOUND('',#946,.T.);
#608=FACE_OUTER_BOUND('',#947,.T.);
#609=FACE_OUTER_BOUND('',#948,.T.);
#610=FACE_OUTER_BOUND('',#949,.T.);
#611=FACE_OUTER_BOUND('',#950,.T.);
#612=FACE_OUTER_BOUND('',#951,.T.);
#613=FACE_OUTER_BOUND('',#952,.T.);
#614=FACE_OUTER_BOUND('',#953,.T.);
#615=FACE_OUTER_BOUND('',#954,.T.);
#616=FACE_OUTER_BOUND('',#955,.T.);
#617=FACE_OUTER_BOUND('',#956,.T.);
#618=FACE_OUTER_BOUND('',#957,.T.);
#619=FACE_OUTER_BOUND('',#958,.T.);
#620=FACE_OUTER_BOUND('',#959,.T.);
#621=FACE_OUTER_BOUND('',#960,.T.);
#622=FACE_OUTER_BOUND('',#961,.T.);
#623=FACE_OUTER_BOUND('',#962,.T.);
#624=FACE_OUTER_BOUND('',#963,.T.);
#625=FACE_OUTER_BOUND('',#964,.T.);
#626=FACE_OUTER_BOUND('',#965,.T.);
#627=FACE_OUTER_BOUND('',#966,.T.);
#628=FACE_OUTER_BOUND('',#967,.T.);
#629=FACE_OUTER_BOUND('',#968,.T.);
#630=FACE_OUTER_BOUND('',#969,.T.);
#631=FACE_OUTER_BOUND('',#970,.T.);
#632=FACE_OUTER_BOUND('',#971,.T.);
#633=FACE_OUTER_BOUND('',#972,.T.);
#634=FACE_OUTER_BOUND('',#973,.T.);
#635=FACE_OUTER_BOUND('',#974,.T.);
#636=FACE_OUTER_BOUND('',#975,.T.);
#637=FACE_OUTER_BOUND('',#976,.T.);
#638=FACE_OUTER_BOUND('',#977,.T.);
#639=FACE_OUTER_BOUND('',#978,.T.);
#640=FACE_OUTER_BOUND('',#979,.T.);
#641=FACE_OUTER_BOUND('',#980,.T.);
#642=FACE_OUTER_BOUND('',#981,.T.);
#643=EDGE_LOOP('',(#3637,#3638,#3639,#3640));
#644=EDGE_LOOP('',(#3641,#3642,#3643,#3644));
#645=EDGE_LOOP('',(#3645,#3646,#3647,#3648));
#646=EDGE_LOOP('',(#3649,#3650,#3651,#3652));
#647=EDGE_LOOP('',(#3653,#3654,#3655,#3656));
#648=EDGE_LOOP('',(#3657,#3658,#3659,#3660));
#649=EDGE_LOOP('',(#3661,#3662,#3663,#3664));
#650=EDGE_LOOP('',(#3665,#3666,#3667,#3668));
#651=EDGE_LOOP('',(#3669,#3670,#3671,#3672));
#652=EDGE_LOOP('',(#3673,#3674,#3675,#3676));
#653=EDGE_LOOP('',(#3677,#3678,#3679,#3680));
#654=EDGE_LOOP('',(#3681,#3682,#3683,#3684));
#655=EDGE_LOOP('',(#3685,#3686,#3687,#3688));
#656=EDGE_LOOP('',(#3689,#3690,#3691,#3692));
#657=EDGE_LOOP('',(#3693,#3694,#3695,#3696));
#658=EDGE_LOOP('',(#3697,#3698,#3699,#3700));
#659=EDGE_LOOP('',(#3701,#3702,#3703,#3704));
#660=EDGE_LOOP('',(#3705,#3706,#3707,#3708));
#661=EDGE_LOOP('',(#3709,#3710,#3711,#3712));
#662=EDGE_LOOP('',(#3713,#3714,#3715,#3716));
#663=EDGE_LOOP('',(#3717,#3718,#3719,#3720));
#664=EDGE_LOOP('',(#3721,#3722,#3723,#3724));
#665=EDGE_LOOP('',(#3725,#3726,#3727,#3728));
#666=EDGE_LOOP('',(#3729,#3730,#3731,#3732));
#667=EDGE_LOOP('',(#3733,#3734,#3735,#3736));
#668=EDGE_LOOP('',(#3737,#3738,#3739,#3740));
#669=EDGE_LOOP('',(#3741,#3742,#3743,#3744));
#670=EDGE_LOOP('',(#3745,#3746,#3747,#3748));
#671=EDGE_LOOP('',(#3749,#3750,#3751,#3752));
#672=EDGE_LOOP('',(#3753,#3754,#3755,#3756));
#673=EDGE_LOOP('',(#3757,#3758,#3759,#3760));
#674=EDGE_LOOP('',(#3761,#3762,#3763,#3764));
#675=EDGE_LOOP('',(#3765,#3766,#3767,#3768));
#676=EDGE_LOOP('',(#3769,#3770,#3771,#3772));
#677=EDGE_LOOP('',(#3773,#3774,#3775,#3776));
#678=EDGE_LOOP('',(#3777,#3778,#3779,#3780));
#679=EDGE_LOOP('',(#3781,#3782,#3783,#3784));
#680=EDGE_LOOP('',(#3785,#3786,#3787,#3788));
#681=EDGE_LOOP('',(#3789,#3790,#3791));
#682=EDGE_LOOP('',(#3792,#3793,#3794,#3795));
#683=EDGE_LOOP('',(#3796,#3797,#3798,#3799));
#684=EDGE_LOOP('',(#3800,#3801,#3802,#3803));
#685=EDGE_LOOP('',(#3804,#3805,#3806,#3807));
#686=EDGE_LOOP('',(#3808,#3809,#3810,#3811));
#687=EDGE_LOOP('',(#3812,#3813,#3814));
#688=EDGE_LOOP('',(#3815,#3816,#3817,#3818));
#689=EDGE_LOOP('',(#3819,#3820,#3821,#3822));
#690=EDGE_LOOP('',(#3823,#3824,#3825,#3826));
#691=EDGE_LOOP('',(#3827,#3828,#3829,#3830));
#692=EDGE_LOOP('',(#3831,#3832,#3833,#3834));
#693=EDGE_LOOP('',(#3835,#3836,#3837));
#694=EDGE_LOOP('',(#3838,#3839,#3840));
#695=EDGE_LOOP('',(#3841,#3842,#3843,#3844));
#696=EDGE_LOOP('',(#3845,#3846,#3847,#3848));
#697=EDGE_LOOP('',(#3849,#3850,#3851,#3852));
#698=EDGE_LOOP('',(#3853,#3854,#3855,#3856));
#699=EDGE_LOOP('',(#3857,#3858,#3859,#3860,#3861));
#700=EDGE_LOOP('',(#3862,#3863,#3864,#3865));
#701=EDGE_LOOP('',(#3866,#3867,#3868,#3869));
#702=EDGE_LOOP('',(#3870,#3871,#3872,#3873));
#703=EDGE_LOOP('',(#3874,#3875,#3876,#3877,#3878));
#704=EDGE_LOOP('',(#3879,#3880,#3881,#3882));
#705=EDGE_LOOP('',(#3883,#3884,#3885,#3886));
#706=EDGE_LOOP('',(#3887,#3888,#3889,#3890,#3891,#3892,#3893,#3894,#3895,
#3896,#3897,#3898,#3899,#3900,#3901,#3902,#3903,#3904,#3905,#3906));
#707=EDGE_LOOP('',(#3907,#3908,#3909));
#708=EDGE_LOOP('',(#3910,#3911,#3912,#3913));
#709=EDGE_LOOP('',(#3914,#3915,#3916,#3917));
#710=EDGE_LOOP('',(#3918,#3919,#3920,#3921));
#711=EDGE_LOOP('',(#3922,#3923,#3924,#3925));
#712=EDGE_LOOP('',(#3926,#3927,#3928,#3929));
#713=EDGE_LOOP('',(#3930,#3931,#3932,#3933));
#714=EDGE_LOOP('',(#3934,#3935,#3936,#3937));
#715=EDGE_LOOP('',(#3938,#3939,#3940));
#716=EDGE_LOOP('',(#3941,#3942,#3943,#3944,#3945));
#717=EDGE_LOOP('',(#3946,#3947,#3948,#3949));
#718=EDGE_LOOP('',(#3950,#3951,#3952,#3953));
#719=EDGE_LOOP('',(#3954,#3955,#3956,#3957));
#720=EDGE_LOOP('',(#3958,#3959,#3960,#3961));
#721=EDGE_LOOP('',(#3962,#3963,#3964));
#722=EDGE_LOOP('',(#3965,#3966,#3967,#3968));
#723=EDGE_LOOP('',(#3969,#3970,#3971,#3972));
#724=EDGE_LOOP('',(#3973,#3974,#3975,#3976));
#725=EDGE_LOOP('',(#3977,#3978,#3979,#3980));
#726=EDGE_LOOP('',(#3981,#3982,#3983,#3984));
#727=EDGE_LOOP('',(#3985,#3986,#3987,#3988));
#728=EDGE_LOOP('',(#3989,#3990,#3991,#3992));
#729=EDGE_LOOP('',(#3993,#3994,#3995));
#730=EDGE_LOOP('',(#3996,#3997,#3998,#3999));
#731=EDGE_LOOP('',(#4000,#4001,#4002,#4003,#4004));
#732=EDGE_LOOP('',(#4005,#4006,#4007,#4008));
#733=EDGE_LOOP('',(#4009,#4010,#4011,#4012,#4013,#4014,#4015,#4016));
#734=EDGE_LOOP('',(#4017,#4018,#4019,#4020));
#735=EDGE_LOOP('',(#4021,#4022,#4023,#4024,#4025,#4026,#4027,#4028));
#736=EDGE_LOOP('',(#4029,#4030,#4031,#4032));
#737=EDGE_LOOP('',(#4033,#4034,#4035,#4036));
#738=EDGE_LOOP('',(#4037,#4038,#4039,#4040,#4041));
#739=EDGE_LOOP('',(#4042,#4043,#4044,#4045));
#740=EDGE_LOOP('',(#4046,#4047,#4048,#4049));
#741=EDGE_LOOP('',(#4050,#4051,#4052,#4053));
#742=EDGE_LOOP('',(#4054,#4055,#4056,#4057,#4058));
#743=EDGE_LOOP('',(#4059,#4060,#4061,#4062,#4063));
#744=EDGE_LOOP('',(#4064,#4065,#4066,#4067));
#745=EDGE_LOOP('',(#4068,#4069,#4070,#4071));
#746=EDGE_LOOP('',(#4072,#4073,#4074,#4075));
#747=EDGE_LOOP('',(#4076,#4077,#4078,#4079,#4080));
#748=EDGE_LOOP('',(#4081,#4082,#4083,#4084,#4085,#4086,#4087));
#749=EDGE_LOOP('',(#4088,#4089,#4090,#4091,#4092,#4093));
#750=EDGE_LOOP('',(#4094,#4095,#4096,#4097));
#751=EDGE_LOOP('',(#4098,#4099,#4100,#4101));
#752=EDGE_LOOP('',(#4102,#4103,#4104,#4105));
#753=EDGE_LOOP('',(#4106,#4107,#4108,#4109,#4110,#4111,#4112,#4113,#4114,
#4115,#4116));
#754=EDGE_LOOP('',(#4117,#4118,#4119,#4120,#4121,#4122,#4123,#4124,#4125,
#4126));
#755=EDGE_LOOP('',(#4127,#4128,#4129,#4130,#4131,#4132,#4133,#4134,#4135,
#4136));
#756=EDGE_LOOP('',(#4137,#4138,#4139,#4140,#4141,#4142,#4143,#4144,#4145,
#4146));
#757=EDGE_LOOP('',(#4147,#4148,#4149,#4150,#4151,#4152,#4153,#4154,#4155,
#4156,#4157));
#758=EDGE_LOOP('',(#4158,#4159,#4160,#4161));
#759=EDGE_LOOP('',(#4162,#4163,#4164,#4165));
#760=EDGE_LOOP('',(#4166,#4167,#4168,#4169));
#761=EDGE_LOOP('',(#4170,#4171,#4172,#4173));
#762=EDGE_LOOP('',(#4174,#4175,#4176,#4177));
#763=EDGE_LOOP('',(#4178,#4179,#4180,#4181));
#764=EDGE_LOOP('',(#4182,#4183,#4184,#4185));
#765=EDGE_LOOP('',(#4186,#4187,#4188,#4189));
#766=EDGE_LOOP('',(#4190,#4191,#4192,#4193));
#767=EDGE_LOOP('',(#4194,#4195,#4196,#4197));
#768=EDGE_LOOP('',(#4198,#4199,#4200));
#769=EDGE_LOOP('',(#4201,#4202,#4203,#4204));
#770=EDGE_LOOP('',(#4205,#4206,#4207,#4208));
#771=EDGE_LOOP('',(#4209,#4210,#4211,#4212));
#772=EDGE_LOOP('',(#4213,#4214,#4215,#4216));
#773=EDGE_LOOP('',(#4217,#4218,#4219,#4220));
#774=EDGE_LOOP('',(#4221,#4222,#4223));
#775=EDGE_LOOP('',(#4224,#4225,#4226,#4227));
#776=EDGE_LOOP('',(#4228,#4229,#4230,#4231));
#777=EDGE_LOOP('',(#4232,#4233,#4234,#4235));
#778=EDGE_LOOP('',(#4236,#4237,#4238,#4239));
#779=EDGE_LOOP('',(#4240,#4241,#4242,#4243));
#780=EDGE_LOOP('',(#4244,#4245,#4246));
#781=EDGE_LOOP('',(#4247,#4248,#4249));
#782=EDGE_LOOP('',(#4250,#4251,#4252,#4253));
#783=EDGE_LOOP('',(#4254,#4255,#4256,#4257));
#784=EDGE_LOOP('',(#4258,#4259,#4260,#4261));
#785=EDGE_LOOP('',(#4262,#4263,#4264,#4265));
#786=EDGE_LOOP('',(#4266,#4267,#4268,#4269,#4270));
#787=EDGE_LOOP('',(#4271,#4272,#4273,#4274));
#788=EDGE_LOOP('',(#4275,#4276,#4277,#4278));
#789=EDGE_LOOP('',(#4279,#4280,#4281,#4282));
#790=EDGE_LOOP('',(#4283,#4284,#4285,#4286,#4287));
#791=EDGE_LOOP('',(#4288,#4289,#4290,#4291));
#792=EDGE_LOOP('',(#4292,#4293,#4294,#4295));
#793=EDGE_LOOP('',(#4296,#4297,#4298,#4299,#4300,#4301,#4302,#4303,#4304,
#4305,#4306,#4307,#4308,#4309,#4310,#4311,#4312,#4313,#4314,#4315));
#794=EDGE_LOOP('',(#4316,#4317,#4318));
#795=EDGE_LOOP('',(#4319,#4320,#4321,#4322));
#796=EDGE_LOOP('',(#4323,#4324,#4325,#4326));
#797=EDGE_LOOP('',(#4327,#4328,#4329,#4330));
#798=EDGE_LOOP('',(#4331,#4332,#4333,#4334));
#799=EDGE_LOOP('',(#4335,#4336,#4337,#4338));
#800=EDGE_LOOP('',(#4339,#4340,#4341,#4342));
#801=EDGE_LOOP('',(#4343,#4344,#4345,#4346));
#802=EDGE_LOOP('',(#4347,#4348,#4349));
#803=EDGE_LOOP('',(#4350,#4351,#4352,#4353,#4354));
#804=EDGE_LOOP('',(#4355,#4356,#4357,#4358));
#805=EDGE_LOOP('',(#4359,#4360,#4361,#4362));
#806=EDGE_LOOP('',(#4363,#4364,#4365,#4366));
#807=EDGE_LOOP('',(#4367,#4368,#4369,#4370));
#808=EDGE_LOOP('',(#4371,#4372,#4373));
#809=EDGE_LOOP('',(#4374,#4375,#4376,#4377));
#810=EDGE_LOOP('',(#4378,#4379,#4380,#4381));
#811=EDGE_LOOP('',(#4382,#4383,#4384,#4385));
#812=EDGE_LOOP('',(#4386,#4387,#4388,#4389));
#813=EDGE_LOOP('',(#4390,#4391,#4392,#4393));
#814=EDGE_LOOP('',(#4394,#4395,#4396,#4397));
#815=EDGE_LOOP('',(#4398,#4399,#4400,#4401));
#816=EDGE_LOOP('',(#4402,#4403,#4404));
#817=EDGE_LOOP('',(#4405,#4406,#4407,#4408));
#818=EDGE_LOOP('',(#4409,#4410,#4411,#4412,#4413));
#819=EDGE_LOOP('',(#4414,#4415,#4416,#4417));
#820=EDGE_LOOP('',(#4418,#4419,#4420,#4421,#4422,#4423,#4424,#4425));
#821=EDGE_LOOP('',(#4426,#4427,#4428,#4429));
#822=EDGE_LOOP('',(#4430,#4431,#4432,#4433,#4434,#4435,#4436,#4437));
#823=EDGE_LOOP('',(#4438,#4439,#4440,#4441));
#824=EDGE_LOOP('',(#4442,#4443,#4444,#4445));
#825=EDGE_LOOP('',(#4446,#4447,#4448,#4449,#4450));
#826=EDGE_LOOP('',(#4451,#4452,#4453,#4454));
#827=EDGE_LOOP('',(#4455,#4456,#4457,#4458));
#828=EDGE_LOOP('',(#4459,#4460,#4461,#4462));
#829=EDGE_LOOP('',(#4463,#4464,#4465,#4466,#4467));
#830=EDGE_LOOP('',(#4468,#4469,#4470,#4471,#4472));
#831=EDGE_LOOP('',(#4473,#4474,#4475,#4476));
#832=EDGE_LOOP('',(#4477,#4478,#4479,#4480));
#833=EDGE_LOOP('',(#4481,#4482,#4483,#4484));
#834=EDGE_LOOP('',(#4485,#4486,#4487,#4488,#4489));
#835=EDGE_LOOP('',(#4490,#4491,#4492,#4493,#4494,#4495,#4496));
#836=EDGE_LOOP('',(#4497,#4498,#4499,#4500,#4501,#4502));
#837=EDGE_LOOP('',(#4503,#4504,#4505,#4506));
#838=EDGE_LOOP('',(#4507,#4508,#4509,#4510));
#839=EDGE_LOOP('',(#4511,#4512,#4513,#4514));
#840=EDGE_LOOP('',(#4515,#4516,#4517,#4518,#4519,#4520,#4521,#4522,#4523,
#4524,#4525));
#841=EDGE_LOOP('',(#4526,#4527,#4528,#4529,#4530,#4531,#4532,#4533,#4534,
#4535));
#842=EDGE_LOOP('',(#4536,#4537,#4538,#4539,#4540,#4541,#4542,#4543,#4544,
#4545));
#843=EDGE_LOOP('',(#4546,#4547,#4548,#4549,#4550,#4551,#4552,#4553,#4554,
#4555));
#844=EDGE_LOOP('',(#4556,#4557,#4558,#4559,#4560,#4561,#4562,#4563,#4564,
#4565,#4566));
#845=EDGE_LOOP('',(#4567));
#846=EDGE_LOOP('',(#4568));
#847=EDGE_LOOP('',(#4569,#4570,#4571,#4572));
#848=EDGE_LOOP('',(#4573,#4574,#4575,#4576));
#849=EDGE_LOOP('',(#4577,#4578,#4579,#4580,#4581,#4582,#4583,#4584,#4585,
#4586,#4587,#4588,#4589,#4590,#4591,#4592,#4593,#4594,#4595,#4596,#4597,
#4598,#4599,#4600,#4601,#4602,#4603,#4604,#4605,#4606,#4607,#4608,#4609,
#4610,#4611,#4612,#4613,#4614,#4615,#4616,#4617,#4618,#4619,#4620,#4621,
#4622,#4623,#4624,#4625,#4626,#4627,#4628,#4629,#4630,#4631,#4632,#4633,
#4634,#4635,#4636,#4637,#4638,#4639,#4640,#4641,#4642,#4643,#4644,#4645,
#4646,#4647,#4648,#4649,#4650,#4651,#4652,#4653,#4654,#4655,#4656,#4657,
#4658,#4659,#4660,#4661,#4662,#4663,#4664,#4665,#4666,#4667,#4668,#4669,
#4670,#4671,#4672,#4673,#4674,#4675,#4676,#4677,#4678,#4679,#4680,#4681,
#4682,#4683,#4684,#4685));
#850=EDGE_LOOP('',(#4686,#4687,#4688,#4689));
#851=EDGE_LOOP('',(#4690,#4691,#4692,#4693,#4694));
#852=EDGE_LOOP('',(#4695,#4696,#4697,#4698,#4699));
#853=EDGE_LOOP('',(#4700,#4701,#4702,#4703));
#854=EDGE_LOOP('',(#4704,#4705,#4706,#4707));
#855=EDGE_LOOP('',(#4708,#4709,#4710,#4711));
#856=EDGE_LOOP('',(#4712,#4713,#4714,#4715,#4716,#4717,#4718,#4719,#4720,
#4721,#4722,#4723,#4724,#4725,#4726,#4727,#4728,#4729,#4730,#4731,#4732,
#4733,#4734,#4735,#4736,#4737,#4738,#4739,#4740,#4741,#4742,#4743,#4744,
#4745,#4746,#4747,#4748,#4749,#4750,#4751,#4752,#4753,#4754,#4755,#4756,
#4757,#4758,#4759,#4760,#4761,#4762,#4763,#4764,#4765,#4766,#4767,#4768,
#4769,#4770,#4771,#4772,#4773,#4774,#4775,#4776,#4777,#4778,#4779,#4780,
#4781,#4782,#4783,#4784,#4785,#4786,#4787,#4788,#4789,#4790,#4791,#4792,
#4793,#4794,#4795,#4796,#4797,#4798,#4799,#4800,#4801,#4802,#4803,#4804,
#4805,#4806,#4807,#4808,#4809,#4810,#4811,#4812,#4813,#4814,#4815,#4816,
#4817,#4818,#4819,#4820));
#857=EDGE_LOOP('',(#4821,#4822,#4823,#4824,#4825));
#858=EDGE_LOOP('',(#4826,#4827,#4828,#4829,#4830));
#859=EDGE_LOOP('',(#4831,#4832,#4833,#4834));
#860=EDGE_LOOP('',(#4835,#4836,#4837,#4838));
#861=EDGE_LOOP('',(#4839,#4840,#4841,#4842));
#862=EDGE_LOOP('',(#4843,#4844,#4845,#4846));
#863=EDGE_LOOP('',(#4847,#4848,#4849,#4850));
#864=EDGE_LOOP('',(#4851,#4852,#4853,#4854));
#865=EDGE_LOOP('',(#4855,#4856,#4857,#4858));
#866=EDGE_LOOP('',(#4859,#4860,#4861,#4862));
#867=EDGE_LOOP('',(#4863,#4864,#4865,#4866));
#868=EDGE_LOOP('',(#4867,#4868,#4869,#4870));
#869=EDGE_LOOP('',(#4871,#4872,#4873,#4874));
#870=EDGE_LOOP('',(#4875,#4876,#4877,#4878));
#871=EDGE_LOOP('',(#4879,#4880,#4881,#4882));
#872=EDGE_LOOP('',(#4883,#4884,#4885,#4886));
#873=EDGE_LOOP('',(#4887,#4888,#4889,#4890));
#874=EDGE_LOOP('',(#4891,#4892,#4893,#4894));
#875=EDGE_LOOP('',(#4895,#4896,#4897,#4898));
#876=EDGE_LOOP('',(#4899,#4900,#4901,#4902));
#877=EDGE_LOOP('',(#4903,#4904,#4905,#4906));
#878=EDGE_LOOP('',(#4907,#4908,#4909,#4910));
#879=EDGE_LOOP('',(#4911,#4912,#4913,#4914));
#880=EDGE_LOOP('',(#4915,#4916,#4917,#4918));
#881=EDGE_LOOP('',(#4919,#4920,#4921,#4922));
#882=EDGE_LOOP('',(#4923,#4924,#4925,#4926));
#883=EDGE_LOOP('',(#4927,#4928,#4929,#4930));
#884=EDGE_LOOP('',(#4931,#4932,#4933,#4934));
#885=EDGE_LOOP('',(#4935,#4936,#4937,#4938));
#886=EDGE_LOOP('',(#4939,#4940,#4941,#4942));
#887=EDGE_LOOP('',(#4943,#4944,#4945,#4946));
#888=EDGE_LOOP('',(#4947,#4948,#4949,#4950));
#889=EDGE_LOOP('',(#4951,#4952,#4953,#4954));
#890=EDGE_LOOP('',(#4955,#4956,#4957,#4958));
#891=EDGE_LOOP('',(#4959,#4960,#4961,#4962));
#892=EDGE_LOOP('',(#4963,#4964,#4965,#4966));
#893=EDGE_LOOP('',(#4967,#4968,#4969,#4970));
#894=EDGE_LOOP('',(#4971,#4972,#4973,#4974));
#895=EDGE_LOOP('',(#4975,#4976,#4977,#4978));
#896=EDGE_LOOP('',(#4979,#4980,#4981,#4982));
#897=EDGE_LOOP('',(#4983,#4984,#4985,#4986));
#898=EDGE_LOOP('',(#4987,#4988,#4989,#4990));
#899=EDGE_LOOP('',(#4991,#4992,#4993,#4994));
#900=EDGE_LOOP('',(#4995,#4996,#4997,#4998));
#901=EDGE_LOOP('',(#4999,#5000,#5001,#5002));
#902=EDGE_LOOP('',(#5003,#5004,#5005,#5006));
#903=EDGE_LOOP('',(#5007,#5008,#5009,#5010));
#904=EDGE_LOOP('',(#5011,#5012,#5013,#5014));
#905=EDGE_LOOP('',(#5015,#5016,#5017,#5018));
#906=EDGE_LOOP('',(#5019,#5020,#5021,#5022));
#907=EDGE_LOOP('',(#5023,#5024,#5025,#5026));
#908=EDGE_LOOP('',(#5027,#5028,#5029,#5030));
#909=EDGE_LOOP('',(#5031,#5032,#5033,#5034));
#910=EDGE_LOOP('',(#5035,#5036,#5037,#5038));
#911=EDGE_LOOP('',(#5039,#5040,#5041,#5042));
#912=EDGE_LOOP('',(#5043,#5044,#5045,#5046));
#913=EDGE_LOOP('',(#5047,#5048,#5049,#5050));
#914=EDGE_LOOP('',(#5051,#5052,#5053,#5054));
#915=EDGE_LOOP('',(#5055,#5056,#5057,#5058));
#916=EDGE_LOOP('',(#5059,#5060,#5061,#5062));
#917=EDGE_LOOP('',(#5063,#5064,#5065,#5066));
#918=EDGE_LOOP('',(#5067,#5068,#5069,#5070));
#919=EDGE_LOOP('',(#5071,#5072,#5073,#5074));
#920=EDGE_LOOP('',(#5075,#5076,#5077,#5078));
#921=EDGE_LOOP('',(#5079,#5080,#5081,#5082));
#922=EDGE_LOOP('',(#5083,#5084,#5085,#5086));
#923=EDGE_LOOP('',(#5087,#5088,#5089,#5090));
#924=EDGE_LOOP('',(#5091,#5092,#5093,#5094));
#925=EDGE_LOOP('',(#5095,#5096,#5097,#5098));
#926=EDGE_LOOP('',(#5099,#5100,#5101,#5102));
#927=EDGE_LOOP('',(#5103,#5104,#5105,#5106));
#928=EDGE_LOOP('',(#5107,#5108,#5109,#5110));
#929=EDGE_LOOP('',(#5111,#5112,#5113,#5114));
#930=EDGE_LOOP('',(#5115,#5116,#5117,#5118));
#931=EDGE_LOOP('',(#5119,#5120,#5121,#5122));
#932=EDGE_LOOP('',(#5123,#5124,#5125,#5126));
#933=EDGE_LOOP('',(#5127,#5128,#5129,#5130));
#934=EDGE_LOOP('',(#5131,#5132,#5133,#5134));
#935=EDGE_LOOP('',(#5135,#5136,#5137,#5138));
#936=EDGE_LOOP('',(#5139,#5140,#5141,#5142));
#937=EDGE_LOOP('',(#5143,#5144,#5145,#5146));
#938=EDGE_LOOP('',(#5147,#5148,#5149,#5150));
#939=EDGE_LOOP('',(#5151,#5152,#5153,#5154));
#940=EDGE_LOOP('',(#5155,#5156,#5157,#5158));
#941=EDGE_LOOP('',(#5159,#5160,#5161,#5162));
#942=EDGE_LOOP('',(#5163,#5164,#5165,#5166));
#943=EDGE_LOOP('',(#5167,#5168,#5169,#5170));
#944=EDGE_LOOP('',(#5171,#5172,#5173,#5174));
#945=EDGE_LOOP('',(#5175,#5176,#5177,#5178));
#946=EDGE_LOOP('',(#5179,#5180,#5181,#5182));
#947=EDGE_LOOP('',(#5183,#5184,#5185,#5186));
#948=EDGE_LOOP('',(#5187,#5188,#5189,#5190));
#949=EDGE_LOOP('',(#5191,#5192,#5193,#5194));
#950=EDGE_LOOP('',(#5195,#5196,#5197,#5198));
#951=EDGE_LOOP('',(#5199,#5200,#5201,#5202));
#952=EDGE_LOOP('',(#5203,#5204,#5205,#5206));
#953=EDGE_LOOP('',(#5207,#5208,#5209,#5210));
#954=EDGE_LOOP('',(#5211,#5212,#5213,#5214));
#955=EDGE_LOOP('',(#5215,#5216,#5217,#5218));
#956=EDGE_LOOP('',(#5219,#5220,#5221,#5222));
#957=EDGE_LOOP('',(#5223,#5224,#5225,#5226));
#958=EDGE_LOOP('',(#5227,#5228,#5229,#5230));
#959=EDGE_LOOP('',(#5231,#5232,#5233,#5234));
#960=EDGE_LOOP('',(#5235,#5236,#5237,#5238));
#961=EDGE_LOOP('',(#5239,#5240,#5241,#5242));
#962=EDGE_LOOP('',(#5243,#5244,#5245,#5246));
#963=EDGE_LOOP('',(#5247,#5248,#5249,#5250));
#964=EDGE_LOOP('',(#5251,#5252,#5253,#5254));
#965=EDGE_LOOP('',(#5255,#5256,#5257,#5258));
#966=EDGE_LOOP('',(#5259,#5260,#5261,#5262));
#967=EDGE_LOOP('',(#5263,#5264,#5265,#5266));
#968=EDGE_LOOP('',(#5267,#5268,#5269,#5270));
#969=EDGE_LOOP('',(#5271,#5272,#5273,#5274));
#970=EDGE_LOOP('',(#5275,#5276,#5277,#5278));
#971=EDGE_LOOP('',(#5279,#5280,#5281,#5282));
#972=EDGE_LOOP('',(#5283,#5284,#5285,#5286));
#973=EDGE_LOOP('',(#5287,#5288,#5289,#5290));
#974=EDGE_LOOP('',(#5291,#5292,#5293,#5294));
#975=EDGE_LOOP('',(#5295,#5296,#5297,#5298));
#976=EDGE_LOOP('',(#5299,#5300,#5301,#5302));
#977=EDGE_LOOP('',(#5303,#5304,#5305,#5306));
#978=EDGE_LOOP('',(#5307,#5308,#5309,#5310));
#979=EDGE_LOOP('',(#5311,#5312,#5313,#5314));
#980=EDGE_LOOP('',(#5315,#5316,#5317,#5318));
#981=EDGE_LOOP('',(#5319,#5320,#5321,#5322));
#982=CIRCLE('',#5694,0.1);
#983=CIRCLE('',#5695,0.100000000000007);
#984=CIRCLE('',#5696,0.100000000000007);
#985=CIRCLE('',#5697,0.1);
#986=CIRCLE('',#5698,0.1);
#987=CIRCLE('',#5699,0.100000000000002);
#988=CIRCLE('',#5700,0.100000000000002);
#989=CIRCLE('',#5701,0.1);
#990=CIRCLE('',#5702,0.0999999999999979);
#991=CIRCLE('',#5703,0.0999999999999979);
#992=CIRCLE('',#5704,0.1);
#993=CIRCLE('',#5705,0.1);
#994=CIRCLE('',#5706,0.0999999999999985);
#995=CIRCLE('',#5707,0.0999999999999985);
#996=CIRCLE('',#5708,0.1);
#997=CIRCLE('',#5709,0.0999999999999979);
#998=CIRCLE('',#5710,0.0999999999999979);
#999=CIRCLE('',#5711,0.1);
#1000=CIRCLE('',#5712,0.1);
#1001=CIRCLE('',#5713,0.100000000000004);
#1002=CIRCLE('',#5714,0.100000000000004);
#1003=CIRCLE('',#5715,0.1);
#1004=CIRCLE('',#5716,0.100000000000007);
#1005=CIRCLE('',#5717,0.100000000000007);
#1006=CIRCLE('',#5718,0.1);
#1007=CIRCLE('',#5719,0.1);
#1008=CIRCLE('',#5720,0.0999999999999985);
#1009=CIRCLE('',#5721,0.0999999999999985);
#1010=CIRCLE('',#5723,0.2);
#1011=CIRCLE('',#5724,0.199999999999996);
#1012=CIRCLE('',#5726,0.2);
#1013=CIRCLE('',#5727,0.2);
#1014=CIRCLE('',#5728,0.4);
#1015=CIRCLE('',#5730,0.2);
#1016=CIRCLE('',#5732,0.2);
#1017=CIRCLE('',#5733,0.2);
#1018=CIRCLE('',#5734,0.4);
#1019=CIRCLE('',#5736,0.2);
#1020=CIRCLE('',#5738,0.2);
#1021=CIRCLE('',#5739,0.2);
#1022=CIRCLE('',#5741,0.2);
#1023=CIRCLE('',#5742,0.2);
#1024=CIRCLE('',#5743,0.4);
#1025=CIRCLE('',#5745,0.2);
#1026=CIRCLE('',#5747,0.2);
#1027=CIRCLE('',#5748,0.2);
#1028=CIRCLE('',#5749,0.4);
#1029=CIRCLE('',#5751,0.2);
#1030=CIRCLE('',#5753,0.199999999999998);
#1031=CIRCLE('',#5755,0.2);
#1032=CIRCLE('',#5756,0.199999999999996);
#1033=CIRCLE('',#5758,0.2);
#1034=CIRCLE('',#5759,0.2);
#1035=CIRCLE('',#5760,0.4);
#1036=CIRCLE('',#5762,0.2);
#1037=CIRCLE('',#5764,0.2);
#1038=CIRCLE('',#5765,0.2);
#1039=CIRCLE('',#5766,0.4);
#1040=CIRCLE('',#5768,0.2);
#1041=CIRCLE('',#5770,0.199999999999998);
#1042=CIRCLE('',#5772,0.2);
#1043=CIRCLE('',#5773,0.2);
#1044=CIRCLE('',#5775,0.2);
#1045=CIRCLE('',#5776,0.2);
#1046=CIRCLE('',#5777,0.4);
#1047=CIRCLE('',#5779,0.200000000000002);
#1048=CIRCLE('',#5781,0.2);
#1049=CIRCLE('',#5782,0.2);
#1050=CIRCLE('',#5783,0.4);
#1051=CIRCLE('',#5785,0.2);
#1052=CIRCLE('',#5787,0.199999999999998);
#1053=CIRCLE('',#5789,0.199999999999998);
#1054=CIRCLE('',#5791,0.2);
#1055=CIRCLE('',#5794,0.2);
#1056=CIRCLE('',#5797,0.2);
#1057=CIRCLE('',#5799,0.2);
#1058=CIRCLE('',#5802,0.2);
#1059=CIRCLE('',#5804,0.2);
#1060=CIRCLE('',#5807,0.0999999999999994);
#1061=CIRCLE('',#5809,0.1);
#1062=CIRCLE('',#5810,0.3);
#1063=CIRCLE('',#5812,0.100000000000002);
#1064=CIRCLE('',#5813,0.0999999999999979);
#1065=CIRCLE('',#5814,0.1);
#1066=CIRCLE('',#5815,0.2);
#1067=CIRCLE('',#5817,0.100000000000007);
#1068=CIRCLE('',#5818,0.1);
#1069=CIRCLE('',#5819,0.1);
#1070=CIRCLE('',#5820,0.2);
#1071=CIRCLE('',#5822,0.1);
#1072=CIRCLE('',#5824,0.0999999999999993);
#1073=CIRCLE('',#5825,0.3);
#1074=CIRCLE('',#5826,0.2);
#1075=CIRCLE('',#5832,0.0999999999999985);
#1076=CIRCLE('',#5834,0.1);
#1077=CIRCLE('',#5835,0.3);
#1078=CIRCLE('',#5836,0.2);
#1079=CIRCLE('',#5838,0.1);
#1080=CIRCLE('',#5839,0.0999999999999979);
#1081=CIRCLE('',#5840,0.1);
#1082=CIRCLE('',#5842,0.0999999999999979);
#1083=CIRCLE('',#5843,0.1);
#1084=CIRCLE('',#5844,0.1);
#1085=CIRCLE('',#5846,0.1);
#1086=CIRCLE('',#5848,0.100000000000001);
#1087=CIRCLE('',#5849,0.3);
#1088=CIRCLE('',#5856,0.1);
#1089=CIRCLE('',#5857,0.1);
#1090=CIRCLE('',#5859,0.100000000000007);
#1091=CIRCLE('',#5860,0.1);
#1092=CIRCLE('',#5861,0.1);
#1093=CIRCLE('',#5863,0.1);
#1094=CIRCLE('',#5864,0.0999999999999979);
#1095=CIRCLE('',#5865,0.1);
#1096=CIRCLE('',#5868,0.0999999999999979);
#1097=CIRCLE('',#5869,0.1);
#1098=CIRCLE('',#5870,0.1);
#1099=CIRCLE('',#5871,0.2);
#1100=CIRCLE('',#5873,0.1);
#1101=CIRCLE('',#5874,0.0999999999999979);
#1102=CIRCLE('',#5875,0.1);
#1103=CIRCLE('',#5876,0.2);
#1104=CIRCLE('',#5879,0.750000000000004);
#1105=CIRCLE('',#5880,0.650000000000004);
#1106=CIRCLE('',#5881,0.650000000000004);
#1107=CIRCLE('',#5883,0.750000000000004);
#1108=CIRCLE('',#5884,0.650000000000004);
#1109=CIRCLE('',#5891,0.650000000000004);
#1110=CIRCLE('',#5895,0.2);
#1111=CIRCLE('',#5896,0.199999999999987);
#1112=CIRCLE('',#5898,0.2);
#1113=CIRCLE('',#5899,0.2);
#1114=CIRCLE('',#5900,0.4);
#1115=CIRCLE('',#5902,0.2);
#1116=CIRCLE('',#5904,0.2);
#1117=CIRCLE('',#5905,0.2);
#1118=CIRCLE('',#5906,0.4);
#1119=CIRCLE('',#5908,0.2);
#1120=CIRCLE('',#5910,0.2);
#1121=CIRCLE('',#5911,0.2);
#1122=CIRCLE('',#5913,0.2);
#1123=CIRCLE('',#5914,0.2);
#1124=CIRCLE('',#5915,0.4);
#1125=CIRCLE('',#5917,0.2);
#1126=CIRCLE('',#5919,0.2);
#1127=CIRCLE('',#5920,0.2);
#1128=CIRCLE('',#5921,0.4);
#1129=CIRCLE('',#5923,0.2);
#1130=CIRCLE('',#5925,0.199999999999998);
#1131=CIRCLE('',#5927,0.2);
#1132=CIRCLE('',#5928,0.200000000000005);
#1133=CIRCLE('',#5930,0.2);
#1134=CIRCLE('',#5931,0.2);
#1135=CIRCLE('',#5932,0.4);
#1136=CIRCLE('',#5934,0.2);
#1137=CIRCLE('',#5936,0.2);
#1138=CIRCLE('',#5937,0.2);
#1139=CIRCLE('',#5938,0.4);
#1140=CIRCLE('',#5940,0.2);
#1141=CIRCLE('',#5942,0.199999999999998);
#1142=CIRCLE('',#5944,0.2);
#1143=CIRCLE('',#5945,0.2);
#1144=CIRCLE('',#5947,0.2);
#1145=CIRCLE('',#5948,0.2);
#1146=CIRCLE('',#5949,0.4);
#1147=CIRCLE('',#5951,0.2);
#1148=CIRCLE('',#5953,0.2);
#1149=CIRCLE('',#5954,0.2);
#1150=CIRCLE('',#5955,0.4);
#1151=CIRCLE('',#5957,0.2);
#1152=CIRCLE('',#5959,0.200000000000001);
#1153=CIRCLE('',#5961,0.199999999999998);
#1154=CIRCLE('',#5963,0.2);
#1155=CIRCLE('',#5966,0.2);
#1156=CIRCLE('',#5969,0.2);
#1157=CIRCLE('',#5971,0.2);
#1158=CIRCLE('',#5974,0.2);
#1159=CIRCLE('',#5976,0.2);
#1160=CIRCLE('',#5979,0.0999999999999994);
#1161=CIRCLE('',#5981,0.1);
#1162=CIRCLE('',#5982,0.3);
#1163=CIRCLE('',#5984,0.0999999999999979);
#1164=CIRCLE('',#5985,0.0999999999999979);
#1165=CIRCLE('',#5986,0.1);
#1166=CIRCLE('',#5987,0.2);
#1167=CIRCLE('',#5989,0.100000000000007);
#1168=CIRCLE('',#5990,0.1);
#1169=CIRCLE('',#5991,0.1);
#1170=CIRCLE('',#5992,0.2);
#1171=CIRCLE('',#5994,0.0999999999999979);
#1172=CIRCLE('',#5996,0.0999999999999993);
#1173=CIRCLE('',#5997,0.3);
#1174=CIRCLE('',#5998,0.2);
#1175=CIRCLE('',#6004,0.0999999999999994);
#1176=CIRCLE('',#6006,0.1);
#1177=CIRCLE('',#6007,0.3);
#1178=CIRCLE('',#6008,0.2);
#1179=CIRCLE('',#6010,0.0999999999999979);
#1180=CIRCLE('',#6011,0.0999999999999979);
#1181=CIRCLE('',#6012,0.1);
#1182=CIRCLE('',#6014,0.0999999999999979);
#1183=CIRCLE('',#6015,0.1);
#1184=CIRCLE('',#6016,0.1);
#1185=CIRCLE('',#6018,0.0999999999999979);
#1186=CIRCLE('',#6020,0.0999999999999993);
#1187=CIRCLE('',#6021,0.3);
#1188=CIRCLE('',#6028,0.1);
#1189=CIRCLE('',#6029,0.1);
#1190=CIRCLE('',#6031,0.0999999999999979);
#1191=CIRCLE('',#6032,0.1);
#1192=CIRCLE('',#6033,0.1);
#1193=CIRCLE('',#6035,0.0999999999999979);
#1194=CIRCLE('',#6036,0.0999999999999979);
#1195=CIRCLE('',#6037,0.1);
#1196=CIRCLE('',#6040,0.100000000000007);
#1197=CIRCLE('',#6041,0.1);
#1198=CIRCLE('',#6042,0.1);
#1199=CIRCLE('',#6043,0.2);
#1200=CIRCLE('',#6045,0.1);
#1201=CIRCLE('',#6046,0.0999999999999979);
#1202=CIRCLE('',#6047,0.1);
#1203=CIRCLE('',#6048,0.2);
#1204=CIRCLE('',#6051,0.749999999999995);
#1205=CIRCLE('',#6052,0.649999999999995);
#1206=CIRCLE('',#6053,0.649999999999995);
#1207=CIRCLE('',#6055,0.749999999999995);
#1208=CIRCLE('',#6056,0.649999999999995);
#1209=CIRCLE('',#6064,0.649999999999995);
#1210=CIRCLE('',#6069,1.25);
#1211=CIRCLE('',#6070,1.25);
#1212=CIRCLE('',#6073,1.25);
#1213=CIRCLE('',#6074,1.24999999999999);
#1214=CIRCLE('',#6075,1.25);
#1215=CIRCLE('',#6076,1.25);
#1216=CIRCLE('',#6077,1.25);
#1217=CIRCLE('',#6078,1.24999999999999);
#1218=CIRCLE('',#6079,1.);
#1219=CIRCLE('',#6080,1.);
#1220=CIRCLE('',#6081,1.25);
#1221=CIRCLE('',#6082,1.25);
#1222=CIRCLE('',#6083,1.25);
#1223=CIRCLE('',#6084,1.25);
#1224=CIRCLE('',#6085,1.25);
#1225=CIRCLE('',#6086,1.25);
#1226=CIRCLE('',#6087,1.25);
#1227=CIRCLE('',#6088,1.25);
#1228=CIRCLE('',#6089,1.25);
#1229=CIRCLE('',#6090,1.25);
#1230=CIRCLE('',#6091,1.25);
#1231=CIRCLE('',#6092,1.25);
#1232=CIRCLE('',#6093,1.25);
#1233=CIRCLE('',#6094,1.25);
#1234=CIRCLE('',#6095,1.25);
#1235=CIRCLE('',#6096,1.25);
#1236=CIRCLE('',#6097,1.25);
#1237=CIRCLE('',#6098,1.25);
#1238=CIRCLE('',#6099,1.);
#1239=CIRCLE('',#6100,1.);
#1240=CIRCLE('',#6101,1.24999999999999);
#1241=CIRCLE('',#6102,1.25);
#1242=CIRCLE('',#6103,1.25);
#1243=CIRCLE('',#6104,1.25);
#1244=CIRCLE('',#6105,1.24999999999999);
#1245=CIRCLE('',#6106,1.25);
#1246=CIRCLE('',#6107,1.25);
#1247=CIRCLE('',#6108,1.25);
#1248=CIRCLE('',#6109,1.25);
#1249=CIRCLE('',#6110,1.25);
#1250=CIRCLE('',#6111,1.25);
#1251=CIRCLE('',#6112,1.25);
#1252=CIRCLE('',#6113,1.25);
#1253=CIRCLE('',#6114,1.25);
#1254=CIRCLE('',#6115,1.25);
#1255=CIRCLE('',#6116,1.25);
#1256=CIRCLE('',#6117,1.25);
#1257=CIRCLE('',#6119,1.25);
#1258=CIRCLE('',#6122,1.25);
#1259=CIRCLE('',#6123,1.25);
#1260=CIRCLE('',#6124,1.25);
#1261=CIRCLE('',#6125,1.25);
#1262=CIRCLE('',#6126,1.25);
#1263=CIRCLE('',#6127,1.25);
#1264=CIRCLE('',#6128,1.25);
#1265=CIRCLE('',#6129,1.25);
#1266=CIRCLE('',#6130,1.25);
#1267=CIRCLE('',#6131,1.24999999999999);
#1268=CIRCLE('',#6132,1.25);
#1269=CIRCLE('',#6133,1.25);
#1270=CIRCLE('',#6134,1.25);
#1271=CIRCLE('',#6135,1.24999999999999);
#1272=CIRCLE('',#6136,1.);
#1273=CIRCLE('',#6137,1.);
#1274=CIRCLE('',#6138,1.25);
#1275=CIRCLE('',#6139,1.25);
#1276=CIRCLE('',#6140,1.25);
#1277=CIRCLE('',#6141,1.25);
#1278=CIRCLE('',#6142,1.25);
#1279=CIRCLE('',#6143,1.25);
#1280=CIRCLE('',#6144,1.25);
#1281=CIRCLE('',#6145,1.25);
#1282=CIRCLE('',#6146,1.25);
#1283=CIRCLE('',#6147,1.25);
#1284=CIRCLE('',#6148,1.25);
#1285=CIRCLE('',#6149,1.25);
#1286=CIRCLE('',#6150,1.25);
#1287=CIRCLE('',#6151,1.25);
#1288=CIRCLE('',#6152,1.25);
#1289=CIRCLE('',#6153,1.25);
#1290=CIRCLE('',#6154,1.25);
#1291=CIRCLE('',#6155,1.25);
#1292=CIRCLE('',#6156,1.);
#1293=CIRCLE('',#6157,1.);
#1294=CIRCLE('',#6158,1.24999999999999);
#1295=CIRCLE('',#6159,1.25);
#1296=CIRCLE('',#6160,1.25);
#1297=CIRCLE('',#6161,1.25);
#1298=CIRCLE('',#6162,1.24999999999999);
#1299=CIRCLE('',#6163,1.25);
#1300=CIRCLE('',#6164,1.25);
#1301=CIRCLE('',#6165,1.25);
#1302=LINE('',#7986,#1753);
#1303=LINE('',#8040,#1754);
#1304=LINE('',#8479,#1755);
#1305=LINE('',#8533,#1756);
#1306=LINE('',#8972,#1757);
#1307=LINE('',#9026,#1758);
#1308=LINE('',#9465,#1759);
#1309=LINE('',#9519,#1760);
#1310=LINE('',#9904,#1761);
#1311=LINE('',#9907,#1762);
#1312=LINE('',#9918,#1763);
#1313=LINE('',#9919,#1764);
#1314=LINE('',#9930,#1765);
#1315=LINE('',#9931,#1766);
#1316=LINE('',#9937,#1767);
#1317=LINE('',#9939,#1768);
#1318=LINE('',#9950,#1769);
#1319=LINE('',#9951,#1770);
#1320=LINE('',#9962,#1771);
#1321=LINE('',#9963,#1772);
#1322=LINE('',#9971,#1773);
#1323=LINE('',#9973,#1774);
#1324=LINE('',#9984,#1775);
#1325=LINE('',#9985,#1776);
#1326=LINE('',#9996,#1777);
#1327=LINE('',#9997,#1778);
#1328=LINE('',#10005,#1779);
#1329=LINE('',#10007,#1780);
#1330=LINE('',#10018,#1781);
#1331=LINE('',#10019,#1782);
#1332=LINE('',#10029,#1783);
#1333=LINE('',#10030,#1784);
#1334=LINE('',#10037,#1785);
#1335=LINE('',#10040,#1786);
#1336=LINE('',#10043,#1787);
#1337=LINE('',#10044,#1788);
#1338=LINE('',#10047,#1789);
#1339=LINE('',#10051,#1790);
#1340=LINE('',#10052,#1791);
#1341=LINE('',#10055,#1792);
#1342=LINE('',#10066,#1793);
#1343=LINE('',#10069,#1794);
#1344=LINE('',#10072,#1795);
#1345=LINE('',#10073,#1796);
#1346=LINE('',#10076,#1797);
#1347=LINE('',#10080,#1798);
#1348=LINE('',#10090,#1799);
#1349=LINE('',#10093,#1800);
#1350=LINE('',#10094,#1801);
#1351=LINE('',#10098,#1802);
#1352=LINE('',#10100,#1803);
#1353=LINE('',#10102,#1804);
#1354=LINE('',#10103,#1805);
#1355=LINE('',#10143,#1806);
#1356=LINE('',#10162,#1807);
#1357=LINE('',#10163,#1808);
#1358=LINE('',#10182,#1809);
#1359=LINE('',#10183,#1810);
#1360=LINE('',#10234,#1811);
#1361=LINE('',#10235,#1812);
#1362=LINE('',#10237,#1813);
#1363=LINE('',#10239,#1814);
#1364=LINE('',#10241,#1815);
#1365=LINE('',#10292,#1816);
#1366=LINE('',#10293,#1817);
#1367=LINE('',#10309,#1818);
#1368=LINE('',#10325,#1819);
#1369=LINE('',#10367,#1820);
#1370=LINE('',#10369,#1821);
#1371=LINE('',#10371,#1822);
#1372=LINE('',#10372,#1823);
#1373=LINE('',#10375,#1824);
#1374=LINE('',#10376,#1825);
#1375=LINE('',#10513,#1826);
#1376=LINE('',#10514,#1827);
#1377=LINE('',#10530,#1828);
#1378=LINE('',#10544,#1829);
#1379=LINE('',#10545,#1830);
#1380=LINE('',#10550,#1831);
#1381=LINE('',#10551,#1832);
#1382=LINE('',#10570,#1833);
#1383=LINE('',#10571,#1834);
#1384=LINE('',#10587,#1835);
#1385=LINE('',#10588,#1836);
#1386=LINE('',#10598,#1837);
#1387=LINE('',#10599,#1838);
#1388=LINE('',#10601,#1839);
#1389=LINE('',#10603,#1840);
#1390=LINE('',#10608,#1841);
#1391=LINE('',#10617,#1842);
#1392=LINE('',#10620,#1843);
#1393=LINE('',#10631,#1844);
#1394=LINE('',#10632,#1845);
#1395=LINE('',#10643,#1846);
#1396=LINE('',#10644,#1847);
#1397=LINE('',#10650,#1848);
#1398=LINE('',#10652,#1849);
#1399=LINE('',#10663,#1850);
#1400=LINE('',#10664,#1851);
#1401=LINE('',#10675,#1852);
#1402=LINE('',#10676,#1853);
#1403=LINE('',#10684,#1854);
#1404=LINE('',#10686,#1855);
#1405=LINE('',#10697,#1856);
#1406=LINE('',#10698,#1857);
#1407=LINE('',#10709,#1858);
#1408=LINE('',#10710,#1859);
#1409=LINE('',#10718,#1860);
#1410=LINE('',#10720,#1861);
#1411=LINE('',#10731,#1862);
#1412=LINE('',#10732,#1863);
#1413=LINE('',#10742,#1864);
#1414=LINE('',#10743,#1865);
#1415=LINE('',#10750,#1866);
#1416=LINE('',#10753,#1867);
#1417=LINE('',#10756,#1868);
#1418=LINE('',#10757,#1869);
#1419=LINE('',#10760,#1870);
#1420=LINE('',#10764,#1871);
#1421=LINE('',#10765,#1872);
#1422=LINE('',#10768,#1873);
#1423=LINE('',#10779,#1874);
#1424=LINE('',#10782,#1875);
#1425=LINE('',#10785,#1876);
#1426=LINE('',#10786,#1877);
#1427=LINE('',#10789,#1878);
#1428=LINE('',#10793,#1879);
#1429=LINE('',#10803,#1880);
#1430=LINE('',#10806,#1881);
#1431=LINE('',#10807,#1882);
#1432=LINE('',#10811,#1883);
#1433=LINE('',#10813,#1884);
#1434=LINE('',#10815,#1885);
#1435=LINE('',#10816,#1886);
#1436=LINE('',#10856,#1887);
#1437=LINE('',#10875,#1888);
#1438=LINE('',#10876,#1889);
#1439=LINE('',#10895,#1890);
#1440=LINE('',#10896,#1891);
#1441=LINE('',#10947,#1892);
#1442=LINE('',#10948,#1893);
#1443=LINE('',#10950,#1894);
#1444=LINE('',#10952,#1895);
#1445=LINE('',#10954,#1896);
#1446=LINE('',#11005,#1897);
#1447=LINE('',#11006,#1898);
#1448=LINE('',#11022,#1899);
#1449=LINE('',#11038,#1900);
#1450=LINE('',#11080,#1901);
#1451=LINE('',#11082,#1902);
#1452=LINE('',#11084,#1903);
#1453=LINE('',#11085,#1904);
#1454=LINE('',#11088,#1905);
#1455=LINE('',#11089,#1906);
#1456=LINE('',#11226,#1907);
#1457=LINE('',#11227,#1908);
#1458=LINE('',#11243,#1909);
#1459=LINE('',#11257,#1910);
#1460=LINE('',#11258,#1911);
#1461=LINE('',#11263,#1912);
#1462=LINE('',#11264,#1913);
#1463=LINE('',#11283,#1914);
#1464=LINE('',#11284,#1915);
#1465=LINE('',#11300,#1916);
#1466=LINE('',#11301,#1917);
#1467=LINE('',#11311,#1918);
#1468=LINE('',#11312,#1919);
#1469=LINE('',#11314,#1920);
#1470=LINE('',#11316,#1921);
#1471=LINE('',#11322,#1922);
#1472=LINE('',#11332,#1923);
#1473=LINE('',#11335,#1924);
#1474=LINE('',#11338,#1925);
#1475=LINE('',#11340,#1926);
#1476=LINE('',#11341,#1927);
#1477=LINE('',#11344,#1928);
#1478=LINE('',#11346,#1929);
#1479=LINE('',#11348,#1930);
#1480=LINE('',#11352,#1931);
#1481=LINE('',#11356,#1932);
#1482=LINE('',#11360,#1933);
#1483=LINE('',#11364,#1934);
#1484=LINE('',#11366,#1935);
#1485=LINE('',#11370,#1936);
#1486=LINE('',#11374,#1937);
#1487=LINE('',#11378,#1938);
#1488=LINE('',#11382,#1939);
#1489=LINE('',#11384,#1940);
#1490=LINE('',#11386,#1941);
#1491=LINE('',#11388,#1942);
#1492=LINE('',#11392,#1943);
#1493=LINE('',#11396,#1944);
#1494=LINE('',#11398,#1945);
#1495=LINE('',#11402,#1946);
#1496=LINE('',#11406,#1947);
#1497=LINE('',#11410,#1948);
#1498=LINE('',#11414,#1949);
#1499=LINE('',#11418,#1950);
#1500=LINE('',#11422,#1951);
#1501=LINE('',#11426,#1952);
#1502=LINE('',#11430,#1953);
#1503=LINE('',#11434,#1954);
#1504=LINE('',#11438,#1955);
#1505=LINE('',#11442,#1956);
#1506=LINE('',#11446,#1957);
#1507=LINE('',#11450,#1958);
#1508=LINE('',#11454,#1959);
#1509=LINE('',#11456,#1960);
#1510=LINE('',#11460,#1961);
#1511=LINE('',#11464,#1962);
#1512=LINE('',#11466,#1963);
#1513=LINE('',#11468,#1964);
#1514=LINE('',#11470,#1965);
#1515=LINE('',#11474,#1966);
#1516=LINE('',#11478,#1967);
#1517=LINE('',#11482,#1968);
#1518=LINE('',#11486,#1969);
#1519=LINE('',#11488,#1970);
#1520=LINE('',#11492,#1971);
#1521=LINE('',#11496,#1972);
#1522=LINE('',#11500,#1973);
#1523=LINE('',#11504,#1974);
#1524=LINE('',#11506,#1975);
#1525=LINE('',#11508,#1976);
#1526=LINE('',#11512,#1977);
#1527=LINE('',#11516,#1978);
#1528=LINE('',#11519,#1979);
#1529=LINE('',#11523,#1980);
#1530=LINE('',#11527,#1981);
#1531=LINE('',#11529,#1982);
#1532=LINE('',#11531,#1983);
#1533=LINE('',#11533,#1984);
#1534=LINE('',#11535,#1985);
#1535=LINE('',#11537,#1986);
#1536=LINE('',#11541,#1987);
#1537=LINE('',#11544,#1988);
#1538=LINE('',#11548,#1989);
#1539=LINE('',#11552,#1990);
#1540=LINE('',#11554,#1991);
#1541=LINE('',#11556,#1992);
#1542=LINE('',#11557,#1993);
#1543=LINE('',#11562,#1994);
#1544=LINE('',#11564,#1995);
#1545=LINE('',#11566,#1996);
#1546=LINE('',#11567,#1997);
#1547=LINE('',#11572,#1998);
#1548=LINE('',#11574,#1999);
#1549=LINE('',#11576,#2000);
#1550=LINE('',#11577,#2001);
#1551=LINE('',#11580,#2002);
#1552=LINE('',#11582,#2003);
#1553=LINE('',#11584,#2004);
#1554=LINE('',#11585,#2005);
#1555=LINE('',#11590,#2006);
#1556=LINE('',#11591,#2007);
#1557=LINE('',#11594,#2008);
#1558=LINE('',#11595,#2009);
#1559=LINE('',#11600,#2010);
#1560=LINE('',#11603,#2011);
#1561=LINE('',#11607,#2012);
#1562=LINE('',#11611,#2013);
#1563=LINE('',#11613,#2014);
#1564=LINE('',#11615,#2015);
#1565=LINE('',#11617,#2016);
#1566=LINE('',#11619,#2017);
#1567=LINE('',#11621,#2018);
#1568=LINE('',#11625,#2019);
#1569=LINE('',#11628,#2020);
#1570=LINE('',#11632,#2021);
#1571=LINE('',#11635,#2022);
#1572=LINE('',#11637,#2023);
#1573=LINE('',#11639,#2024);
#1574=LINE('',#11643,#2025);
#1575=LINE('',#11647,#2026);
#1576=LINE('',#11651,#2027);
#1577=LINE('',#11655,#2028);
#1578=LINE('',#11657,#2029);
#1579=LINE('',#11661,#2030);
#1580=LINE('',#11665,#2031);
#1581=LINE('',#11669,#2032);
#1582=LINE('',#11673,#2033);
#1583=LINE('',#11675,#2034);
#1584=LINE('',#11677,#2035);
#1585=LINE('',#11679,#2036);
#1586=LINE('',#11683,#2037);
#1587=LINE('',#11687,#2038);
#1588=LINE('',#11689,#2039);
#1589=LINE('',#11693,#2040);
#1590=LINE('',#11697,#2041);
#1591=LINE('',#11701,#2042);
#1592=LINE('',#11705,#2043);
#1593=LINE('',#11709,#2044);
#1594=LINE('',#11713,#2045);
#1595=LINE('',#11717,#2046);
#1596=LINE('',#11721,#2047);
#1597=LINE('',#11725,#2048);
#1598=LINE('',#11729,#2049);
#1599=LINE('',#11733,#2050);
#1600=LINE('',#11737,#2051);
#1601=LINE('',#11741,#2052);
#1602=LINE('',#11745,#2053);
#1603=LINE('',#11747,#2054);
#1604=LINE('',#11751,#2055);
#1605=LINE('',#11755,#2056);
#1606=LINE('',#11757,#2057);
#1607=LINE('',#11759,#2058);
#1608=LINE('',#11761,#2059);
#1609=LINE('',#11765,#2060);
#1610=LINE('',#11769,#2061);
#1611=LINE('',#11773,#2062);
#1612=LINE('',#11777,#2063);
#1613=LINE('',#11779,#2064);
#1614=LINE('',#11783,#2065);
#1615=LINE('',#11787,#2066);
#1616=LINE('',#11791,#2067);
#1617=LINE('',#11795,#2068);
#1618=LINE('',#11797,#2069);
#1619=LINE('',#11798,#2070);
#1620=LINE('',#11803,#2071);
#1621=LINE('',#11805,#2072);
#1622=LINE('',#11807,#2073);
#1623=LINE('',#11808,#2074);
#1624=LINE('',#11813,#2075);
#1625=LINE('',#11815,#2076);
#1626=LINE('',#11817,#2077);
#1627=LINE('',#11818,#2078);
#1628=LINE('',#11821,#2079);
#1629=LINE('',#11823,#2080);
#1630=LINE('',#11825,#2081);
#1631=LINE('',#11826,#2082);
#1632=LINE('',#11829,#2083);
#1633=LINE('',#11831,#2084);
#1634=LINE('',#11833,#2085);
#1635=LINE('',#11834,#2086);
#1636=LINE('',#11836,#2087);
#1637=LINE('',#11838,#2088);
#1638=LINE('',#11839,#2089);
#1639=LINE('',#11841,#2090);
#1640=LINE('',#11842,#2091);
#1641=LINE('',#11844,#2092);
#1642=LINE('',#11847,#2093);
#1643=LINE('',#11849,#2094);
#1644=LINE('',#11850,#2095);
#1645=LINE('',#11852,#2096);
#1646=LINE('',#11854,#2097);
#1647=LINE('',#11856,#2098);
#1648=LINE('',#11859,#2099);
#1649=LINE('',#11861,#2100);
#1650=LINE('',#11863,#2101);
#1651=LINE('',#11867,#2102);
#1652=LINE('',#11870,#2103);
#1653=LINE('',#11872,#2104);
#1654=LINE('',#11873,#2105);
#1655=LINE('',#11875,#2106);
#1656=LINE('',#11877,#2107);
#1657=LINE('',#11879,#2108);
#1658=LINE('',#11880,#2109);
#1659=LINE('',#11882,#2110);
#1660=LINE('',#11884,#2111);
#1661=LINE('',#11886,#2112);
#1662=LINE('',#11889,#2113);
#1663=LINE('',#11890,#2114);
#1664=LINE('',#11892,#2115);
#1665=LINE('',#11894,#2116);
#1666=LINE('',#11896,#2117);
#1667=LINE('',#11897,#2118);
#1668=LINE('',#11899,#2119);
#1669=LINE('',#11901,#2120);
#1670=LINE('',#11902,#2121);
#1671=LINE('',#11904,#2122);
#1672=LINE('',#11905,#2123);
#1673=LINE('',#11907,#2124);
#1674=LINE('',#11909,#2125);
#1675=LINE('',#11911,#2126);
#1676=LINE('',#11912,#2127);
#1677=LINE('',#11914,#2128);
#1678=LINE('',#11916,#2129);
#1679=LINE('',#11918,#2130);
#1680=LINE('',#11921,#2131);
#1681=LINE('',#11922,#2132);
#1682=LINE('',#11924,#2133);
#1683=LINE('',#11926,#2134);
#1684=LINE('',#11929,#2135);
#1685=LINE('',#11931,#2136);
#1686=LINE('',#11933,#2137);
#1687=LINE('',#11935,#2138);
#1688=LINE('',#11938,#2139);
#1689=LINE('',#11940,#2140);
#1690=LINE('',#11942,#2141);
#1691=LINE('',#11944,#2142);
#1692=LINE('',#11946,#2143);
#1693=LINE('',#11948,#2144);
#1694=LINE('',#11953,#2145);
#1695=LINE('',#11954,#2146);
#1696=LINE('',#11956,#2147);
#1697=LINE('',#11958,#2148);
#1698=LINE('',#11960,#2149);
#1699=LINE('',#11962,#2150);
#1700=LINE('',#11964,#2151);
#1701=LINE('',#11966,#2152);
#1702=LINE('',#11968,#2153);
#1703=LINE('',#11969,#2154);
#1704=LINE('',#11971,#2155);
#1705=LINE('',#11973,#2156);
#1706=LINE('',#11975,#2157);
#1707=LINE('',#11977,#2158);
#1708=LINE('',#11979,#2159);
#1709=LINE('',#11981,#2160);
#1710=LINE('',#11983,#2161);
#1711=LINE('',#11985,#2162);
#1712=LINE('',#11987,#2163);
#1713=LINE('',#11989,#2164);
#1714=LINE('',#11992,#2165);
#1715=LINE('',#11994,#2166);
#1716=LINE('',#11996,#2167);
#1717=LINE('',#11998,#2168);
#1718=LINE('',#12000,#2169);
#1719=LINE('',#12002,#2170);
#1720=LINE('',#12003,#2171);
#1721=LINE('',#12005,#2172);
#1722=LINE('',#12007,#2173);
#1723=LINE('',#12009,#2174);
#1724=LINE('',#12011,#2175);
#1725=LINE('',#12013,#2176);
#1726=LINE('',#12014,#2177);
#1727=LINE('',#12016,#2178);
#1728=LINE('',#12018,#2179);
#1729=LINE('',#12019,#2180);
#1730=LINE('',#12021,#2181);
#1731=LINE('',#12023,#2182);
#1732=LINE('',#12025,#2183);
#1733=LINE('',#12027,#2184);
#1734=LINE('',#12029,#2185);
#1735=LINE('',#12030,#2186);
#1736=LINE('',#12032,#2187);
#1737=LINE('',#12034,#2188);
#1738=LINE('',#12036,#2189);
#1739=LINE('',#12039,#2190);
#1740=LINE('',#12041,#2191);
#1741=LINE('',#12043,#2192);
#1742=LINE('',#12046,#2193);
#1743=LINE('',#12047,#2194);
#1744=LINE('',#12049,#2195);
#1745=LINE('',#12051,#2196);
#1746=LINE('',#12053,#2197);
#1747=LINE('',#12056,#2198);
#1748=LINE('',#12058,#2199);
#1749=LINE('',#12061,#2200);
#1750=LINE('',#12066,#2201);
#1751=LINE('',#12068,#2202);
#1752=LINE('',#12071,#2203);
#1753=VECTOR('',#6289,10.);
#1754=VECTOR('',#6294,10.);
#1755=VECTOR('',#6305,10.);
#1756=VECTOR('',#6310,10.);
#1757=VECTOR('',#6321,10.);
#1758=VECTOR('',#6326,10.);
#1759=VECTOR('',#6337,10.);
#1760=VECTOR('',#6342,10.);
#1761=VECTOR('',#6357,10.);
#1762=VECTOR('',#6360,10.);
#1763=VECTOR('',#6373,10.);
#1764=VECTOR('',#6374,10.);
#1765=VECTOR('',#6387,10.);
#1766=VECTOR('',#6388,10.);
#1767=VECTOR('',#6393,10.);
#1768=VECTOR('',#6396,10.);
#1769=VECTOR('',#6409,10.);
#1770=VECTOR('',#6410,10.);
#1771=VECTOR('',#6423,10.);
#1772=VECTOR('',#6424,10.);
#1773=VECTOR('',#6433,10.);
#1774=VECTOR('',#6436,10.);
#1775=VECTOR('',#6449,10.);
#1776=VECTOR('',#6450,10.);
#1777=VECTOR('',#6463,10.);
#1778=VECTOR('',#6464,10.);
#1779=VECTOR('',#6473,10.);
#1780=VECTOR('',#6476,10.);
#1781=VECTOR('',#6489,10.);
#1782=VECTOR('',#6490,10.);
#1783=VECTOR('',#6503,10.);
#1784=VECTOR('',#6504,10.);
#1785=VECTOR('',#6515,10.);
#1786=VECTOR('',#6518,10.);
#1787=VECTOR('',#6521,10.);
#1788=VECTOR('',#6522,10.);
#1789=VECTOR('',#6525,10.);
#1790=VECTOR('',#6530,10.);
#1791=VECTOR('',#6531,10.);
#1792=VECTOR('',#6534,10.);
#1793=VECTOR('',#6539,10.);
#1794=VECTOR('',#6542,10.);
#1795=VECTOR('',#6545,10.);
#1796=VECTOR('',#6546,10.);
#1797=VECTOR('',#6549,10.);
#1798=VECTOR('',#6554,10.);
#1799=VECTOR('',#6557,10.);
#1800=VECTOR('',#6560,10.);
#1801=VECTOR('',#6561,10.);
#1802=VECTOR('',#6564,10.);
#1803=VECTOR('',#6565,10.);
#1804=VECTOR('',#6566,10.);
#1805=VECTOR('',#6567,10.);
#1806=VECTOR('',#6580,10.);
#1807=VECTOR('',#6591,10.);
#1808=VECTOR('',#6592,10.);
#1809=VECTOR('',#6603,10.);
#1810=VECTOR('',#6604,10.);
#1811=VECTOR('',#6615,10.);
#1812=VECTOR('',#6616,10.);
#1813=VECTOR('',#6619,10.);
#1814=VECTOR('',#6622,10.);
#1815=VECTOR('',#6625,10.);
#1816=VECTOR('',#6642,10.);
#1817=VECTOR('',#6643,10.);
#1818=VECTOR('',#6652,10.);
#1819=VECTOR('',#6661,10.);
#1820=VECTOR('',#6670,10.);
#1821=VECTOR('',#6673,10.);
#1822=VECTOR('',#6676,10.);
#1823=VECTOR('',#6677,10.);
#1824=VECTOR('',#6682,10.);
#1825=VECTOR('',#6683,10.);
#1826=VECTOR('',#6694,10.);
#1827=VECTOR('',#6695,10.);
#1828=VECTOR('',#6704,10.);
#1829=VECTOR('',#6711,10.);
#1830=VECTOR('',#6712,10.);
#1831=VECTOR('',#6717,10.);
#1832=VECTOR('',#6718,10.);
#1833=VECTOR('',#6729,10.);
#1834=VECTOR('',#6730,10.);
#1835=VECTOR('',#6739,10.);
#1836=VECTOR('',#6740,10.);
#1837=VECTOR('',#6757,10.);
#1838=VECTOR('',#6758,10.);
#1839=VECTOR('',#6761,10.);
#1840=VECTOR('',#6764,10.);
#1841=VECTOR('',#6771,0.650000000000004);
#1842=VECTOR('',#6782,10.);
#1843=VECTOR('',#6785,10.);
#1844=VECTOR('',#6798,10.);
#1845=VECTOR('',#6799,10.);
#1846=VECTOR('',#6812,10.);
#1847=VECTOR('',#6813,10.);
#1848=VECTOR('',#6818,10.);
#1849=VECTOR('',#6821,10.);
#1850=VECTOR('',#6834,10.);
#1851=VECTOR('',#6835,10.);
#1852=VECTOR('',#6848,10.);
#1853=VECTOR('',#6849,10.);
#1854=VECTOR('',#6858,10.);
#1855=VECTOR('',#6861,10.);
#1856=VECTOR('',#6874,10.);
#1857=VECTOR('',#6875,10.);
#1858=VECTOR('',#6888,10.);
#1859=VECTOR('',#6889,10.);
#1860=VECTOR('',#6898,10.);
#1861=VECTOR('',#6901,10.);
#1862=VECTOR('',#6914,10.);
#1863=VECTOR('',#6915,10.);
#1864=VECTOR('',#6928,10.);
#1865=VECTOR('',#6929,10.);
#1866=VECTOR('',#6940,10.);
#1867=VECTOR('',#6943,10.);
#1868=VECTOR('',#6946,10.);
#1869=VECTOR('',#6947,10.);
#1870=VECTOR('',#6950,10.);
#1871=VECTOR('',#6955,10.);
#1872=VECTOR('',#6956,10.);
#1873=VECTOR('',#6959,10.);
#1874=VECTOR('',#6964,10.);
#1875=VECTOR('',#6967,10.);
#1876=VECTOR('',#6970,10.);
#1877=VECTOR('',#6971,10.);
#1878=VECTOR('',#6974,10.);
#1879=VECTOR('',#6979,10.);
#1880=VECTOR('',#6982,10.);
#1881=VECTOR('',#6985,10.);
#1882=VECTOR('',#6986,10.);
#1883=VECTOR('',#6989,10.);
#1884=VECTOR('',#6990,10.);
#1885=VECTOR('',#6991,10.);
#1886=VECTOR('',#6992,10.);
#1887=VECTOR('',#7005,10.);
#1888=VECTOR('',#7016,10.);
#1889=VECTOR('',#7017,10.);
#1890=VECTOR('',#7028,10.);
#1891=VECTOR('',#7029,10.);
#1892=VECTOR('',#7040,10.);
#1893=VECTOR('',#7041,10.);
#1894=VECTOR('',#7044,10.);
#1895=VECTOR('',#7047,10.);
#1896=VECTOR('',#7050,10.);
#1897=VECTOR('',#7067,10.);
#1898=VECTOR('',#7068,10.);
#1899=VECTOR('',#7077,10.);
#1900=VECTOR('',#7086,10.);
#1901=VECTOR('',#7095,10.);
#1902=VECTOR('',#7098,10.);
#1903=VECTOR('',#7101,10.);
#1904=VECTOR('',#7102,10.);
#1905=VECTOR('',#7107,10.);
#1906=VECTOR('',#7108,10.);
#1907=VECTOR('',#7119,10.);
#1908=VECTOR('',#7120,10.);
#1909=VECTOR('',#7129,10.);
#1910=VECTOR('',#7136,10.);
#1911=VECTOR('',#7137,10.);
#1912=VECTOR('',#7142,10.);
#1913=VECTOR('',#7143,10.);
#1914=VECTOR('',#7154,10.);
#1915=VECTOR('',#7155,10.);
#1916=VECTOR('',#7164,10.);
#1917=VECTOR('',#7165,10.);
#1918=VECTOR('',#7182,10.);
#1919=VECTOR('',#7183,10.);
#1920=VECTOR('',#7186,10.);
#1921=VECTOR('',#7189,10.);
#1922=VECTOR('',#7198,0.649999999999995);
#1923=VECTOR('',#7211,10.);
#1924=VECTOR('',#7214,10.);
#1925=VECTOR('',#7217,10.);
#1926=VECTOR('',#7218,10.);
#1927=VECTOR('',#7219,10.);
#1928=VECTOR('',#7222,10.);
#1929=VECTOR('',#7223,10.);
#1930=VECTOR('',#7224,10.);
#1931=VECTOR('',#7227,10.);
#1932=VECTOR('',#7230,10.);
#1933=VECTOR('',#7233,10.);
#1934=VECTOR('',#7236,10.);
#1935=VECTOR('',#7237,10.);
#1936=VECTOR('',#7240,10.);
#1937=VECTOR('',#7243,10.);
#1938=VECTOR('',#7246,10.);
#1939=VECTOR('',#7249,10.);
#1940=VECTOR('',#7250,10.);
#1941=VECTOR('',#7251,10.);
#1942=VECTOR('',#7252,10.);
#1943=VECTOR('',#7255,10.);
#1944=VECTOR('',#7258,10.);
#1945=VECTOR('',#7259,10.);
#1946=VECTOR('',#7262,10.);
#1947=VECTOR('',#7265,10.);
#1948=VECTOR('',#7268,10.);
#1949=VECTOR('',#7271,10.);
#1950=VECTOR('',#7274,10.);
#1951=VECTOR('',#7277,10.);
#1952=VECTOR('',#7280,10.);
#1953=VECTOR('',#7283,10.);
#1954=VECTOR('',#7286,10.);
#1955=VECTOR('',#7289,10.);
#1956=VECTOR('',#7292,10.);
#1957=VECTOR('',#7295,10.);
#1958=VECTOR('',#7298,10.);
#1959=VECTOR('',#7301,10.);
#1960=VECTOR('',#7302,10.);
#1961=VECTOR('',#7305,10.);
#1962=VECTOR('',#7308,10.);
#1963=VECTOR('',#7309,10.);
#1964=VECTOR('',#7310,10.);
#1965=VECTOR('',#7311,10.);
#1966=VECTOR('',#7314,10.);
#1967=VECTOR('',#7317,10.);
#1968=VECTOR('',#7320,10.);
#1969=VECTOR('',#7323,10.);
#1970=VECTOR('',#7324,10.);
#1971=VECTOR('',#7327,10.);
#1972=VECTOR('',#7330,10.);
#1973=VECTOR('',#7333,10.);
#1974=VECTOR('',#7336,10.);
#1975=VECTOR('',#7337,10.);
#1976=VECTOR('',#7338,10.);
#1977=VECTOR('',#7341,10.);
#1978=VECTOR('',#7344,10.);
#1979=VECTOR('',#7347,10.);
#1980=VECTOR('',#7350,10.);
#1981=VECTOR('',#7353,10.);
#1982=VECTOR('',#7354,10.);
#1983=VECTOR('',#7355,10.);
#1984=VECTOR('',#7356,10.);
#1985=VECTOR('',#7357,10.);
#1986=VECTOR('',#7358,10.);
#1987=VECTOR('',#7361,10.);
#1988=VECTOR('',#7364,10.);
#1989=VECTOR('',#7367,10.);
#1990=VECTOR('',#7370,10.);
#1991=VECTOR('',#7371,10.);
#1992=VECTOR('',#7372,10.);
#1993=VECTOR('',#7373,10.);
#1994=VECTOR('',#7376,10.);
#1995=VECTOR('',#7377,10.);
#1996=VECTOR('',#7378,10.);
#1997=VECTOR('',#7379,10.);
#1998=VECTOR('',#7382,10.);
#1999=VECTOR('',#7383,10.);
#2000=VECTOR('',#7384,10.);
#2001=VECTOR('',#7385,10.);
#2002=VECTOR('',#7386,10.);
#2003=VECTOR('',#7387,10.);
#2004=VECTOR('',#7388,10.);
#2005=VECTOR('',#7389,10.);
#2006=VECTOR('',#7394,10.);
#2007=VECTOR('',#7395,10.);
#2008=VECTOR('',#7398,10.);
#2009=VECTOR('',#7399,10.);
#2010=VECTOR('',#7404,10.);
#2011=VECTOR('',#7407,10.);
#2012=VECTOR('',#7410,10.);
#2013=VECTOR('',#7413,10.);
#2014=VECTOR('',#7414,10.);
#2015=VECTOR('',#7415,10.);
#2016=VECTOR('',#7416,10.);
#2017=VECTOR('',#7417,10.);
#2018=VECTOR('',#7418,10.);
#2019=VECTOR('',#7421,10.);
#2020=VECTOR('',#7424,10.);
#2021=VECTOR('',#7427,10.);
#2022=VECTOR('',#7430,10.);
#2023=VECTOR('',#7431,10.);
#2024=VECTOR('',#7432,10.);
#2025=VECTOR('',#7435,10.);
#2026=VECTOR('',#7438,10.);
#2027=VECTOR('',#7441,10.);
#2028=VECTOR('',#7444,10.);
#2029=VECTOR('',#7445,10.);
#2030=VECTOR('',#7448,10.);
#2031=VECTOR('',#7451,10.);
#2032=VECTOR('',#7454,10.);
#2033=VECTOR('',#7457,10.);
#2034=VECTOR('',#7458,10.);
#2035=VECTOR('',#7459,10.);
#2036=VECTOR('',#7460,10.);
#2037=VECTOR('',#7463,10.);
#2038=VECTOR('',#7466,10.);
#2039=VECTOR('',#7467,10.);
#2040=VECTOR('',#7470,10.);
#2041=VECTOR('',#7473,10.);
#2042=VECTOR('',#7476,10.);
#2043=VECTOR('',#7479,10.);
#2044=VECTOR('',#7482,10.);
#2045=VECTOR('',#7485,10.);
#2046=VECTOR('',#7488,10.);
#2047=VECTOR('',#7491,10.);
#2048=VECTOR('',#7494,10.);
#2049=VECTOR('',#7497,10.);
#2050=VECTOR('',#7500,10.);
#2051=VECTOR('',#7503,10.);
#2052=VECTOR('',#7506,10.);
#2053=VECTOR('',#7509,10.);
#2054=VECTOR('',#7510,10.);
#2055=VECTOR('',#7513,10.);
#2056=VECTOR('',#7516,10.);
#2057=VECTOR('',#7517,10.);
#2058=VECTOR('',#7518,10.);
#2059=VECTOR('',#7519,10.);
#2060=VECTOR('',#7522,10.);
#2061=VECTOR('',#7525,10.);
#2062=VECTOR('',#7528,10.);
#2063=VECTOR('',#7531,10.);
#2064=VECTOR('',#7532,10.);
#2065=VECTOR('',#7535,10.);
#2066=VECTOR('',#7538,10.);
#2067=VECTOR('',#7541,10.);
#2068=VECTOR('',#7544,10.);
#2069=VECTOR('',#7545,10.);
#2070=VECTOR('',#7546,10.);
#2071=VECTOR('',#7549,10.);
#2072=VECTOR('',#7550,10.);
#2073=VECTOR('',#7551,10.);
#2074=VECTOR('',#7552,10.);
#2075=VECTOR('',#7555,10.);
#2076=VECTOR('',#7556,10.);
#2077=VECTOR('',#7557,10.);
#2078=VECTOR('',#7558,10.);
#2079=VECTOR('',#7559,10.);
#2080=VECTOR('',#7560,10.);
#2081=VECTOR('',#7561,10.);
#2082=VECTOR('',#7562,10.);
#2083=VECTOR('',#7563,10.);
#2084=VECTOR('',#7564,10.);
#2085=VECTOR('',#7565,10.);
#2086=VECTOR('',#7566,10.);
#2087=VECTOR('',#7569,10.);
#2088=VECTOR('',#7572,10.);
#2089=VECTOR('',#7573,10.);
#2090=VECTOR('',#7576,10.);
#2091=VECTOR('',#7577,10.);
#2092=VECTOR('',#7580,10.);
#2093=VECTOR('',#7585,10.);
#2094=VECTOR('',#7588,10.);
#2095=VECTOR('',#7589,10.);
#2096=VECTOR('',#7592,10.);
#2097=VECTOR('',#7595,10.);
#2098=VECTOR('',#7598,10.);
#2099=VECTOR('',#7603,10.);
#2100=VECTOR('',#7606,10.);
#2101=VECTOR('',#7609,10.);
#2102=VECTOR('',#7616,10.);
#2103=VECTOR('',#7621,10.);
#2104=VECTOR('',#7624,10.);
#2105=VECTOR('',#7625,10.);
#2106=VECTOR('',#7628,10.);
#2107=VECTOR('',#7631,10.);
#2108=VECTOR('',#7634,10.);
#2109=VECTOR('',#7635,10.);
#2110=VECTOR('',#7638,10.);
#2111=VECTOR('',#7641,10.);
#2112=VECTOR('',#7644,10.);
#2113=VECTOR('',#7649,10.);
#2114=VECTOR('',#7650,10.);
#2115=VECTOR('',#7653,10.);
#2116=VECTOR('',#7656,1.);
#2117=VECTOR('',#7659,10.);
#2118=VECTOR('',#7660,10.);
#2119=VECTOR('',#7663,1.25);
#2120=VECTOR('',#7666,1.);
#2121=VECTOR('',#7667,10.);
#2122=VECTOR('',#7670,10.);
#2123=VECTOR('',#7671,10.);
#2124=VECTOR('',#7674,10.);
#2125=VECTOR('',#7677,10.);
#2126=VECTOR('',#7680,10.);
#2127=VECTOR('',#7681,10.);
#2128=VECTOR('',#7684,10.);
#2129=VECTOR('',#7687,10.);
#2130=VECTOR('',#7690,10.);
#2131=VECTOR('',#7695,10.);
#2132=VECTOR('',#7696,10.);
#2133=VECTOR('',#7699,10.);
#2134=VECTOR('',#7702,10.);
#2135=VECTOR('',#7707,10.);
#2136=VECTOR('',#7710,10.);
#2137=VECTOR('',#7713,10.);
#2138=VECTOR('',#7716,10.);
#2139=VECTOR('',#7721,10.);
#2140=VECTOR('',#7724,10.);
#2141=VECTOR('',#7727,10.);
#2142=VECTOR('',#7730,10.);
#2143=VECTOR('',#7733,10.);
#2144=VECTOR('',#7736,10.);
#2145=VECTOR('',#7745,10.);
#2146=VECTOR('',#7746,10.);
#2147=VECTOR('',#7749,10.);
#2148=VECTOR('',#7752,10.);
#2149=VECTOR('',#7755,10.);
#2150=VECTOR('',#7758,10.);
#2151=VECTOR('',#7761,10.);
#2152=VECTOR('',#7764,10.);
#2153=VECTOR('',#7767,10.);
#2154=VECTOR('',#7768,10.);
#2155=VECTOR('',#7771,10.);
#2156=VECTOR('',#7774,10.);
#2157=VECTOR('',#7777,10.);
#2158=VECTOR('',#7780,10.);
#2159=VECTOR('',#7783,10.);
#2160=VECTOR('',#7786,10.);
#2161=VECTOR('',#7789,10.);
#2162=VECTOR('',#7792,10.);
#2163=VECTOR('',#7795,10.);
#2164=VECTOR('',#7798,10.);
#2165=VECTOR('',#7803,10.);
#2166=VECTOR('',#7806,10.);
#2167=VECTOR('',#7809,10.);
#2168=VECTOR('',#7812,10.);
#2169=VECTOR('',#7815,10.);
#2170=VECTOR('',#7818,10.);
#2171=VECTOR('',#7819,10.);
#2172=VECTOR('',#7822,1.);
#2173=VECTOR('',#7825,10.);
#2174=VECTOR('',#7828,1.);
#2175=VECTOR('',#7831,10.);
#2176=VECTOR('',#7834,10.);
#2177=VECTOR('',#7835,10.);
#2178=VECTOR('',#7838,10.);
#2179=VECTOR('',#7841,10.);
#2180=VECTOR('',#7842,10.);
#2181=VECTOR('',#7845,10.);
#2182=VECTOR('',#7848,10.);
#2183=VECTOR('',#7851,10.);
#2184=VECTOR('',#7854,10.);
#2185=VECTOR('',#7857,10.);
#2186=VECTOR('',#7858,10.);
#2187=VECTOR('',#7861,10.);
#2188=VECTOR('',#7864,10.);
#2189=VECTOR('',#7867,10.);
#2190=VECTOR('',#7872,10.);
#2191=VECTOR('',#7875,10.);
#2192=VECTOR('',#7878,10.);
#2193=VECTOR('',#7883,10.);
#2194=VECTOR('',#7884,10.);
#2195=VECTOR('',#7887,10.);
#2196=VECTOR('',#7890,10.);
#2197=VECTOR('',#7893,10.);
#2198=VECTOR('',#7898,1.25);
#2199=VECTOR('',#7901,10.);
#2200=VECTOR('',#7906,10.);
#2201=VECTOR('',#7915,10.);
#2202=VECTOR('',#7918,10.);
#2203=VECTOR('',#7923,10.);
#2204=B_SPLINE_CURVE_WITH_KNOTS('',3,(#7971,#7972,#7973,#7974,#7975,#7976,
#7977),.UNSPECIFIED.,.F.,.F.,(4,1,1,1,4),(0.,0.25,0.5,0.75,1.),
 .UNSPECIFIED.);
#2205=B_SPLINE_CURVE_WITH_KNOTS('',3,(#7979,#7980,#7981,#7982,#7983,#7984),
 .UNSPECIFIED.,.F.,.F.,(4,1,1,4),(0.,0.333333333333333,0.666666666666667,
1.),.UNSPECIFIED.);
#2206=B_SPLINE_CURVE_WITH_KNOTS('',3,(#8031,#8032,#8033,#8034,#8035,#8036,
#8037),.UNSPECIFIED.,.F.,.F.,(4,1,1,1,4),(0.,0.25,0.5,0.75,1.),
 .UNSPECIFIED.);
#2207=B_SPLINE_CURVE_WITH_KNOTS('',3,(#8084,#8085,#8086,#8087,#8088,#8089),
 .UNSPECIFIED.,.F.,.F.,(4,1,1,4),(0.,0.333333333333333,0.666666666666667,
1.),.UNSPECIFIED.);
#2208=B_SPLINE_CURVE_WITH_KNOTS('',3,(#8091,#8092,#8093,#8094,#8095,#8096,
#8097,#8098,#8099,#8100,#8101,#8102,#8103,#8104,#8105,#8106,#8107,#8108,
#8109,#8110,#8111,#8112),.UNSPECIFIED.,.F.,.F.,(4,3,3,3,3,3,3,4),(0.499999999999986,
0.589346027259373,0.676136911684685,0.758025120760468,0.837408444526818,
0.914550359303453,0.989018124148673,1.),.UNSPECIFIED.);
#2209=B_SPLINE_CURVE_WITH_KNOTS('',3,(#8157,#8158,#8159,#8160,#8161,#8162,
#8163),.UNSPECIFIED.,.F.,.F.,(4,1,1,1,4),(0.,0.25,0.5,0.75,1.),
 .UNSPECIFIED.);
#2210=B_SPLINE_CURVE_WITH_KNOTS('',3,(#8166,#8167,#8168,#8169,#8170,#8171,
#8172,#8173,#8174,#8175,#8176,#8177,#8178,#8179,#8180,#8181,#8182,#8183,
#8184),.UNSPECIFIED.,.F.,.F.,(4,3,3,3,3,3,4),(0.,0.0807584279099649,0.162605625970067,
0.246954219477547,0.33172086626294,0.418330905452992,0.499999999999986),
 .UNSPECIFIED.);
#2211=B_SPLINE_CURVE_WITH_KNOTS('',3,(#8228,#8229,#8230,#8231,#8232,#8233),
 .UNSPECIFIED.,.F.,.F.,(4,1,1,4),(0.,0.333333333333333,0.666666666666667,
1.),.UNSPECIFIED.);
#2212=B_SPLINE_CURVE_WITH_KNOTS('',3,(#8235,#8236,#8237,#8238,#8239,#8240,
#8241,#8242,#8243,#8244,#8245,#8246,#8247,#8248,#8249,#8250,#8251,#8252,
#8253,#8254,#8255,#8256,#8257,#8258,#8259,#8260,#8261,#8262,#8263,#8264,
#8265),.UNSPECIFIED.,.F.,.F.,(4,3,3,3,3,3,3,3,3,3,4),(0.499999999999999,
0.542667388546628,0.587656048364042,0.635506843318595,0.68952743923575,
0.749595608121474,0.813295556090871,0.869691460968265,0.921222354595723,
0.967929844962991,1.),.UNSPECIFIED.);
#2213=B_SPLINE_CURVE_WITH_KNOTS('',3,(#8310,#8311,#8312,#8313,#8314,#8315,
#8316),.UNSPECIFIED.,.F.,.F.,(4,1,1,1,4),(0.,0.25,0.5,0.75,1.),
 .UNSPECIFIED.);
#2214=B_SPLINE_CURVE_WITH_KNOTS('',3,(#8319,#8320,#8321,#8322,#8323,#8324,
#8325,#8326,#8327,#8328,#8329,#8330,#8331,#8332,#8333,#8334,#8335,#8336,
#8337,#8338,#8339,#8340,#8341,#8342,#8343,#8344,#8345,#8346,#8347,#8348,
#8349),.UNSPECIFIED.,.F.,.F.,(4,3,3,3,3,3,3,3,3,3,4),(0.,0.0461255831272998,
0.0955314525395733,0.149857883427359,0.213831644130256,0.276986369617958,
0.332739777213468,0.381553120586006,0.427679641757782,0.470622593425389,
0.499999999999999),.UNSPECIFIED.);
#2215=B_SPLINE_CURVE_WITH_KNOTS('',3,(#8393,#8394,#8395,#8396,#8397,#8398),
 .UNSPECIFIED.,.F.,.F.,(4,1,1,4),(0.,0.333333333333333,0.666666666666667,
1.),.UNSPECIFIED.);
#2216=B_SPLINE_CURVE_WITH_KNOTS('',3,(#8400,#8401,#8402,#8403,#8404,#8405,
#8406,#8407,#8408,#8409,#8410,#8411,#8412,#8413,#8414,#8415,#8416,#8417,
#8418),.UNSPECIFIED.,.F.,.F.,(4,3,3,3,3,3,4),(0.500000000000022,0.586992496837772,
0.672645441272414,0.756315862965842,0.838954454204609,0.919986189639665,
1.),.UNSPECIFIED.);
#2217=B_SPLINE_CURVE_WITH_KNOTS('',3,(#8464,#8465,#8466,#8467,#8468,#8469,
#8470),.UNSPECIFIED.,.F.,.F.,(4,1,1,1,4),(0.,0.25,0.5,0.75,1.),
 .UNSPECIFIED.);
#2218=B_SPLINE_CURVE_WITH_KNOTS('',3,(#8472,#8473,#8474,#8475,#8476,#8477),
 .UNSPECIFIED.,.F.,.F.,(4,1,1,4),(0.,0.333333333333333,0.666666666666667,
1.),.UNSPECIFIED.);
#2219=B_SPLINE_CURVE_WITH_KNOTS('',3,(#8524,#8525,#8526,#8527,#8528,#8529,
#8530),.UNSPECIFIED.,.F.,.F.,(4,1,1,1,4),(0.,0.25,0.5,0.75,1.),
 .UNSPECIFIED.);
#2220=B_SPLINE_CURVE_WITH_KNOTS('',3,(#8577,#8578,#8579,#8580,#8581,#8582),
 .UNSPECIFIED.,.F.,.F.,(4,1,1,4),(0.,0.333333333333333,0.666666666666667,
1.),.UNSPECIFIED.);
#2221=B_SPLINE_CURVE_WITH_KNOTS('',3,(#8584,#8585,#8586,#8587,#8588,#8589,
#8590,#8591,#8592,#8593,#8594,#8595,#8596,#8597,#8598,#8599,#8600,#8601,
#8602,#8603,#8604,#8605),.UNSPECIFIED.,.F.,.F.,(4,3,3,3,3,3,3,4),(0.499999999999982,
0.589346027260019,0.676136911685617,0.758025120761391,0.837408444527667,
0.914550359304141,0.989018124149229,1.),.UNSPECIFIED.);
#2222=B_SPLINE_CURVE_WITH_KNOTS('',3,(#8650,#8651,#8652,#8653,#8654,#8655,
#8656),.UNSPECIFIED.,.F.,.F.,(4,1,1,1,4),(0.,0.25,0.5,0.75,1.),
 .UNSPECIFIED.);
#2223=B_SPLINE_CURVE_WITH_KNOTS('',3,(#8659,#8660,#8661,#8662,#8663,#8664,
#8665,#8666,#8667,#8668,#8669,#8670,#8671,#8672,#8673,#8674,#8675,#8676,
#8677),.UNSPECIFIED.,.F.,.F.,(4,3,3,3,3,3,4),(0.,0.0807584279096855,0.162605625969732,
0.246954219477294,0.331720866262833,0.418330905453316,0.499999999999982),
 .UNSPECIFIED.);
#2224=B_SPLINE_CURVE_WITH_KNOTS('',3,(#8721,#8722,#8723,#8724,#8725,#8726),
 .UNSPECIFIED.,.F.,.F.,(4,1,1,4),(0.,0.333333333333333,0.666666666666667,
1.),.UNSPECIFIED.);
#2225=B_SPLINE_CURVE_WITH_KNOTS('',3,(#8728,#8729,#8730,#8731,#8732,#8733,
#8734,#8735,#8736,#8737,#8738,#8739,#8740,#8741,#8742,#8743,#8744,#8745,
#8746,#8747,#8748,#8749,#8750,#8751,#8752,#8753,#8754,#8755,#8756,#8757,
#8758),.UNSPECIFIED.,.F.,.F.,(4,3,3,3,3,3,3,3,3,3,4),(0.500000000000001,
0.542667388546604,0.587656048363924,0.635506843318396,0.689527439235452,
0.749595608121077,0.813295556090439,0.869691460967816,0.921222354595291,
0.967929844962519,1.),.UNSPECIFIED.);
#2226=B_SPLINE_CURVE_WITH_KNOTS('',3,(#8803,#8804,#8805,#8806,#8807,#8808,
#8809),.UNSPECIFIED.,.F.,.F.,(4,1,1,1,4),(0.,0.25,0.5,0.75,1.),
 .UNSPECIFIED.);
#2227=B_SPLINE_CURVE_WITH_KNOTS('',3,(#8812,#8813,#8814,#8815,#8816,#8817,
#8818,#8819,#8820,#8821,#8822,#8823,#8824,#8825,#8826,#8827,#8828,#8829,
#8830,#8831,#8832,#8833,#8834,#8835,#8836,#8837,#8838,#8839,#8840,#8841,
#8842),.UNSPECIFIED.,.F.,.F.,(4,3,3,3,3,3,3,3,3,3,4),(0.,0.0461255831271875,
0.0955314525393395,0.149857883427175,0.213831644129972,0.276986369617669,
0.332739777213252,0.381553120585786,0.427679641757536,0.470622593425111,
0.500000000000001),.UNSPECIFIED.);
#2228=B_SPLINE_CURVE_WITH_KNOTS('',3,(#8886,#8887,#8888,#8889,#8890,#8891),
 .UNSPECIFIED.,.F.,.F.,(4,1,1,4),(0.,0.333333333333333,0.666666666666667,
1.),.UNSPECIFIED.);
#2229=B_SPLINE_CURVE_WITH_KNOTS('',3,(#8893,#8894,#8895,#8896,#8897,#8898,
#8899,#8900,#8901,#8902,#8903,#8904,#8905,#8906,#8907,#8908,#8909,#8910,
#8911),.UNSPECIFIED.,.F.,.F.,(4,3,3,3,3,3,4),(0.500000000000042,0.586992496838291,
0.672645441273207,0.75631586296666,0.838954454205341,0.919986189640148,
1.),.UNSPECIFIED.);
#2230=B_SPLINE_CURVE_WITH_KNOTS('',3,(#8957,#8958,#8959,#8960,#8961,#8962,
#8963),.UNSPECIFIED.,.F.,.F.,(4,1,1,1,4),(0.,0.25,0.5,0.75,1.),
 .UNSPECIFIED.);
#2231=B_SPLINE_CURVE_WITH_KNOTS('',3,(#8965,#8966,#8967,#8968,#8969,#8970),
 .UNSPECIFIED.,.F.,.F.,(4,1,1,4),(0.,0.333333333333333,0.666666666666667,
1.),.UNSPECIFIED.);
#2232=B_SPLINE_CURVE_WITH_KNOTS('',3,(#9017,#9018,#9019,#9020,#9021,#9022,
#9023),.UNSPECIFIED.,.F.,.F.,(4,1,1,1,4),(0.,0.25,0.5,0.75,1.),
 .UNSPECIFIED.);
#2233=B_SPLINE_CURVE_WITH_KNOTS('',3,(#9070,#9071,#9072,#9073,#9074,#9075),
 .UNSPECIFIED.,.F.,.F.,(4,1,1,4),(0.,0.333333333333333,0.666666666666667,
1.),.UNSPECIFIED.);
#2234=B_SPLINE_CURVE_WITH_KNOTS('',3,(#9077,#9078,#9079,#9080,#9081,#9082,
#9083,#9084,#9085,#9086,#9087,#9088,#9089,#9090,#9091,#9092,#9093,#9094,
#9095,#9096,#9097,#9098),.UNSPECIFIED.,.F.,.F.,(4,3,3,3,3,3,3,4),(0.49999999999998,
0.589346027259332,0.676136911684767,0.758025120760549,0.83740844452691,
0.914550359303554,0.989018124148739,1.),.UNSPECIFIED.);
#2235=B_SPLINE_CURVE_WITH_KNOTS('',3,(#9143,#9144,#9145,#9146,#9147,#9148,
#9149),.UNSPECIFIED.,.F.,.F.,(4,1,1,1,4),(0.,0.25,0.5,0.75,1.),
 .UNSPECIFIED.);
#2236=B_SPLINE_CURVE_WITH_KNOTS('',3,(#9152,#9153,#9154,#9155,#9156,#9157,
#9158,#9159,#9160,#9161,#9162,#9163,#9164,#9165,#9166,#9167,#9168,#9169,
#9170),.UNSPECIFIED.,.F.,.F.,(4,3,3,3,3,3,4),(0.,0.0807584279099264,0.162605625970095,
0.246954219477566,0.331720866262948,0.418330905453021,0.49999999999998),
 .UNSPECIFIED.);
#2237=B_SPLINE_CURVE_WITH_KNOTS('',3,(#9214,#9215,#9216,#9217,#9218,#9219),
 .UNSPECIFIED.,.F.,.F.,(4,1,1,4),(0.,0.333333333333333,0.666666666666667,
1.),.UNSPECIFIED.);
#2238=B_SPLINE_CURVE_WITH_KNOTS('',3,(#9221,#9222,#9223,#9224,#9225,#9226,
#9227,#9228,#9229,#9230,#9231,#9232,#9233,#9234,#9235,#9236,#9237,#9238,
#9239,#9240,#9241,#9242,#9243,#9244,#9245,#9246,#9247,#9248,#9249,#9250,
#9251),.UNSPECIFIED.,.F.,.F.,(4,3,3,3,3,3,3,3,3,3,4),(0.499999999999998,
0.542667388546608,0.587656048363934,0.635506843318413,0.68952743923551,
0.749595608121144,0.813295556090543,0.869691460967934,0.921222354595398,
0.967929844962661,1.),.UNSPECIFIED.);
#2239=B_SPLINE_CURVE_WITH_KNOTS('',3,(#9296,#9297,#9298,#9299,#9300,#9301,
#9302),.UNSPECIFIED.,.F.,.F.,(4,1,1,1,4),(0.,0.25,0.5,0.75,1.),
 .UNSPECIFIED.);
#2240=B_SPLINE_CURVE_WITH_KNOTS('',3,(#9305,#9306,#9307,#9308,#9309,#9310,
#9311,#9312,#9313,#9314,#9315,#9316,#9317,#9318,#9319,#9320,#9321,#9322,
#9323,#9324,#9325,#9326,#9327,#9328,#9329,#9330,#9331,#9332,#9333,#9334,
#9335),.UNSPECIFIED.,.F.,.F.,(4,3,3,3,3,3,3,3,3,3,4),(0.,0.046125583127168,
0.0955314525393245,0.149857883427329,0.213831644130086,0.276986369617779,
0.332739777213334,0.381553120585875,0.427679641757659,0.470622593425249,
0.499999999999998),.UNSPECIFIED.);
#2241=B_SPLINE_CURVE_WITH_KNOTS('',3,(#9379,#9380,#9381,#9382,#9383,#9384),
 .UNSPECIFIED.,.F.,.F.,(4,1,1,4),(0.,0.333333333333333,0.666666666666667,
1.),.UNSPECIFIED.);
#2242=B_SPLINE_CURVE_WITH_KNOTS('',3,(#9386,#9387,#9388,#9389,#9390,#9391,
#9392,#9393,#9394,#9395,#9396,#9397,#9398,#9399,#9400,#9401,#9402,#9403,
#9404),.UNSPECIFIED.,.F.,.F.,(4,3,3,3,3,3,4),(0.50000000000002,0.586992496837838,
0.672645441272355,0.756315862965795,0.838954454204578,0.919986189639594,
1.),.UNSPECIFIED.);
#2243=B_SPLINE_CURVE_WITH_KNOTS('',3,(#9450,#9451,#9452,#9453,#9454,#9455,
#9456),.UNSPECIFIED.,.F.,.F.,(4,1,1,1,4),(0.,0.25,0.5,0.75,1.),
 .UNSPECIFIED.);
#2244=B_SPLINE_CURVE_WITH_KNOTS('',3,(#9458,#9459,#9460,#9461,#9462,#9463),
 .UNSPECIFIED.,.F.,.F.,(4,1,1,4),(0.,0.333333333333333,0.666666666666667,
1.),.UNSPECIFIED.);
#2245=B_SPLINE_CURVE_WITH_KNOTS('',3,(#9510,#9511,#9512,#9513,#9514,#9515,
#9516),.UNSPECIFIED.,.F.,.F.,(4,1,1,1,4),(0.,0.25,0.5,0.75,1.),
 .UNSPECIFIED.);
#2246=B_SPLINE_CURVE_WITH_KNOTS('',3,(#9563,#9564,#9565,#9566,#9567,#9568),
 .UNSPECIFIED.,.F.,.F.,(4,1,1,4),(0.,0.333333333333333,0.666666666666667,
1.),.UNSPECIFIED.);
#2247=B_SPLINE_CURVE_WITH_KNOTS('',3,(#9570,#9571,#9572,#9573,#9574,#9575,
#9576,#9577,#9578,#9579,#9580,#9581,#9582,#9583,#9584,#9585,#9586,#9587,
#9588,#9589,#9590,#9591),.UNSPECIFIED.,.F.,.F.,(4,3,3,3,3,3,3,4),(0.500000000000017,
0.589346027259652,0.676136911685018,0.758025120760789,0.837408444527096,
0.914550359303665,0.989018124148815,1.),.UNSPECIFIED.);
#2248=B_SPLINE_CURVE_WITH_KNOTS('',3,(#9636,#9637,#9638,#9639,#9640,#9641,
#9642),.UNSPECIFIED.,.F.,.F.,(4,1,1,1,4),(0.,0.25,0.5,0.75,1.),
 .UNSPECIFIED.);
#2249=B_SPLINE_CURVE_WITH_KNOTS('',3,(#9645,#9646,#9647,#9648,#9649,#9650,
#9651,#9652,#9653,#9654,#9655,#9656,#9657,#9658,#9659,#9660,#9661,#9662,
#9663),.UNSPECIFIED.,.F.,.F.,(4,3,3,3,3,3,4),(0.,0.0807584279098019,0.162605625969866,
0.246954219477404,0.331720866262891,0.418330905453154,0.500000000000017),
 .UNSPECIFIED.);
#2250=B_SPLINE_CURVE_WITH_KNOTS('',3,(#9707,#9708,#9709,#9710,#9711,#9712),
 .UNSPECIFIED.,.F.,.F.,(4,1,1,4),(0.,0.333333333333333,0.666666666666667,
1.),.UNSPECIFIED.);
#2251=B_SPLINE_CURVE_WITH_KNOTS('',3,(#9714,#9715,#9716,#9717,#9718,#9719,
#9720,#9721,#9722,#9723,#9724,#9725,#9726,#9727,#9728,#9729,#9730,#9731,
#9732,#9733,#9734,#9735,#9736,#9737,#9738,#9739,#9740,#9741,#9742,#9743,
#9744),.UNSPECIFIED.,.F.,.F.,(4,3,3,3,3,3,3,3,3,3,4),(0.500000000000002,
0.54266738854662,0.587656048363969,0.635506843318523,0.68952743923569,0.749595608121382,
0.813295556090751,0.869691460968091,0.92122235459546,0.96792984496272,1.),
 .UNSPECIFIED.);
#2252=B_SPLINE_CURVE_WITH_KNOTS('',3,(#9789,#9790,#9791,#9792,#9793,#9794,
#9795),.UNSPECIFIED.,.F.,.F.,(4,1,1,1,4),(0.,0.25,0.5,0.75,1.),
 .UNSPECIFIED.);
#2253=B_SPLINE_CURVE_WITH_KNOTS('',3,(#9798,#9799,#9800,#9801,#9802,#9803,
#9804,#9805,#9806,#9807,#9808,#9809,#9810,#9811,#9812,#9813,#9814,#9815,
#9816,#9817,#9818,#9819,#9820,#9821,#9822,#9823,#9824,#9825,#9826,#9827,
#9828),.UNSPECIFIED.,.F.,.F.,(4,3,3,3,3,3,3,3,3,3,4),(0.,0.0461255831272038,
0.0955314525393527,0.149857883427259,0.213831644130063,0.276986369617796,
0.332739777213348,0.381553120585904,0.427679641757668,0.470622593425254,
0.500000000000002),.UNSPECIFIED.);
#2254=B_SPLINE_CURVE_WITH_KNOTS('',3,(#9872,#9873,#9874,#9875,#9876,#9877),
 .UNSPECIFIED.,.F.,.F.,(4,1,1,4),(0.,0.333333333333333,0.666666666666667,
1.),.UNSPECIFIED.);
#2255=B_SPLINE_CURVE_WITH_KNOTS('',3,(#9879,#9880,#9881,#9882,#9883,#9884,
#9885,#9886,#9887,#9888,#9889,#9890,#9891,#9892,#9893,#9894,#9895,#9896,
#9897),.UNSPECIFIED.,.F.,.F.,(4,3,3,3,3,3,4),(0.5,0.586992496837957,0.672645441272665,
0.756315862966106,0.838954454204766,0.919986189639702,1.),.UNSPECIFIED.);
#2256=B_SPLINE_CURVE_WITH_KNOTS('',3,(#10057,#10058,#10059,#10060,#10061,
#10062),.UNSPECIFIED.,.F.,.F.,(4,2,4),(2.86229373536176E-17,0.0423047726924158,
0.042577678448008),.UNSPECIFIED.);
#2257=B_SPLINE_CURVE_WITH_KNOTS('',3,(#10084,#10085,#10086,#10087,#10088,
#10089),.UNSPECIFIED.,.F.,.F.,(4,2,4),(-0.000272905755734331,0.,0.042304772692305),
 .UNSPECIFIED.);
#2258=B_SPLINE_CURVE_WITH_KNOTS('',3,(#10130,#10131,#10132,#10133,#10134,
#10135),.UNSPECIFIED.,.F.,.F.,(4,2,4),(-0.042304772692305,0.,0.000272905755734331),
 .UNSPECIFIED.);
#2259=B_SPLINE_CURVE_WITH_KNOTS('',3,(#10221,#10222,#10223,#10224,#10225,
#10226),.UNSPECIFIED.,.F.,.F.,(4,2,4),(9.11326794909534E-16,0.0423047726922761,
0.0425776784480104),.UNSPECIFIED.);
#2260=B_SPLINE_CURVE_WITH_KNOTS('',3,(#10227,#10228,#10229,#10230,#10231,
#10232),.UNSPECIFIED.,.F.,.F.,(4,2,4),(-0.0425776784480104,-0.0423047726922761,
-9.11326794909534E-16),.UNSPECIFIED.);
#2261=B_SPLINE_CURVE_WITH_KNOTS('',3,(#10271,#10272,#10273,#10274,#10275,
#10276),.UNSPECIFIED.,.F.,.F.,(4,2,4),(-0.0423047726924748,0.,0.000272905755562637),
 .UNSPECIFIED.);
#2262=B_SPLINE_CURVE_WITH_KNOTS('',3,(#10277,#10278,#10279,#10280,#10281,
#10282),.UNSPECIFIED.,.F.,.F.,(4,2,4),(-0.000272905755562637,0.,0.0423047726924748),
 .UNSPECIFIED.);
#2263=B_SPLINE_CURVE_WITH_KNOTS('',3,(#10360,#10361,#10362,#10363,#10364,
#10365),.UNSPECIFIED.,.F.,.F.,(4,2,4),(-0.042577678448008,-0.0423047726924158,
-2.86229373536176E-17),.UNSPECIFIED.);
#2264=B_SPLINE_CURVE_WITH_KNOTS('',3,(#10422,#10423,#10424,#10425,#10426,
#10427,#10428,#10429,#10430,#10431,#10432,#10433,#10434,#10435,#10436,#10437,
#10438,#10439,#10440,#10441,#10442,#10443),.UNSPECIFIED.,.F.,.F.,(4,3,3,
3,3,3,3,4),(0.,0.07510315027719,0.152471752739907,0.232427606194429,0.316723337300587,
0.403640417455745,0.493291873565528,0.5),.UNSPECIFIED.);
#2265=B_SPLINE_CURVE_WITH_KNOTS('',3,(#10488,#10489,#10490,#10491,#10492,
#10493,#10494,#10495,#10496,#10497,#10498,#10499,#10500,#10501,#10502,#10503,
#10504,#10505,#10506,#10507,#10508,#10509),.UNSPECIFIED.,.F.,.F.,(4,3,3,
3,3,3,3,4),(0.,0.075103150277191,0.15247175273986,0.232427606194316,0.316723337300401,
0.403640417455446,0.49329187356518,0.50000000000002),.UNSPECIFIED.);
#2266=B_SPLINE_CURVE_WITH_KNOTS('',3,(#10770,#10771,#10772,#10773,#10774,
#10775),.UNSPECIFIED.,.F.,.F.,(4,2,4),(0.,0.0423047726922761,0.0425776784480106),
 .UNSPECIFIED.);
#2267=B_SPLINE_CURVE_WITH_KNOTS('',3,(#10797,#10798,#10799,#10800,#10801,
#10802),.UNSPECIFIED.,.F.,.F.,(4,2,4),(-0.00027290575573444,0.,0.0423047726923054),
 .UNSPECIFIED.);
#2268=B_SPLINE_CURVE_WITH_KNOTS('',3,(#10843,#10844,#10845,#10846,#10847,
#10848),.UNSPECIFIED.,.F.,.F.,(4,2,4),(-0.0423047726923054,0.,0.00027290575573444),
 .UNSPECIFIED.);
#2269=B_SPLINE_CURVE_WITH_KNOTS('',3,(#10934,#10935,#10936,#10937,#10938,
#10939),.UNSPECIFIED.,.F.,.F.,(4,2,4),(9.3929921095965E-16,0.0423047726922758,
0.0425776784480101),.UNSPECIFIED.);
#2270=B_SPLINE_CURVE_WITH_KNOTS('',3,(#10940,#10941,#10942,#10943,#10944,
#10945),.UNSPECIFIED.,.F.,.F.,(4,2,4),(-0.0425776784480101,-0.0423047726922758,
-9.3929921095965E-16),.UNSPECIFIED.);
#2271=B_SPLINE_CURVE_WITH_KNOTS('',3,(#10984,#10985,#10986,#10987,#10988,
#10989),.UNSPECIFIED.,.F.,.F.,(4,2,4),(-0.0423047726923048,0.,0.000272905755734534),
 .UNSPECIFIED.);
#2272=B_SPLINE_CURVE_WITH_KNOTS('',3,(#10990,#10991,#10992,#10993,#10994,
#10995),.UNSPECIFIED.,.F.,.F.,(4,2,4),(-0.000272905755734534,0.,0.0423047726923048),
 .UNSPECIFIED.);
#2273=B_SPLINE_CURVE_WITH_KNOTS('',3,(#11073,#11074,#11075,#11076,#11077,
#11078),.UNSPECIFIED.,.F.,.F.,(4,2,4),(-0.0425776784480106,-0.0423047726922761,
0.),.UNSPECIFIED.);
#2274=B_SPLINE_CURVE_WITH_KNOTS('',3,(#11135,#11136,#11137,#11138,#11139,
#11140,#11141,#11142,#11143,#11144,#11145,#11146,#11147,#11148,#11149,#11150,
#11151,#11152,#11153,#11154,#11155,#11156),.UNSPECIFIED.,.F.,.F.,(4,3,3,
3,3,3,3,4),(0.,0.0751031502770677,0.152471752739705,0.23242760619437,0.316723337300609,
0.40364041745597,0.493291873566314,0.500000000000042),.UNSPECIFIED.);
#2275=B_SPLINE_CURVE_WITH_KNOTS('',3,(#11201,#11202,#11203,#11204,#11205,
#11206,#11207,#11208,#11209,#11210,#11211,#11212,#11213,#11214,#11215,#11216,
#11217,#11218,#11219,#11220,#11221,#11222),.UNSPECIFIED.,.F.,.F.,(4,3,3,
3,3,3,3,4),(0.,0.0751031502772316,0.152471752739946,0.232427606194668,0.316723337300767,
0.403640417455849,0.493291873565527,0.500000000000022),.UNSPECIFIED.);
#2276=VERTEX_POINT('',#7969);
#2277=VERTEX_POINT('',#7970);
#2278=VERTEX_POINT('',#7978);
#2279=VERTEX_POINT('',#7985);
#2280=VERTEX_POINT('',#8030);
#2281=VERTEX_POINT('',#8038);
#2282=VERTEX_POINT('',#8083);
#2283=VERTEX_POINT('',#8090);
#2284=VERTEX_POINT('',#8156);
#2285=VERTEX_POINT('',#8164);
#2286=VERTEX_POINT('',#8227);
#2287=VERTEX_POINT('',#8234);
#2288=VERTEX_POINT('',#8309);
#2289=VERTEX_POINT('',#8317);
#2290=VERTEX_POINT('',#8392);
#2291=VERTEX_POINT('',#8399);
#2292=VERTEX_POINT('',#8462);
#2293=VERTEX_POINT('',#8463);
#2294=VERTEX_POINT('',#8471);
#2295=VERTEX_POINT('',#8478);
#2296=VERTEX_POINT('',#8523);
#2297=VERTEX_POINT('',#8531);
#2298=VERTEX_POINT('',#8576);
#2299=VERTEX_POINT('',#8583);
#2300=VERTEX_POINT('',#8649);
#2301=VERTEX_POINT('',#8657);
#2302=VERTEX_POINT('',#8720);
#2303=VERTEX_POINT('',#8727);
#2304=VERTEX_POINT('',#8802);
#2305=VERTEX_POINT('',#8810);
#2306=VERTEX_POINT('',#8885);
#2307=VERTEX_POINT('',#8892);
#2308=VERTEX_POINT('',#8955);
#2309=VERTEX_POINT('',#8956);
#2310=VERTEX_POINT('',#8964);
#2311=VERTEX_POINT('',#8971);
#2312=VERTEX_POINT('',#9016);
#2313=VERTEX_POINT('',#9024);
#2314=VERTEX_POINT('',#9069);
#2315=VERTEX_POINT('',#9076);
#2316=VERTEX_POINT('',#9142);
#2317=VERTEX_POINT('',#9150);
#2318=VERTEX_POINT('',#9213);
#2319=VERTEX_POINT('',#9220);
#2320=VERTEX_POINT('',#9295);
#2321=VERTEX_POINT('',#9303);
#2322=VERTEX_POINT('',#9378);
#2323=VERTEX_POINT('',#9385);
#2324=VERTEX_POINT('',#9448);
#2325=VERTEX_POINT('',#9449);
#2326=VERTEX_POINT('',#9457);
#2327=VERTEX_POINT('',#9464);
#2328=VERTEX_POINT('',#9509);
#2329=VERTEX_POINT('',#9517);
#2330=VERTEX_POINT('',#9562);
#2331=VERTEX_POINT('',#9569);
#2332=VERTEX_POINT('',#9635);
#2333=VERTEX_POINT('',#9643);
#2334=VERTEX_POINT('',#9706);
#2335=VERTEX_POINT('',#9713);
#2336=VERTEX_POINT('',#9788);
#2337=VERTEX_POINT('',#9796);
#2338=VERTEX_POINT('',#9871);
#2339=VERTEX_POINT('',#9878);
#2340=VERTEX_POINT('',#9900);
#2341=VERTEX_POINT('',#9901);
#2342=VERTEX_POINT('',#9903);
#2343=VERTEX_POINT('',#9905);
#2344=VERTEX_POINT('',#9909);
#2345=VERTEX_POINT('',#9910);
#2346=VERTEX_POINT('',#9915);
#2347=VERTEX_POINT('',#9916);
#2348=VERTEX_POINT('',#9921);
#2349=VERTEX_POINT('',#9922);
#2350=VERTEX_POINT('',#9927);
#2351=VERTEX_POINT('',#9928);
#2352=VERTEX_POINT('',#9933);
#2353=VERTEX_POINT('',#9934);
#2354=VERTEX_POINT('',#9936);
#2355=VERTEX_POINT('',#9941);
#2356=VERTEX_POINT('',#9942);
#2357=VERTEX_POINT('',#9947);
#2358=VERTEX_POINT('',#9948);
#2359=VERTEX_POINT('',#9953);
#2360=VERTEX_POINT('',#9954);
#2361=VERTEX_POINT('',#9959);
#2362=VERTEX_POINT('',#9960);
#2363=VERTEX_POINT('',#9967);
#2364=VERTEX_POINT('',#9968);
#2365=VERTEX_POINT('',#9970);
#2366=VERTEX_POINT('',#9975);
#2367=VERTEX_POINT('',#9976);
#2368=VERTEX_POINT('',#9981);
#2369=VERTEX_POINT('',#9982);
#2370=VERTEX_POINT('',#9987);
#2371=VERTEX_POINT('',#9988);
#2372=VERTEX_POINT('',#9993);
#2373=VERTEX_POINT('',#9994);
#2374=VERTEX_POINT('',#10001);
#2375=VERTEX_POINT('',#10002);
#2376=VERTEX_POINT('',#10004);
#2377=VERTEX_POINT('',#10009);
#2378=VERTEX_POINT('',#10010);
#2379=VERTEX_POINT('',#10015);
#2380=VERTEX_POINT('',#10016);
#2381=VERTEX_POINT('',#10021);
#2382=VERTEX_POINT('',#10022);
#2383=VERTEX_POINT('',#10027);
#2384=VERTEX_POINT('',#10036);
#2385=VERTEX_POINT('',#10038);
#2386=VERTEX_POINT('',#10042);
#2387=VERTEX_POINT('',#10046);
#2388=VERTEX_POINT('',#10050);
#2389=VERTEX_POINT('',#10054);
#2390=VERTEX_POINT('',#10056);
#2391=VERTEX_POINT('',#10065);
#2392=VERTEX_POINT('',#10067);
#2393=VERTEX_POINT('',#10071);
#2394=VERTEX_POINT('',#10075);
#2395=VERTEX_POINT('',#10079);
#2396=VERTEX_POINT('',#10081);
#2397=VERTEX_POINT('',#10083);
#2398=VERTEX_POINT('',#10092);
#2399=VERTEX_POINT('',#10096);
#2400=VERTEX_POINT('',#10097);
#2401=VERTEX_POINT('',#10099);
#2402=VERTEX_POINT('',#10101);
#2403=VERTEX_POINT('',#10128);
#2404=VERTEX_POINT('',#10137);
#2405=VERTEX_POINT('',#10141);
#2406=VERTEX_POINT('',#10153);
#2407=VERTEX_POINT('',#10154);
#2408=VERTEX_POINT('',#10159);
#2409=VERTEX_POINT('',#10160);
#2410=VERTEX_POINT('',#10173);
#2411=VERTEX_POINT('',#10174);
#2412=VERTEX_POINT('',#10179);
#2413=VERTEX_POINT('',#10180);
#2414=VERTEX_POINT('',#10185);
#2415=VERTEX_POINT('',#10186);
#2416=VERTEX_POINT('',#10220);
#2417=VERTEX_POINT('',#10267);
#2418=VERTEX_POINT('',#10268);
#2419=VERTEX_POINT('',#10270);
#2420=VERTEX_POINT('',#10284);
#2421=VERTEX_POINT('',#10285);
#2422=VERTEX_POINT('',#10290);
#2423=VERTEX_POINT('',#10303);
#2424=VERTEX_POINT('',#10307);
#2425=VERTEX_POINT('',#10319);
#2426=VERTEX_POINT('',#10323);
#2427=VERTEX_POINT('',#10327);
#2428=VERTEX_POINT('',#10420);
#2429=VERTEX_POINT('',#10486);
#2430=VERTEX_POINT('',#10511);
#2431=VERTEX_POINT('',#10524);
#2432=VERTEX_POINT('',#10528);
#2433=VERTEX_POINT('',#10540);
#2434=VERTEX_POINT('',#10547);
#2435=VERTEX_POINT('',#10548);
#2436=VERTEX_POINT('',#10561);
#2437=VERTEX_POINT('',#10562);
#2438=VERTEX_POINT('',#10567);
#2439=VERTEX_POINT('',#10568);
#2440=VERTEX_POINT('',#10581);
#2441=VERTEX_POINT('',#10582);
#2442=VERTEX_POINT('',#10591);
#2443=VERTEX_POINT('',#10607);
#2444=VERTEX_POINT('',#10613);
#2445=VERTEX_POINT('',#10614);
#2446=VERTEX_POINT('',#10616);
#2447=VERTEX_POINT('',#10618);
#2448=VERTEX_POINT('',#10622);
#2449=VERTEX_POINT('',#10623);
#2450=VERTEX_POINT('',#10628);
#2451=VERTEX_POINT('',#10629);
#2452=VERTEX_POINT('',#10634);
#2453=VERTEX_POINT('',#10635);
#2454=VERTEX_POINT('',#10640);
#2455=VERTEX_POINT('',#10641);
#2456=VERTEX_POINT('',#10646);
#2457=VERTEX_POINT('',#10647);
#2458=VERTEX_POINT('',#10649);
#2459=VERTEX_POINT('',#10654);
#2460=VERTEX_POINT('',#10655);
#2461=VERTEX_POINT('',#10660);
#2462=VERTEX_POINT('',#10661);
#2463=VERTEX_POINT('',#10666);
#2464=VERTEX_POINT('',#10667);
#2465=VERTEX_POINT('',#10672);
#2466=VERTEX_POINT('',#10673);
#2467=VERTEX_POINT('',#10680);
#2468=VERTEX_POINT('',#10681);
#2469=VERTEX_POINT('',#10683);
#2470=VERTEX_POINT('',#10688);
#2471=VERTEX_POINT('',#10689);
#2472=VERTEX_POINT('',#10694);
#2473=VERTEX_POINT('',#10695);
#2474=VERTEX_POINT('',#10700);
#2475=VERTEX_POINT('',#10701);
#2476=VERTEX_POINT('',#10706);
#2477=VERTEX_POINT('',#10707);
#2478=VERTEX_POINT('',#10714);
#2479=VERTEX_POINT('',#10715);
#2480=VERTEX_POINT('',#10717);
#2481=VERTEX_POINT('',#10722);
#2482=VERTEX_POINT('',#10723);
#2483=VERTEX_POINT('',#10728);
#2484=VERTEX_POINT('',#10729);
#2485=VERTEX_POINT('',#10734);
#2486=VERTEX_POINT('',#10735);
#2487=VERTEX_POINT('',#10740);
#2488=VERTEX_POINT('',#10749);
#2489=VERTEX_POINT('',#10751);
#2490=VERTEX_POINT('',#10755);
#2491=VERTEX_POINT('',#10759);
#2492=VERTEX_POINT('',#10763);
#2493=VERTEX_POINT('',#10767);
#2494=VERTEX_POINT('',#10769);
#2495=VERTEX_POINT('',#10778);
#2496=VERTEX_POINT('',#10780);
#2497=VERTEX_POINT('',#10784);
#2498=VERTEX_POINT('',#10788);
#2499=VERTEX_POINT('',#10792);
#2500=VERTEX_POINT('',#10794);
#2501=VERTEX_POINT('',#10796);
#2502=VERTEX_POINT('',#10805);
#2503=VERTEX_POINT('',#10809);
#2504=VERTEX_POINT('',#10810);
#2505=VERTEX_POINT('',#10812);
#2506=VERTEX_POINT('',#10814);
#2507=VERTEX_POINT('',#10841);
#2508=VERTEX_POINT('',#10850);
#2509=VERTEX_POINT('',#10854);
#2510=VERTEX_POINT('',#10866);
#2511=VERTEX_POINT('',#10867);
#2512=VERTEX_POINT('',#10872);
#2513=VERTEX_POINT('',#10873);
#2514=VERTEX_POINT('',#10886);
#2515=VERTEX_POINT('',#10887);
#2516=VERTEX_POINT('',#10892);
#2517=VERTEX_POINT('',#10893);
#2518=VERTEX_POINT('',#10898);
#2519=VERTEX_POINT('',#10899);
#2520=VERTEX_POINT('',#10933);
#2521=VERTEX_POINT('',#10980);
#2522=VERTEX_POINT('',#10981);
#2523=VERTEX_POINT('',#10983);
#2524=VERTEX_POINT('',#10997);
#2525=VERTEX_POINT('',#10998);
#2526=VERTEX_POINT('',#11003);
#2527=VERTEX_POINT('',#11016);
#2528=VERTEX_POINT('',#11020);
#2529=VERTEX_POINT('',#11032);
#2530=VERTEX_POINT('',#11036);
#2531=VERTEX_POINT('',#11040);
#2532=VERTEX_POINT('',#11133);
#2533=VERTEX_POINT('',#11199);
#2534=VERTEX_POINT('',#11224);
#2535=VERTEX_POINT('',#11237);
#2536=VERTEX_POINT('',#11241);
#2537=VERTEX_POINT('',#11253);
#2538=VERTEX_POINT('',#11260);
#2539=VERTEX_POINT('',#11261);
#2540=VERTEX_POINT('',#11274);
#2541=VERTEX_POINT('',#11275);
#2542=VERTEX_POINT('',#11280);
#2543=VERTEX_POINT('',#11281);
#2544=VERTEX_POINT('',#11294);
#2545=VERTEX_POINT('',#11295);
#2546=VERTEX_POINT('',#11304);
#2547=VERTEX_POINT('',#11321);
#2548=VERTEX_POINT('',#11328);
#2549=VERTEX_POINT('',#11329);
#2550=VERTEX_POINT('',#11331);
#2551=VERTEX_POINT('',#11333);
#2552=VERTEX_POINT('',#11337);
#2553=VERTEX_POINT('',#11339);
#2554=VERTEX_POINT('',#11343);
#2555=VERTEX_POINT('',#11345);
#2556=VERTEX_POINT('',#11347);
#2557=VERTEX_POINT('',#11349);
#2558=VERTEX_POINT('',#11351);
#2559=VERTEX_POINT('',#11353);
#2560=VERTEX_POINT('',#11355);
#2561=VERTEX_POINT('',#11357);
#2562=VERTEX_POINT('',#11359);
#2563=VERTEX_POINT('',#11361);
#2564=VERTEX_POINT('',#11363);
#2565=VERTEX_POINT('',#11365);
#2566=VERTEX_POINT('',#11367);
#2567=VERTEX_POINT('',#11369);
#2568=VERTEX_POINT('',#11371);
#2569=VERTEX_POINT('',#11373);
#2570=VERTEX_POINT('',#11375);
#2571=VERTEX_POINT('',#11377);
#2572=VERTEX_POINT('',#11379);
#2573=VERTEX_POINT('',#11381);
#2574=VERTEX_POINT('',#11383);
#2575=VERTEX_POINT('',#11385);
#2576=VERTEX_POINT('',#11387);
#2577=VERTEX_POINT('',#11389);
#2578=VERTEX_POINT('',#11391);
#2579=VERTEX_POINT('',#11393);
#2580=VERTEX_POINT('',#11395);
#2581=VERTEX_POINT('',#11397);
#2582=VERTEX_POINT('',#11399);
#2583=VERTEX_POINT('',#11401);
#2584=VERTEX_POINT('',#11403);
#2585=VERTEX_POINT('',#11405);
#2586=VERTEX_POINT('',#11407);
#2587=VERTEX_POINT('',#11409);
#2588=VERTEX_POINT('',#11411);
#2589=VERTEX_POINT('',#11413);
#2590=VERTEX_POINT('',#11415);
#2591=VERTEX_POINT('',#11417);
#2592=VERTEX_POINT('',#11419);
#2593=VERTEX_POINT('',#11421);
#2594=VERTEX_POINT('',#11423);
#2595=VERTEX_POINT('',#11425);
#2596=VERTEX_POINT('',#11427);
#2597=VERTEX_POINT('',#11429);
#2598=VERTEX_POINT('',#11431);
#2599=VERTEX_POINT('',#11433);
#2600=VERTEX_POINT('',#11435);
#2601=VERTEX_POINT('',#11437);
#2602=VERTEX_POINT('',#11439);
#2603=VERTEX_POINT('',#11441);
#2604=VERTEX_POINT('',#11443);
#2605=VERTEX_POINT('',#11445);
#2606=VERTEX_POINT('',#11447);
#2607=VERTEX_POINT('',#11449);
#2608=VERTEX_POINT('',#11451);
#2609=VERTEX_POINT('',#11453);
#2610=VERTEX_POINT('',#11455);
#2611=VERTEX_POINT('',#11457);
#2612=VERTEX_POINT('',#11459);
#2613=VERTEX_POINT('',#11461);
#2614=VERTEX_POINT('',#11463);
#2615=VERTEX_POINT('',#11465);
#2616=VERTEX_POINT('',#11467);
#2617=VERTEX_POINT('',#11469);
#2618=VERTEX_POINT('',#11471);
#2619=VERTEX_POINT('',#11473);
#2620=VERTEX_POINT('',#11475);
#2621=VERTEX_POINT('',#11477);
#2622=VERTEX_POINT('',#11479);
#2623=VERTEX_POINT('',#11481);
#2624=VERTEX_POINT('',#11483);
#2625=VERTEX_POINT('',#11485);
#2626=VERTEX_POINT('',#11487);
#2627=VERTEX_POINT('',#11489);
#2628=VERTEX_POINT('',#11491);
#2629=VERTEX_POINT('',#11493);
#2630=VERTEX_POINT('',#11495);
#2631=VERTEX_POINT('',#11497);
#2632=VERTEX_POINT('',#11499);
#2633=VERTEX_POINT('',#11501);
#2634=VERTEX_POINT('',#11503);
#2635=VERTEX_POINT('',#11505);
#2636=VERTEX_POINT('',#11507);
#2637=VERTEX_POINT('',#11509);
#2638=VERTEX_POINT('',#11511);
#2639=VERTEX_POINT('',#11513);
#2640=VERTEX_POINT('',#11515);
#2641=VERTEX_POINT('',#11518);
#2642=VERTEX_POINT('',#11520);
#2643=VERTEX_POINT('',#11522);
#2644=VERTEX_POINT('',#11524);
#2645=VERTEX_POINT('',#11526);
#2646=VERTEX_POINT('',#11528);
#2647=VERTEX_POINT('',#11530);
#2648=VERTEX_POINT('',#11532);
#2649=VERTEX_POINT('',#11534);
#2650=VERTEX_POINT('',#11536);
#2651=VERTEX_POINT('',#11538);
#2652=VERTEX_POINT('',#11540);
#2653=VERTEX_POINT('',#11542);
#2654=VERTEX_POINT('',#11545);
#2655=VERTEX_POINT('',#11547);
#2656=VERTEX_POINT('',#11550);
#2657=VERTEX_POINT('',#11551);
#2658=VERTEX_POINT('',#11553);
#2659=VERTEX_POINT('',#11555);
#2660=VERTEX_POINT('',#11558);
#2661=VERTEX_POINT('',#11559);
#2662=VERTEX_POINT('',#11561);
#2663=VERTEX_POINT('',#11563);
#2664=VERTEX_POINT('',#11565);
#2665=VERTEX_POINT('',#11568);
#2666=VERTEX_POINT('',#11569);
#2667=VERTEX_POINT('',#11571);
#2668=VERTEX_POINT('',#11573);
#2669=VERTEX_POINT('',#11575);
#2670=VERTEX_POINT('',#11578);
#2671=VERTEX_POINT('',#11579);
#2672=VERTEX_POINT('',#11581);
#2673=VERTEX_POINT('',#11583);
#2674=VERTEX_POINT('',#11587);
#2675=VERTEX_POINT('',#11588);
#2676=VERTEX_POINT('',#11593);
#2677=VERTEX_POINT('',#11597);
#2678=VERTEX_POINT('',#11599);
#2679=VERTEX_POINT('',#11602);
#2680=VERTEX_POINT('',#11604);
#2681=VERTEX_POINT('',#11606);
#2682=VERTEX_POINT('',#11608);
#2683=VERTEX_POINT('',#11610);
#2684=VERTEX_POINT('',#11612);
#2685=VERTEX_POINT('',#11614);
#2686=VERTEX_POINT('',#11616);
#2687=VERTEX_POINT('',#11618);
#2688=VERTEX_POINT('',#11620);
#2689=VERTEX_POINT('',#11622);
#2690=VERTEX_POINT('',#11624);
#2691=VERTEX_POINT('',#11626);
#2692=VERTEX_POINT('',#11629);
#2693=VERTEX_POINT('',#11631);
#2694=VERTEX_POINT('',#11634);
#2695=VERTEX_POINT('',#11636);
#2696=VERTEX_POINT('',#11638);
#2697=VERTEX_POINT('',#11640);
#2698=VERTEX_POINT('',#11642);
#2699=VERTEX_POINT('',#11644);
#2700=VERTEX_POINT('',#11646);
#2701=VERTEX_POINT('',#11648);
#2702=VERTEX_POINT('',#11650);
#2703=VERTEX_POINT('',#11652);
#2704=VERTEX_POINT('',#11654);
#2705=VERTEX_POINT('',#11656);
#2706=VERTEX_POINT('',#11658);
#2707=VERTEX_POINT('',#11660);
#2708=VERTEX_POINT('',#11662);
#2709=VERTEX_POINT('',#11664);
#2710=VERTEX_POINT('',#11666);
#2711=VERTEX_POINT('',#11668);
#2712=VERTEX_POINT('',#11670);
#2713=VERTEX_POINT('',#11672);
#2714=VERTEX_POINT('',#11674);
#2715=VERTEX_POINT('',#11676);
#2716=VERTEX_POINT('',#11678);
#2717=VERTEX_POINT('',#11680);
#2718=VERTEX_POINT('',#11682);
#2719=VERTEX_POINT('',#11684);
#2720=VERTEX_POINT('',#11686);
#2721=VERTEX_POINT('',#11688);
#2722=VERTEX_POINT('',#11690);
#2723=VERTEX_POINT('',#11692);
#2724=VERTEX_POINT('',#11694);
#2725=VERTEX_POINT('',#11696);
#2726=VERTEX_POINT('',#11698);
#2727=VERTEX_POINT('',#11700);
#2728=VERTEX_POINT('',#11702);
#2729=VERTEX_POINT('',#11704);
#2730=VERTEX_POINT('',#11706);
#2731=VERTEX_POINT('',#11708);
#2732=VERTEX_POINT('',#11710);
#2733=VERTEX_POINT('',#11712);
#2734=VERTEX_POINT('',#11714);
#2735=VERTEX_POINT('',#11716);
#2736=VERTEX_POINT('',#11718);
#2737=VERTEX_POINT('',#11720);
#2738=VERTEX_POINT('',#11722);
#2739=VERTEX_POINT('',#11724);
#2740=VERTEX_POINT('',#11726);
#2741=VERTEX_POINT('',#11728);
#2742=VERTEX_POINT('',#11730);
#2743=VERTEX_POINT('',#11732);
#2744=VERTEX_POINT('',#11734);
#2745=VERTEX_POINT('',#11736);
#2746=VERTEX_POINT('',#11738);
#2747=VERTEX_POINT('',#11740);
#2748=VERTEX_POINT('',#11742);
#2749=VERTEX_POINT('',#11744);
#2750=VERTEX_POINT('',#11746);
#2751=VERTEX_POINT('',#11748);
#2752=VERTEX_POINT('',#11750);
#2753=VERTEX_POINT('',#11752);
#2754=VERTEX_POINT('',#11754);
#2755=VERTEX_POINT('',#11756);
#2756=VERTEX_POINT('',#11758);
#2757=VERTEX_POINT('',#11760);
#2758=VERTEX_POINT('',#11762);
#2759=VERTEX_POINT('',#11764);
#2760=VERTEX_POINT('',#11766);
#2761=VERTEX_POINT('',#11768);
#2762=VERTEX_POINT('',#11770);
#2763=VERTEX_POINT('',#11772);
#2764=VERTEX_POINT('',#11774);
#2765=VERTEX_POINT('',#11776);
#2766=VERTEX_POINT('',#11778);
#2767=VERTEX_POINT('',#11780);
#2768=VERTEX_POINT('',#11782);
#2769=VERTEX_POINT('',#11784);
#2770=VERTEX_POINT('',#11786);
#2771=VERTEX_POINT('',#11788);
#2772=VERTEX_POINT('',#11790);
#2773=VERTEX_POINT('',#11792);
#2774=VERTEX_POINT('',#11794);
#2775=VERTEX_POINT('',#11796);
#2776=VERTEX_POINT('',#11799);
#2777=VERTEX_POINT('',#11800);
#2778=VERTEX_POINT('',#11802);
#2779=VERTEX_POINT('',#11804);
#2780=VERTEX_POINT('',#11806);
#2781=VERTEX_POINT('',#11809);
#2782=VERTEX_POINT('',#11810);
#2783=VERTEX_POINT('',#11812);
#2784=VERTEX_POINT('',#11814);
#2785=VERTEX_POINT('',#11816);
#2786=VERTEX_POINT('',#11819);
#2787=VERTEX_POINT('',#11820);
#2788=VERTEX_POINT('',#11822);
#2789=VERTEX_POINT('',#11824);
#2790=VERTEX_POINT('',#11827);
#2791=VERTEX_POINT('',#11828);
#2792=VERTEX_POINT('',#11830);
#2793=VERTEX_POINT('',#11832);
#2794=EDGE_CURVE('',#2276,#2277,#2204,.T.);
#2795=EDGE_CURVE('',#2276,#2278,#2205,.T.);
#2796=EDGE_CURVE('',#2278,#2279,#1302,.T.);
#2797=EDGE_CURVE('',#2277,#2279,#982,.T.);
#2798=EDGE_CURVE('',#2276,#2280,#2206,.T.);
#2799=EDGE_CURVE('',#2281,#2280,#983,.T.);
#2800=EDGE_CURVE('',#2281,#2278,#1303,.T.);
#2801=EDGE_CURVE('',#2276,#2282,#2207,.T.);
#2802=EDGE_CURVE('',#2282,#2283,#2208,.T.);
#2803=EDGE_CURVE('',#2280,#2283,#984,.T.);
#2804=EDGE_CURVE('',#2276,#2284,#2209,.T.);
#2805=EDGE_CURVE('',#2285,#2284,#985,.T.);
#2806=EDGE_CURVE('',#2285,#2282,#2210,.T.);
#2807=EDGE_CURVE('',#2276,#2286,#2211,.T.);
#2808=EDGE_CURVE('',#2286,#2287,#2212,.T.);
#2809=EDGE_CURVE('',#2284,#2287,#986,.T.);
#2810=EDGE_CURVE('',#2276,#2288,#2213,.T.);
#2811=EDGE_CURVE('',#2289,#2288,#987,.T.);
#2812=EDGE_CURVE('',#2289,#2286,#2214,.T.);
#2813=EDGE_CURVE('',#2276,#2290,#2215,.T.);
#2814=EDGE_CURVE('',#2290,#2291,#2216,.T.);
#2815=EDGE_CURVE('',#2288,#2291,#988,.T.);
#2816=EDGE_CURVE('',#2292,#2293,#2217,.T.);
#2817=EDGE_CURVE('',#2292,#2294,#2218,.T.);
#2818=EDGE_CURVE('',#2294,#2295,#1304,.T.);
#2819=EDGE_CURVE('',#2293,#2295,#989,.T.);
#2820=EDGE_CURVE('',#2292,#2296,#2219,.T.);
#2821=EDGE_CURVE('',#2297,#2296,#990,.T.);
#2822=EDGE_CURVE('',#2297,#2294,#1305,.T.);
#2823=EDGE_CURVE('',#2292,#2298,#2220,.T.);
#2824=EDGE_CURVE('',#2298,#2299,#2221,.T.);
#2825=EDGE_CURVE('',#2296,#2299,#991,.T.);
#2826=EDGE_CURVE('',#2292,#2300,#2222,.T.);
#2827=EDGE_CURVE('',#2301,#2300,#992,.T.);
#2828=EDGE_CURVE('',#2301,#2298,#2223,.T.);
#2829=EDGE_CURVE('',#2292,#2302,#2224,.T.);
#2830=EDGE_CURVE('',#2302,#2303,#2225,.T.);
#2831=EDGE_CURVE('',#2300,#2303,#993,.T.);
#2832=EDGE_CURVE('',#2292,#2304,#2226,.T.);
#2833=EDGE_CURVE('',#2305,#2304,#994,.T.);
#2834=EDGE_CURVE('',#2305,#2302,#2227,.T.);
#2835=EDGE_CURVE('',#2292,#2306,#2228,.T.);
#2836=EDGE_CURVE('',#2306,#2307,#2229,.T.);
#2837=EDGE_CURVE('',#2304,#2307,#995,.T.);
#2838=EDGE_CURVE('',#2308,#2309,#2230,.T.);
#2839=EDGE_CURVE('',#2308,#2310,#2231,.T.);
#2840=EDGE_CURVE('',#2310,#2311,#1306,.T.);
#2841=EDGE_CURVE('',#2309,#2311,#996,.T.);
#2842=EDGE_CURVE('',#2308,#2312,#2232,.T.);
#2843=EDGE_CURVE('',#2313,#2312,#997,.T.);
#2844=EDGE_CURVE('',#2313,#2310,#1307,.T.);
#2845=EDGE_CURVE('',#2308,#2314,#2233,.T.);
#2846=EDGE_CURVE('',#2314,#2315,#2234,.T.);
#2847=EDGE_CURVE('',#2312,#2315,#998,.T.);
#2848=EDGE_CURVE('',#2308,#2316,#2235,.T.);
#2849=EDGE_CURVE('',#2317,#2316,#999,.T.);
#2850=EDGE_CURVE('',#2317,#2314,#2236,.T.);
#2851=EDGE_CURVE('',#2308,#2318,#2237,.T.);
#2852=EDGE_CURVE('',#2318,#2319,#2238,.T.);
#2853=EDGE_CURVE('',#2316,#2319,#1000,.T.);
#2854=EDGE_CURVE('',#2308,#2320,#2239,.T.);
#2855=EDGE_CURVE('',#2321,#2320,#1001,.T.);
#2856=EDGE_CURVE('',#2321,#2318,#2240,.T.);
#2857=EDGE_CURVE('',#2308,#2322,#2241,.T.);
#2858=EDGE_CURVE('',#2322,#2323,#2242,.T.);
#2859=EDGE_CURVE('',#2320,#2323,#1002,.T.);
#2860=EDGE_CURVE('',#2324,#2325,#2243,.T.);
#2861=EDGE_CURVE('',#2324,#2326,#2244,.T.);
#2862=EDGE_CURVE('',#2326,#2327,#1308,.T.);
#2863=EDGE_CURVE('',#2325,#2327,#1003,.T.);
#2864=EDGE_CURVE('',#2324,#2328,#2245,.T.);
#2865=EDGE_CURVE('',#2329,#2328,#1004,.T.);
#2866=EDGE_CURVE('',#2329,#2326,#1309,.T.);
#2867=EDGE_CURVE('',#2324,#2330,#2246,.T.);
#2868=EDGE_CURVE('',#2330,#2331,#2247,.T.);
#2869=EDGE_CURVE('',#2328,#2331,#1005,.T.);
#2870=EDGE_CURVE('',#2324,#2332,#2248,.T.);
#2871=EDGE_CURVE('',#2333,#2332,#1006,.T.);
#2872=EDGE_CURVE('',#2333,#2330,#2249,.T.);
#2873=EDGE_CURVE('',#2324,#2334,#2250,.T.);
#2874=EDGE_CURVE('',#2334,#2335,#2251,.T.);
#2875=EDGE_CURVE('',#2332,#2335,#1007,.T.);
#2876=EDGE_CURVE('',#2324,#2336,#2252,.T.);
#2877=EDGE_CURVE('',#2337,#2336,#1008,.T.);
#2878=EDGE_CURVE('',#2337,#2334,#2253,.T.);
#2879=EDGE_CURVE('',#2324,#2338,#2254,.T.);
#2880=EDGE_CURVE('',#2338,#2339,#2255,.T.);
#2881=EDGE_CURVE('',#2336,#2339,#1009,.T.);
#2882=EDGE_CURVE('',#2340,#2341,#1010,.T.);
#2883=EDGE_CURVE('',#2341,#2342,#1310,.T.);
#2884=EDGE_CURVE('',#2342,#2343,#1011,.T.);
#2885=EDGE_CURVE('',#2343,#2340,#1311,.T.);
#2886=EDGE_CURVE('',#2344,#2345,#1012,.T.);
#2887=EDGE_CURVE('',#2345,#2341,#1013,.T.);
#2888=EDGE_CURVE('',#2340,#2344,#1014,.T.);
#2889=EDGE_CURVE('',#2346,#2347,#1015,.T.);
#2890=EDGE_CURVE('',#2347,#2345,#1312,.T.);
#2891=EDGE_CURVE('',#2344,#2346,#1313,.T.);
#2892=EDGE_CURVE('',#2348,#2349,#1016,.T.);
#2893=EDGE_CURVE('',#2349,#2347,#1017,.T.);
#2894=EDGE_CURVE('',#2346,#2348,#1018,.T.);
#2895=EDGE_CURVE('',#2350,#2351,#1019,.T.);
#2896=EDGE_CURVE('',#2351,#2349,#1314,.T.);
#2897=EDGE_CURVE('',#2348,#2350,#1315,.T.);
#2898=EDGE_CURVE('',#2352,#2353,#1020,.T.);
#2899=EDGE_CURVE('',#2353,#2354,#1316,.T.);
#2900=EDGE_CURVE('',#2354,#2350,#1021,.T.);
#2901=EDGE_CURVE('',#2350,#2352,#1317,.T.);
#2902=EDGE_CURVE('',#2355,#2356,#1022,.T.);
#2903=EDGE_CURVE('',#2356,#2353,#1023,.T.);
#2904=EDGE_CURVE('',#2352,#2355,#1024,.T.);
#2905=EDGE_CURVE('',#2357,#2358,#1025,.T.);
#2906=EDGE_CURVE('',#2358,#2356,#1318,.T.);
#2907=EDGE_CURVE('',#2355,#2357,#1319,.T.);
#2908=EDGE_CURVE('',#2359,#2360,#1026,.T.);
#2909=EDGE_CURVE('',#2360,#2358,#1027,.T.);
#2910=EDGE_CURVE('',#2357,#2359,#1028,.T.);
#2911=EDGE_CURVE('',#2361,#2362,#1029,.T.);
#2912=EDGE_CURVE('',#2362,#2360,#1320,.T.);
#2913=EDGE_CURVE('',#2359,#2361,#1321,.T.);
#2914=EDGE_CURVE('',#2354,#2351,#1030,.T.);
#2915=EDGE_CURVE('',#2363,#2364,#1031,.T.);
#2916=EDGE_CURVE('',#2364,#2365,#1322,.T.);
#2917=EDGE_CURVE('',#2365,#2361,#1032,.T.);
#2918=EDGE_CURVE('',#2361,#2363,#1323,.T.);
#2919=EDGE_CURVE('',#2366,#2367,#1033,.T.);
#2920=EDGE_CURVE('',#2367,#2364,#1034,.T.);
#2921=EDGE_CURVE('',#2363,#2366,#1035,.T.);
#2922=EDGE_CURVE('',#2368,#2369,#1036,.T.);
#2923=EDGE_CURVE('',#2369,#2367,#1324,.T.);
#2924=EDGE_CURVE('',#2366,#2368,#1325,.T.);
#2925=EDGE_CURVE('',#2370,#2371,#1037,.T.);
#2926=EDGE_CURVE('',#2371,#2369,#1038,.T.);
#2927=EDGE_CURVE('',#2368,#2370,#1039,.T.);
#2928=EDGE_CURVE('',#2372,#2373,#1040,.T.);
#2929=EDGE_CURVE('',#2373,#2371,#1326,.T.);
#2930=EDGE_CURVE('',#2370,#2372,#1327,.T.);
#2931=EDGE_CURVE('',#2365,#2362,#1041,.T.);
#2932=EDGE_CURVE('',#2374,#2375,#1042,.T.);
#2933=EDGE_CURVE('',#2375,#2376,#1328,.T.);
#2934=EDGE_CURVE('',#2376,#2372,#1043,.T.);
#2935=EDGE_CURVE('',#2372,#2374,#1329,.T.);
#2936=EDGE_CURVE('',#2377,#2378,#1044,.T.);
#2937=EDGE_CURVE('',#2378,#2375,#1045,.T.);
#2938=EDGE_CURVE('',#2374,#2377,#1046,.T.);
#2939=EDGE_CURVE('',#2379,#2380,#1047,.T.);
#2940=EDGE_CURVE('',#2380,#2378,#1330,.T.);
#2941=EDGE_CURVE('',#2377,#2379,#1331,.T.);
#2942=EDGE_CURVE('',#2381,#2382,#1048,.T.);
#2943=EDGE_CURVE('',#2382,#2380,#1049,.T.);
#2944=EDGE_CURVE('',#2379,#2381,#1050,.T.);
#2945=EDGE_CURVE('',#2343,#2383,#1051,.T.);
#2946=EDGE_CURVE('',#2383,#2382,#1332,.T.);
#2947=EDGE_CURVE('',#2381,#2343,#1333,.T.);
#2948=EDGE_CURVE('',#2376,#2373,#1052,.T.);
#2949=EDGE_CURVE('',#2342,#2383,#1053,.T.);
#2950=EDGE_CURVE('',#2356,#2384,#1334,.T.);
#2951=EDGE_CURVE('',#2385,#2384,#1054,.T.);
#2952=EDGE_CURVE('',#2385,#2353,#1335,.T.);
#2953=EDGE_CURVE('',#2386,#2358,#1336,.T.);
#2954=EDGE_CURVE('',#2384,#2386,#1337,.T.);
#2955=EDGE_CURVE('',#2360,#2387,#1338,.T.);
#2956=EDGE_CURVE('',#2386,#2387,#1055,.T.);
#2957=EDGE_CURVE('',#2388,#2362,#1339,.T.);
#2958=EDGE_CURVE('',#2387,#2388,#1340,.T.);
#2959=EDGE_CURVE('',#2365,#2389,#1341,.T.);
#2960=EDGE_CURVE('',#2390,#2389,#2256,.T.);
#2961=EDGE_CURVE('',#2388,#2390,#1056,.T.);
#2962=EDGE_CURVE('',#2367,#2391,#1342,.T.);
#2963=EDGE_CURVE('',#2392,#2391,#1057,.T.);
#2964=EDGE_CURVE('',#2392,#2364,#1343,.T.);
#2965=EDGE_CURVE('',#2393,#2369,#1344,.T.);
#2966=EDGE_CURVE('',#2391,#2393,#1345,.T.);
#2967=EDGE_CURVE('',#2371,#2394,#1346,.T.);
#2968=EDGE_CURVE('',#2393,#2394,#1058,.T.);
#2969=EDGE_CURVE('',#2376,#2395,#1347,.T.);
#2970=EDGE_CURVE('',#2396,#2395,#1059,.T.);
#2971=EDGE_CURVE('',#2397,#2396,#2257,.T.);
#2972=EDGE_CURVE('',#2397,#2373,#1348,.T.);
#2973=EDGE_CURVE('',#2398,#2375,#1349,.T.);
#2974=EDGE_CURVE('',#2395,#2398,#1350,.T.);
#2975=EDGE_CURVE('',#2399,#2400,#1351,.T.);
#2976=EDGE_CURVE('',#2401,#2399,#1352,.T.);
#2977=EDGE_CURVE('',#2402,#2401,#1353,.T.);
#2978=EDGE_CURVE('',#2402,#2400,#1354,.T.);
#2979=EDGE_CURVE('',#2396,#2403,#1060,.T.);
#2980=EDGE_CURVE('',#2403,#2397,#2258,.T.);
#2981=EDGE_CURVE('',#2395,#2404,#1061,.T.);
#2982=EDGE_CURVE('',#2404,#2403,#1062,.T.);
#2983=EDGE_CURVE('',#2398,#2405,#1063,.T.);
#2984=EDGE_CURVE('',#2405,#2404,#1355,.T.);
#2985=EDGE_CURVE('',#2406,#2407,#1064,.T.);
#2986=EDGE_CURVE('',#2407,#2405,#1065,.T.);
#2987=EDGE_CURVE('',#2398,#2406,#1066,.T.);
#2988=EDGE_CURVE('',#2408,#2409,#1067,.T.);
#2989=EDGE_CURVE('',#2409,#2407,#1356,.T.);
#2990=EDGE_CURVE('',#2406,#2408,#1357,.T.);
#2991=EDGE_CURVE('',#2410,#2411,#1068,.T.);
#2992=EDGE_CURVE('',#2411,#2409,#1069,.T.);
#2993=EDGE_CURVE('',#2408,#2410,#1070,.T.);
#2994=EDGE_CURVE('',#2412,#2413,#1071,.T.);
#2995=EDGE_CURVE('',#2413,#2411,#1358,.T.);
#2996=EDGE_CURVE('',#2410,#2412,#1359,.T.);
#2997=EDGE_CURVE('',#2414,#2415,#1072,.T.);
#2998=EDGE_CURVE('',#2415,#2413,#1073,.T.);
#2999=EDGE_CURVE('',#2412,#2414,#1074,.T.);
#3000=EDGE_CURVE('',#2414,#2416,#2259,.T.);
#3001=EDGE_CURVE('',#2416,#2415,#2260,.T.);
#3002=EDGE_CURVE('',#2342,#2416,#1360,.T.);
#3003=EDGE_CURVE('',#2412,#2383,#1361,.T.);
#3004=EDGE_CURVE('',#2382,#2410,#1362,.T.);
#3005=EDGE_CURVE('',#2408,#2380,#1363,.T.);
#3006=EDGE_CURVE('',#2378,#2406,#1364,.T.);
#3007=EDGE_CURVE('',#2417,#2418,#1075,.T.);
#3008=EDGE_CURVE('',#2418,#2419,#2261,.T.);
#3009=EDGE_CURVE('',#2419,#2417,#2262,.T.);
#3010=EDGE_CURVE('',#2420,#2421,#1076,.T.);
#3011=EDGE_CURVE('',#2421,#2418,#1077,.T.);
#3012=EDGE_CURVE('',#2417,#2420,#1078,.T.);
#3013=EDGE_CURVE('',#2385,#2422,#1079,.T.);
#3014=EDGE_CURVE('',#2422,#2421,#1365,.T.);
#3015=EDGE_CURVE('',#2420,#2385,#1366,.T.);
#3016=EDGE_CURVE('',#2384,#2423,#1080,.T.);
#3017=EDGE_CURVE('',#2423,#2422,#1081,.T.);
#3018=EDGE_CURVE('',#2386,#2424,#1082,.T.);
#3019=EDGE_CURVE('',#2424,#2423,#1367,.T.);
#3020=EDGE_CURVE('',#2387,#2425,#1083,.T.);
#3021=EDGE_CURVE('',#2425,#2424,#1084,.T.);
#3022=EDGE_CURVE('',#2388,#2426,#1085,.T.);
#3023=EDGE_CURVE('',#2426,#2425,#1368,.T.);
#3024=EDGE_CURVE('',#2390,#2427,#1086,.T.);
#3025=EDGE_CURVE('',#2427,#2426,#1087,.T.);
#3026=EDGE_CURVE('',#2389,#2427,#2263,.T.);
#3027=EDGE_CURVE('',#2354,#2420,#1369,.T.);
#3028=EDGE_CURVE('',#2419,#2351,#1370,.T.);
#3029=EDGE_CURVE('',#2416,#2397,#1371,.T.);
#3030=EDGE_CURVE('',#2403,#2415,#1372,.T.);
#3031=EDGE_CURVE('',#2389,#2419,#1373,.T.);
#3032=EDGE_CURVE('',#2418,#2427,#1374,.T.);
#3033=EDGE_CURVE('',#2428,#2325,#1088,.T.);
#3034=EDGE_CURVE('',#2428,#2338,#2264,.T.);
#3035=EDGE_CURVE('',#2429,#2309,#1089,.T.);
#3036=EDGE_CURVE('',#2429,#2322,#2265,.T.);
#3037=EDGE_CURVE('',#2392,#2430,#1090,.T.);
#3038=EDGE_CURVE('',#2430,#2428,#1375,.T.);
#3039=EDGE_CURVE('',#2327,#2392,#1376,.T.);
#3040=EDGE_CURVE('',#2391,#2431,#1091,.T.);
#3041=EDGE_CURVE('',#2431,#2430,#1092,.T.);
#3042=EDGE_CURVE('',#2393,#2432,#1093,.T.);
#3043=EDGE_CURVE('',#2432,#2431,#1377,.T.);
#3044=EDGE_CURVE('',#2394,#2433,#1094,.T.);
#3045=EDGE_CURVE('',#2433,#2432,#1095,.T.);
#3046=EDGE_CURVE('',#2394,#2313,#1378,.T.);
#3047=EDGE_CURVE('',#2315,#2433,#1379,.T.);
#3048=EDGE_CURVE('',#2434,#2435,#1096,.T.);
#3049=EDGE_CURVE('',#2435,#2429,#1380,.T.);
#3050=EDGE_CURVE('',#2311,#2434,#1381,.T.);
#3051=EDGE_CURVE('',#2436,#2437,#1097,.T.);
#3052=EDGE_CURVE('',#2437,#2435,#1098,.T.);
#3053=EDGE_CURVE('',#2434,#2436,#1099,.T.);
#3054=EDGE_CURVE('',#2438,#2439,#1100,.T.);
#3055=EDGE_CURVE('',#2439,#2437,#1382,.T.);
#3056=EDGE_CURVE('',#2436,#2438,#1383,.T.);
#3057=EDGE_CURVE('',#2440,#2441,#1101,.T.);
#3058=EDGE_CURVE('',#2441,#2439,#1102,.T.);
#3059=EDGE_CURVE('',#2438,#2440,#1103,.T.);
#3060=EDGE_CURVE('',#2440,#2329,#1384,.T.);
#3061=EDGE_CURVE('',#2331,#2441,#1385,.T.);
#3062=EDGE_CURVE('',#2323,#2333,#1104,.T.);
#3063=EDGE_CURVE('',#2335,#2442,#1105,.T.);
#3064=EDGE_CURVE('',#2442,#2321,#1106,.T.);
#3065=EDGE_CURVE('',#2339,#2317,#1107,.T.);
#3066=EDGE_CURVE('',#2319,#2337,#1108,.T.);
#3067=EDGE_CURVE('',#2349,#2440,#1386,.T.);
#3068=EDGE_CURVE('',#2438,#2347,#1387,.T.);
#3069=EDGE_CURVE('',#2345,#2436,#1388,.T.);
#3070=EDGE_CURVE('',#2434,#2341,#1389,.T.);
#3071=EDGE_CURVE('',#2442,#2443,#1390,.T.);
#3072=EDGE_CURVE('',#2443,#2443,#1109,.T.);
#3073=EDGE_CURVE('',#2444,#2445,#1110,.T.);
#3074=EDGE_CURVE('',#2445,#2446,#1391,.T.);
#3075=EDGE_CURVE('',#2446,#2447,#1111,.T.);
#3076=EDGE_CURVE('',#2447,#2444,#1392,.T.);
#3077=EDGE_CURVE('',#2448,#2449,#1112,.T.);
#3078=EDGE_CURVE('',#2449,#2445,#1113,.T.);
#3079=EDGE_CURVE('',#2444,#2448,#1114,.T.);
#3080=EDGE_CURVE('',#2450,#2451,#1115,.T.);
#3081=EDGE_CURVE('',#2451,#2449,#1393,.T.);
#3082=EDGE_CURVE('',#2448,#2450,#1394,.T.);
#3083=EDGE_CURVE('',#2452,#2453,#1116,.T.);
#3084=EDGE_CURVE('',#2453,#2451,#1117,.T.);
#3085=EDGE_CURVE('',#2450,#2452,#1118,.T.);
#3086=EDGE_CURVE('',#2454,#2455,#1119,.T.);
#3087=EDGE_CURVE('',#2455,#2453,#1395,.T.);
#3088=EDGE_CURVE('',#2452,#2454,#1396,.T.);
#3089=EDGE_CURVE('',#2456,#2457,#1120,.T.);
#3090=EDGE_CURVE('',#2457,#2458,#1397,.T.);
#3091=EDGE_CURVE('',#2458,#2454,#1121,.T.);
#3092=EDGE_CURVE('',#2454,#2456,#1398,.T.);
#3093=EDGE_CURVE('',#2459,#2460,#1122,.T.);
#3094=EDGE_CURVE('',#2460,#2457,#1123,.T.);
#3095=EDGE_CURVE('',#2456,#2459,#1124,.T.);
#3096=EDGE_CURVE('',#2461,#2462,#1125,.T.);
#3097=EDGE_CURVE('',#2462,#2460,#1399,.T.);
#3098=EDGE_CURVE('',#2459,#2461,#1400,.T.);
#3099=EDGE_CURVE('',#2463,#2464,#1126,.T.);
#3100=EDGE_CURVE('',#2464,#2462,#1127,.T.);
#3101=EDGE_CURVE('',#2461,#2463,#1128,.T.);
#3102=EDGE_CURVE('',#2465,#2466,#1129,.T.);
#3103=EDGE_CURVE('',#2466,#2464,#1401,.T.);
#3104=EDGE_CURVE('',#2463,#2465,#1402,.T.);
#3105=EDGE_CURVE('',#2458,#2455,#1130,.T.);
#3106=EDGE_CURVE('',#2467,#2468,#1131,.T.);
#3107=EDGE_CURVE('',#2468,#2469,#1403,.T.);
#3108=EDGE_CURVE('',#2469,#2465,#1132,.T.);
#3109=EDGE_CURVE('',#2465,#2467,#1404,.T.);
#3110=EDGE_CURVE('',#2470,#2471,#1133,.T.);
#3111=EDGE_CURVE('',#2471,#2468,#1134,.T.);
#3112=EDGE_CURVE('',#2467,#2470,#1135,.T.);
#3113=EDGE_CURVE('',#2472,#2473,#1136,.T.);
#3114=EDGE_CURVE('',#2473,#2471,#1405,.T.);
#3115=EDGE_CURVE('',#2470,#2472,#1406,.T.);
#3116=EDGE_CURVE('',#2474,#2475,#1137,.T.);
#3117=EDGE_CURVE('',#2475,#2473,#1138,.T.);
#3118=EDGE_CURVE('',#2472,#2474,#1139,.T.);
#3119=EDGE_CURVE('',#2476,#2477,#1140,.T.);
#3120=EDGE_CURVE('',#2477,#2475,#1407,.T.);
#3121=EDGE_CURVE('',#2474,#2476,#1408,.T.);
#3122=EDGE_CURVE('',#2469,#2466,#1141,.T.);
#3123=EDGE_CURVE('',#2478,#2479,#1142,.T.);
#3124=EDGE_CURVE('',#2479,#2480,#1409,.T.);
#3125=EDGE_CURVE('',#2480,#2476,#1143,.T.);
#3126=EDGE_CURVE('',#2476,#2478,#1410,.T.);
#3127=EDGE_CURVE('',#2481,#2482,#1144,.T.);
#3128=EDGE_CURVE('',#2482,#2479,#1145,.T.);
#3129=EDGE_CURVE('',#2478,#2481,#1146,.T.);
#3130=EDGE_CURVE('',#2483,#2484,#1147,.T.);
#3131=EDGE_CURVE('',#2484,#2482,#1411,.T.);
#3132=EDGE_CURVE('',#2481,#2483,#1412,.T.);
#3133=EDGE_CURVE('',#2485,#2486,#1148,.T.);
#3134=EDGE_CURVE('',#2486,#2484,#1149,.T.);
#3135=EDGE_CURVE('',#2483,#2485,#1150,.T.);
#3136=EDGE_CURVE('',#2447,#2487,#1151,.T.);
#3137=EDGE_CURVE('',#2487,#2486,#1413,.T.);
#3138=EDGE_CURVE('',#2485,#2447,#1414,.T.);
#3139=EDGE_CURVE('',#2480,#2477,#1152,.T.);
#3140=EDGE_CURVE('',#2446,#2487,#1153,.T.);
#3141=EDGE_CURVE('',#2460,#2488,#1415,.T.);
#3142=EDGE_CURVE('',#2489,#2488,#1154,.T.);
#3143=EDGE_CURVE('',#2489,#2457,#1416,.T.);
#3144=EDGE_CURVE('',#2490,#2462,#1417,.T.);
#3145=EDGE_CURVE('',#2488,#2490,#1418,.T.);
#3146=EDGE_CURVE('',#2464,#2491,#1419,.T.);
#3147=EDGE_CURVE('',#2490,#2491,#1155,.T.);
#3148=EDGE_CURVE('',#2492,#2466,#1420,.T.);
#3149=EDGE_CURVE('',#2491,#2492,#1421,.T.);
#3150=EDGE_CURVE('',#2469,#2493,#1422,.T.);
#3151=EDGE_CURVE('',#2494,#2493,#2266,.T.);
#3152=EDGE_CURVE('',#2492,#2494,#1156,.T.);
#3153=EDGE_CURVE('',#2471,#2495,#1423,.T.);
#3154=EDGE_CURVE('',#2496,#2495,#1157,.T.);
#3155=EDGE_CURVE('',#2496,#2468,#1424,.T.);
#3156=EDGE_CURVE('',#2497,#2473,#1425,.T.);
#3157=EDGE_CURVE('',#2495,#2497,#1426,.T.);
#3158=EDGE_CURVE('',#2475,#2498,#1427,.T.);
#3159=EDGE_CURVE('',#2497,#2498,#1158,.T.);
#3160=EDGE_CURVE('',#2480,#2499,#1428,.T.);
#3161=EDGE_CURVE('',#2500,#2499,#1159,.T.);
#3162=EDGE_CURVE('',#2501,#2500,#2267,.T.);
#3163=EDGE_CURVE('',#2501,#2477,#1429,.T.);
#3164=EDGE_CURVE('',#2502,#2479,#1430,.T.);
#3165=EDGE_CURVE('',#2499,#2502,#1431,.T.);
#3166=EDGE_CURVE('',#2503,#2504,#1432,.T.);
#3167=EDGE_CURVE('',#2505,#2503,#1433,.T.);
#3168=EDGE_CURVE('',#2506,#2505,#1434,.T.);
#3169=EDGE_CURVE('',#2504,#2506,#1435,.T.);
#3170=EDGE_CURVE('',#2500,#2507,#1160,.T.);
#3171=EDGE_CURVE('',#2507,#2501,#2268,.T.);
#3172=EDGE_CURVE('',#2499,#2508,#1161,.T.);
#3173=EDGE_CURVE('',#2508,#2507,#1162,.T.);
#3174=EDGE_CURVE('',#2502,#2509,#1163,.T.);
#3175=EDGE_CURVE('',#2509,#2508,#1436,.T.);
#3176=EDGE_CURVE('',#2510,#2511,#1164,.T.);
#3177=EDGE_CURVE('',#2511,#2509,#1165,.T.);
#3178=EDGE_CURVE('',#2502,#2510,#1166,.T.);
#3179=EDGE_CURVE('',#2512,#2513,#1167,.T.);
#3180=EDGE_CURVE('',#2513,#2511,#1437,.T.);
#3181=EDGE_CURVE('',#2510,#2512,#1438,.T.);
#3182=EDGE_CURVE('',#2514,#2515,#1168,.T.);
#3183=EDGE_CURVE('',#2515,#2513,#1169,.T.);
#3184=EDGE_CURVE('',#2512,#2514,#1170,.T.);
#3185=EDGE_CURVE('',#2516,#2517,#1171,.T.);
#3186=EDGE_CURVE('',#2517,#2515,#1439,.T.);
#3187=EDGE_CURVE('',#2514,#2516,#1440,.T.);
#3188=EDGE_CURVE('',#2518,#2519,#1172,.T.);
#3189=EDGE_CURVE('',#2519,#2517,#1173,.T.);
#3190=EDGE_CURVE('',#2516,#2518,#1174,.T.);
#3191=EDGE_CURVE('',#2518,#2520,#2269,.T.);
#3192=EDGE_CURVE('',#2520,#2519,#2270,.T.);
#3193=EDGE_CURVE('',#2446,#2520,#1441,.T.);
#3194=EDGE_CURVE('',#2516,#2487,#1442,.T.);
#3195=EDGE_CURVE('',#2486,#2514,#1443,.T.);
#3196=EDGE_CURVE('',#2512,#2484,#1444,.T.);
#3197=EDGE_CURVE('',#2482,#2510,#1445,.T.);
#3198=EDGE_CURVE('',#2521,#2522,#1175,.T.);
#3199=EDGE_CURVE('',#2522,#2523,#2271,.T.);
#3200=EDGE_CURVE('',#2523,#2521,#2272,.T.);
#3201=EDGE_CURVE('',#2524,#2525,#1176,.T.);
#3202=EDGE_CURVE('',#2525,#2522,#1177,.T.);
#3203=EDGE_CURVE('',#2521,#2524,#1178,.T.);
#3204=EDGE_CURVE('',#2489,#2526,#1179,.T.);
#3205=EDGE_CURVE('',#2526,#2525,#1446,.T.);
#3206=EDGE_CURVE('',#2524,#2489,#1447,.T.);
#3207=EDGE_CURVE('',#2488,#2527,#1180,.T.);
#3208=EDGE_CURVE('',#2527,#2526,#1181,.T.);
#3209=EDGE_CURVE('',#2490,#2528,#1182,.T.);
#3210=EDGE_CURVE('',#2528,#2527,#1448,.T.);
#3211=EDGE_CURVE('',#2491,#2529,#1183,.T.);
#3212=EDGE_CURVE('',#2529,#2528,#1184,.T.);
#3213=EDGE_CURVE('',#2492,#2530,#1185,.T.);
#3214=EDGE_CURVE('',#2530,#2529,#1449,.T.);
#3215=EDGE_CURVE('',#2494,#2531,#1186,.T.);
#3216=EDGE_CURVE('',#2531,#2530,#1187,.T.);
#3217=EDGE_CURVE('',#2493,#2531,#2273,.T.);
#3218=EDGE_CURVE('',#2458,#2524,#1450,.T.);
#3219=EDGE_CURVE('',#2523,#2455,#1451,.T.);
#3220=EDGE_CURVE('',#2520,#2501,#1452,.T.);
#3221=EDGE_CURVE('',#2507,#2519,#1453,.T.);
#3222=EDGE_CURVE('',#2493,#2523,#1454,.T.);
#3223=EDGE_CURVE('',#2522,#2531,#1455,.T.);
#3224=EDGE_CURVE('',#2532,#2293,#1188,.T.);
#3225=EDGE_CURVE('',#2532,#2306,#2274,.T.);
#3226=EDGE_CURVE('',#2533,#2277,#1189,.T.);
#3227=EDGE_CURVE('',#2533,#2290,#2275,.T.);
#3228=EDGE_CURVE('',#2496,#2534,#1190,.T.);
#3229=EDGE_CURVE('',#2534,#2532,#1456,.T.);
#3230=EDGE_CURVE('',#2295,#2496,#1457,.T.);
#3231=EDGE_CURVE('',#2495,#2535,#1191,.T.);
#3232=EDGE_CURVE('',#2535,#2534,#1192,.T.);
#3233=EDGE_CURVE('',#2497,#2536,#1193,.T.);
#3234=EDGE_CURVE('',#2536,#2535,#1458,.T.);
#3235=EDGE_CURVE('',#2498,#2537,#1194,.T.);
#3236=EDGE_CURVE('',#2537,#2536,#1195,.T.);
#3237=EDGE_CURVE('',#2498,#2281,#1459,.T.);
#3238=EDGE_CURVE('',#2283,#2537,#1460,.T.);
#3239=EDGE_CURVE('',#2538,#2539,#1196,.T.);
#3240=EDGE_CURVE('',#2539,#2533,#1461,.T.);
#3241=EDGE_CURVE('',#2279,#2538,#1462,.T.);
#3242=EDGE_CURVE('',#2540,#2541,#1197,.T.);
#3243=EDGE_CURVE('',#2541,#2539,#1198,.T.);
#3244=EDGE_CURVE('',#2538,#2540,#1199,.T.);
#3245=EDGE_CURVE('',#2542,#2543,#1200,.T.);
#3246=EDGE_CURVE('',#2543,#2541,#1463,.T.);
#3247=EDGE_CURVE('',#2540,#2542,#1464,.T.);
#3248=EDGE_CURVE('',#2544,#2545,#1201,.T.);
#3249=EDGE_CURVE('',#2545,#2543,#1202,.T.);
#3250=EDGE_CURVE('',#2542,#2544,#1203,.T.);
#3251=EDGE_CURVE('',#2544,#2297,#1465,.T.);
#3252=EDGE_CURVE('',#2299,#2545,#1466,.T.);
#3253=EDGE_CURVE('',#2291,#2301,#1204,.T.);
#3254=EDGE_CURVE('',#2303,#2546,#1205,.T.);
#3255=EDGE_CURVE('',#2546,#2289,#1206,.T.);
#3256=EDGE_CURVE('',#2307,#2285,#1207,.T.);
#3257=EDGE_CURVE('',#2287,#2305,#1208,.T.);
#3258=EDGE_CURVE('',#2453,#2544,#1467,.T.);
#3259=EDGE_CURVE('',#2542,#2451,#1468,.T.);
#3260=EDGE_CURVE('',#2449,#2540,#1469,.T.);
#3261=EDGE_CURVE('',#2538,#2445,#1470,.T.);
#3262=EDGE_CURVE('',#2546,#2547,#1471,.T.);
#3263=EDGE_CURVE('',#2547,#2547,#1209,.T.);
#3264=EDGE_CURVE('',#2548,#2549,#1210,.T.);
#3265=EDGE_CURVE('',#2549,#2550,#1472,.T.);
#3266=EDGE_CURVE('',#2550,#2551,#1211,.T.);
#3267=EDGE_CURVE('',#2551,#2548,#1473,.T.);
#3268=EDGE_CURVE('',#2552,#2551,#1474,.T.);
#3269=EDGE_CURVE('',#2553,#2552,#1475,.T.);
#3270=EDGE_CURVE('',#2548,#2553,#1476,.T.);
#3271=EDGE_CURVE('',#2550,#2554,#1477,.T.);
#3272=EDGE_CURVE('',#2555,#2554,#1478,.T.);
#3273=EDGE_CURVE('',#2555,#2556,#1479,.T.);
#3274=EDGE_CURVE('',#2556,#2557,#1212,.T.);
#3275=EDGE_CURVE('',#2557,#2558,#1480,.T.);
#3276=EDGE_CURVE('',#2558,#2559,#1213,.T.);
#3277=EDGE_CURVE('',#2559,#2560,#1481,.T.);
#3278=EDGE_CURVE('',#2560,#2561,#1214,.T.);
#3279=EDGE_CURVE('',#2561,#2562,#1482,.T.);
#3280=EDGE_CURVE('',#2563,#2562,#1215,.T.);
#3281=EDGE_CURVE('',#2563,#2564,#1483,.T.);
#3282=EDGE_CURVE('',#2564,#2565,#1484,.T.);
#3283=EDGE_CURVE('',#2565,#2566,#1216,.T.);
#3284=EDGE_CURVE('',#2566,#2567,#1485,.T.);
#3285=EDGE_CURVE('',#2567,#2568,#1217,.T.);
#3286=EDGE_CURVE('',#2568,#2569,#1486,.T.);
#3287=EDGE_CURVE('',#2570,#2569,#1218,.T.);
#3288=EDGE_CURVE('',#2570,#2571,#1487,.T.);
#3289=EDGE_CURVE('',#2572,#2571,#1219,.T.);
#3290=EDGE_CURVE('',#2572,#2573,#1488,.T.);
#3291=EDGE_CURVE('',#2573,#2574,#1489,.T.);
#3292=EDGE_CURVE('',#2574,#2575,#1490,.T.);
#3293=EDGE_CURVE('',#2575,#2576,#1491,.T.);
#3294=EDGE_CURVE('',#2576,#2577,#1220,.T.);
#3295=EDGE_CURVE('',#2577,#2578,#1492,.T.);
#3296=EDGE_CURVE('',#2578,#2579,#1221,.T.);
#3297=EDGE_CURVE('',#2579,#2580,#1493,.T.);
#3298=EDGE_CURVE('',#2580,#2581,#1494,.T.);
#3299=EDGE_CURVE('',#2582,#2581,#1222,.T.);
#3300=EDGE_CURVE('',#2583,#2582,#1495,.T.);
#3301=EDGE_CURVE('',#2584,#2583,#1223,.T.);
#3302=EDGE_CURVE('',#2585,#2584,#1496,.T.);
#3303=EDGE_CURVE('',#2586,#2585,#1224,.T.);
#3304=EDGE_CURVE('',#2587,#2586,#1497,.T.);
#3305=EDGE_CURVE('',#2588,#2587,#1225,.T.);
#3306=EDGE_CURVE('',#2589,#2588,#1498,.T.);
#3307=EDGE_CURVE('',#2590,#2589,#1226,.T.);
#3308=EDGE_CURVE('',#2591,#2590,#1499,.T.);
#3309=EDGE_CURVE('',#2592,#2591,#1227,.T.);
#3310=EDGE_CURVE('',#2593,#2592,#1500,.T.);
#3311=EDGE_CURVE('',#2594,#2593,#1228,.T.);
#3312=EDGE_CURVE('',#2595,#2594,#1501,.T.);
#3313=EDGE_CURVE('',#2596,#2595,#1229,.T.);
#3314=EDGE_CURVE('',#2596,#2597,#1502,.T.);
#3315=EDGE_CURVE('',#2598,#2597,#1230,.T.);
#3316=EDGE_CURVE('',#2598,#2599,#1503,.T.);
#3317=EDGE_CURVE('',#2600,#2599,#1231,.T.);
#3318=EDGE_CURVE('',#2600,#2601,#1504,.T.);
#3319=EDGE_CURVE('',#2602,#2601,#1232,.T.);
#3320=EDGE_CURVE('',#2602,#2603,#1505,.T.);
#3321=EDGE_CURVE('',#2604,#2603,#1233,.T.);
#3322=EDGE_CURVE('',#2604,#2605,#1506,.T.);
#3323=EDGE_CURVE('',#2606,#2605,#1234,.T.);
#3324=EDGE_CURVE('',#2607,#2606,#1507,.T.);
#3325=EDGE_CURVE('',#2608,#2607,#1235,.T.);
#3326=EDGE_CURVE('',#2608,#2609,#1508,.T.);
#3327=EDGE_CURVE('',#2610,#2609,#1509,.T.);
#3328=EDGE_CURVE('',#2611,#2610,#1236,.T.);
#3329=EDGE_CURVE('',#2612,#2611,#1510,.T.);
#3330=EDGE_CURVE('',#2613,#2612,#1237,.T.);
#3331=EDGE_CURVE('',#2614,#2613,#1511,.T.);
#3332=EDGE_CURVE('',#2615,#2614,#1512,.T.);
#3333=EDGE_CURVE('',#2616,#2615,#1513,.T.);
#3334=EDGE_CURVE('',#2616,#2617,#1514,.T.);
#3335=EDGE_CURVE('',#2618,#2617,#1238,.T.);
#3336=EDGE_CURVE('',#2619,#2618,#1515,.T.);
#3337=EDGE_CURVE('',#2620,#2619,#1239,.T.);
#3338=EDGE_CURVE('',#2621,#2620,#1516,.T.);
#3339=EDGE_CURVE('',#2622,#2621,#1240,.T.);
#3340=EDGE_CURVE('',#2623,#2622,#1517,.T.);
#3341=EDGE_CURVE('',#2624,#2623,#1241,.T.);
#3342=EDGE_CURVE('',#2625,#2624,#1518,.T.);
#3343=EDGE_CURVE('',#2625,#2626,#1519,.T.);
#3344=EDGE_CURVE('',#2627,#2626,#1242,.T.);
#3345=EDGE_CURVE('',#2628,#2627,#1520,.T.);
#3346=EDGE_CURVE('',#2629,#2628,#1243,.T.);
#3347=EDGE_CURVE('',#2630,#2629,#1521,.T.);
#3348=EDGE_CURVE('',#2631,#2630,#1244,.T.);
#3349=EDGE_CURVE('',#2632,#2631,#1522,.T.);
#3350=EDGE_CURVE('',#2633,#2632,#1245,.T.);
#3351=EDGE_CURVE('',#2634,#2633,#1523,.T.);
#3352=EDGE_CURVE('',#2635,#2634,#1524,.T.);
#3353=EDGE_CURVE('',#2635,#2636,#1525,.T.);
#3354=EDGE_CURVE('',#2637,#2636,#1246,.T.);
#3355=EDGE_CURVE('',#2638,#2637,#1526,.T.);
#3356=EDGE_CURVE('',#2639,#2638,#1247,.T.);
#3357=EDGE_CURVE('',#2640,#2639,#1527,.T.);
#3358=EDGE_CURVE('',#2400,#2640,#1248,.T.);
#3359=EDGE_CURVE('',#2641,#2402,#1528,.T.);
#3360=EDGE_CURVE('',#2642,#2641,#1249,.T.);
#3361=EDGE_CURVE('',#2642,#2643,#1529,.T.);
#3362=EDGE_CURVE('',#2644,#2643,#1250,.T.);
#3363=EDGE_CURVE('',#2644,#2645,#1530,.T.);
#3364=EDGE_CURVE('',#2646,#2645,#1531,.T.);
#3365=EDGE_CURVE('',#2647,#2646,#1532,.T.);
#3366=EDGE_CURVE('',#2648,#2647,#1533,.T.);
#3367=EDGE_CURVE('',#2648,#2649,#1534,.T.);
#3368=EDGE_CURVE('',#2650,#2649,#1535,.T.);
#3369=EDGE_CURVE('',#2651,#2650,#1251,.T.);
#3370=EDGE_CURVE('',#2651,#2652,#1536,.T.);
#3371=EDGE_CURVE('',#2653,#2652,#1252,.T.);
#3372=EDGE_CURVE('',#2653,#2505,#1537,.T.);
#3373=EDGE_CURVE('',#2654,#2503,#1253,.T.);
#3374=EDGE_CURVE('',#2654,#2655,#1538,.T.);
#3375=EDGE_CURVE('',#2552,#2655,#1254,.T.);
#3376=EDGE_CURVE('',#2656,#2657,#1539,.T.);
#3377=EDGE_CURVE('',#2657,#2658,#1540,.T.);
#3378=EDGE_CURVE('',#2658,#2659,#1541,.T.);
#3379=EDGE_CURVE('',#2659,#2656,#1542,.T.);
#3380=EDGE_CURVE('',#2660,#2661,#1255,.T.);
#3381=EDGE_CURVE('',#2662,#2660,#1543,.T.);
#3382=EDGE_CURVE('',#2663,#2662,#1544,.T.);
#3383=EDGE_CURVE('',#2664,#2663,#1545,.T.);
#3384=EDGE_CURVE('',#2661,#2664,#1546,.T.);
#3385=EDGE_CURVE('',#2665,#2666,#1256,.T.);
#3386=EDGE_CURVE('',#2666,#2667,#1547,.T.);
#3387=EDGE_CURVE('',#2667,#2668,#1548,.T.);
#3388=EDGE_CURVE('',#2668,#2669,#1549,.T.);
#3389=EDGE_CURVE('',#2669,#2665,#1550,.T.);
#3390=EDGE_CURVE('',#2670,#2671,#1551,.T.);
#3391=EDGE_CURVE('',#2671,#2672,#1552,.T.);
#3392=EDGE_CURVE('',#2673,#2672,#1553,.T.);
#3393=EDGE_CURVE('',#2670,#2673,#1554,.T.);
#3394=EDGE_CURVE('',#2674,#2675,#1257,.T.);
#3395=EDGE_CURVE('',#2675,#2637,#1555,.T.);
#3396=EDGE_CURVE('',#2636,#2674,#1556,.T.);
#3397=EDGE_CURVE('',#2676,#2675,#1557,.T.);
#3398=EDGE_CURVE('',#2638,#2676,#1558,.T.);
#3399=EDGE_CURVE('',#2677,#2553,#1258,.T.);
#3400=EDGE_CURVE('',#2677,#2678,#1559,.T.);
#3401=EDGE_CURVE('',#2504,#2678,#1259,.T.);
#3402=EDGE_CURVE('',#2506,#2679,#1560,.T.);
#3403=EDGE_CURVE('',#2680,#2679,#1260,.T.);
#3404=EDGE_CURVE('',#2681,#2680,#1561,.T.);
#3405=EDGE_CURVE('',#2682,#2681,#1261,.T.);
#3406=EDGE_CURVE('',#2683,#2682,#1562,.T.);
#3407=EDGE_CURVE('',#2684,#2683,#1563,.T.);
#3408=EDGE_CURVE('',#2684,#2685,#1564,.T.);
#3409=EDGE_CURVE('',#2685,#2686,#1565,.T.);
#3410=EDGE_CURVE('',#2687,#2686,#1566,.T.);
#3411=EDGE_CURVE('',#2687,#2688,#1567,.T.);
#3412=EDGE_CURVE('',#2689,#2688,#1262,.T.);
#3413=EDGE_CURVE('',#2689,#2690,#1568,.T.);
#3414=EDGE_CURVE('',#2691,#2690,#1263,.T.);
#3415=EDGE_CURVE('',#2401,#2691,#1569,.T.);
#3416=EDGE_CURVE('',#2692,#2399,#1264,.T.);
#3417=EDGE_CURVE('',#2692,#2693,#1570,.T.);
#3418=EDGE_CURVE('',#2676,#2693,#1265,.T.);
#3419=EDGE_CURVE('',#2674,#2694,#1571,.T.);
#3420=EDGE_CURVE('',#2694,#2695,#1572,.T.);
#3421=EDGE_CURVE('',#2696,#2695,#1573,.T.);
#3422=EDGE_CURVE('',#2697,#2696,#1266,.T.);
#3423=EDGE_CURVE('',#2698,#2697,#1574,.T.);
#3424=EDGE_CURVE('',#2698,#2699,#1267,.T.);
#3425=EDGE_CURVE('',#2700,#2699,#1575,.T.);
#3426=EDGE_CURVE('',#2700,#2701,#1268,.T.);
#3427=EDGE_CURVE('',#2701,#2702,#1576,.T.);
#3428=EDGE_CURVE('',#2703,#2702,#1269,.T.);
#3429=EDGE_CURVE('',#2704,#2703,#1577,.T.);
#3430=EDGE_CURVE('',#2705,#2704,#1578,.T.);
#3431=EDGE_CURVE('',#2706,#2705,#1270,.T.);
#3432=EDGE_CURVE('',#2707,#2706,#1579,.T.);
#3433=EDGE_CURVE('',#2708,#2707,#1271,.T.);
#3434=EDGE_CURVE('',#2709,#2708,#1580,.T.);
#3435=EDGE_CURVE('',#2710,#2709,#1272,.T.);
#3436=EDGE_CURVE('',#2711,#2710,#1581,.T.);
#3437=EDGE_CURVE('',#2712,#2711,#1273,.T.);
#3438=EDGE_CURVE('',#2712,#2713,#1582,.T.);
#3439=EDGE_CURVE('',#2714,#2713,#1583,.T.);
#3440=EDGE_CURVE('',#2715,#2714,#1584,.T.);
#3441=EDGE_CURVE('',#2716,#2715,#1585,.T.);
#3442=EDGE_CURVE('',#2717,#2716,#1274,.T.);
#3443=EDGE_CURVE('',#2718,#2717,#1586,.T.);
#3444=EDGE_CURVE('',#2718,#2719,#1275,.T.);
#3445=EDGE_CURVE('',#2719,#2720,#1587,.T.);
#3446=EDGE_CURVE('',#2720,#2721,#1588,.T.);
#3447=EDGE_CURVE('',#2722,#2721,#1276,.T.);
#3448=EDGE_CURVE('',#2723,#2722,#1589,.T.);
#3449=EDGE_CURVE('',#2724,#2723,#1277,.T.);
#3450=EDGE_CURVE('',#2724,#2725,#1590,.T.);
#3451=EDGE_CURVE('',#2726,#2725,#1278,.T.);
#3452=EDGE_CURVE('',#2726,#2727,#1591,.T.);
#3453=EDGE_CURVE('',#2728,#2727,#1279,.T.);
#3454=EDGE_CURVE('',#2728,#2729,#1592,.T.);
#3455=EDGE_CURVE('',#2730,#2729,#1280,.T.);
#3456=EDGE_CURVE('',#2730,#2731,#1593,.T.);
#3457=EDGE_CURVE('',#2732,#2731,#1281,.T.);
#3458=EDGE_CURVE('',#2732,#2733,#1594,.T.);
#3459=EDGE_CURVE('',#2734,#2733,#1282,.T.);
#3460=EDGE_CURVE('',#2734,#2735,#1595,.T.);
#3461=EDGE_CURVE('',#2736,#2735,#1283,.T.);
#3462=EDGE_CURVE('',#2736,#2737,#1596,.T.);
#3463=EDGE_CURVE('',#2738,#2737,#1284,.T.);
#3464=EDGE_CURVE('',#2738,#2739,#1597,.T.);
#3465=EDGE_CURVE('',#2740,#2739,#1285,.T.);
#3466=EDGE_CURVE('',#2740,#2741,#1598,.T.);
#3467=EDGE_CURVE('',#2742,#2741,#1286,.T.);
#3468=EDGE_CURVE('',#2742,#2743,#1599,.T.);
#3469=EDGE_CURVE('',#2744,#2743,#1287,.T.);
#3470=EDGE_CURVE('',#2744,#2745,#1600,.T.);
#3471=EDGE_CURVE('',#2746,#2745,#1288,.T.);
#3472=EDGE_CURVE('',#2747,#2746,#1601,.T.);
#3473=EDGE_CURVE('',#2748,#2747,#1289,.T.);
#3474=EDGE_CURVE('',#2748,#2749,#1602,.T.);
#3475=EDGE_CURVE('',#2750,#2749,#1603,.T.);
#3476=EDGE_CURVE('',#2751,#2750,#1290,.T.);
#3477=EDGE_CURVE('',#2751,#2752,#1604,.T.);
#3478=EDGE_CURVE('',#2752,#2753,#1291,.T.);
#3479=EDGE_CURVE('',#2753,#2754,#1605,.T.);
#3480=EDGE_CURVE('',#2754,#2755,#1606,.T.);
#3481=EDGE_CURVE('',#2755,#2756,#1607,.T.);
#3482=EDGE_CURVE('',#2756,#2757,#1608,.T.);
#3483=EDGE_CURVE('',#2758,#2757,#1292,.T.);
#3484=EDGE_CURVE('',#2758,#2759,#1609,.T.);
#3485=EDGE_CURVE('',#2760,#2759,#1293,.T.);
#3486=EDGE_CURVE('',#2760,#2761,#1610,.T.);
#3487=EDGE_CURVE('',#2761,#2762,#1294,.T.);
#3488=EDGE_CURVE('',#2762,#2763,#1611,.T.);
#3489=EDGE_CURVE('',#2763,#2764,#1295,.T.);
#3490=EDGE_CURVE('',#2764,#2765,#1612,.T.);
#3491=EDGE_CURVE('',#2765,#2766,#1613,.T.);
#3492=EDGE_CURVE('',#2767,#2766,#1296,.T.);
#3493=EDGE_CURVE('',#2767,#2768,#1614,.T.);
#3494=EDGE_CURVE('',#2769,#2768,#1297,.T.);
#3495=EDGE_CURVE('',#2769,#2770,#1615,.T.);
#3496=EDGE_CURVE('',#2771,#2770,#1298,.T.);
#3497=EDGE_CURVE('',#2771,#2772,#1616,.T.);
#3498=EDGE_CURVE('',#2772,#2773,#1299,.T.);
#3499=EDGE_CURVE('',#2773,#2774,#1617,.T.);
#3500=EDGE_CURVE('',#2774,#2775,#1618,.T.);
#3501=EDGE_CURVE('',#2775,#2549,#1619,.T.);
#3502=EDGE_CURVE('',#2776,#2777,#1300,.T.);
#3503=EDGE_CURVE('',#2778,#2776,#1620,.T.);
#3504=EDGE_CURVE('',#2779,#2778,#1621,.T.);
#3505=EDGE_CURVE('',#2780,#2779,#1622,.T.);
#3506=EDGE_CURVE('',#2777,#2780,#1623,.T.);
#3507=EDGE_CURVE('',#2781,#2782,#1301,.T.);
#3508=EDGE_CURVE('',#2782,#2783,#1624,.T.);
#3509=EDGE_CURVE('',#2783,#2784,#1625,.T.);
#3510=EDGE_CURVE('',#2784,#2785,#1626,.T.);
#3511=EDGE_CURVE('',#2785,#2781,#1627,.T.);
#3512=EDGE_CURVE('',#2786,#2787,#1628,.T.);
#3513=EDGE_CURVE('',#2787,#2788,#1629,.T.);
#3514=EDGE_CURVE('',#2788,#2789,#1630,.T.);
#3515=EDGE_CURVE('',#2789,#2786,#1631,.T.);
#3516=EDGE_CURVE('',#2790,#2791,#1632,.T.);
#3517=EDGE_CURVE('',#2791,#2792,#1633,.T.);
#3518=EDGE_CURVE('',#2792,#2793,#1634,.T.);
#3519=EDGE_CURVE('',#2793,#2790,#1635,.T.);
#3520=EDGE_CURVE('',#2554,#2775,#1636,.T.);
#3521=EDGE_CURVE('',#2671,#2790,#1637,.T.);
#3522=EDGE_CURVE('',#2672,#2793,#1638,.T.);
#3523=EDGE_CURVE('',#2695,#2634,#1639,.T.);
#3524=EDGE_CURVE('',#2635,#2694,#1640,.T.);
#3525=EDGE_CURVE('',#2673,#2792,#1641,.T.);
#3526=EDGE_CURVE('',#2555,#2774,#1642,.T.);
#3527=EDGE_CURVE('',#2788,#2659,#1643,.T.);
#3528=EDGE_CURVE('',#2656,#2787,#1644,.T.);
#3529=EDGE_CURVE('',#2658,#2789,#1645,.T.);
#3530=EDGE_CURVE('',#2678,#2654,#1646,.T.);
#3531=EDGE_CURVE('',#2655,#2677,#1647,.T.);
#3532=EDGE_CURVE('',#2640,#2692,#1648,.T.);
#3533=EDGE_CURVE('',#2693,#2639,#1649,.T.);
#3534=EDGE_CURVE('',#2670,#2791,#1650,.T.);
#3535=EDGE_CURVE('',#2657,#2786,#1651,.T.);
#3536=EDGE_CURVE('',#2679,#2653,#1652,.T.);
#3537=EDGE_CURVE('',#2650,#2682,#1653,.T.);
#3538=EDGE_CURVE('',#2681,#2651,#1654,.T.);
#3539=EDGE_CURVE('',#2649,#2683,#1655,.T.);
#3540=EDGE_CURVE('',#2652,#2680,#1656,.T.);
#3541=EDGE_CURVE('',#2643,#2689,#1657,.T.);
#3542=EDGE_CURVE('',#2688,#2644,#1658,.T.);
#3543=EDGE_CURVE('',#2690,#2642,#1659,.T.);
#3544=EDGE_CURVE('',#2645,#2687,#1660,.T.);
#3545=EDGE_CURVE('',#2641,#2691,#1661,.T.);
#3546=EDGE_CURVE('',#2619,#2710,#1662,.T.);
#3547=EDGE_CURVE('',#2709,#2620,#1663,.T.);
#3548=EDGE_CURVE('',#2708,#2621,#1664,.T.);
#3549=EDGE_CURVE('',#2711,#2618,#1665,.T.);
#3550=EDGE_CURVE('',#2721,#2608,#1666,.T.);
#3551=EDGE_CURVE('',#2607,#2722,#1667,.T.);
#3552=EDGE_CURVE('',#2609,#2720,#1668,.T.);
#3553=EDGE_CURVE('',#2617,#2712,#1669,.T.);
#3554=EDGE_CURVE('',#2713,#2616,#1670,.T.);
#3555=EDGE_CURVE('',#2626,#2703,#1671,.T.);
#3556=EDGE_CURVE('',#2702,#2627,#1672,.T.);
#3557=EDGE_CURVE('',#2701,#2628,#1673,.T.);
#3558=EDGE_CURVE('',#2719,#2610,#1674,.T.);
#3559=EDGE_CURVE('',#2780,#2662,#1675,.T.);
#3560=EDGE_CURVE('',#2777,#2660,#1676,.T.);
#3561=EDGE_CURVE('',#2779,#2663,#1677,.T.);
#3562=EDGE_CURVE('',#2778,#2664,#1678,.T.);
#3563=EDGE_CURVE('',#2776,#2661,#1679,.T.);
#3564=EDGE_CURVE('',#2716,#2613,#1680,.T.);
#3565=EDGE_CURVE('',#2717,#2612,#1681,.T.);
#3566=EDGE_CURVE('',#2715,#2614,#1682,.T.);
#3567=EDGE_CURVE('',#2714,#2615,#1683,.T.);
#3568=EDGE_CURVE('',#2707,#2622,#1684,.T.);
#3569=EDGE_CURVE('',#2706,#2623,#1685,.T.);
#3570=EDGE_CURVE('',#2705,#2624,#1686,.T.);
#3571=EDGE_CURVE('',#2704,#2625,#1687,.F.);
#3572=EDGE_CURVE('',#2700,#2629,#1688,.T.);
#3573=EDGE_CURVE('',#2699,#2630,#1689,.T.);
#3574=EDGE_CURVE('',#2698,#2631,#1690,.T.);
#3575=EDGE_CURVE('',#2697,#2632,#1691,.T.);
#3576=EDGE_CURVE('',#2633,#2696,#1692,.T.);
#3577=EDGE_CURVE('',#2718,#2611,#1693,.T.);
#3578=EDGE_CURVE('',#2743,#2586,#1694,.T.);
#3579=EDGE_CURVE('',#2587,#2742,#1695,.T.);
#3580=EDGE_CURVE('',#2741,#2588,#1696,.T.);
#3581=EDGE_CURVE('',#2589,#2740,#1697,.T.);
#3582=EDGE_CURVE('',#2739,#2590,#1698,.T.);
#3583=EDGE_CURVE('',#2591,#2738,#1699,.T.);
#3584=EDGE_CURVE('',#2737,#2592,#1700,.T.);
#3585=EDGE_CURVE('',#2585,#2744,#1701,.T.);
#3586=EDGE_CURVE('',#2733,#2596,#1702,.T.);
#3587=EDGE_CURVE('',#2597,#2732,#1703,.T.);
#3588=EDGE_CURVE('',#2731,#2598,#1704,.T.);
#3589=EDGE_CURVE('',#2599,#2730,#1705,.T.);
#3590=EDGE_CURVE('',#2729,#2600,#1706,.T.);
#3591=EDGE_CURVE('',#2601,#2728,#1707,.T.);
#3592=EDGE_CURVE('',#2727,#2602,#1708,.T.);
#3593=EDGE_CURVE('',#2603,#2726,#1709,.T.);
#3594=EDGE_CURVE('',#2725,#2604,#1710,.T.);
#3595=EDGE_CURVE('',#2593,#2736,#1711,.T.);
#3596=EDGE_CURVE('',#2735,#2594,#1712,.T.);
#3597=EDGE_CURVE('',#2595,#2734,#1713,.T.);
#3598=EDGE_CURVE('',#2605,#2724,#1714,.T.);
#3599=EDGE_CURVE('',#2723,#2606,#1715,.T.);
#3600=EDGE_CURVE('',#2745,#2584,#1716,.T.);
#3601=EDGE_CURVE('',#2583,#2746,#1717,.T.);
#3602=EDGE_CURVE('',#2582,#2747,#1718,.T.);
#3603=EDGE_CURVE('',#2569,#2760,#1719,.T.);
#3604=EDGE_CURVE('',#2759,#2570,#1720,.T.);
#3605=EDGE_CURVE('',#2571,#2758,#1721,.T.);
#3606=EDGE_CURVE('',#2761,#2568,#1722,.T.);
#3607=EDGE_CURVE('',#2757,#2572,#1723,.T.);
#3608=EDGE_CURVE('',#2756,#2573,#1724,.F.);
#3609=EDGE_CURVE('',#2751,#2578,#1725,.T.);
#3610=EDGE_CURVE('',#2752,#2577,#1726,.T.);
#3611=EDGE_CURVE('',#2750,#2579,#1727,.T.);
#3612=EDGE_CURVE('',#2772,#2557,#1728,.T.);
#3613=EDGE_CURVE('',#2773,#2556,#1729,.T.);
#3614=EDGE_CURVE('',#2771,#2558,#1730,.T.);
#3615=EDGE_CURVE('',#2770,#2559,#1731,.T.);
#3616=EDGE_CURVE('',#2769,#2560,#1732,.T.);
#3617=EDGE_CURVE('',#2768,#2561,#1733,.T.);
#3618=EDGE_CURVE('',#2766,#2563,#1734,.T.);
#3619=EDGE_CURVE('',#2765,#2564,#1735,.T.);
#3620=EDGE_CURVE('',#2764,#2565,#1736,.T.);
#3621=EDGE_CURVE('',#2763,#2566,#1737,.T.);
#3622=EDGE_CURVE('',#2762,#2567,#1738,.T.);
#3623=EDGE_CURVE('',#2755,#2574,#1739,.T.);
#3624=EDGE_CURVE('',#2754,#2575,#1740,.T.);
#3625=EDGE_CURVE('',#2753,#2576,#1741,.T.);
#3626=EDGE_CURVE('',#2781,#2666,#1742,.T.);
#3627=EDGE_CURVE('',#2782,#2665,#1743,.T.);
#3628=EDGE_CURVE('',#2785,#2667,#1744,.T.);
#3629=EDGE_CURVE('',#2784,#2668,#1745,.T.);
#3630=EDGE_CURVE('',#2783,#2669,#1746,.T.);
#3631=EDGE_CURVE('',#2580,#2749,#1747,.T.);
#3632=EDGE_CURVE('',#2562,#2767,#1748,.T.);
#3633=EDGE_CURVE('',#2581,#2748,#1749,.T.);
#3634=EDGE_CURVE('',#2686,#2646,#1750,.T.);
#3635=EDGE_CURVE('',#2685,#2647,#1751,.T.);
#3636=EDGE_CURVE('',#2684,#2648,#1752,.T.);
#3637=ORIENTED_EDGE('',*,*,#2794,.F.);
#3638=ORIENTED_EDGE('',*,*,#2795,.T.);
#3639=ORIENTED_EDGE('',*,*,#2796,.T.);
#3640=ORIENTED_EDGE('',*,*,#2797,.F.);
#3641=ORIENTED_EDGE('',*,*,#2795,.F.);
#3642=ORIENTED_EDGE('',*,*,#2798,.T.);
#3643=ORIENTED_EDGE('',*,*,#2799,.F.);
#3644=ORIENTED_EDGE('',*,*,#2800,.T.);
#3645=ORIENTED_EDGE('',*,*,#2798,.F.);
#3646=ORIENTED_EDGE('',*,*,#2801,.T.);
#3647=ORIENTED_EDGE('',*,*,#2802,.T.);
#3648=ORIENTED_EDGE('',*,*,#2803,.F.);
#3649=ORIENTED_EDGE('',*,*,#2801,.F.);
#3650=ORIENTED_EDGE('',*,*,#2804,.T.);
#3651=ORIENTED_EDGE('',*,*,#2805,.F.);
#3652=ORIENTED_EDGE('',*,*,#2806,.T.);
#3653=ORIENTED_EDGE('',*,*,#2804,.F.);
#3654=ORIENTED_EDGE('',*,*,#2807,.T.);
#3655=ORIENTED_EDGE('',*,*,#2808,.T.);
#3656=ORIENTED_EDGE('',*,*,#2809,.F.);
#3657=ORIENTED_EDGE('',*,*,#2807,.F.);
#3658=ORIENTED_EDGE('',*,*,#2810,.T.);
#3659=ORIENTED_EDGE('',*,*,#2811,.F.);
#3660=ORIENTED_EDGE('',*,*,#2812,.T.);
#3661=ORIENTED_EDGE('',*,*,#2810,.F.);
#3662=ORIENTED_EDGE('',*,*,#2813,.T.);
#3663=ORIENTED_EDGE('',*,*,#2814,.T.);
#3664=ORIENTED_EDGE('',*,*,#2815,.F.);
#3665=ORIENTED_EDGE('',*,*,#2816,.F.);
#3666=ORIENTED_EDGE('',*,*,#2817,.T.);
#3667=ORIENTED_EDGE('',*,*,#2818,.T.);
#3668=ORIENTED_EDGE('',*,*,#2819,.F.);
#3669=ORIENTED_EDGE('',*,*,#2817,.F.);
#3670=ORIENTED_EDGE('',*,*,#2820,.T.);
#3671=ORIENTED_EDGE('',*,*,#2821,.F.);
#3672=ORIENTED_EDGE('',*,*,#2822,.T.);
#3673=ORIENTED_EDGE('',*,*,#2820,.F.);
#3674=ORIENTED_EDGE('',*,*,#2823,.T.);
#3675=ORIENTED_EDGE('',*,*,#2824,.T.);
#3676=ORIENTED_EDGE('',*,*,#2825,.F.);
#3677=ORIENTED_EDGE('',*,*,#2823,.F.);
#3678=ORIENTED_EDGE('',*,*,#2826,.T.);
#3679=ORIENTED_EDGE('',*,*,#2827,.F.);
#3680=ORIENTED_EDGE('',*,*,#2828,.T.);
#3681=ORIENTED_EDGE('',*,*,#2826,.F.);
#3682=ORIENTED_EDGE('',*,*,#2829,.T.);
#3683=ORIENTED_EDGE('',*,*,#2830,.T.);
#3684=ORIENTED_EDGE('',*,*,#2831,.F.);
#3685=ORIENTED_EDGE('',*,*,#2829,.F.);
#3686=ORIENTED_EDGE('',*,*,#2832,.T.);
#3687=ORIENTED_EDGE('',*,*,#2833,.F.);
#3688=ORIENTED_EDGE('',*,*,#2834,.T.);
#3689=ORIENTED_EDGE('',*,*,#2832,.F.);
#3690=ORIENTED_EDGE('',*,*,#2835,.T.);
#3691=ORIENTED_EDGE('',*,*,#2836,.T.);
#3692=ORIENTED_EDGE('',*,*,#2837,.F.);
#3693=ORIENTED_EDGE('',*,*,#2838,.F.);
#3694=ORIENTED_EDGE('',*,*,#2839,.T.);
#3695=ORIENTED_EDGE('',*,*,#2840,.T.);
#3696=ORIENTED_EDGE('',*,*,#2841,.F.);
#3697=ORIENTED_EDGE('',*,*,#2839,.F.);
#3698=ORIENTED_EDGE('',*,*,#2842,.T.);
#3699=ORIENTED_EDGE('',*,*,#2843,.F.);
#3700=ORIENTED_EDGE('',*,*,#2844,.T.);
#3701=ORIENTED_EDGE('',*,*,#2842,.F.);
#3702=ORIENTED_EDGE('',*,*,#2845,.T.);
#3703=ORIENTED_EDGE('',*,*,#2846,.T.);
#3704=ORIENTED_EDGE('',*,*,#2847,.F.);
#3705=ORIENTED_EDGE('',*,*,#2845,.F.);
#3706=ORIENTED_EDGE('',*,*,#2848,.T.);
#3707=ORIENTED_EDGE('',*,*,#2849,.F.);
#3708=ORIENTED_EDGE('',*,*,#2850,.T.);
#3709=ORIENTED_EDGE('',*,*,#2848,.F.);
#3710=ORIENTED_EDGE('',*,*,#2851,.T.);
#3711=ORIENTED_EDGE('',*,*,#2852,.T.);
#3712=ORIENTED_EDGE('',*,*,#2853,.F.);
#3713=ORIENTED_EDGE('',*,*,#2851,.F.);
#3714=ORIENTED_EDGE('',*,*,#2854,.T.);
#3715=ORIENTED_EDGE('',*,*,#2855,.F.);
#3716=ORIENTED_EDGE('',*,*,#2856,.T.);
#3717=ORIENTED_EDGE('',*,*,#2854,.F.);
#3718=ORIENTED_EDGE('',*,*,#2857,.T.);
#3719=ORIENTED_EDGE('',*,*,#2858,.T.);
#3720=ORIENTED_EDGE('',*,*,#2859,.F.);
#3721=ORIENTED_EDGE('',*,*,#2860,.F.);
#3722=ORIENTED_EDGE('',*,*,#2861,.T.);
#3723=ORIENTED_EDGE('',*,*,#2862,.T.);
#3724=ORIENTED_EDGE('',*,*,#2863,.F.);
#3725=ORIENTED_EDGE('',*,*,#2861,.F.);
#3726=ORIENTED_EDGE('',*,*,#2864,.T.);
#3727=ORIENTED_EDGE('',*,*,#2865,.F.);
#3728=ORIENTED_EDGE('',*,*,#2866,.T.);
#3729=ORIENTED_EDGE('',*,*,#2864,.F.);
#3730=ORIENTED_EDGE('',*,*,#2867,.T.);
#3731=ORIENTED_EDGE('',*,*,#2868,.T.);
#3732=ORIENTED_EDGE('',*,*,#2869,.F.);
#3733=ORIENTED_EDGE('',*,*,#2867,.F.);
#3734=ORIENTED_EDGE('',*,*,#2870,.T.);
#3735=ORIENTED_EDGE('',*,*,#2871,.F.);
#3736=ORIENTED_EDGE('',*,*,#2872,.T.);
#3737=ORIENTED_EDGE('',*,*,#2870,.F.);
#3738=ORIENTED_EDGE('',*,*,#2873,.T.);
#3739=ORIENTED_EDGE('',*,*,#2874,.T.);
#3740=ORIENTED_EDGE('',*,*,#2875,.F.);
#3741=ORIENTED_EDGE('',*,*,#2873,.F.);
#3742=ORIENTED_EDGE('',*,*,#2876,.T.);
#3743=ORIENTED_EDGE('',*,*,#2877,.F.);
#3744=ORIENTED_EDGE('',*,*,#2878,.T.);
#3745=ORIENTED_EDGE('',*,*,#2876,.F.);
#3746=ORIENTED_EDGE('',*,*,#2879,.T.);
#3747=ORIENTED_EDGE('',*,*,#2880,.T.);
#3748=ORIENTED_EDGE('',*,*,#2881,.F.);
#3749=ORIENTED_EDGE('',*,*,#2882,.T.);
#3750=ORIENTED_EDGE('',*,*,#2883,.T.);
#3751=ORIENTED_EDGE('',*,*,#2884,.T.);
#3752=ORIENTED_EDGE('',*,*,#2885,.T.);
#3753=ORIENTED_EDGE('',*,*,#2886,.T.);
#3754=ORIENTED_EDGE('',*,*,#2887,.T.);
#3755=ORIENTED_EDGE('',*,*,#2882,.F.);
#3756=ORIENTED_EDGE('',*,*,#2888,.T.);
#3757=ORIENTED_EDGE('',*,*,#2889,.T.);
#3758=ORIENTED_EDGE('',*,*,#2890,.T.);
#3759=ORIENTED_EDGE('',*,*,#2886,.F.);
#3760=ORIENTED_EDGE('',*,*,#2891,.T.);
#3761=ORIENTED_EDGE('',*,*,#2892,.T.);
#3762=ORIENTED_EDGE('',*,*,#2893,.T.);
#3763=ORIENTED_EDGE('',*,*,#2889,.F.);
#3764=ORIENTED_EDGE('',*,*,#2894,.T.);
#3765=ORIENTED_EDGE('',*,*,#2895,.T.);
#3766=ORIENTED_EDGE('',*,*,#2896,.T.);
#3767=ORIENTED_EDGE('',*,*,#2892,.F.);
#3768=ORIENTED_EDGE('',*,*,#2897,.T.);
#3769=ORIENTED_EDGE('',*,*,#2898,.T.);
#3770=ORIENTED_EDGE('',*,*,#2899,.T.);
#3771=ORIENTED_EDGE('',*,*,#2900,.T.);
#3772=ORIENTED_EDGE('',*,*,#2901,.T.);
#3773=ORIENTED_EDGE('',*,*,#2902,.T.);
#3774=ORIENTED_EDGE('',*,*,#2903,.T.);
#3775=ORIENTED_EDGE('',*,*,#2898,.F.);
#3776=ORIENTED_EDGE('',*,*,#2904,.T.);
#3777=ORIENTED_EDGE('',*,*,#2905,.T.);
#3778=ORIENTED_EDGE('',*,*,#2906,.T.);
#3779=ORIENTED_EDGE('',*,*,#2902,.F.);
#3780=ORIENTED_EDGE('',*,*,#2907,.T.);
#3781=ORIENTED_EDGE('',*,*,#2908,.T.);
#3782=ORIENTED_EDGE('',*,*,#2909,.T.);
#3783=ORIENTED_EDGE('',*,*,#2905,.F.);
#3784=ORIENTED_EDGE('',*,*,#2910,.T.);
#3785=ORIENTED_EDGE('',*,*,#2911,.T.);
#3786=ORIENTED_EDGE('',*,*,#2912,.T.);
#3787=ORIENTED_EDGE('',*,*,#2908,.F.);
#3788=ORIENTED_EDGE('',*,*,#2913,.T.);
#3789=ORIENTED_EDGE('',*,*,#2900,.F.);
#3790=ORIENTED_EDGE('',*,*,#2914,.T.);
#3791=ORIENTED_EDGE('',*,*,#2895,.F.);
#3792=ORIENTED_EDGE('',*,*,#2915,.T.);
#3793=ORIENTED_EDGE('',*,*,#2916,.T.);
#3794=ORIENTED_EDGE('',*,*,#2917,.T.);
#3795=ORIENTED_EDGE('',*,*,#2918,.T.);
#3796=ORIENTED_EDGE('',*,*,#2919,.T.);
#3797=ORIENTED_EDGE('',*,*,#2920,.T.);
#3798=ORIENTED_EDGE('',*,*,#2915,.F.);
#3799=ORIENTED_EDGE('',*,*,#2921,.T.);
#3800=ORIENTED_EDGE('',*,*,#2922,.T.);
#3801=ORIENTED_EDGE('',*,*,#2923,.T.);
#3802=ORIENTED_EDGE('',*,*,#2919,.F.);
#3803=ORIENTED_EDGE('',*,*,#2924,.T.);
#3804=ORIENTED_EDGE('',*,*,#2925,.T.);
#3805=ORIENTED_EDGE('',*,*,#2926,.T.);
#3806=ORIENTED_EDGE('',*,*,#2922,.F.);
#3807=ORIENTED_EDGE('',*,*,#2927,.T.);
#3808=ORIENTED_EDGE('',*,*,#2928,.T.);
#3809=ORIENTED_EDGE('',*,*,#2929,.T.);
#3810=ORIENTED_EDGE('',*,*,#2925,.F.);
#3811=ORIENTED_EDGE('',*,*,#2930,.T.);
#3812=ORIENTED_EDGE('',*,*,#2917,.F.);
#3813=ORIENTED_EDGE('',*,*,#2931,.T.);
#3814=ORIENTED_EDGE('',*,*,#2911,.F.);
#3815=ORIENTED_EDGE('',*,*,#2932,.T.);
#3816=ORIENTED_EDGE('',*,*,#2933,.T.);
#3817=ORIENTED_EDGE('',*,*,#2934,.T.);
#3818=ORIENTED_EDGE('',*,*,#2935,.T.);
#3819=ORIENTED_EDGE('',*,*,#2936,.T.);
#3820=ORIENTED_EDGE('',*,*,#2937,.T.);
#3821=ORIENTED_EDGE('',*,*,#2932,.F.);
#3822=ORIENTED_EDGE('',*,*,#2938,.T.);
#3823=ORIENTED_EDGE('',*,*,#2939,.T.);
#3824=ORIENTED_EDGE('',*,*,#2940,.T.);
#3825=ORIENTED_EDGE('',*,*,#2936,.F.);
#3826=ORIENTED_EDGE('',*,*,#2941,.T.);
#3827=ORIENTED_EDGE('',*,*,#2942,.T.);
#3828=ORIENTED_EDGE('',*,*,#2943,.T.);
#3829=ORIENTED_EDGE('',*,*,#2939,.F.);
#3830=ORIENTED_EDGE('',*,*,#2944,.T.);
#3831=ORIENTED_EDGE('',*,*,#2945,.T.);
#3832=ORIENTED_EDGE('',*,*,#2946,.T.);
#3833=ORIENTED_EDGE('',*,*,#2942,.F.);
#3834=ORIENTED_EDGE('',*,*,#2947,.T.);
#3835=ORIENTED_EDGE('',*,*,#2934,.F.);
#3836=ORIENTED_EDGE('',*,*,#2948,.T.);
#3837=ORIENTED_EDGE('',*,*,#2928,.F.);
#3838=ORIENTED_EDGE('',*,*,#2884,.F.);
#3839=ORIENTED_EDGE('',*,*,#2949,.T.);
#3840=ORIENTED_EDGE('',*,*,#2945,.F.);
#3841=ORIENTED_EDGE('',*,*,#2903,.F.);
#3842=ORIENTED_EDGE('',*,*,#2950,.T.);
#3843=ORIENTED_EDGE('',*,*,#2951,.F.);
#3844=ORIENTED_EDGE('',*,*,#2952,.T.);
#3845=ORIENTED_EDGE('',*,*,#2906,.F.);
#3846=ORIENTED_EDGE('',*,*,#2953,.F.);
#3847=ORIENTED_EDGE('',*,*,#2954,.F.);
#3848=ORIENTED_EDGE('',*,*,#2950,.F.);
#3849=ORIENTED_EDGE('',*,*,#2909,.F.);
#3850=ORIENTED_EDGE('',*,*,#2955,.T.);
#3851=ORIENTED_EDGE('',*,*,#2956,.F.);
#3852=ORIENTED_EDGE('',*,*,#2953,.T.);
#3853=ORIENTED_EDGE('',*,*,#2912,.F.);
#3854=ORIENTED_EDGE('',*,*,#2957,.F.);
#3855=ORIENTED_EDGE('',*,*,#2958,.F.);
#3856=ORIENTED_EDGE('',*,*,#2955,.F.);
#3857=ORIENTED_EDGE('',*,*,#2931,.F.);
#3858=ORIENTED_EDGE('',*,*,#2959,.T.);
#3859=ORIENTED_EDGE('',*,*,#2960,.F.);
#3860=ORIENTED_EDGE('',*,*,#2961,.F.);
#3861=ORIENTED_EDGE('',*,*,#2957,.T.);
#3862=ORIENTED_EDGE('',*,*,#2920,.F.);
#3863=ORIENTED_EDGE('',*,*,#2962,.T.);
#3864=ORIENTED_EDGE('',*,*,#2963,.F.);
#3865=ORIENTED_EDGE('',*,*,#2964,.T.);
#3866=ORIENTED_EDGE('',*,*,#2923,.F.);
#3867=ORIENTED_EDGE('',*,*,#2965,.F.);
#3868=ORIENTED_EDGE('',*,*,#2966,.F.);
#3869=ORIENTED_EDGE('',*,*,#2962,.F.);
#3870=ORIENTED_EDGE('',*,*,#2926,.F.);
#3871=ORIENTED_EDGE('',*,*,#2967,.T.);
#3872=ORIENTED_EDGE('',*,*,#2968,.F.);
#3873=ORIENTED_EDGE('',*,*,#2965,.T.);
#3874=ORIENTED_EDGE('',*,*,#2948,.F.);
#3875=ORIENTED_EDGE('',*,*,#2969,.T.);
#3876=ORIENTED_EDGE('',*,*,#2970,.F.);
#3877=ORIENTED_EDGE('',*,*,#2971,.F.);
#3878=ORIENTED_EDGE('',*,*,#2972,.T.);
#3879=ORIENTED_EDGE('',*,*,#2933,.F.);
#3880=ORIENTED_EDGE('',*,*,#2973,.F.);
#3881=ORIENTED_EDGE('',*,*,#2974,.F.);
#3882=ORIENTED_EDGE('',*,*,#2969,.F.);
#3883=ORIENTED_EDGE('',*,*,#2975,.F.);
#3884=ORIENTED_EDGE('',*,*,#2976,.F.);
#3885=ORIENTED_EDGE('',*,*,#2977,.F.);
#3886=ORIENTED_EDGE('',*,*,#2978,.T.);
#3887=ORIENTED_EDGE('',*,*,#2885,.F.);
#3888=ORIENTED_EDGE('',*,*,#2947,.F.);
#3889=ORIENTED_EDGE('',*,*,#2944,.F.);
#3890=ORIENTED_EDGE('',*,*,#2941,.F.);
#3891=ORIENTED_EDGE('',*,*,#2938,.F.);
#3892=ORIENTED_EDGE('',*,*,#2935,.F.);
#3893=ORIENTED_EDGE('',*,*,#2930,.F.);
#3894=ORIENTED_EDGE('',*,*,#2927,.F.);
#3895=ORIENTED_EDGE('',*,*,#2924,.F.);
#3896=ORIENTED_EDGE('',*,*,#2921,.F.);
#3897=ORIENTED_EDGE('',*,*,#2918,.F.);
#3898=ORIENTED_EDGE('',*,*,#2913,.F.);
#3899=ORIENTED_EDGE('',*,*,#2910,.F.);
#3900=ORIENTED_EDGE('',*,*,#2907,.F.);
#3901=ORIENTED_EDGE('',*,*,#2904,.F.);
#3902=ORIENTED_EDGE('',*,*,#2901,.F.);
#3903=ORIENTED_EDGE('',*,*,#2897,.F.);
#3904=ORIENTED_EDGE('',*,*,#2894,.F.);
#3905=ORIENTED_EDGE('',*,*,#2891,.F.);
#3906=ORIENTED_EDGE('',*,*,#2888,.F.);
#3907=ORIENTED_EDGE('',*,*,#2979,.T.);
#3908=ORIENTED_EDGE('',*,*,#2980,.T.);
#3909=ORIENTED_EDGE('',*,*,#2971,.T.);
#3910=ORIENTED_EDGE('',*,*,#2981,.T.);
#3911=ORIENTED_EDGE('',*,*,#2982,.T.);
#3912=ORIENTED_EDGE('',*,*,#2979,.F.);
#3913=ORIENTED_EDGE('',*,*,#2970,.T.);
#3914=ORIENTED_EDGE('',*,*,#2983,.T.);
#3915=ORIENTED_EDGE('',*,*,#2984,.T.);
#3916=ORIENTED_EDGE('',*,*,#2981,.F.);
#3917=ORIENTED_EDGE('',*,*,#2974,.T.);
#3918=ORIENTED_EDGE('',*,*,#2985,.T.);
#3919=ORIENTED_EDGE('',*,*,#2986,.T.);
#3920=ORIENTED_EDGE('',*,*,#2983,.F.);
#3921=ORIENTED_EDGE('',*,*,#2987,.T.);
#3922=ORIENTED_EDGE('',*,*,#2988,.T.);
#3923=ORIENTED_EDGE('',*,*,#2989,.T.);
#3924=ORIENTED_EDGE('',*,*,#2985,.F.);
#3925=ORIENTED_EDGE('',*,*,#2990,.T.);
#3926=ORIENTED_EDGE('',*,*,#2991,.T.);
#3927=ORIENTED_EDGE('',*,*,#2992,.T.);
#3928=ORIENTED_EDGE('',*,*,#2988,.F.);
#3929=ORIENTED_EDGE('',*,*,#2993,.T.);
#3930=ORIENTED_EDGE('',*,*,#2994,.T.);
#3931=ORIENTED_EDGE('',*,*,#2995,.T.);
#3932=ORIENTED_EDGE('',*,*,#2991,.F.);
#3933=ORIENTED_EDGE('',*,*,#2996,.T.);
#3934=ORIENTED_EDGE('',*,*,#2997,.T.);
#3935=ORIENTED_EDGE('',*,*,#2998,.T.);
#3936=ORIENTED_EDGE('',*,*,#2994,.F.);
#3937=ORIENTED_EDGE('',*,*,#2999,.T.);
#3938=ORIENTED_EDGE('',*,*,#3000,.T.);
#3939=ORIENTED_EDGE('',*,*,#3001,.T.);
#3940=ORIENTED_EDGE('',*,*,#2997,.F.);
#3941=ORIENTED_EDGE('',*,*,#2949,.F.);
#3942=ORIENTED_EDGE('',*,*,#3002,.T.);
#3943=ORIENTED_EDGE('',*,*,#3000,.F.);
#3944=ORIENTED_EDGE('',*,*,#2999,.F.);
#3945=ORIENTED_EDGE('',*,*,#3003,.T.);
#3946=ORIENTED_EDGE('',*,*,#2946,.F.);
#3947=ORIENTED_EDGE('',*,*,#3003,.F.);
#3948=ORIENTED_EDGE('',*,*,#2996,.F.);
#3949=ORIENTED_EDGE('',*,*,#3004,.F.);
#3950=ORIENTED_EDGE('',*,*,#2943,.F.);
#3951=ORIENTED_EDGE('',*,*,#3004,.T.);
#3952=ORIENTED_EDGE('',*,*,#2993,.F.);
#3953=ORIENTED_EDGE('',*,*,#3005,.T.);
#3954=ORIENTED_EDGE('',*,*,#2940,.F.);
#3955=ORIENTED_EDGE('',*,*,#3005,.F.);
#3956=ORIENTED_EDGE('',*,*,#2990,.F.);
#3957=ORIENTED_EDGE('',*,*,#3006,.F.);
#3958=ORIENTED_EDGE('',*,*,#2937,.F.);
#3959=ORIENTED_EDGE('',*,*,#3006,.T.);
#3960=ORIENTED_EDGE('',*,*,#2987,.F.);
#3961=ORIENTED_EDGE('',*,*,#2973,.T.);
#3962=ORIENTED_EDGE('',*,*,#3007,.T.);
#3963=ORIENTED_EDGE('',*,*,#3008,.T.);
#3964=ORIENTED_EDGE('',*,*,#3009,.T.);
#3965=ORIENTED_EDGE('',*,*,#3010,.T.);
#3966=ORIENTED_EDGE('',*,*,#3011,.T.);
#3967=ORIENTED_EDGE('',*,*,#3007,.F.);
#3968=ORIENTED_EDGE('',*,*,#3012,.T.);
#3969=ORIENTED_EDGE('',*,*,#3013,.T.);
#3970=ORIENTED_EDGE('',*,*,#3014,.T.);
#3971=ORIENTED_EDGE('',*,*,#3010,.F.);
#3972=ORIENTED_EDGE('',*,*,#3015,.T.);
#3973=ORIENTED_EDGE('',*,*,#3016,.T.);
#3974=ORIENTED_EDGE('',*,*,#3017,.T.);
#3975=ORIENTED_EDGE('',*,*,#3013,.F.);
#3976=ORIENTED_EDGE('',*,*,#2951,.T.);
#3977=ORIENTED_EDGE('',*,*,#3018,.T.);
#3978=ORIENTED_EDGE('',*,*,#3019,.T.);
#3979=ORIENTED_EDGE('',*,*,#3016,.F.);
#3980=ORIENTED_EDGE('',*,*,#2954,.T.);
#3981=ORIENTED_EDGE('',*,*,#3020,.T.);
#3982=ORIENTED_EDGE('',*,*,#3021,.T.);
#3983=ORIENTED_EDGE('',*,*,#3018,.F.);
#3984=ORIENTED_EDGE('',*,*,#2956,.T.);
#3985=ORIENTED_EDGE('',*,*,#3022,.T.);
#3986=ORIENTED_EDGE('',*,*,#3023,.T.);
#3987=ORIENTED_EDGE('',*,*,#3020,.F.);
#3988=ORIENTED_EDGE('',*,*,#2958,.T.);
#3989=ORIENTED_EDGE('',*,*,#3024,.T.);
#3990=ORIENTED_EDGE('',*,*,#3025,.T.);
#3991=ORIENTED_EDGE('',*,*,#3022,.F.);
#3992=ORIENTED_EDGE('',*,*,#2961,.T.);
#3993=ORIENTED_EDGE('',*,*,#2960,.T.);
#3994=ORIENTED_EDGE('',*,*,#3026,.T.);
#3995=ORIENTED_EDGE('',*,*,#3024,.F.);
#3996=ORIENTED_EDGE('',*,*,#2899,.F.);
#3997=ORIENTED_EDGE('',*,*,#2952,.F.);
#3998=ORIENTED_EDGE('',*,*,#3015,.F.);
#3999=ORIENTED_EDGE('',*,*,#3027,.F.);
#4000=ORIENTED_EDGE('',*,*,#2914,.F.);
#4001=ORIENTED_EDGE('',*,*,#3027,.T.);
#4002=ORIENTED_EDGE('',*,*,#3012,.F.);
#4003=ORIENTED_EDGE('',*,*,#3009,.F.);
#4004=ORIENTED_EDGE('',*,*,#3028,.T.);
#4005=ORIENTED_EDGE('',*,*,#3001,.F.);
#4006=ORIENTED_EDGE('',*,*,#3029,.T.);
#4007=ORIENTED_EDGE('',*,*,#2980,.F.);
#4008=ORIENTED_EDGE('',*,*,#3030,.T.);
#4009=ORIENTED_EDGE('',*,*,#2998,.F.);
#4010=ORIENTED_EDGE('',*,*,#3030,.F.);
#4011=ORIENTED_EDGE('',*,*,#2982,.F.);
#4012=ORIENTED_EDGE('',*,*,#2984,.F.);
#4013=ORIENTED_EDGE('',*,*,#2986,.F.);
#4014=ORIENTED_EDGE('',*,*,#2989,.F.);
#4015=ORIENTED_EDGE('',*,*,#2992,.F.);
#4016=ORIENTED_EDGE('',*,*,#2995,.F.);
#4017=ORIENTED_EDGE('',*,*,#3026,.F.);
#4018=ORIENTED_EDGE('',*,*,#3031,.T.);
#4019=ORIENTED_EDGE('',*,*,#3008,.F.);
#4020=ORIENTED_EDGE('',*,*,#3032,.T.);
#4021=ORIENTED_EDGE('',*,*,#3025,.F.);
#4022=ORIENTED_EDGE('',*,*,#3032,.F.);
#4023=ORIENTED_EDGE('',*,*,#3011,.F.);
#4024=ORIENTED_EDGE('',*,*,#3014,.F.);
#4025=ORIENTED_EDGE('',*,*,#3017,.F.);
#4026=ORIENTED_EDGE('',*,*,#3019,.F.);
#4027=ORIENTED_EDGE('',*,*,#3021,.F.);
#4028=ORIENTED_EDGE('',*,*,#3023,.F.);
#4029=ORIENTED_EDGE('',*,*,#2860,.T.);
#4030=ORIENTED_EDGE('',*,*,#3033,.F.);
#4031=ORIENTED_EDGE('',*,*,#3034,.T.);
#4032=ORIENTED_EDGE('',*,*,#2879,.F.);
#4033=ORIENTED_EDGE('',*,*,#2838,.T.);
#4034=ORIENTED_EDGE('',*,*,#3035,.F.);
#4035=ORIENTED_EDGE('',*,*,#3036,.T.);
#4036=ORIENTED_EDGE('',*,*,#2857,.F.);
#4037=ORIENTED_EDGE('',*,*,#3037,.T.);
#4038=ORIENTED_EDGE('',*,*,#3038,.T.);
#4039=ORIENTED_EDGE('',*,*,#3033,.T.);
#4040=ORIENTED_EDGE('',*,*,#2863,.T.);
#4041=ORIENTED_EDGE('',*,*,#3039,.T.);
#4042=ORIENTED_EDGE('',*,*,#3040,.T.);
#4043=ORIENTED_EDGE('',*,*,#3041,.T.);
#4044=ORIENTED_EDGE('',*,*,#3037,.F.);
#4045=ORIENTED_EDGE('',*,*,#2963,.T.);
#4046=ORIENTED_EDGE('',*,*,#3042,.T.);
#4047=ORIENTED_EDGE('',*,*,#3043,.T.);
#4048=ORIENTED_EDGE('',*,*,#3040,.F.);
#4049=ORIENTED_EDGE('',*,*,#2966,.T.);
#4050=ORIENTED_EDGE('',*,*,#3044,.T.);
#4051=ORIENTED_EDGE('',*,*,#3045,.T.);
#4052=ORIENTED_EDGE('',*,*,#3042,.F.);
#4053=ORIENTED_EDGE('',*,*,#2968,.T.);
#4054=ORIENTED_EDGE('',*,*,#3044,.F.);
#4055=ORIENTED_EDGE('',*,*,#3046,.T.);
#4056=ORIENTED_EDGE('',*,*,#2843,.T.);
#4057=ORIENTED_EDGE('',*,*,#2847,.T.);
#4058=ORIENTED_EDGE('',*,*,#3047,.T.);
#4059=ORIENTED_EDGE('',*,*,#3048,.T.);
#4060=ORIENTED_EDGE('',*,*,#3049,.T.);
#4061=ORIENTED_EDGE('',*,*,#3035,.T.);
#4062=ORIENTED_EDGE('',*,*,#2841,.T.);
#4063=ORIENTED_EDGE('',*,*,#3050,.T.);
#4064=ORIENTED_EDGE('',*,*,#3051,.T.);
#4065=ORIENTED_EDGE('',*,*,#3052,.T.);
#4066=ORIENTED_EDGE('',*,*,#3048,.F.);
#4067=ORIENTED_EDGE('',*,*,#3053,.T.);
#4068=ORIENTED_EDGE('',*,*,#3054,.T.);
#4069=ORIENTED_EDGE('',*,*,#3055,.T.);
#4070=ORIENTED_EDGE('',*,*,#3051,.F.);
#4071=ORIENTED_EDGE('',*,*,#3056,.T.);
#4072=ORIENTED_EDGE('',*,*,#3057,.T.);
#4073=ORIENTED_EDGE('',*,*,#3058,.T.);
#4074=ORIENTED_EDGE('',*,*,#3054,.F.);
#4075=ORIENTED_EDGE('',*,*,#3059,.T.);
#4076=ORIENTED_EDGE('',*,*,#3057,.F.);
#4077=ORIENTED_EDGE('',*,*,#3060,.T.);
#4078=ORIENTED_EDGE('',*,*,#2865,.T.);
#4079=ORIENTED_EDGE('',*,*,#2869,.T.);
#4080=ORIENTED_EDGE('',*,*,#3061,.T.);
#4081=ORIENTED_EDGE('',*,*,#2855,.T.);
#4082=ORIENTED_EDGE('',*,*,#2859,.T.);
#4083=ORIENTED_EDGE('',*,*,#3062,.T.);
#4084=ORIENTED_EDGE('',*,*,#2871,.T.);
#4085=ORIENTED_EDGE('',*,*,#2875,.T.);
#4086=ORIENTED_EDGE('',*,*,#3063,.T.);
#4087=ORIENTED_EDGE('',*,*,#3064,.T.);
#4088=ORIENTED_EDGE('',*,*,#2877,.T.);
#4089=ORIENTED_EDGE('',*,*,#2881,.T.);
#4090=ORIENTED_EDGE('',*,*,#3065,.T.);
#4091=ORIENTED_EDGE('',*,*,#2849,.T.);
#4092=ORIENTED_EDGE('',*,*,#2853,.T.);
#4093=ORIENTED_EDGE('',*,*,#3066,.T.);
#4094=ORIENTED_EDGE('',*,*,#2893,.F.);
#4095=ORIENTED_EDGE('',*,*,#3067,.T.);
#4096=ORIENTED_EDGE('',*,*,#3059,.F.);
#4097=ORIENTED_EDGE('',*,*,#3068,.T.);
#4098=ORIENTED_EDGE('',*,*,#2890,.F.);
#4099=ORIENTED_EDGE('',*,*,#3068,.F.);
#4100=ORIENTED_EDGE('',*,*,#3056,.F.);
#4101=ORIENTED_EDGE('',*,*,#3069,.F.);
#4102=ORIENTED_EDGE('',*,*,#2887,.F.);
#4103=ORIENTED_EDGE('',*,*,#3069,.T.);
#4104=ORIENTED_EDGE('',*,*,#3053,.F.);
#4105=ORIENTED_EDGE('',*,*,#3070,.T.);
#4106=ORIENTED_EDGE('',*,*,#2883,.F.);
#4107=ORIENTED_EDGE('',*,*,#3070,.F.);
#4108=ORIENTED_EDGE('',*,*,#3050,.F.);
#4109=ORIENTED_EDGE('',*,*,#2840,.F.);
#4110=ORIENTED_EDGE('',*,*,#2844,.F.);
#4111=ORIENTED_EDGE('',*,*,#3046,.F.);
#4112=ORIENTED_EDGE('',*,*,#2967,.F.);
#4113=ORIENTED_EDGE('',*,*,#2929,.F.);
#4114=ORIENTED_EDGE('',*,*,#2972,.F.);
#4115=ORIENTED_EDGE('',*,*,#3029,.F.);
#4116=ORIENTED_EDGE('',*,*,#3002,.F.);
#4117=ORIENTED_EDGE('',*,*,#2850,.F.);
#4118=ORIENTED_EDGE('',*,*,#3065,.F.);
#4119=ORIENTED_EDGE('',*,*,#2880,.F.);
#4120=ORIENTED_EDGE('',*,*,#3034,.F.);
#4121=ORIENTED_EDGE('',*,*,#3038,.F.);
#4122=ORIENTED_EDGE('',*,*,#3041,.F.);
#4123=ORIENTED_EDGE('',*,*,#3043,.F.);
#4124=ORIENTED_EDGE('',*,*,#3045,.F.);
#4125=ORIENTED_EDGE('',*,*,#3047,.F.);
#4126=ORIENTED_EDGE('',*,*,#2846,.F.);
#4127=ORIENTED_EDGE('',*,*,#2856,.F.);
#4128=ORIENTED_EDGE('',*,*,#3064,.F.);
#4129=ORIENTED_EDGE('',*,*,#3071,.T.);
#4130=ORIENTED_EDGE('',*,*,#3072,.T.);
#4131=ORIENTED_EDGE('',*,*,#3071,.F.);
#4132=ORIENTED_EDGE('',*,*,#3063,.F.);
#4133=ORIENTED_EDGE('',*,*,#2874,.F.);
#4134=ORIENTED_EDGE('',*,*,#2878,.F.);
#4135=ORIENTED_EDGE('',*,*,#3066,.F.);
#4136=ORIENTED_EDGE('',*,*,#2852,.F.);
#4137=ORIENTED_EDGE('',*,*,#3036,.F.);
#4138=ORIENTED_EDGE('',*,*,#3049,.F.);
#4139=ORIENTED_EDGE('',*,*,#3052,.F.);
#4140=ORIENTED_EDGE('',*,*,#3055,.F.);
#4141=ORIENTED_EDGE('',*,*,#3058,.F.);
#4142=ORIENTED_EDGE('',*,*,#3061,.F.);
#4143=ORIENTED_EDGE('',*,*,#2868,.F.);
#4144=ORIENTED_EDGE('',*,*,#2872,.F.);
#4145=ORIENTED_EDGE('',*,*,#3062,.F.);
#4146=ORIENTED_EDGE('',*,*,#2858,.F.);
#4147=ORIENTED_EDGE('',*,*,#2896,.F.);
#4148=ORIENTED_EDGE('',*,*,#3028,.F.);
#4149=ORIENTED_EDGE('',*,*,#3031,.F.);
#4150=ORIENTED_EDGE('',*,*,#2959,.F.);
#4151=ORIENTED_EDGE('',*,*,#2916,.F.);
#4152=ORIENTED_EDGE('',*,*,#2964,.F.);
#4153=ORIENTED_EDGE('',*,*,#3039,.F.);
#4154=ORIENTED_EDGE('',*,*,#2862,.F.);
#4155=ORIENTED_EDGE('',*,*,#2866,.F.);
#4156=ORIENTED_EDGE('',*,*,#3060,.F.);
#4157=ORIENTED_EDGE('',*,*,#3067,.F.);
#4158=ORIENTED_EDGE('',*,*,#3073,.T.);
#4159=ORIENTED_EDGE('',*,*,#3074,.T.);
#4160=ORIENTED_EDGE('',*,*,#3075,.T.);
#4161=ORIENTED_EDGE('',*,*,#3076,.T.);
#4162=ORIENTED_EDGE('',*,*,#3077,.T.);
#4163=ORIENTED_EDGE('',*,*,#3078,.T.);
#4164=ORIENTED_EDGE('',*,*,#3073,.F.);
#4165=ORIENTED_EDGE('',*,*,#3079,.T.);
#4166=ORIENTED_EDGE('',*,*,#3080,.T.);
#4167=ORIENTED_EDGE('',*,*,#3081,.T.);
#4168=ORIENTED_EDGE('',*,*,#3077,.F.);
#4169=ORIENTED_EDGE('',*,*,#3082,.T.);
#4170=ORIENTED_EDGE('',*,*,#3083,.T.);
#4171=ORIENTED_EDGE('',*,*,#3084,.T.);
#4172=ORIENTED_EDGE('',*,*,#3080,.F.);
#4173=ORIENTED_EDGE('',*,*,#3085,.T.);
#4174=ORIENTED_EDGE('',*,*,#3086,.T.);
#4175=ORIENTED_EDGE('',*,*,#3087,.T.);
#4176=ORIENTED_EDGE('',*,*,#3083,.F.);
#4177=ORIENTED_EDGE('',*,*,#3088,.T.);
#4178=ORIENTED_EDGE('',*,*,#3089,.T.);
#4179=ORIENTED_EDGE('',*,*,#3090,.T.);
#4180=ORIENTED_EDGE('',*,*,#3091,.T.);
#4181=ORIENTED_EDGE('',*,*,#3092,.T.);
#4182=ORIENTED_EDGE('',*,*,#3093,.T.);
#4183=ORIENTED_EDGE('',*,*,#3094,.T.);
#4184=ORIENTED_EDGE('',*,*,#3089,.F.);
#4185=ORIENTED_EDGE('',*,*,#3095,.T.);
#4186=ORIENTED_EDGE('',*,*,#3096,.T.);
#4187=ORIENTED_EDGE('',*,*,#3097,.T.);
#4188=ORIENTED_EDGE('',*,*,#3093,.F.);
#4189=ORIENTED_EDGE('',*,*,#3098,.T.);
#4190=ORIENTED_EDGE('',*,*,#3099,.T.);
#4191=ORIENTED_EDGE('',*,*,#3100,.T.);
#4192=ORIENTED_EDGE('',*,*,#3096,.F.);
#4193=ORIENTED_EDGE('',*,*,#3101,.T.);
#4194=ORIENTED_EDGE('',*,*,#3102,.T.);
#4195=ORIENTED_EDGE('',*,*,#3103,.T.);
#4196=ORIENTED_EDGE('',*,*,#3099,.F.);
#4197=ORIENTED_EDGE('',*,*,#3104,.T.);
#4198=ORIENTED_EDGE('',*,*,#3091,.F.);
#4199=ORIENTED_EDGE('',*,*,#3105,.T.);
#4200=ORIENTED_EDGE('',*,*,#3086,.F.);
#4201=ORIENTED_EDGE('',*,*,#3106,.T.);
#4202=ORIENTED_EDGE('',*,*,#3107,.T.);
#4203=ORIENTED_EDGE('',*,*,#3108,.T.);
#4204=ORIENTED_EDGE('',*,*,#3109,.T.);
#4205=ORIENTED_EDGE('',*,*,#3110,.T.);
#4206=ORIENTED_EDGE('',*,*,#3111,.T.);
#4207=ORIENTED_EDGE('',*,*,#3106,.F.);
#4208=ORIENTED_EDGE('',*,*,#3112,.T.);
#4209=ORIENTED_EDGE('',*,*,#3113,.T.);
#4210=ORIENTED_EDGE('',*,*,#3114,.T.);
#4211=ORIENTED_EDGE('',*,*,#3110,.F.);
#4212=ORIENTED_EDGE('',*,*,#3115,.T.);
#4213=ORIENTED_EDGE('',*,*,#3116,.T.);
#4214=ORIENTED_EDGE('',*,*,#3117,.T.);
#4215=ORIENTED_EDGE('',*,*,#3113,.F.);
#4216=ORIENTED_EDGE('',*,*,#3118,.T.);
#4217=ORIENTED_EDGE('',*,*,#3119,.T.);
#4218=ORIENTED_EDGE('',*,*,#3120,.T.);
#4219=ORIENTED_EDGE('',*,*,#3116,.F.);
#4220=ORIENTED_EDGE('',*,*,#3121,.T.);
#4221=ORIENTED_EDGE('',*,*,#3108,.F.);
#4222=ORIENTED_EDGE('',*,*,#3122,.T.);
#4223=ORIENTED_EDGE('',*,*,#3102,.F.);
#4224=ORIENTED_EDGE('',*,*,#3123,.T.);
#4225=ORIENTED_EDGE('',*,*,#3124,.T.);
#4226=ORIENTED_EDGE('',*,*,#3125,.T.);
#4227=ORIENTED_EDGE('',*,*,#3126,.T.);
#4228=ORIENTED_EDGE('',*,*,#3127,.T.);
#4229=ORIENTED_EDGE('',*,*,#3128,.T.);
#4230=ORIENTED_EDGE('',*,*,#3123,.F.);
#4231=ORIENTED_EDGE('',*,*,#3129,.T.);
#4232=ORIENTED_EDGE('',*,*,#3130,.T.);
#4233=ORIENTED_EDGE('',*,*,#3131,.T.);
#4234=ORIENTED_EDGE('',*,*,#3127,.F.);
#4235=ORIENTED_EDGE('',*,*,#3132,.T.);
#4236=ORIENTED_EDGE('',*,*,#3133,.T.);
#4237=ORIENTED_EDGE('',*,*,#3134,.T.);
#4238=ORIENTED_EDGE('',*,*,#3130,.F.);
#4239=ORIENTED_EDGE('',*,*,#3135,.T.);
#4240=ORIENTED_EDGE('',*,*,#3136,.T.);
#4241=ORIENTED_EDGE('',*,*,#3137,.T.);
#4242=ORIENTED_EDGE('',*,*,#3133,.F.);
#4243=ORIENTED_EDGE('',*,*,#3138,.T.);
#4244=ORIENTED_EDGE('',*,*,#3125,.F.);
#4245=ORIENTED_EDGE('',*,*,#3139,.T.);
#4246=ORIENTED_EDGE('',*,*,#3119,.F.);
#4247=ORIENTED_EDGE('',*,*,#3075,.F.);
#4248=ORIENTED_EDGE('',*,*,#3140,.T.);
#4249=ORIENTED_EDGE('',*,*,#3136,.F.);
#4250=ORIENTED_EDGE('',*,*,#3094,.F.);
#4251=ORIENTED_EDGE('',*,*,#3141,.T.);
#4252=ORIENTED_EDGE('',*,*,#3142,.F.);
#4253=ORIENTED_EDGE('',*,*,#3143,.T.);
#4254=ORIENTED_EDGE('',*,*,#3097,.F.);
#4255=ORIENTED_EDGE('',*,*,#3144,.F.);
#4256=ORIENTED_EDGE('',*,*,#3145,.F.);
#4257=ORIENTED_EDGE('',*,*,#3141,.F.);
#4258=ORIENTED_EDGE('',*,*,#3100,.F.);
#4259=ORIENTED_EDGE('',*,*,#3146,.T.);
#4260=ORIENTED_EDGE('',*,*,#3147,.F.);
#4261=ORIENTED_EDGE('',*,*,#3144,.T.);
#4262=ORIENTED_EDGE('',*,*,#3103,.F.);
#4263=ORIENTED_EDGE('',*,*,#3148,.F.);
#4264=ORIENTED_EDGE('',*,*,#3149,.F.);
#4265=ORIENTED_EDGE('',*,*,#3146,.F.);
#4266=ORIENTED_EDGE('',*,*,#3122,.F.);
#4267=ORIENTED_EDGE('',*,*,#3150,.T.);
#4268=ORIENTED_EDGE('',*,*,#3151,.F.);
#4269=ORIENTED_EDGE('',*,*,#3152,.F.);
#4270=ORIENTED_EDGE('',*,*,#3148,.T.);
#4271=ORIENTED_EDGE('',*,*,#3111,.F.);
#4272=ORIENTED_EDGE('',*,*,#3153,.T.);
#4273=ORIENTED_EDGE('',*,*,#3154,.F.);
#4274=ORIENTED_EDGE('',*,*,#3155,.T.);
#4275=ORIENTED_EDGE('',*,*,#3114,.F.);
#4276=ORIENTED_EDGE('',*,*,#3156,.F.);
#4277=ORIENTED_EDGE('',*,*,#3157,.F.);
#4278=ORIENTED_EDGE('',*,*,#3153,.F.);
#4279=ORIENTED_EDGE('',*,*,#3117,.F.);
#4280=ORIENTED_EDGE('',*,*,#3158,.T.);
#4281=ORIENTED_EDGE('',*,*,#3159,.F.);
#4282=ORIENTED_EDGE('',*,*,#3156,.T.);
#4283=ORIENTED_EDGE('',*,*,#3139,.F.);
#4284=ORIENTED_EDGE('',*,*,#3160,.T.);
#4285=ORIENTED_EDGE('',*,*,#3161,.F.);
#4286=ORIENTED_EDGE('',*,*,#3162,.F.);
#4287=ORIENTED_EDGE('',*,*,#3163,.T.);
#4288=ORIENTED_EDGE('',*,*,#3124,.F.);
#4289=ORIENTED_EDGE('',*,*,#3164,.F.);
#4290=ORIENTED_EDGE('',*,*,#3165,.F.);
#4291=ORIENTED_EDGE('',*,*,#3160,.F.);
#4292=ORIENTED_EDGE('',*,*,#3166,.F.);
#4293=ORIENTED_EDGE('',*,*,#3167,.F.);
#4294=ORIENTED_EDGE('',*,*,#3168,.F.);
#4295=ORIENTED_EDGE('',*,*,#3169,.F.);
#4296=ORIENTED_EDGE('',*,*,#3076,.F.);
#4297=ORIENTED_EDGE('',*,*,#3138,.F.);
#4298=ORIENTED_EDGE('',*,*,#3135,.F.);
#4299=ORIENTED_EDGE('',*,*,#3132,.F.);
#4300=ORIENTED_EDGE('',*,*,#3129,.F.);
#4301=ORIENTED_EDGE('',*,*,#3126,.F.);
#4302=ORIENTED_EDGE('',*,*,#3121,.F.);
#4303=ORIENTED_EDGE('',*,*,#3118,.F.);
#4304=ORIENTED_EDGE('',*,*,#3115,.F.);
#4305=ORIENTED_EDGE('',*,*,#3112,.F.);
#4306=ORIENTED_EDGE('',*,*,#3109,.F.);
#4307=ORIENTED_EDGE('',*,*,#3104,.F.);
#4308=ORIENTED_EDGE('',*,*,#3101,.F.);
#4309=ORIENTED_EDGE('',*,*,#3098,.F.);
#4310=ORIENTED_EDGE('',*,*,#3095,.F.);
#4311=ORIENTED_EDGE('',*,*,#3092,.F.);
#4312=ORIENTED_EDGE('',*,*,#3088,.F.);
#4313=ORIENTED_EDGE('',*,*,#3085,.F.);
#4314=ORIENTED_EDGE('',*,*,#3082,.F.);
#4315=ORIENTED_EDGE('',*,*,#3079,.F.);
#4316=ORIENTED_EDGE('',*,*,#3170,.T.);
#4317=ORIENTED_EDGE('',*,*,#3171,.T.);
#4318=ORIENTED_EDGE('',*,*,#3162,.T.);
#4319=ORIENTED_EDGE('',*,*,#3172,.T.);
#4320=ORIENTED_EDGE('',*,*,#3173,.T.);
#4321=ORIENTED_EDGE('',*,*,#3170,.F.);
#4322=ORIENTED_EDGE('',*,*,#3161,.T.);
#4323=ORIENTED_EDGE('',*,*,#3174,.T.);
#4324=ORIENTED_EDGE('',*,*,#3175,.T.);
#4325=ORIENTED_EDGE('',*,*,#3172,.F.);
#4326=ORIENTED_EDGE('',*,*,#3165,.T.);
#4327=ORIENTED_EDGE('',*,*,#3176,.T.);
#4328=ORIENTED_EDGE('',*,*,#3177,.T.);
#4329=ORIENTED_EDGE('',*,*,#3174,.F.);
#4330=ORIENTED_EDGE('',*,*,#3178,.T.);
#4331=ORIENTED_EDGE('',*,*,#3179,.T.);
#4332=ORIENTED_EDGE('',*,*,#3180,.T.);
#4333=ORIENTED_EDGE('',*,*,#3176,.F.);
#4334=ORIENTED_EDGE('',*,*,#3181,.T.);
#4335=ORIENTED_EDGE('',*,*,#3182,.T.);
#4336=ORIENTED_EDGE('',*,*,#3183,.T.);
#4337=ORIENTED_EDGE('',*,*,#3179,.F.);
#4338=ORIENTED_EDGE('',*,*,#3184,.T.);
#4339=ORIENTED_EDGE('',*,*,#3185,.T.);
#4340=ORIENTED_EDGE('',*,*,#3186,.T.);
#4341=ORIENTED_EDGE('',*,*,#3182,.F.);
#4342=ORIENTED_EDGE('',*,*,#3187,.T.);
#4343=ORIENTED_EDGE('',*,*,#3188,.T.);
#4344=ORIENTED_EDGE('',*,*,#3189,.T.);
#4345=ORIENTED_EDGE('',*,*,#3185,.F.);
#4346=ORIENTED_EDGE('',*,*,#3190,.T.);
#4347=ORIENTED_EDGE('',*,*,#3191,.T.);
#4348=ORIENTED_EDGE('',*,*,#3192,.T.);
#4349=ORIENTED_EDGE('',*,*,#3188,.F.);
#4350=ORIENTED_EDGE('',*,*,#3140,.F.);
#4351=ORIENTED_EDGE('',*,*,#3193,.T.);
#4352=ORIENTED_EDGE('',*,*,#3191,.F.);
#4353=ORIENTED_EDGE('',*,*,#3190,.F.);
#4354=ORIENTED_EDGE('',*,*,#3194,.T.);
#4355=ORIENTED_EDGE('',*,*,#3137,.F.);
#4356=ORIENTED_EDGE('',*,*,#3194,.F.);
#4357=ORIENTED_EDGE('',*,*,#3187,.F.);
#4358=ORIENTED_EDGE('',*,*,#3195,.F.);
#4359=ORIENTED_EDGE('',*,*,#3134,.F.);
#4360=ORIENTED_EDGE('',*,*,#3195,.T.);
#4361=ORIENTED_EDGE('',*,*,#3184,.F.);
#4362=ORIENTED_EDGE('',*,*,#3196,.T.);
#4363=ORIENTED_EDGE('',*,*,#3131,.F.);
#4364=ORIENTED_EDGE('',*,*,#3196,.F.);
#4365=ORIENTED_EDGE('',*,*,#3181,.F.);
#4366=ORIENTED_EDGE('',*,*,#3197,.F.);
#4367=ORIENTED_EDGE('',*,*,#3128,.F.);
#4368=ORIENTED_EDGE('',*,*,#3197,.T.);
#4369=ORIENTED_EDGE('',*,*,#3178,.F.);
#4370=ORIENTED_EDGE('',*,*,#3164,.T.);
#4371=ORIENTED_EDGE('',*,*,#3198,.T.);
#4372=ORIENTED_EDGE('',*,*,#3199,.T.);
#4373=ORIENTED_EDGE('',*,*,#3200,.T.);
#4374=ORIENTED_EDGE('',*,*,#3201,.T.);
#4375=ORIENTED_EDGE('',*,*,#3202,.T.);
#4376=ORIENTED_EDGE('',*,*,#3198,.F.);
#4377=ORIENTED_EDGE('',*,*,#3203,.T.);
#4378=ORIENTED_EDGE('',*,*,#3204,.T.);
#4379=ORIENTED_EDGE('',*,*,#3205,.T.);
#4380=ORIENTED_EDGE('',*,*,#3201,.F.);
#4381=ORIENTED_EDGE('',*,*,#3206,.T.);
#4382=ORIENTED_EDGE('',*,*,#3207,.T.);
#4383=ORIENTED_EDGE('',*,*,#3208,.T.);
#4384=ORIENTED_EDGE('',*,*,#3204,.F.);
#4385=ORIENTED_EDGE('',*,*,#3142,.T.);
#4386=ORIENTED_EDGE('',*,*,#3209,.T.);
#4387=ORIENTED_EDGE('',*,*,#3210,.T.);
#4388=ORIENTED_EDGE('',*,*,#3207,.F.);
#4389=ORIENTED_EDGE('',*,*,#3145,.T.);
#4390=ORIENTED_EDGE('',*,*,#3211,.T.);
#4391=ORIENTED_EDGE('',*,*,#3212,.T.);
#4392=ORIENTED_EDGE('',*,*,#3209,.F.);
#4393=ORIENTED_EDGE('',*,*,#3147,.T.);
#4394=ORIENTED_EDGE('',*,*,#3213,.T.);
#4395=ORIENTED_EDGE('',*,*,#3214,.T.);
#4396=ORIENTED_EDGE('',*,*,#3211,.F.);
#4397=ORIENTED_EDGE('',*,*,#3149,.T.);
#4398=ORIENTED_EDGE('',*,*,#3215,.T.);
#4399=ORIENTED_EDGE('',*,*,#3216,.T.);
#4400=ORIENTED_EDGE('',*,*,#3213,.F.);
#4401=ORIENTED_EDGE('',*,*,#3152,.T.);
#4402=ORIENTED_EDGE('',*,*,#3151,.T.);
#4403=ORIENTED_EDGE('',*,*,#3217,.T.);
#4404=ORIENTED_EDGE('',*,*,#3215,.F.);
#4405=ORIENTED_EDGE('',*,*,#3090,.F.);
#4406=ORIENTED_EDGE('',*,*,#3143,.F.);
#4407=ORIENTED_EDGE('',*,*,#3206,.F.);
#4408=ORIENTED_EDGE('',*,*,#3218,.F.);
#4409=ORIENTED_EDGE('',*,*,#3105,.F.);
#4410=ORIENTED_EDGE('',*,*,#3218,.T.);
#4411=ORIENTED_EDGE('',*,*,#3203,.F.);
#4412=ORIENTED_EDGE('',*,*,#3200,.F.);
#4413=ORIENTED_EDGE('',*,*,#3219,.T.);
#4414=ORIENTED_EDGE('',*,*,#3192,.F.);
#4415=ORIENTED_EDGE('',*,*,#3220,.T.);
#4416=ORIENTED_EDGE('',*,*,#3171,.F.);
#4417=ORIENTED_EDGE('',*,*,#3221,.T.);
#4418=ORIENTED_EDGE('',*,*,#3189,.F.);
#4419=ORIENTED_EDGE('',*,*,#3221,.F.);
#4420=ORIENTED_EDGE('',*,*,#3173,.F.);
#4421=ORIENTED_EDGE('',*,*,#3175,.F.);
#4422=ORIENTED_EDGE('',*,*,#3177,.F.);
#4423=ORIENTED_EDGE('',*,*,#3180,.F.);
#4424=ORIENTED_EDGE('',*,*,#3183,.F.);
#4425=ORIENTED_EDGE('',*,*,#3186,.F.);
#4426=ORIENTED_EDGE('',*,*,#3217,.F.);
#4427=ORIENTED_EDGE('',*,*,#3222,.T.);
#4428=ORIENTED_EDGE('',*,*,#3199,.F.);
#4429=ORIENTED_EDGE('',*,*,#3223,.T.);
#4430=ORIENTED_EDGE('',*,*,#3216,.F.);
#4431=ORIENTED_EDGE('',*,*,#3223,.F.);
#4432=ORIENTED_EDGE('',*,*,#3202,.F.);
#4433=ORIENTED_EDGE('',*,*,#3205,.F.);
#4434=ORIENTED_EDGE('',*,*,#3208,.F.);
#4435=ORIENTED_EDGE('',*,*,#3210,.F.);
#4436=ORIENTED_EDGE('',*,*,#3212,.F.);
#4437=ORIENTED_EDGE('',*,*,#3214,.F.);
#4438=ORIENTED_EDGE('',*,*,#2816,.T.);
#4439=ORIENTED_EDGE('',*,*,#3224,.F.);
#4440=ORIENTED_EDGE('',*,*,#3225,.T.);
#4441=ORIENTED_EDGE('',*,*,#2835,.F.);
#4442=ORIENTED_EDGE('',*,*,#2794,.T.);
#4443=ORIENTED_EDGE('',*,*,#3226,.F.);
#4444=ORIENTED_EDGE('',*,*,#3227,.T.);
#4445=ORIENTED_EDGE('',*,*,#2813,.F.);
#4446=ORIENTED_EDGE('',*,*,#3228,.T.);
#4447=ORIENTED_EDGE('',*,*,#3229,.T.);
#4448=ORIENTED_EDGE('',*,*,#3224,.T.);
#4449=ORIENTED_EDGE('',*,*,#2819,.T.);
#4450=ORIENTED_EDGE('',*,*,#3230,.T.);
#4451=ORIENTED_EDGE('',*,*,#3231,.T.);
#4452=ORIENTED_EDGE('',*,*,#3232,.T.);
#4453=ORIENTED_EDGE('',*,*,#3228,.F.);
#4454=ORIENTED_EDGE('',*,*,#3154,.T.);
#4455=ORIENTED_EDGE('',*,*,#3233,.T.);
#4456=ORIENTED_EDGE('',*,*,#3234,.T.);
#4457=ORIENTED_EDGE('',*,*,#3231,.F.);
#4458=ORIENTED_EDGE('',*,*,#3157,.T.);
#4459=ORIENTED_EDGE('',*,*,#3235,.T.);
#4460=ORIENTED_EDGE('',*,*,#3236,.T.);
#4461=ORIENTED_EDGE('',*,*,#3233,.F.);
#4462=ORIENTED_EDGE('',*,*,#3159,.T.);
#4463=ORIENTED_EDGE('',*,*,#3235,.F.);
#4464=ORIENTED_EDGE('',*,*,#3237,.T.);
#4465=ORIENTED_EDGE('',*,*,#2799,.T.);
#4466=ORIENTED_EDGE('',*,*,#2803,.T.);
#4467=ORIENTED_EDGE('',*,*,#3238,.T.);
#4468=ORIENTED_EDGE('',*,*,#3239,.T.);
#4469=ORIENTED_EDGE('',*,*,#3240,.T.);
#4470=ORIENTED_EDGE('',*,*,#3226,.T.);
#4471=ORIENTED_EDGE('',*,*,#2797,.T.);
#4472=ORIENTED_EDGE('',*,*,#3241,.T.);
#4473=ORIENTED_EDGE('',*,*,#3242,.T.);
#4474=ORIENTED_EDGE('',*,*,#3243,.T.);
#4475=ORIENTED_EDGE('',*,*,#3239,.F.);
#4476=ORIENTED_EDGE('',*,*,#3244,.T.);
#4477=ORIENTED_EDGE('',*,*,#3245,.T.);
#4478=ORIENTED_EDGE('',*,*,#3246,.T.);
#4479=ORIENTED_EDGE('',*,*,#3242,.F.);
#4480=ORIENTED_EDGE('',*,*,#3247,.T.);
#4481=ORIENTED_EDGE('',*,*,#3248,.T.);
#4482=ORIENTED_EDGE('',*,*,#3249,.T.);
#4483=ORIENTED_EDGE('',*,*,#3245,.F.);
#4484=ORIENTED_EDGE('',*,*,#3250,.T.);
#4485=ORIENTED_EDGE('',*,*,#3248,.F.);
#4486=ORIENTED_EDGE('',*,*,#3251,.T.);
#4487=ORIENTED_EDGE('',*,*,#2821,.T.);
#4488=ORIENTED_EDGE('',*,*,#2825,.T.);
#4489=ORIENTED_EDGE('',*,*,#3252,.T.);
#4490=ORIENTED_EDGE('',*,*,#2811,.T.);
#4491=ORIENTED_EDGE('',*,*,#2815,.T.);
#4492=ORIENTED_EDGE('',*,*,#3253,.T.);
#4493=ORIENTED_EDGE('',*,*,#2827,.T.);
#4494=ORIENTED_EDGE('',*,*,#2831,.T.);
#4495=ORIENTED_EDGE('',*,*,#3254,.T.);
#4496=ORIENTED_EDGE('',*,*,#3255,.T.);
#4497=ORIENTED_EDGE('',*,*,#2833,.T.);
#4498=ORIENTED_EDGE('',*,*,#2837,.T.);
#4499=ORIENTED_EDGE('',*,*,#3256,.T.);
#4500=ORIENTED_EDGE('',*,*,#2805,.T.);
#4501=ORIENTED_EDGE('',*,*,#2809,.T.);
#4502=ORIENTED_EDGE('',*,*,#3257,.T.);
#4503=ORIENTED_EDGE('',*,*,#3084,.F.);
#4504=ORIENTED_EDGE('',*,*,#3258,.T.);
#4505=ORIENTED_EDGE('',*,*,#3250,.F.);
#4506=ORIENTED_EDGE('',*,*,#3259,.T.);
#4507=ORIENTED_EDGE('',*,*,#3081,.F.);
#4508=ORIENTED_EDGE('',*,*,#3259,.F.);
#4509=ORIENTED_EDGE('',*,*,#3247,.F.);
#4510=ORIENTED_EDGE('',*,*,#3260,.F.);
#4511=ORIENTED_EDGE('',*,*,#3078,.F.);
#4512=ORIENTED_EDGE('',*,*,#3260,.T.);
#4513=ORIENTED_EDGE('',*,*,#3244,.F.);
#4514=ORIENTED_EDGE('',*,*,#3261,.T.);
#4515=ORIENTED_EDGE('',*,*,#3074,.F.);
#4516=ORIENTED_EDGE('',*,*,#3261,.F.);
#4517=ORIENTED_EDGE('',*,*,#3241,.F.);
#4518=ORIENTED_EDGE('',*,*,#2796,.F.);
#4519=ORIENTED_EDGE('',*,*,#2800,.F.);
#4520=ORIENTED_EDGE('',*,*,#3237,.F.);
#4521=ORIENTED_EDGE('',*,*,#3158,.F.);
#4522=ORIENTED_EDGE('',*,*,#3120,.F.);
#4523=ORIENTED_EDGE('',*,*,#3163,.F.);
#4524=ORIENTED_EDGE('',*,*,#3220,.F.);
#4525=ORIENTED_EDGE('',*,*,#3193,.F.);
#4526=ORIENTED_EDGE('',*,*,#3227,.F.);
#4527=ORIENTED_EDGE('',*,*,#3240,.F.);
#4528=ORIENTED_EDGE('',*,*,#3243,.F.);
#4529=ORIENTED_EDGE('',*,*,#3246,.F.);
#4530=ORIENTED_EDGE('',*,*,#3249,.F.);
#4531=ORIENTED_EDGE('',*,*,#3252,.F.);
#4532=ORIENTED_EDGE('',*,*,#2824,.F.);
#4533=ORIENTED_EDGE('',*,*,#2828,.F.);
#4534=ORIENTED_EDGE('',*,*,#3253,.F.);
#4535=ORIENTED_EDGE('',*,*,#2814,.F.);
#4536=ORIENTED_EDGE('',*,*,#2806,.F.);
#4537=ORIENTED_EDGE('',*,*,#3256,.F.);
#4538=ORIENTED_EDGE('',*,*,#2836,.F.);
#4539=ORIENTED_EDGE('',*,*,#3225,.F.);
#4540=ORIENTED_EDGE('',*,*,#3229,.F.);
#4541=ORIENTED_EDGE('',*,*,#3232,.F.);
#4542=ORIENTED_EDGE('',*,*,#3234,.F.);
#4543=ORIENTED_EDGE('',*,*,#3236,.F.);
#4544=ORIENTED_EDGE('',*,*,#3238,.F.);
#4545=ORIENTED_EDGE('',*,*,#2802,.F.);
#4546=ORIENTED_EDGE('',*,*,#2812,.F.);
#4547=ORIENTED_EDGE('',*,*,#3255,.F.);
#4548=ORIENTED_EDGE('',*,*,#3262,.T.);
#4549=ORIENTED_EDGE('',*,*,#3263,.T.);
#4550=ORIENTED_EDGE('',*,*,#3262,.F.);
#4551=ORIENTED_EDGE('',*,*,#3254,.F.);
#4552=ORIENTED_EDGE('',*,*,#2830,.F.);
#4553=ORIENTED_EDGE('',*,*,#2834,.F.);
#4554=ORIENTED_EDGE('',*,*,#3257,.F.);
#4555=ORIENTED_EDGE('',*,*,#2808,.F.);
#4556=ORIENTED_EDGE('',*,*,#3087,.F.);
#4557=ORIENTED_EDGE('',*,*,#3219,.F.);
#4558=ORIENTED_EDGE('',*,*,#3222,.F.);
#4559=ORIENTED_EDGE('',*,*,#3150,.F.);
#4560=ORIENTED_EDGE('',*,*,#3107,.F.);
#4561=ORIENTED_EDGE('',*,*,#3155,.F.);
#4562=ORIENTED_EDGE('',*,*,#3230,.F.);
#4563=ORIENTED_EDGE('',*,*,#2818,.F.);
#4564=ORIENTED_EDGE('',*,*,#2822,.F.);
#4565=ORIENTED_EDGE('',*,*,#3251,.F.);
#4566=ORIENTED_EDGE('',*,*,#3258,.F.);
#4567=ORIENTED_EDGE('',*,*,#3072,.F.);
#4568=ORIENTED_EDGE('',*,*,#3263,.F.);
#4569=ORIENTED_EDGE('',*,*,#3264,.T.);
#4570=ORIENTED_EDGE('',*,*,#3265,.T.);
#4571=ORIENTED_EDGE('',*,*,#3266,.T.);
#4572=ORIENTED_EDGE('',*,*,#3267,.T.);
#4573=ORIENTED_EDGE('',*,*,#3267,.F.);
#4574=ORIENTED_EDGE('',*,*,#3268,.F.);
#4575=ORIENTED_EDGE('',*,*,#3269,.F.);
#4576=ORIENTED_EDGE('',*,*,#3270,.F.);
#4577=ORIENTED_EDGE('',*,*,#3266,.F.);
#4578=ORIENTED_EDGE('',*,*,#3271,.T.);
#4579=ORIENTED_EDGE('',*,*,#3272,.F.);
#4580=ORIENTED_EDGE('',*,*,#3273,.T.);
#4581=ORIENTED_EDGE('',*,*,#3274,.T.);
#4582=ORIENTED_EDGE('',*,*,#3275,.T.);
#4583=ORIENTED_EDGE('',*,*,#3276,.T.);
#4584=ORIENTED_EDGE('',*,*,#3277,.T.);
#4585=ORIENTED_EDGE('',*,*,#3278,.T.);
#4586=ORIENTED_EDGE('',*,*,#3279,.T.);
#4587=ORIENTED_EDGE('',*,*,#3280,.F.);
#4588=ORIENTED_EDGE('',*,*,#3281,.T.);
#4589=ORIENTED_EDGE('',*,*,#3282,.T.);
#4590=ORIENTED_EDGE('',*,*,#3283,.T.);
#4591=ORIENTED_EDGE('',*,*,#3284,.T.);
#4592=ORIENTED_EDGE('',*,*,#3285,.T.);
#4593=ORIENTED_EDGE('',*,*,#3286,.T.);
#4594=ORIENTED_EDGE('',*,*,#3287,.F.);
#4595=ORIENTED_EDGE('',*,*,#3288,.T.);
#4596=ORIENTED_EDGE('',*,*,#3289,.F.);
#4597=ORIENTED_EDGE('',*,*,#3290,.T.);
#4598=ORIENTED_EDGE('',*,*,#3291,.T.);
#4599=ORIENTED_EDGE('',*,*,#3292,.T.);
#4600=ORIENTED_EDGE('',*,*,#3293,.T.);
#4601=ORIENTED_EDGE('',*,*,#3294,.T.);
#4602=ORIENTED_EDGE('',*,*,#3295,.T.);
#4603=ORIENTED_EDGE('',*,*,#3296,.T.);
#4604=ORIENTED_EDGE('',*,*,#3297,.T.);
#4605=ORIENTED_EDGE('',*,*,#3298,.T.);
#4606=ORIENTED_EDGE('',*,*,#3299,.F.);
#4607=ORIENTED_EDGE('',*,*,#3300,.F.);
#4608=ORIENTED_EDGE('',*,*,#3301,.F.);
#4609=ORIENTED_EDGE('',*,*,#3302,.F.);
#4610=ORIENTED_EDGE('',*,*,#3303,.F.);
#4611=ORIENTED_EDGE('',*,*,#3304,.F.);
#4612=ORIENTED_EDGE('',*,*,#3305,.F.);
#4613=ORIENTED_EDGE('',*,*,#3306,.F.);
#4614=ORIENTED_EDGE('',*,*,#3307,.F.);
#4615=ORIENTED_EDGE('',*,*,#3308,.F.);
#4616=ORIENTED_EDGE('',*,*,#3309,.F.);
#4617=ORIENTED_EDGE('',*,*,#3310,.F.);
#4618=ORIENTED_EDGE('',*,*,#3311,.F.);
#4619=ORIENTED_EDGE('',*,*,#3312,.F.);
#4620=ORIENTED_EDGE('',*,*,#3313,.F.);
#4621=ORIENTED_EDGE('',*,*,#3314,.T.);
#4622=ORIENTED_EDGE('',*,*,#3315,.F.);
#4623=ORIENTED_EDGE('',*,*,#3316,.T.);
#4624=ORIENTED_EDGE('',*,*,#3317,.F.);
#4625=ORIENTED_EDGE('',*,*,#3318,.T.);
#4626=ORIENTED_EDGE('',*,*,#3319,.F.);
#4627=ORIENTED_EDGE('',*,*,#3320,.T.);
#4628=ORIENTED_EDGE('',*,*,#3321,.F.);
#4629=ORIENTED_EDGE('',*,*,#3322,.T.);
#4630=ORIENTED_EDGE('',*,*,#3323,.F.);
#4631=ORIENTED_EDGE('',*,*,#3324,.F.);
#4632=ORIENTED_EDGE('',*,*,#3325,.F.);
#4633=ORIENTED_EDGE('',*,*,#3326,.T.);
#4634=ORIENTED_EDGE('',*,*,#3327,.F.);
#4635=ORIENTED_EDGE('',*,*,#3328,.F.);
#4636=ORIENTED_EDGE('',*,*,#3329,.F.);
#4637=ORIENTED_EDGE('',*,*,#3330,.F.);
#4638=ORIENTED_EDGE('',*,*,#3331,.F.);
#4639=ORIENTED_EDGE('',*,*,#3332,.F.);
#4640=ORIENTED_EDGE('',*,*,#3333,.F.);
#4641=ORIENTED_EDGE('',*,*,#3334,.T.);
#4642=ORIENTED_EDGE('',*,*,#3335,.F.);
#4643=ORIENTED_EDGE('',*,*,#3336,.F.);
#4644=ORIENTED_EDGE('',*,*,#3337,.F.);
#4645=ORIENTED_EDGE('',*,*,#3338,.F.);
#4646=ORIENTED_EDGE('',*,*,#3339,.F.);
#4647=ORIENTED_EDGE('',*,*,#3340,.F.);
#4648=ORIENTED_EDGE('',*,*,#3341,.F.);
#4649=ORIENTED_EDGE('',*,*,#3342,.F.);
#4650=ORIENTED_EDGE('',*,*,#3343,.T.);
#4651=ORIENTED_EDGE('',*,*,#3344,.F.);
#4652=ORIENTED_EDGE('',*,*,#3345,.F.);
#4653=ORIENTED_EDGE('',*,*,#3346,.F.);
#4654=ORIENTED_EDGE('',*,*,#3347,.F.);
#4655=ORIENTED_EDGE('',*,*,#3348,.F.);
#4656=ORIENTED_EDGE('',*,*,#3349,.F.);
#4657=ORIENTED_EDGE('',*,*,#3350,.F.);
#4658=ORIENTED_EDGE('',*,*,#3351,.F.);
#4659=ORIENTED_EDGE('',*,*,#3352,.F.);
#4660=ORIENTED_EDGE('',*,*,#3353,.T.);
#4661=ORIENTED_EDGE('',*,*,#3354,.F.);
#4662=ORIENTED_EDGE('',*,*,#3355,.F.);
#4663=ORIENTED_EDGE('',*,*,#3356,.F.);
#4664=ORIENTED_EDGE('',*,*,#3357,.F.);
#4665=ORIENTED_EDGE('',*,*,#3358,.F.);
#4666=ORIENTED_EDGE('',*,*,#2978,.F.);
#4667=ORIENTED_EDGE('',*,*,#3359,.F.);
#4668=ORIENTED_EDGE('',*,*,#3360,.F.);
#4669=ORIENTED_EDGE('',*,*,#3361,.T.);
#4670=ORIENTED_EDGE('',*,*,#3362,.F.);
#4671=ORIENTED_EDGE('',*,*,#3363,.T.);
#4672=ORIENTED_EDGE('',*,*,#3364,.F.);
#4673=ORIENTED_EDGE('',*,*,#3365,.F.);
#4674=ORIENTED_EDGE('',*,*,#3366,.F.);
#4675=ORIENTED_EDGE('',*,*,#3367,.T.);
#4676=ORIENTED_EDGE('',*,*,#3368,.F.);
#4677=ORIENTED_EDGE('',*,*,#3369,.F.);
#4678=ORIENTED_EDGE('',*,*,#3370,.T.);
#4679=ORIENTED_EDGE('',*,*,#3371,.F.);
#4680=ORIENTED_EDGE('',*,*,#3372,.T.);
#4681=ORIENTED_EDGE('',*,*,#3167,.T.);
#4682=ORIENTED_EDGE('',*,*,#3373,.F.);
#4683=ORIENTED_EDGE('',*,*,#3374,.T.);
#4684=ORIENTED_EDGE('',*,*,#3375,.F.);
#4685=ORIENTED_EDGE('',*,*,#3268,.T.);
#4686=ORIENTED_EDGE('',*,*,#3376,.T.);
#4687=ORIENTED_EDGE('',*,*,#3377,.T.);
#4688=ORIENTED_EDGE('',*,*,#3378,.T.);
#4689=ORIENTED_EDGE('',*,*,#3379,.T.);
#4690=ORIENTED_EDGE('',*,*,#3380,.F.);
#4691=ORIENTED_EDGE('',*,*,#3381,.F.);
#4692=ORIENTED_EDGE('',*,*,#3382,.F.);
#4693=ORIENTED_EDGE('',*,*,#3383,.F.);
#4694=ORIENTED_EDGE('',*,*,#3384,.F.);
#4695=ORIENTED_EDGE('',*,*,#3385,.T.);
#4696=ORIENTED_EDGE('',*,*,#3386,.T.);
#4697=ORIENTED_EDGE('',*,*,#3387,.T.);
#4698=ORIENTED_EDGE('',*,*,#3388,.T.);
#4699=ORIENTED_EDGE('',*,*,#3389,.T.);
#4700=ORIENTED_EDGE('',*,*,#3390,.T.);
#4701=ORIENTED_EDGE('',*,*,#3391,.T.);
#4702=ORIENTED_EDGE('',*,*,#3392,.F.);
#4703=ORIENTED_EDGE('',*,*,#3393,.F.);
#4704=ORIENTED_EDGE('',*,*,#3394,.T.);
#4705=ORIENTED_EDGE('',*,*,#3395,.T.);
#4706=ORIENTED_EDGE('',*,*,#3354,.T.);
#4707=ORIENTED_EDGE('',*,*,#3396,.T.);
#4708=ORIENTED_EDGE('',*,*,#3395,.F.);
#4709=ORIENTED_EDGE('',*,*,#3397,.F.);
#4710=ORIENTED_EDGE('',*,*,#3398,.F.);
#4711=ORIENTED_EDGE('',*,*,#3355,.T.);
#4712=ORIENTED_EDGE('',*,*,#3264,.F.);
#4713=ORIENTED_EDGE('',*,*,#3270,.T.);
#4714=ORIENTED_EDGE('',*,*,#3399,.F.);
#4715=ORIENTED_EDGE('',*,*,#3400,.T.);
#4716=ORIENTED_EDGE('',*,*,#3401,.F.);
#4717=ORIENTED_EDGE('',*,*,#3169,.T.);
#4718=ORIENTED_EDGE('',*,*,#3402,.T.);
#4719=ORIENTED_EDGE('',*,*,#3403,.F.);
#4720=ORIENTED_EDGE('',*,*,#3404,.F.);
#4721=ORIENTED_EDGE('',*,*,#3405,.F.);
#4722=ORIENTED_EDGE('',*,*,#3406,.F.);
#4723=ORIENTED_EDGE('',*,*,#3407,.F.);
#4724=ORIENTED_EDGE('',*,*,#3408,.T.);
#4725=ORIENTED_EDGE('',*,*,#3409,.T.);
#4726=ORIENTED_EDGE('',*,*,#3410,.F.);
#4727=ORIENTED_EDGE('',*,*,#3411,.T.);
#4728=ORIENTED_EDGE('',*,*,#3412,.F.);
#4729=ORIENTED_EDGE('',*,*,#3413,.T.);
#4730=ORIENTED_EDGE('',*,*,#3414,.F.);
#4731=ORIENTED_EDGE('',*,*,#3415,.F.);
#4732=ORIENTED_EDGE('',*,*,#2976,.T.);
#4733=ORIENTED_EDGE('',*,*,#3416,.F.);
#4734=ORIENTED_EDGE('',*,*,#3417,.T.);
#4735=ORIENTED_EDGE('',*,*,#3418,.F.);
#4736=ORIENTED_EDGE('',*,*,#3397,.T.);
#4737=ORIENTED_EDGE('',*,*,#3394,.F.);
#4738=ORIENTED_EDGE('',*,*,#3419,.T.);
#4739=ORIENTED_EDGE('',*,*,#3420,.T.);
#4740=ORIENTED_EDGE('',*,*,#3421,.F.);
#4741=ORIENTED_EDGE('',*,*,#3422,.F.);
#4742=ORIENTED_EDGE('',*,*,#3423,.F.);
#4743=ORIENTED_EDGE('',*,*,#3424,.T.);
#4744=ORIENTED_EDGE('',*,*,#3425,.F.);
#4745=ORIENTED_EDGE('',*,*,#3426,.T.);
#4746=ORIENTED_EDGE('',*,*,#3427,.T.);
#4747=ORIENTED_EDGE('',*,*,#3428,.F.);
#4748=ORIENTED_EDGE('',*,*,#3429,.F.);
#4749=ORIENTED_EDGE('',*,*,#3430,.F.);
#4750=ORIENTED_EDGE('',*,*,#3431,.F.);
#4751=ORIENTED_EDGE('',*,*,#3432,.F.);
#4752=ORIENTED_EDGE('',*,*,#3433,.F.);
#4753=ORIENTED_EDGE('',*,*,#3434,.F.);
#4754=ORIENTED_EDGE('',*,*,#3435,.F.);
#4755=ORIENTED_EDGE('',*,*,#3436,.F.);
#4756=ORIENTED_EDGE('',*,*,#3437,.F.);
#4757=ORIENTED_EDGE('',*,*,#3438,.T.);
#4758=ORIENTED_EDGE('',*,*,#3439,.F.);
#4759=ORIENTED_EDGE('',*,*,#3440,.F.);
#4760=ORIENTED_EDGE('',*,*,#3441,.F.);
#4761=ORIENTED_EDGE('',*,*,#3442,.F.);
#4762=ORIENTED_EDGE('',*,*,#3443,.F.);
#4763=ORIENTED_EDGE('',*,*,#3444,.T.);
#4764=ORIENTED_EDGE('',*,*,#3445,.T.);
#4765=ORIENTED_EDGE('',*,*,#3446,.T.);
#4766=ORIENTED_EDGE('',*,*,#3447,.F.);
#4767=ORIENTED_EDGE('',*,*,#3448,.F.);
#4768=ORIENTED_EDGE('',*,*,#3449,.F.);
#4769=ORIENTED_EDGE('',*,*,#3450,.T.);
#4770=ORIENTED_EDGE('',*,*,#3451,.F.);
#4771=ORIENTED_EDGE('',*,*,#3452,.T.);
#4772=ORIENTED_EDGE('',*,*,#3453,.F.);
#4773=ORIENTED_EDGE('',*,*,#3454,.T.);
#4774=ORIENTED_EDGE('',*,*,#3455,.F.);
#4775=ORIENTED_EDGE('',*,*,#3456,.T.);
#4776=ORIENTED_EDGE('',*,*,#3457,.F.);
#4777=ORIENTED_EDGE('',*,*,#3458,.T.);
#4778=ORIENTED_EDGE('',*,*,#3459,.F.);
#4779=ORIENTED_EDGE('',*,*,#3460,.T.);
#4780=ORIENTED_EDGE('',*,*,#3461,.F.);
#4781=ORIENTED_EDGE('',*,*,#3462,.T.);
#4782=ORIENTED_EDGE('',*,*,#3463,.F.);
#4783=ORIENTED_EDGE('',*,*,#3464,.T.);
#4784=ORIENTED_EDGE('',*,*,#3465,.F.);
#4785=ORIENTED_EDGE('',*,*,#3466,.T.);
#4786=ORIENTED_EDGE('',*,*,#3467,.F.);
#4787=ORIENTED_EDGE('',*,*,#3468,.T.);
#4788=ORIENTED_EDGE('',*,*,#3469,.F.);
#4789=ORIENTED_EDGE('',*,*,#3470,.T.);
#4790=ORIENTED_EDGE('',*,*,#3471,.F.);
#4791=ORIENTED_EDGE('',*,*,#3472,.F.);
#4792=ORIENTED_EDGE('',*,*,#3473,.F.);
#4793=ORIENTED_EDGE('',*,*,#3474,.T.);
#4794=ORIENTED_EDGE('',*,*,#3475,.F.);
#4795=ORIENTED_EDGE('',*,*,#3476,.F.);
#4796=ORIENTED_EDGE('',*,*,#3477,.T.);
#4797=ORIENTED_EDGE('',*,*,#3478,.T.);
#4798=ORIENTED_EDGE('',*,*,#3479,.T.);
#4799=ORIENTED_EDGE('',*,*,#3480,.T.);
#4800=ORIENTED_EDGE('',*,*,#3481,.T.);
#4801=ORIENTED_EDGE('',*,*,#3482,.T.);
#4802=ORIENTED_EDGE('',*,*,#3483,.F.);
#4803=ORIENTED_EDGE('',*,*,#3484,.T.);
#4804=ORIENTED_EDGE('',*,*,#3485,.F.);
#4805=ORIENTED_EDGE('',*,*,#3486,.T.);
#4806=ORIENTED_EDGE('',*,*,#3487,.T.);
#4807=ORIENTED_EDGE('',*,*,#3488,.T.);
#4808=ORIENTED_EDGE('',*,*,#3489,.T.);
#4809=ORIENTED_EDGE('',*,*,#3490,.T.);
#4810=ORIENTED_EDGE('',*,*,#3491,.T.);
#4811=ORIENTED_EDGE('',*,*,#3492,.F.);
#4812=ORIENTED_EDGE('',*,*,#3493,.T.);
#4813=ORIENTED_EDGE('',*,*,#3494,.F.);
#4814=ORIENTED_EDGE('',*,*,#3495,.T.);
#4815=ORIENTED_EDGE('',*,*,#3496,.F.);
#4816=ORIENTED_EDGE('',*,*,#3497,.T.);
#4817=ORIENTED_EDGE('',*,*,#3498,.T.);
#4818=ORIENTED_EDGE('',*,*,#3499,.T.);
#4819=ORIENTED_EDGE('',*,*,#3500,.T.);
#4820=ORIENTED_EDGE('',*,*,#3501,.T.);
#4821=ORIENTED_EDGE('',*,*,#3502,.F.);
#4822=ORIENTED_EDGE('',*,*,#3503,.F.);
#4823=ORIENTED_EDGE('',*,*,#3504,.F.);
#4824=ORIENTED_EDGE('',*,*,#3505,.F.);
#4825=ORIENTED_EDGE('',*,*,#3506,.F.);
#4826=ORIENTED_EDGE('',*,*,#3507,.T.);
#4827=ORIENTED_EDGE('',*,*,#3508,.T.);
#4828=ORIENTED_EDGE('',*,*,#3509,.T.);
#4829=ORIENTED_EDGE('',*,*,#3510,.T.);
#4830=ORIENTED_EDGE('',*,*,#3511,.T.);
#4831=ORIENTED_EDGE('',*,*,#3512,.T.);
#4832=ORIENTED_EDGE('',*,*,#3513,.T.);
#4833=ORIENTED_EDGE('',*,*,#3514,.T.);
#4834=ORIENTED_EDGE('',*,*,#3515,.T.);
#4835=ORIENTED_EDGE('',*,*,#3516,.T.);
#4836=ORIENTED_EDGE('',*,*,#3517,.T.);
#4837=ORIENTED_EDGE('',*,*,#3518,.T.);
#4838=ORIENTED_EDGE('',*,*,#3519,.T.);
#4839=ORIENTED_EDGE('',*,*,#3265,.F.);
#4840=ORIENTED_EDGE('',*,*,#3501,.F.);
#4841=ORIENTED_EDGE('',*,*,#3520,.F.);
#4842=ORIENTED_EDGE('',*,*,#3271,.F.);
#4843=ORIENTED_EDGE('',*,*,#3391,.F.);
#4844=ORIENTED_EDGE('',*,*,#3521,.T.);
#4845=ORIENTED_EDGE('',*,*,#3519,.F.);
#4846=ORIENTED_EDGE('',*,*,#3522,.F.);
#4847=ORIENTED_EDGE('',*,*,#3352,.T.);
#4848=ORIENTED_EDGE('',*,*,#3523,.F.);
#4849=ORIENTED_EDGE('',*,*,#3420,.F.);
#4850=ORIENTED_EDGE('',*,*,#3524,.F.);
#4851=ORIENTED_EDGE('',*,*,#3522,.T.);
#4852=ORIENTED_EDGE('',*,*,#3518,.F.);
#4853=ORIENTED_EDGE('',*,*,#3525,.F.);
#4854=ORIENTED_EDGE('',*,*,#3392,.T.);
#4855=ORIENTED_EDGE('',*,*,#3396,.F.);
#4856=ORIENTED_EDGE('',*,*,#3353,.F.);
#4857=ORIENTED_EDGE('',*,*,#3524,.T.);
#4858=ORIENTED_EDGE('',*,*,#3419,.F.);
#4859=ORIENTED_EDGE('',*,*,#3272,.T.);
#4860=ORIENTED_EDGE('',*,*,#3520,.T.);
#4861=ORIENTED_EDGE('',*,*,#3500,.F.);
#4862=ORIENTED_EDGE('',*,*,#3526,.F.);
#4863=ORIENTED_EDGE('',*,*,#3379,.F.);
#4864=ORIENTED_EDGE('',*,*,#3527,.F.);
#4865=ORIENTED_EDGE('',*,*,#3513,.F.);
#4866=ORIENTED_EDGE('',*,*,#3528,.F.);
#4867=ORIENTED_EDGE('',*,*,#3527,.T.);
#4868=ORIENTED_EDGE('',*,*,#3378,.F.);
#4869=ORIENTED_EDGE('',*,*,#3529,.T.);
#4870=ORIENTED_EDGE('',*,*,#3514,.F.);
#4871=ORIENTED_EDGE('',*,*,#3401,.T.);
#4872=ORIENTED_EDGE('',*,*,#3530,.T.);
#4873=ORIENTED_EDGE('',*,*,#3373,.T.);
#4874=ORIENTED_EDGE('',*,*,#3166,.T.);
#4875=ORIENTED_EDGE('',*,*,#3530,.F.);
#4876=ORIENTED_EDGE('',*,*,#3400,.F.);
#4877=ORIENTED_EDGE('',*,*,#3531,.F.);
#4878=ORIENTED_EDGE('',*,*,#3374,.F.);
#4879=ORIENTED_EDGE('',*,*,#3399,.T.);
#4880=ORIENTED_EDGE('',*,*,#3269,.T.);
#4881=ORIENTED_EDGE('',*,*,#3375,.T.);
#4882=ORIENTED_EDGE('',*,*,#3531,.T.);
#4883=ORIENTED_EDGE('',*,*,#3416,.T.);
#4884=ORIENTED_EDGE('',*,*,#2975,.T.);
#4885=ORIENTED_EDGE('',*,*,#3358,.T.);
#4886=ORIENTED_EDGE('',*,*,#3532,.T.);
#4887=ORIENTED_EDGE('',*,*,#3418,.T.);
#4888=ORIENTED_EDGE('',*,*,#3533,.T.);
#4889=ORIENTED_EDGE('',*,*,#3356,.T.);
#4890=ORIENTED_EDGE('',*,*,#3398,.T.);
#4891=ORIENTED_EDGE('',*,*,#3393,.T.);
#4892=ORIENTED_EDGE('',*,*,#3525,.T.);
#4893=ORIENTED_EDGE('',*,*,#3517,.F.);
#4894=ORIENTED_EDGE('',*,*,#3534,.F.);
#4895=ORIENTED_EDGE('',*,*,#3390,.F.);
#4896=ORIENTED_EDGE('',*,*,#3534,.T.);
#4897=ORIENTED_EDGE('',*,*,#3516,.F.);
#4898=ORIENTED_EDGE('',*,*,#3521,.F.);
#4899=ORIENTED_EDGE('',*,*,#3532,.F.);
#4900=ORIENTED_EDGE('',*,*,#3357,.T.);
#4901=ORIENTED_EDGE('',*,*,#3533,.F.);
#4902=ORIENTED_EDGE('',*,*,#3417,.F.);
#4903=ORIENTED_EDGE('',*,*,#3376,.F.);
#4904=ORIENTED_EDGE('',*,*,#3528,.T.);
#4905=ORIENTED_EDGE('',*,*,#3512,.F.);
#4906=ORIENTED_EDGE('',*,*,#3535,.F.);
#4907=ORIENTED_EDGE('',*,*,#3377,.F.);
#4908=ORIENTED_EDGE('',*,*,#3535,.T.);
#4909=ORIENTED_EDGE('',*,*,#3515,.F.);
#4910=ORIENTED_EDGE('',*,*,#3529,.F.);
#4911=ORIENTED_EDGE('',*,*,#3168,.T.);
#4912=ORIENTED_EDGE('',*,*,#3372,.F.);
#4913=ORIENTED_EDGE('',*,*,#3536,.F.);
#4914=ORIENTED_EDGE('',*,*,#3402,.F.);
#4915=ORIENTED_EDGE('',*,*,#3369,.T.);
#4916=ORIENTED_EDGE('',*,*,#3537,.T.);
#4917=ORIENTED_EDGE('',*,*,#3405,.T.);
#4918=ORIENTED_EDGE('',*,*,#3538,.T.);
#4919=ORIENTED_EDGE('',*,*,#3537,.F.);
#4920=ORIENTED_EDGE('',*,*,#3368,.T.);
#4921=ORIENTED_EDGE('',*,*,#3539,.T.);
#4922=ORIENTED_EDGE('',*,*,#3406,.T.);
#4923=ORIENTED_EDGE('',*,*,#3538,.F.);
#4924=ORIENTED_EDGE('',*,*,#3404,.T.);
#4925=ORIENTED_EDGE('',*,*,#3540,.F.);
#4926=ORIENTED_EDGE('',*,*,#3370,.F.);
#4927=ORIENTED_EDGE('',*,*,#3362,.T.);
#4928=ORIENTED_EDGE('',*,*,#3541,.T.);
#4929=ORIENTED_EDGE('',*,*,#3412,.T.);
#4930=ORIENTED_EDGE('',*,*,#3542,.T.);
#4931=ORIENTED_EDGE('',*,*,#3541,.F.);
#4932=ORIENTED_EDGE('',*,*,#3361,.F.);
#4933=ORIENTED_EDGE('',*,*,#3543,.F.);
#4934=ORIENTED_EDGE('',*,*,#3413,.F.);
#4935=ORIENTED_EDGE('',*,*,#3542,.F.);
#4936=ORIENTED_EDGE('',*,*,#3411,.F.);
#4937=ORIENTED_EDGE('',*,*,#3544,.F.);
#4938=ORIENTED_EDGE('',*,*,#3363,.F.);
#4939=ORIENTED_EDGE('',*,*,#3360,.T.);
#4940=ORIENTED_EDGE('',*,*,#3545,.T.);
#4941=ORIENTED_EDGE('',*,*,#3414,.T.);
#4942=ORIENTED_EDGE('',*,*,#3543,.T.);
#4943=ORIENTED_EDGE('',*,*,#3403,.T.);
#4944=ORIENTED_EDGE('',*,*,#3536,.T.);
#4945=ORIENTED_EDGE('',*,*,#3371,.T.);
#4946=ORIENTED_EDGE('',*,*,#3540,.T.);
#4947=ORIENTED_EDGE('',*,*,#3337,.T.);
#4948=ORIENTED_EDGE('',*,*,#3546,.T.);
#4949=ORIENTED_EDGE('',*,*,#3435,.T.);
#4950=ORIENTED_EDGE('',*,*,#3547,.T.);
#4951=ORIENTED_EDGE('',*,*,#3547,.F.);
#4952=ORIENTED_EDGE('',*,*,#3434,.T.);
#4953=ORIENTED_EDGE('',*,*,#3548,.T.);
#4954=ORIENTED_EDGE('',*,*,#3338,.T.);
#4955=ORIENTED_EDGE('',*,*,#3546,.F.);
#4956=ORIENTED_EDGE('',*,*,#3336,.T.);
#4957=ORIENTED_EDGE('',*,*,#3549,.F.);
#4958=ORIENTED_EDGE('',*,*,#3436,.T.);
#4959=ORIENTED_EDGE('',*,*,#3447,.T.);
#4960=ORIENTED_EDGE('',*,*,#3550,.T.);
#4961=ORIENTED_EDGE('',*,*,#3325,.T.);
#4962=ORIENTED_EDGE('',*,*,#3551,.T.);
#4963=ORIENTED_EDGE('',*,*,#3550,.F.);
#4964=ORIENTED_EDGE('',*,*,#3446,.F.);
#4965=ORIENTED_EDGE('',*,*,#3552,.F.);
#4966=ORIENTED_EDGE('',*,*,#3326,.F.);
#4967=ORIENTED_EDGE('',*,*,#3553,.F.);
#4968=ORIENTED_EDGE('',*,*,#3334,.F.);
#4969=ORIENTED_EDGE('',*,*,#3554,.F.);
#4970=ORIENTED_EDGE('',*,*,#3438,.F.);
#4971=ORIENTED_EDGE('',*,*,#3344,.T.);
#4972=ORIENTED_EDGE('',*,*,#3555,.T.);
#4973=ORIENTED_EDGE('',*,*,#3428,.T.);
#4974=ORIENTED_EDGE('',*,*,#3556,.T.);
#4975=ORIENTED_EDGE('',*,*,#3556,.F.);
#4976=ORIENTED_EDGE('',*,*,#3427,.F.);
#4977=ORIENTED_EDGE('',*,*,#3557,.T.);
#4978=ORIENTED_EDGE('',*,*,#3345,.T.);
#4979=ORIENTED_EDGE('',*,*,#3552,.T.);
#4980=ORIENTED_EDGE('',*,*,#3445,.F.);
#4981=ORIENTED_EDGE('',*,*,#3558,.T.);
#4982=ORIENTED_EDGE('',*,*,#3327,.T.);
#4983=ORIENTED_EDGE('',*,*,#3506,.T.);
#4984=ORIENTED_EDGE('',*,*,#3559,.T.);
#4985=ORIENTED_EDGE('',*,*,#3381,.T.);
#4986=ORIENTED_EDGE('',*,*,#3560,.F.);
#4987=ORIENTED_EDGE('',*,*,#3505,.T.);
#4988=ORIENTED_EDGE('',*,*,#3561,.T.);
#4989=ORIENTED_EDGE('',*,*,#3382,.T.);
#4990=ORIENTED_EDGE('',*,*,#3559,.F.);
#4991=ORIENTED_EDGE('',*,*,#3504,.T.);
#4992=ORIENTED_EDGE('',*,*,#3562,.T.);
#4993=ORIENTED_EDGE('',*,*,#3383,.T.);
#4994=ORIENTED_EDGE('',*,*,#3561,.F.);
#4995=ORIENTED_EDGE('',*,*,#3503,.T.);
#4996=ORIENTED_EDGE('',*,*,#3563,.T.);
#4997=ORIENTED_EDGE('',*,*,#3384,.T.);
#4998=ORIENTED_EDGE('',*,*,#3562,.F.);
#4999=ORIENTED_EDGE('',*,*,#3502,.T.);
#5000=ORIENTED_EDGE('',*,*,#3560,.T.);
#5001=ORIENTED_EDGE('',*,*,#3380,.T.);
#5002=ORIENTED_EDGE('',*,*,#3563,.F.);
#5003=ORIENTED_EDGE('',*,*,#3442,.T.);
#5004=ORIENTED_EDGE('',*,*,#3564,.T.);
#5005=ORIENTED_EDGE('',*,*,#3330,.T.);
#5006=ORIENTED_EDGE('',*,*,#3565,.F.);
#5007=ORIENTED_EDGE('',*,*,#3441,.T.);
#5008=ORIENTED_EDGE('',*,*,#3566,.T.);
#5009=ORIENTED_EDGE('',*,*,#3331,.T.);
#5010=ORIENTED_EDGE('',*,*,#3564,.F.);
#5011=ORIENTED_EDGE('',*,*,#3440,.T.);
#5012=ORIENTED_EDGE('',*,*,#3567,.T.);
#5013=ORIENTED_EDGE('',*,*,#3332,.T.);
#5014=ORIENTED_EDGE('',*,*,#3566,.F.);
#5015=ORIENTED_EDGE('',*,*,#3439,.T.);
#5016=ORIENTED_EDGE('',*,*,#3554,.T.);
#5017=ORIENTED_EDGE('',*,*,#3333,.T.);
#5018=ORIENTED_EDGE('',*,*,#3567,.F.);
#5019=ORIENTED_EDGE('',*,*,#3433,.T.);
#5020=ORIENTED_EDGE('',*,*,#3568,.T.);
#5021=ORIENTED_EDGE('',*,*,#3339,.T.);
#5022=ORIENTED_EDGE('',*,*,#3548,.F.);
#5023=ORIENTED_EDGE('',*,*,#3432,.T.);
#5024=ORIENTED_EDGE('',*,*,#3569,.T.);
#5025=ORIENTED_EDGE('',*,*,#3340,.T.);
#5026=ORIENTED_EDGE('',*,*,#3568,.F.);
#5027=ORIENTED_EDGE('',*,*,#3431,.T.);
#5028=ORIENTED_EDGE('',*,*,#3570,.T.);
#5029=ORIENTED_EDGE('',*,*,#3341,.T.);
#5030=ORIENTED_EDGE('',*,*,#3569,.F.);
#5031=ORIENTED_EDGE('',*,*,#3430,.T.);
#5032=ORIENTED_EDGE('',*,*,#3571,.T.);
#5033=ORIENTED_EDGE('',*,*,#3342,.T.);
#5034=ORIENTED_EDGE('',*,*,#3570,.F.);
#5035=ORIENTED_EDGE('',*,*,#3555,.F.);
#5036=ORIENTED_EDGE('',*,*,#3343,.F.);
#5037=ORIENTED_EDGE('',*,*,#3571,.F.);
#5038=ORIENTED_EDGE('',*,*,#3429,.T.);
#5039=ORIENTED_EDGE('',*,*,#3426,.F.);
#5040=ORIENTED_EDGE('',*,*,#3572,.T.);
#5041=ORIENTED_EDGE('',*,*,#3346,.T.);
#5042=ORIENTED_EDGE('',*,*,#3557,.F.);
#5043=ORIENTED_EDGE('',*,*,#3425,.T.);
#5044=ORIENTED_EDGE('',*,*,#3573,.T.);
#5045=ORIENTED_EDGE('',*,*,#3347,.T.);
#5046=ORIENTED_EDGE('',*,*,#3572,.F.);
#5047=ORIENTED_EDGE('',*,*,#3424,.F.);
#5048=ORIENTED_EDGE('',*,*,#3574,.T.);
#5049=ORIENTED_EDGE('',*,*,#3348,.T.);
#5050=ORIENTED_EDGE('',*,*,#3573,.F.);
#5051=ORIENTED_EDGE('',*,*,#3423,.T.);
#5052=ORIENTED_EDGE('',*,*,#3575,.T.);
#5053=ORIENTED_EDGE('',*,*,#3349,.T.);
#5054=ORIENTED_EDGE('',*,*,#3574,.F.);
#5055=ORIENTED_EDGE('',*,*,#3422,.T.);
#5056=ORIENTED_EDGE('',*,*,#3576,.F.);
#5057=ORIENTED_EDGE('',*,*,#3350,.T.);
#5058=ORIENTED_EDGE('',*,*,#3575,.F.);
#5059=ORIENTED_EDGE('',*,*,#3444,.F.);
#5060=ORIENTED_EDGE('',*,*,#3577,.T.);
#5061=ORIENTED_EDGE('',*,*,#3328,.T.);
#5062=ORIENTED_EDGE('',*,*,#3558,.F.);
#5063=ORIENTED_EDGE('',*,*,#3443,.T.);
#5064=ORIENTED_EDGE('',*,*,#3565,.T.);
#5065=ORIENTED_EDGE('',*,*,#3329,.T.);
#5066=ORIENTED_EDGE('',*,*,#3577,.F.);
#5067=ORIENTED_EDGE('',*,*,#3437,.T.);
#5068=ORIENTED_EDGE('',*,*,#3549,.T.);
#5069=ORIENTED_EDGE('',*,*,#3335,.T.);
#5070=ORIENTED_EDGE('',*,*,#3553,.T.);
#5071=ORIENTED_EDGE('',*,*,#3576,.T.);
#5072=ORIENTED_EDGE('',*,*,#3421,.T.);
#5073=ORIENTED_EDGE('',*,*,#3523,.T.);
#5074=ORIENTED_EDGE('',*,*,#3351,.T.);
#5075=ORIENTED_EDGE('',*,*,#3578,.F.);
#5076=ORIENTED_EDGE('',*,*,#3468,.F.);
#5077=ORIENTED_EDGE('',*,*,#3579,.F.);
#5078=ORIENTED_EDGE('',*,*,#3304,.T.);
#5079=ORIENTED_EDGE('',*,*,#3467,.T.);
#5080=ORIENTED_EDGE('',*,*,#3580,.T.);
#5081=ORIENTED_EDGE('',*,*,#3305,.T.);
#5082=ORIENTED_EDGE('',*,*,#3579,.T.);
#5083=ORIENTED_EDGE('',*,*,#3581,.F.);
#5084=ORIENTED_EDGE('',*,*,#3306,.T.);
#5085=ORIENTED_EDGE('',*,*,#3580,.F.);
#5086=ORIENTED_EDGE('',*,*,#3466,.F.);
#5087=ORIENTED_EDGE('',*,*,#3465,.T.);
#5088=ORIENTED_EDGE('',*,*,#3582,.T.);
#5089=ORIENTED_EDGE('',*,*,#3307,.T.);
#5090=ORIENTED_EDGE('',*,*,#3581,.T.);
#5091=ORIENTED_EDGE('',*,*,#3583,.F.);
#5092=ORIENTED_EDGE('',*,*,#3308,.T.);
#5093=ORIENTED_EDGE('',*,*,#3582,.F.);
#5094=ORIENTED_EDGE('',*,*,#3464,.F.);
#5095=ORIENTED_EDGE('',*,*,#3309,.T.);
#5096=ORIENTED_EDGE('',*,*,#3583,.T.);
#5097=ORIENTED_EDGE('',*,*,#3463,.T.);
#5098=ORIENTED_EDGE('',*,*,#3584,.T.);
#5099=ORIENTED_EDGE('',*,*,#3469,.T.);
#5100=ORIENTED_EDGE('',*,*,#3578,.T.);
#5101=ORIENTED_EDGE('',*,*,#3303,.T.);
#5102=ORIENTED_EDGE('',*,*,#3585,.T.);
#5103=ORIENTED_EDGE('',*,*,#3586,.F.);
#5104=ORIENTED_EDGE('',*,*,#3458,.F.);
#5105=ORIENTED_EDGE('',*,*,#3587,.F.);
#5106=ORIENTED_EDGE('',*,*,#3314,.F.);
#5107=ORIENTED_EDGE('',*,*,#3315,.T.);
#5108=ORIENTED_EDGE('',*,*,#3587,.T.);
#5109=ORIENTED_EDGE('',*,*,#3457,.T.);
#5110=ORIENTED_EDGE('',*,*,#3588,.T.);
#5111=ORIENTED_EDGE('',*,*,#3589,.F.);
#5112=ORIENTED_EDGE('',*,*,#3316,.F.);
#5113=ORIENTED_EDGE('',*,*,#3588,.F.);
#5114=ORIENTED_EDGE('',*,*,#3456,.F.);
#5115=ORIENTED_EDGE('',*,*,#3455,.T.);
#5116=ORIENTED_EDGE('',*,*,#3590,.T.);
#5117=ORIENTED_EDGE('',*,*,#3317,.T.);
#5118=ORIENTED_EDGE('',*,*,#3589,.T.);
#5119=ORIENTED_EDGE('',*,*,#3591,.F.);
#5120=ORIENTED_EDGE('',*,*,#3318,.F.);
#5121=ORIENTED_EDGE('',*,*,#3590,.F.);
#5122=ORIENTED_EDGE('',*,*,#3454,.F.);
#5123=ORIENTED_EDGE('',*,*,#3453,.T.);
#5124=ORIENTED_EDGE('',*,*,#3592,.T.);
#5125=ORIENTED_EDGE('',*,*,#3319,.T.);
#5126=ORIENTED_EDGE('',*,*,#3591,.T.);
#5127=ORIENTED_EDGE('',*,*,#3593,.F.);
#5128=ORIENTED_EDGE('',*,*,#3320,.F.);
#5129=ORIENTED_EDGE('',*,*,#3592,.F.);
#5130=ORIENTED_EDGE('',*,*,#3452,.F.);
#5131=ORIENTED_EDGE('',*,*,#3451,.T.);
#5132=ORIENTED_EDGE('',*,*,#3594,.T.);
#5133=ORIENTED_EDGE('',*,*,#3321,.T.);
#5134=ORIENTED_EDGE('',*,*,#3593,.T.);
#5135=ORIENTED_EDGE('',*,*,#3595,.F.);
#5136=ORIENTED_EDGE('',*,*,#3310,.T.);
#5137=ORIENTED_EDGE('',*,*,#3584,.F.);
#5138=ORIENTED_EDGE('',*,*,#3462,.F.);
#5139=ORIENTED_EDGE('',*,*,#3311,.T.);
#5140=ORIENTED_EDGE('',*,*,#3595,.T.);
#5141=ORIENTED_EDGE('',*,*,#3461,.T.);
#5142=ORIENTED_EDGE('',*,*,#3596,.T.);
#5143=ORIENTED_EDGE('',*,*,#3597,.F.);
#5144=ORIENTED_EDGE('',*,*,#3312,.T.);
#5145=ORIENTED_EDGE('',*,*,#3596,.F.);
#5146=ORIENTED_EDGE('',*,*,#3460,.F.);
#5147=ORIENTED_EDGE('',*,*,#3313,.T.);
#5148=ORIENTED_EDGE('',*,*,#3597,.T.);
#5149=ORIENTED_EDGE('',*,*,#3459,.T.);
#5150=ORIENTED_EDGE('',*,*,#3586,.T.);
#5151=ORIENTED_EDGE('',*,*,#3598,.F.);
#5152=ORIENTED_EDGE('',*,*,#3322,.F.);
#5153=ORIENTED_EDGE('',*,*,#3594,.F.);
#5154=ORIENTED_EDGE('',*,*,#3450,.F.);
#5155=ORIENTED_EDGE('',*,*,#3323,.T.);
#5156=ORIENTED_EDGE('',*,*,#3598,.T.);
#5157=ORIENTED_EDGE('',*,*,#3449,.T.);
#5158=ORIENTED_EDGE('',*,*,#3599,.T.);
#5159=ORIENTED_EDGE('',*,*,#3600,.F.);
#5160=ORIENTED_EDGE('',*,*,#3470,.F.);
#5161=ORIENTED_EDGE('',*,*,#3585,.F.);
#5162=ORIENTED_EDGE('',*,*,#3302,.T.);
#5163=ORIENTED_EDGE('',*,*,#3471,.T.);
#5164=ORIENTED_EDGE('',*,*,#3600,.T.);
#5165=ORIENTED_EDGE('',*,*,#3301,.T.);
#5166=ORIENTED_EDGE('',*,*,#3601,.T.);
#5167=ORIENTED_EDGE('',*,*,#3601,.F.);
#5168=ORIENTED_EDGE('',*,*,#3300,.T.);
#5169=ORIENTED_EDGE('',*,*,#3602,.T.);
#5170=ORIENTED_EDGE('',*,*,#3472,.T.);
#5171=ORIENTED_EDGE('',*,*,#3287,.T.);
#5172=ORIENTED_EDGE('',*,*,#3603,.T.);
#5173=ORIENTED_EDGE('',*,*,#3485,.T.);
#5174=ORIENTED_EDGE('',*,*,#3604,.T.);
#5175=ORIENTED_EDGE('',*,*,#3604,.F.);
#5176=ORIENTED_EDGE('',*,*,#3484,.F.);
#5177=ORIENTED_EDGE('',*,*,#3605,.F.);
#5178=ORIENTED_EDGE('',*,*,#3288,.F.);
#5179=ORIENTED_EDGE('',*,*,#3603,.F.);
#5180=ORIENTED_EDGE('',*,*,#3286,.F.);
#5181=ORIENTED_EDGE('',*,*,#3606,.F.);
#5182=ORIENTED_EDGE('',*,*,#3486,.F.);
#5183=ORIENTED_EDGE('',*,*,#3483,.T.);
#5184=ORIENTED_EDGE('',*,*,#3607,.T.);
#5185=ORIENTED_EDGE('',*,*,#3289,.T.);
#5186=ORIENTED_EDGE('',*,*,#3605,.T.);
#5187=ORIENTED_EDGE('',*,*,#3607,.F.);
#5188=ORIENTED_EDGE('',*,*,#3482,.F.);
#5189=ORIENTED_EDGE('',*,*,#3608,.T.);
#5190=ORIENTED_EDGE('',*,*,#3290,.F.);
#5191=ORIENTED_EDGE('',*,*,#3477,.F.);
#5192=ORIENTED_EDGE('',*,*,#3609,.T.);
#5193=ORIENTED_EDGE('',*,*,#3295,.F.);
#5194=ORIENTED_EDGE('',*,*,#3610,.F.);
#5195=ORIENTED_EDGE('',*,*,#3476,.T.);
#5196=ORIENTED_EDGE('',*,*,#3611,.T.);
#5197=ORIENTED_EDGE('',*,*,#3296,.F.);
#5198=ORIENTED_EDGE('',*,*,#3609,.F.);
#5199=ORIENTED_EDGE('',*,*,#3498,.F.);
#5200=ORIENTED_EDGE('',*,*,#3612,.T.);
#5201=ORIENTED_EDGE('',*,*,#3274,.F.);
#5202=ORIENTED_EDGE('',*,*,#3613,.F.);
#5203=ORIENTED_EDGE('',*,*,#3497,.F.);
#5204=ORIENTED_EDGE('',*,*,#3614,.T.);
#5205=ORIENTED_EDGE('',*,*,#3275,.F.);
#5206=ORIENTED_EDGE('',*,*,#3612,.F.);
#5207=ORIENTED_EDGE('',*,*,#3496,.T.);
#5208=ORIENTED_EDGE('',*,*,#3615,.T.);
#5209=ORIENTED_EDGE('',*,*,#3276,.F.);
#5210=ORIENTED_EDGE('',*,*,#3614,.F.);
#5211=ORIENTED_EDGE('',*,*,#3495,.F.);
#5212=ORIENTED_EDGE('',*,*,#3616,.T.);
#5213=ORIENTED_EDGE('',*,*,#3277,.F.);
#5214=ORIENTED_EDGE('',*,*,#3615,.F.);
#5215=ORIENTED_EDGE('',*,*,#3494,.T.);
#5216=ORIENTED_EDGE('',*,*,#3617,.T.);
#5217=ORIENTED_EDGE('',*,*,#3278,.F.);
#5218=ORIENTED_EDGE('',*,*,#3616,.F.);
#5219=ORIENTED_EDGE('',*,*,#3618,.F.);
#5220=ORIENTED_EDGE('',*,*,#3491,.F.);
#5221=ORIENTED_EDGE('',*,*,#3619,.T.);
#5222=ORIENTED_EDGE('',*,*,#3281,.F.);
#5223=ORIENTED_EDGE('',*,*,#3490,.F.);
#5224=ORIENTED_EDGE('',*,*,#3620,.T.);
#5225=ORIENTED_EDGE('',*,*,#3282,.F.);
#5226=ORIENTED_EDGE('',*,*,#3619,.F.);
#5227=ORIENTED_EDGE('',*,*,#3489,.F.);
#5228=ORIENTED_EDGE('',*,*,#3621,.T.);
#5229=ORIENTED_EDGE('',*,*,#3283,.F.);
#5230=ORIENTED_EDGE('',*,*,#3620,.F.);
#5231=ORIENTED_EDGE('',*,*,#3488,.F.);
#5232=ORIENTED_EDGE('',*,*,#3622,.T.);
#5233=ORIENTED_EDGE('',*,*,#3284,.F.);
#5234=ORIENTED_EDGE('',*,*,#3621,.F.);
#5235=ORIENTED_EDGE('',*,*,#3487,.F.);
#5236=ORIENTED_EDGE('',*,*,#3606,.T.);
#5237=ORIENTED_EDGE('',*,*,#3285,.F.);
#5238=ORIENTED_EDGE('',*,*,#3622,.F.);
#5239=ORIENTED_EDGE('',*,*,#3481,.F.);
#5240=ORIENTED_EDGE('',*,*,#3623,.T.);
#5241=ORIENTED_EDGE('',*,*,#3291,.F.);
#5242=ORIENTED_EDGE('',*,*,#3608,.F.);
#5243=ORIENTED_EDGE('',*,*,#3480,.F.);
#5244=ORIENTED_EDGE('',*,*,#3624,.T.);
#5245=ORIENTED_EDGE('',*,*,#3292,.F.);
#5246=ORIENTED_EDGE('',*,*,#3623,.F.);
#5247=ORIENTED_EDGE('',*,*,#3479,.F.);
#5248=ORIENTED_EDGE('',*,*,#3625,.T.);
#5249=ORIENTED_EDGE('',*,*,#3293,.F.);
#5250=ORIENTED_EDGE('',*,*,#3624,.F.);
#5251=ORIENTED_EDGE('',*,*,#3478,.F.);
#5252=ORIENTED_EDGE('',*,*,#3610,.T.);
#5253=ORIENTED_EDGE('',*,*,#3294,.F.);
#5254=ORIENTED_EDGE('',*,*,#3625,.F.);
#5255=ORIENTED_EDGE('',*,*,#3507,.F.);
#5256=ORIENTED_EDGE('',*,*,#3626,.T.);
#5257=ORIENTED_EDGE('',*,*,#3385,.F.);
#5258=ORIENTED_EDGE('',*,*,#3627,.F.);
#5259=ORIENTED_EDGE('',*,*,#3511,.F.);
#5260=ORIENTED_EDGE('',*,*,#3628,.T.);
#5261=ORIENTED_EDGE('',*,*,#3386,.F.);
#5262=ORIENTED_EDGE('',*,*,#3626,.F.);
#5263=ORIENTED_EDGE('',*,*,#3510,.F.);
#5264=ORIENTED_EDGE('',*,*,#3629,.T.);
#5265=ORIENTED_EDGE('',*,*,#3387,.F.);
#5266=ORIENTED_EDGE('',*,*,#3628,.F.);
#5267=ORIENTED_EDGE('',*,*,#3509,.F.);
#5268=ORIENTED_EDGE('',*,*,#3630,.T.);
#5269=ORIENTED_EDGE('',*,*,#3388,.F.);
#5270=ORIENTED_EDGE('',*,*,#3629,.F.);
#5271=ORIENTED_EDGE('',*,*,#3508,.F.);
#5272=ORIENTED_EDGE('',*,*,#3627,.T.);
#5273=ORIENTED_EDGE('',*,*,#3389,.F.);
#5274=ORIENTED_EDGE('',*,*,#3630,.F.);
#5275=ORIENTED_EDGE('',*,*,#3631,.F.);
#5276=ORIENTED_EDGE('',*,*,#3297,.F.);
#5277=ORIENTED_EDGE('',*,*,#3611,.F.);
#5278=ORIENTED_EDGE('',*,*,#3475,.T.);
#5279=ORIENTED_EDGE('',*,*,#3632,.F.);
#5280=ORIENTED_EDGE('',*,*,#3279,.F.);
#5281=ORIENTED_EDGE('',*,*,#3617,.F.);
#5282=ORIENTED_EDGE('',*,*,#3493,.F.);
#5283=ORIENTED_EDGE('',*,*,#3280,.T.);
#5284=ORIENTED_EDGE('',*,*,#3632,.T.);
#5285=ORIENTED_EDGE('',*,*,#3492,.T.);
#5286=ORIENTED_EDGE('',*,*,#3618,.T.);
#5287=ORIENTED_EDGE('',*,*,#3633,.F.);
#5288=ORIENTED_EDGE('',*,*,#3298,.F.);
#5289=ORIENTED_EDGE('',*,*,#3631,.T.);
#5290=ORIENTED_EDGE('',*,*,#3474,.F.);
#5291=ORIENTED_EDGE('',*,*,#3473,.T.);
#5292=ORIENTED_EDGE('',*,*,#3602,.F.);
#5293=ORIENTED_EDGE('',*,*,#3299,.T.);
#5294=ORIENTED_EDGE('',*,*,#3633,.T.);
#5295=ORIENTED_EDGE('',*,*,#3551,.F.);
#5296=ORIENTED_EDGE('',*,*,#3324,.T.);
#5297=ORIENTED_EDGE('',*,*,#3599,.F.);
#5298=ORIENTED_EDGE('',*,*,#3448,.T.);
#5299=ORIENTED_EDGE('',*,*,#3613,.T.);
#5300=ORIENTED_EDGE('',*,*,#3273,.F.);
#5301=ORIENTED_EDGE('',*,*,#3526,.T.);
#5302=ORIENTED_EDGE('',*,*,#3499,.F.);
#5303=ORIENTED_EDGE('',*,*,#3410,.T.);
#5304=ORIENTED_EDGE('',*,*,#3634,.T.);
#5305=ORIENTED_EDGE('',*,*,#3364,.T.);
#5306=ORIENTED_EDGE('',*,*,#3544,.T.);
#5307=ORIENTED_EDGE('',*,*,#3634,.F.);
#5308=ORIENTED_EDGE('',*,*,#3409,.F.);
#5309=ORIENTED_EDGE('',*,*,#3635,.T.);
#5310=ORIENTED_EDGE('',*,*,#3365,.T.);
#5311=ORIENTED_EDGE('',*,*,#2977,.T.);
#5312=ORIENTED_EDGE('',*,*,#3415,.T.);
#5313=ORIENTED_EDGE('',*,*,#3545,.F.);
#5314=ORIENTED_EDGE('',*,*,#3359,.T.);
#5315=ORIENTED_EDGE('',*,*,#3408,.F.);
#5316=ORIENTED_EDGE('',*,*,#3636,.T.);
#5317=ORIENTED_EDGE('',*,*,#3366,.T.);
#5318=ORIENTED_EDGE('',*,*,#3635,.F.);
#5319=ORIENTED_EDGE('',*,*,#3539,.F.);
#5320=ORIENTED_EDGE('',*,*,#3367,.F.);
#5321=ORIENTED_EDGE('',*,*,#3636,.F.);
#5322=ORIENTED_EDGE('',*,*,#3407,.T.);
#5323=B_SPLINE_SURFACE_WITH_KNOTS('',3,3,((#7927,#7928,#7929,#7930,#7931,
#7932,#7933),(#7934,#7935,#7936,#7937,#7938,#7939,#7940),(#7941,#7942,#7943,
#7944,#7945,#7946,#7947),(#7948,#7949,#7950,#7951,#7952,#7953,#7954),(#7955,
#7956,#7957,#7958,#7959,#7960,#7961),(#7962,#7963,#7964,#7965,#7966,#7967,
#7968)),.UNSPECIFIED.,.F.,.F.,.F.,(4,1,1,4),(4,1,1,1,4),(0.,0.333333333333333,
0.666666666666667,1.),(0.,0.25,0.5,0.75,1.),.UNSPECIFIED.);
#5324=B_SPLINE_SURFACE_WITH_KNOTS('',3,3,((#7988,#7989,#7990,#7991,#7992,
#7993),(#7994,#7995,#7996,#7997,#7998,#7999),(#8000,#8001,#8002,#8003,#8004,
#8005),(#8006,#8007,#8008,#8009,#8010,#8011),(#8012,#8013,#8014,#8015,#8016,
#8017),(#8018,#8019,#8020,#8021,#8022,#8023),(#8024,#8025,#8026,#8027,#8028,
#8029)),.UNSPECIFIED.,.F.,.F.,.F.,(4,1,1,1,4),(4,1,1,4),(0.,0.25,0.5,0.75,
1.),(0.,0.333333333333333,0.666666666666667,1.),.UNSPECIFIED.);
#5325=B_SPLINE_SURFACE_WITH_KNOTS('',3,3,((#8041,#8042,#8043,#8044,#8045,
#8046,#8047),(#8048,#8049,#8050,#8051,#8052,#8053,#8054),(#8055,#8056,#8057,
#8058,#8059,#8060,#8061),(#8062,#8063,#8064,#8065,#8066,#8067,#8068),(#8069,
#8070,#8071,#8072,#8073,#8074,#8075),(#8076,#8077,#8078,#8079,#8080,#8081,
#8082)),.UNSPECIFIED.,.F.,.F.,.F.,(4,1,1,4),(4,1,1,1,4),(0.,0.333333333333333,
0.666666666666667,1.),(0.,0.25,0.5,0.75,1.),.UNSPECIFIED.);
#5326=B_SPLINE_SURFACE_WITH_KNOTS('',3,3,((#8114,#8115,#8116,#8117,#8118,
#8119),(#8120,#8121,#8122,#8123,#8124,#8125),(#8126,#8127,#8128,#8129,#8130,
#8131),(#8132,#8133,#8134,#8135,#8136,#8137),(#8138,#8139,#8140,#8141,#8142,
#8143),(#8144,#8145,#8146,#8147,#8148,#8149),(#8150,#8151,#8152,#8153,#8154,
#8155)),.UNSPECIFIED.,.F.,.F.,.F.,(4,1,1,1,4),(4,1,1,4),(0.,0.25,0.5,0.75,
1.),(0.,0.333333333333333,0.666666666666667,1.),.UNSPECIFIED.);
#5327=B_SPLINE_SURFACE_WITH_KNOTS('',3,3,((#8185,#8186,#8187,#8188,#8189,
#8190,#8191),(#8192,#8193,#8194,#8195,#8196,#8197,#8198),(#8199,#8200,#8201,
#8202,#8203,#8204,#8205),(#8206,#8207,#8208,#8209,#8210,#8211,#8212),(#8213,
#8214,#8215,#8216,#8217,#8218,#8219),(#8220,#8221,#8222,#8223,#8224,#8225,
#8226)),.UNSPECIFIED.,.F.,.F.,.F.,(4,1,1,4),(4,1,1,1,4),(0.,0.333333333333333,
0.666666666666667,1.),(0.,0.25,0.5,0.75,1.),.UNSPECIFIED.);
#5328=B_SPLINE_SURFACE_WITH_KNOTS('',3,3,((#8267,#8268,#8269,#8270,#8271,
#8272),(#8273,#8274,#8275,#8276,#8277,#8278),(#8279,#8280,#8281,#8282,#8283,
#8284),(#8285,#8286,#8287,#8288,#8289,#8290),(#8291,#8292,#8293,#8294,#8295,
#8296),(#8297,#8298,#8299,#8300,#8301,#8302),(#8303,#8304,#8305,#8306,#8307,
#8308)),.UNSPECIFIED.,.F.,.F.,.F.,(4,1,1,1,4),(4,1,1,4),(0.,0.25,0.5,0.75,
1.),(0.,0.333333333333333,0.666666666666667,1.),.UNSPECIFIED.);
#5329=B_SPLINE_SURFACE_WITH_KNOTS('',3,3,((#8350,#8351,#8352,#8353,#8354,
#8355,#8356),(#8357,#8358,#8359,#8360,#8361,#8362,#8363),(#8364,#8365,#8366,
#8367,#8368,#8369,#8370),(#8371,#8372,#8373,#8374,#8375,#8376,#8377),(#8378,
#8379,#8380,#8381,#8382,#8383,#8384),(#8385,#8386,#8387,#8388,#8389,#8390,
#8391)),.UNSPECIFIED.,.F.,.F.,.F.,(4,1,1,4),(4,1,1,1,4),(0.,0.333333333333333,
0.666666666666667,1.),(0.,0.25,0.5,0.75,1.),.UNSPECIFIED.);
#5330=B_SPLINE_SURFACE_WITH_KNOTS('',3,3,((#8420,#8421,#8422,#8423,#8424,
#8425,#8426),(#8427,#8428,#8429,#8430,#8431,#8432,#8433),(#8434,#8435,#8436,
#8437,#8438,#8439,#8440),(#8441,#8442,#8443,#8444,#8445,#8446,#8447),(#8448,
#8449,#8450,#8451,#8452,#8453,#8454),(#8455,#8456,#8457,#8458,#8459,#8460,
#8461)),.UNSPECIFIED.,.F.,.F.,.F.,(4,1,1,4),(4,1,1,1,4),(0.,0.333333333333333,
0.666666666666667,1.),(0.,0.25,0.5,0.75,1.),.UNSPECIFIED.);
#5331=B_SPLINE_SURFACE_WITH_KNOTS('',3,3,((#8481,#8482,#8483,#8484,#8485,
#8486),(#8487,#8488,#8489,#8490,#8491,#8492),(#8493,#8494,#8495,#8496,#8497,
#8498),(#8499,#8500,#8501,#8502,#8503,#8504),(#8505,#8506,#8507,#8508,#8509,
#8510),(#8511,#8512,#8513,#8514,#8515,#8516),(#8517,#8518,#8519,#8520,#8521,
#8522)),.UNSPECIFIED.,.F.,.F.,.F.,(4,1,1,1,4),(4,1,1,4),(0.,0.25,0.5,0.75,
1.),(0.,0.333333333333333,0.666666666666667,1.),.UNSPECIFIED.);
#5332=B_SPLINE_SURFACE_WITH_KNOTS('',3,3,((#8534,#8535,#8536,#8537,#8538,
#8539,#8540),(#8541,#8542,#8543,#8544,#8545,#8546,#8547),(#8548,#8549,#8550,
#8551,#8552,#8553,#8554),(#8555,#8556,#8557,#8558,#8559,#8560,#8561),(#8562,
#8563,#8564,#8565,#8566,#8567,#8568),(#8569,#8570,#8571,#8572,#8573,#8574,
#8575)),.UNSPECIFIED.,.F.,.F.,.F.,(4,1,1,4),(4,1,1,1,4),(0.,0.333333333333333,
0.666666666666667,1.),(0.,0.25,0.5,0.75,1.),.UNSPECIFIED.);
#5333=B_SPLINE_SURFACE_WITH_KNOTS('',3,3,((#8607,#8608,#8609,#8610,#8611,
#8612),(#8613,#8614,#8615,#8616,#8617,#8618),(#8619,#8620,#8621,#8622,#8623,
#8624),(#8625,#8626,#8627,#8628,#8629,#8630),(#8631,#8632,#8633,#8634,#8635,
#8636),(#8637,#8638,#8639,#8640,#8641,#8642),(#8643,#8644,#8645,#8646,#8647,
#8648)),.UNSPECIFIED.,.F.,.F.,.F.,(4,1,1,1,4),(4,1,1,4),(0.,0.25,0.5,0.75,
1.),(0.,0.333333333333333,0.666666666666667,1.),.UNSPECIFIED.);
#5334=B_SPLINE_SURFACE_WITH_KNOTS('',3,3,((#8678,#8679,#8680,#8681,#8682,
#8683,#8684),(#8685,#8686,#8687,#8688,#8689,#8690,#8691),(#8692,#8693,#8694,
#8695,#8696,#8697,#8698),(#8699,#8700,#8701,#8702,#8703,#8704,#8705),(#8706,
#8707,#8708,#8709,#8710,#8711,#8712),(#8713,#8714,#8715,#8716,#8717,#8718,
#8719)),.UNSPECIFIED.,.F.,.F.,.F.,(4,1,1,4),(4,1,1,1,4),(0.,0.333333333333333,
0.666666666666667,1.),(0.,0.25,0.5,0.75,1.),.UNSPECIFIED.);
#5335=B_SPLINE_SURFACE_WITH_KNOTS('',3,3,((#8760,#8761,#8762,#8763,#8764,
#8765),(#8766,#8767,#8768,#8769,#8770,#8771),(#8772,#8773,#8774,#8775,#8776,
#8777),(#8778,#8779,#8780,#8781,#8782,#8783),(#8784,#8785,#8786,#8787,#8788,
#8789),(#8790,#8791,#8792,#8793,#8794,#8795),(#8796,#8797,#8798,#8799,#8800,
#8801)),.UNSPECIFIED.,.F.,.F.,.F.,(4,1,1,1,4),(4,1,1,4),(0.,0.25,0.5,0.75,
1.),(0.,0.333333333333333,0.666666666666667,1.),.UNSPECIFIED.);
#5336=B_SPLINE_SURFACE_WITH_KNOTS('',3,3,((#8843,#8844,#8845,#8846,#8847,
#8848,#8849),(#8850,#8851,#8852,#8853,#8854,#8855,#8856),(#8857,#8858,#8859,
#8860,#8861,#8862,#8863),(#8864,#8865,#8866,#8867,#8868,#8869,#8870),(#8871,
#8872,#8873,#8874,#8875,#8876,#8877),(#8878,#8879,#8880,#8881,#8882,#8883,
#8884)),.UNSPECIFIED.,.F.,.F.,.F.,(4,1,1,4),(4,1,1,1,4),(0.,0.333333333333333,
0.666666666666667,1.),(0.,0.25,0.5,0.75,1.),.UNSPECIFIED.);
#5337=B_SPLINE_SURFACE_WITH_KNOTS('',3,3,((#8913,#8914,#8915,#8916,#8917,
#8918,#8919),(#8920,#8921,#8922,#8923,#8924,#8925,#8926),(#8927,#8928,#8929,
#8930,#8931,#8932,#8933),(#8934,#8935,#8936,#8937,#8938,#8939,#8940),(#8941,
#8942,#8943,#8944,#8945,#8946,#8947),(#8948,#8949,#8950,#8951,#8952,#8953,
#8954)),.UNSPECIFIED.,.F.,.F.,.F.,(4,1,1,4),(4,1,1,1,4),(0.,0.333333333333333,
0.666666666666667,1.),(0.,0.25,0.5,0.75,1.),.UNSPECIFIED.);
#5338=B_SPLINE_SURFACE_WITH_KNOTS('',3,3,((#8974,#8975,#8976,#8977,#8978,
#8979),(#8980,#8981,#8982,#8983,#8984,#8985),(#8986,#8987,#8988,#8989,#8990,
#8991),(#8992,#8993,#8994,#8995,#8996,#8997),(#8998,#8999,#9000,#9001,#9002,
#9003),(#9004,#9005,#9006,#9007,#9008,#9009),(#9010,#9011,#9012,#9013,#9014,
#9015)),.UNSPECIFIED.,.F.,.F.,.F.,(4,1,1,1,4),(4,1,1,4),(0.,0.25,0.5,0.75,
1.),(0.,0.333333333333333,0.666666666666667,1.),.UNSPECIFIED.);
#5339=B_SPLINE_SURFACE_WITH_KNOTS('',3,3,((#9027,#9028,#9029,#9030,#9031,
#9032,#9033),(#9034,#9035,#9036,#9037,#9038,#9039,#9040),(#9041,#9042,#9043,
#9044,#9045,#9046,#9047),(#9048,#9049,#9050,#9051,#9052,#9053,#9054),(#9055,
#9056,#9057,#9058,#9059,#9060,#9061),(#9062,#9063,#9064,#9065,#9066,#9067,
#9068)),.UNSPECIFIED.,.F.,.F.,.F.,(4,1,1,4),(4,1,1,1,4),(0.,0.333333333333333,
0.666666666666667,1.),(0.,0.25,0.5,0.75,1.),.UNSPECIFIED.);
#5340=B_SPLINE_SURFACE_WITH_KNOTS('',3,3,((#9100,#9101,#9102,#9103,#9104,
#9105),(#9106,#9107,#9108,#9109,#9110,#9111),(#9112,#9113,#9114,#9115,#9116,
#9117),(#9118,#9119,#9120,#9121,#9122,#9123),(#9124,#9125,#9126,#9127,#9128,
#9129),(#9130,#9131,#9132,#9133,#9134,#9135),(#9136,#9137,#9138,#9139,#9140,
#9141)),.UNSPECIFIED.,.F.,.F.,.F.,(4,1,1,1,4),(4,1,1,4),(0.,0.25,0.5,0.75,
1.),(0.,0.333333333333333,0.666666666666667,1.),.UNSPECIFIED.);
#5341=B_SPLINE_SURFACE_WITH_KNOTS('',3,3,((#9171,#9172,#9173,#9174,#9175,
#9176,#9177),(#9178,#9179,#9180,#9181,#9182,#9183,#9184),(#9185,#9186,#9187,
#9188,#9189,#9190,#9191),(#9192,#9193,#9194,#9195,#9196,#9197,#9198),(#9199,
#9200,#9201,#9202,#9203,#9204,#9205),(#9206,#9207,#9208,#9209,#9210,#9211,
#9212)),.UNSPECIFIED.,.F.,.F.,.F.,(4,1,1,4),(4,1,1,1,4),(0.,0.333333333333333,
0.666666666666667,1.),(0.,0.25,0.5,0.75,1.),.UNSPECIFIED.);
#5342=B_SPLINE_SURFACE_WITH_KNOTS('',3,3,((#9253,#9254,#9255,#9256,#9257,
#9258),(#9259,#9260,#9261,#9262,#9263,#9264),(#9265,#9266,#9267,#9268,#9269,
#9270),(#9271,#9272,#9273,#9274,#9275,#9276),(#9277,#9278,#9279,#9280,#9281,
#9282),(#9283,#9284,#9285,#9286,#9287,#9288),(#9289,#9290,#9291,#9292,#9293,
#9294)),.UNSPECIFIED.,.F.,.F.,.F.,(4,1,1,1,4),(4,1,1,4),(0.,0.25,0.5,0.75,
1.),(0.,0.333333333333333,0.666666666666667,1.),.UNSPECIFIED.);
#5343=B_SPLINE_SURFACE_WITH_KNOTS('',3,3,((#9336,#9337,#9338,#9339,#9340,
#9341,#9342),(#9343,#9344,#9345,#9346,#9347,#9348,#9349),(#9350,#9351,#9352,
#9353,#9354,#9355,#9356),(#9357,#9358,#9359,#9360,#9361,#9362,#9363),(#9364,
#9365,#9366,#9367,#9368,#9369,#9370),(#9371,#9372,#9373,#9374,#9375,#9376,
#9377)),.UNSPECIFIED.,.F.,.F.,.F.,(4,1,1,4),(4,1,1,1,4),(0.,0.333333333333333,
0.666666666666667,1.),(0.,0.25,0.5,0.75,1.),.UNSPECIFIED.);
#5344=B_SPLINE_SURFACE_WITH_KNOTS('',3,3,((#9406,#9407,#9408,#9409,#9410,
#9411,#9412),(#9413,#9414,#9415,#9416,#9417,#9418,#9419),(#9420,#9421,#9422,
#9423,#9424,#9425,#9426),(#9427,#9428,#9429,#9430,#9431,#9432,#9433),(#9434,
#9435,#9436,#9437,#9438,#9439,#9440),(#9441,#9442,#9443,#9444,#9445,#9446,
#9447)),.UNSPECIFIED.,.F.,.F.,.F.,(4,1,1,4),(4,1,1,1,4),(0.,0.333333333333333,
0.666666666666667,1.),(0.,0.25,0.5,0.75,1.),.UNSPECIFIED.);
#5345=B_SPLINE_SURFACE_WITH_KNOTS('',3,3,((#9467,#9468,#9469,#9470,#9471,
#9472),(#9473,#9474,#9475,#9476,#9477,#9478),(#9479,#9480,#9481,#9482,#9483,
#9484),(#9485,#9486,#9487,#9488,#9489,#9490),(#9491,#9492,#9493,#9494,#9495,
#9496),(#9497,#9498,#9499,#9500,#9501,#9502),(#9503,#9504,#9505,#9506,#9507,
#9508)),.UNSPECIFIED.,.F.,.F.,.F.,(4,1,1,1,4),(4,1,1,4),(0.,0.25,0.5,0.75,
1.),(0.,0.333333333333333,0.666666666666667,1.),.UNSPECIFIED.);
#5346=B_SPLINE_SURFACE_WITH_KNOTS('',3,3,((#9520,#9521,#9522,#9523,#9524,
#9525,#9526),(#9527,#9528,#9529,#9530,#9531,#9532,#9533),(#9534,#9535,#9536,
#9537,#9538,#9539,#9540),(#9541,#9542,#9543,#9544,#9545,#9546,#9547),(#9548,
#9549,#9550,#9551,#9552,#9553,#9554),(#9555,#9556,#9557,#9558,#9559,#9560,
#9561)),.UNSPECIFIED.,.F.,.F.,.F.,(4,1,1,4),(4,1,1,1,4),(0.,0.333333333333333,
0.666666666666667,1.),(0.,0.25,0.5,0.75,1.),.UNSPECIFIED.);
#5347=B_SPLINE_SURFACE_WITH_KNOTS('',3,3,((#9593,#9594,#9595,#9596,#9597,
#9598),(#9599,#9600,#9601,#9602,#9603,#9604),(#9605,#9606,#9607,#9608,#9609,
#9610),(#9611,#9612,#9613,#9614,#9615,#9616),(#9617,#9618,#9619,#9620,#9621,
#9622),(#9623,#9624,#9625,#9626,#9627,#9628),(#9629,#9630,#9631,#9632,#9633,
#9634)),.UNSPECIFIED.,.F.,.F.,.F.,(4,1,1,1,4),(4,1,1,4),(0.,0.25,0.5,0.75,
1.),(0.,0.333333333333333,0.666666666666667,1.),.UNSPECIFIED.);
#5348=B_SPLINE_SURFACE_WITH_KNOTS('',3,3,((#9664,#9665,#9666,#9667,#9668,
#9669,#9670),(#9671,#9672,#9673,#9674,#9675,#9676,#9677),(#9678,#9679,#9680,
#9681,#9682,#9683,#9684),(#9685,#9686,#9687,#9688,#9689,#9690,#9691),(#9692,
#9693,#9694,#9695,#9696,#9697,#9698),(#9699,#9700,#9701,#9702,#9703,#9704,
#9705)),.UNSPECIFIED.,.F.,.F.,.F.,(4,1,1,4),(4,1,1,1,4),(0.,0.333333333333333,
0.666666666666667,1.),(0.,0.25,0.5,0.75,1.),.UNSPECIFIED.);
#5349=B_SPLINE_SURFACE_WITH_KNOTS('',3,3,((#9746,#9747,#9748,#9749,#9750,
#9751),(#9752,#9753,#9754,#9755,#9756,#9757),(#9758,#9759,#9760,#9761,#9762,
#9763),(#9764,#9765,#9766,#9767,#9768,#9769),(#9770,#9771,#9772,#9773,#9774,
#9775),(#9776,#9777,#9778,#9779,#9780,#9781),(#9782,#9783,#9784,#9785,#9786,
#9787)),.UNSPECIFIED.,.F.,.F.,.F.,(4,1,1,1,4),(4,1,1,4),(0.,0.25,0.5,0.75,
1.),(0.,0.333333333333333,0.666666666666667,1.),.UNSPECIFIED.);
#5350=B_SPLINE_SURFACE_WITH_KNOTS('',3,3,((#9829,#9830,#9831,#9832,#9833,
#9834,#9835),(#9836,#9837,#9838,#9839,#9840,#9841,#9842),(#9843,#9844,#9845,
#9846,#9847,#9848,#9849),(#9850,#9851,#9852,#9853,#9854,#9855,#9856),(#9857,
#9858,#9859,#9860,#9861,#9862,#9863),(#9864,#9865,#9866,#9867,#9868,#9869,
#9870)),.UNSPECIFIED.,.F.,.F.,.F.,(4,1,1,4),(4,1,1,1,4),(0.,0.333333333333333,
0.666666666666667,1.),(0.,0.25,0.5,0.75,1.),.UNSPECIFIED.);
#5351=B_SPLINE_SURFACE_WITH_KNOTS('',3,3,((#10104,#10105,#10106,#10107,
#10108,#10109),(#10110,#10111,#10112,#10113,#10114,#10115),(#10116,#10117,
#10118,#10119,#10120,#10121),(#10122,#10123,#10124,#10125,#10126,#10127)),
 .UNSPECIFIED.,.F.,.F.,.F.,(4,4),(4,2,4),(0.,1.),(-0.000272905755734331,
0.,0.042304772692305),.UNSPECIFIED.);
#5352=B_SPLINE_SURFACE_WITH_KNOTS('',3,3,((#10190,#10191,#10192,#10193,
#10194,#10195),(#10196,#10197,#10198,#10199,#10200,#10201),(#10202,#10203,
#10204,#10205,#10206,#10207),(#10208,#10209,#10210,#10211,#10212,#10213),
(#10214,#10215,#10216,#10217,#10218,#10219)),.UNSPECIFIED.,.F.,.F.,.F.,
(4,1,4),(4,2,4),(0.,0.571428571428571,1.),(9.11326794909534E-16,0.0423047726922761,
0.0425776784480104),.UNSPECIFIED.);
#5353=B_SPLINE_SURFACE_WITH_KNOTS('',3,3,((#10243,#10244,#10245,#10246,
#10247,#10248),(#10249,#10250,#10251,#10252,#10253,#10254),(#10255,#10256,
#10257,#10258,#10259,#10260),(#10261,#10262,#10263,#10264,#10265,#10266)),
 .UNSPECIFIED.,.F.,.F.,.F.,(4,4),(4,2,4),(0.,1.),(-0.000272905755562637,
0.,0.0423047726924748),.UNSPECIFIED.);
#5354=B_SPLINE_SURFACE_WITH_KNOTS('',3,3,((#10330,#10331,#10332,#10333,
#10334,#10335),(#10336,#10337,#10338,#10339,#10340,#10341),(#10342,#10343,
#10344,#10345,#10346,#10347),(#10348,#10349,#10350,#10351,#10352,#10353),
(#10354,#10355,#10356,#10357,#10358,#10359)),.UNSPECIFIED.,.F.,.F.,.F.,
(4,1,4),(4,2,4),(0.,0.571428571428571,1.),(2.86229373536176E-17,0.0423047726924158,
0.042577678448008),.UNSPECIFIED.);
#5355=B_SPLINE_SURFACE_WITH_KNOTS('',3,3,((#10378,#10379,#10380,#10381,
#10382,#10383),(#10384,#10385,#10386,#10387,#10388,#10389),(#10390,#10391,
#10392,#10393,#10394,#10395),(#10396,#10397,#10398,#10399,#10400,#10401),
(#10402,#10403,#10404,#10405,#10406,#10407),(#10408,#10409,#10410,#10411,
#10412,#10413),(#10414,#10415,#10416,#10417,#10418,#10419)),
 .UNSPECIFIED.,.F.,.F.,.F.,(4,1,1,1,4),(4,1,1,4),(0.,0.25,0.5,0.75,1.),
(0.,0.333333333333333,0.666666666666667,1.),.UNSPECIFIED.);
#5356=B_SPLINE_SURFACE_WITH_KNOTS('',3,3,((#10444,#10445,#10446,#10447,
#10448,#10449),(#10450,#10451,#10452,#10453,#10454,#10455),(#10456,#10457,
#10458,#10459,#10460,#10461),(#10462,#10463,#10464,#10465,#10466,#10467),
(#10468,#10469,#10470,#10471,#10472,#10473),(#10474,#10475,#10476,#10477,
#10478,#10479),(#10480,#10481,#10482,#10483,#10484,#10485)),
 .UNSPECIFIED.,.F.,.F.,.F.,(4,1,1,1,4),(4,1,1,4),(0.,0.25,0.5,0.75,1.),
(0.,0.333333333333333,0.666666666666667,1.),.UNSPECIFIED.);
#5357=B_SPLINE_SURFACE_WITH_KNOTS('',3,3,((#10817,#10818,#10819,#10820,
#10821,#10822),(#10823,#10824,#10825,#10826,#10827,#10828),(#10829,#10830,
#10831,#10832,#10833,#10834),(#10835,#10836,#10837,#10838,#10839,#10840)),
 .UNSPECIFIED.,.F.,.F.,.F.,(4,4),(4,2,4),(0.,1.),(-0.00027290575573444,
0.,0.0423047726923054),.UNSPECIFIED.);
#5358=B_SPLINE_SURFACE_WITH_KNOTS('',3,3,((#10903,#10904,#10905,#10906,
#10907,#10908),(#10909,#10910,#10911,#10912,#10913,#10914),(#10915,#10916,
#10917,#10918,#10919,#10920),(#10921,#10922,#10923,#10924,#10925,#10926),
(#10927,#10928,#10929,#10930,#10931,#10932)),.UNSPECIFIED.,.F.,.F.,.F.,
(4,1,4),(4,2,4),(0.,0.571428571428571,1.),(9.3929921095965E-16,0.0423047726922758,
0.0425776784480101),.UNSPECIFIED.);
#5359=B_SPLINE_SURFACE_WITH_KNOTS('',3,3,((#10956,#10957,#10958,#10959,
#10960,#10961),(#10962,#10963,#10964,#10965,#10966,#10967),(#10968,#10969,
#10970,#10971,#10972,#10973),(#10974,#10975,#10976,#10977,#10978,#10979)),
 .UNSPECIFIED.,.F.,.F.,.F.,(4,4),(4,2,4),(0.,1.),(-0.000272905755734534,
0.,0.0423047726923048),.UNSPECIFIED.);
#5360=B_SPLINE_SURFACE_WITH_KNOTS('',3,3,((#11043,#11044,#11045,#11046,
#11047,#11048),(#11049,#11050,#11051,#11052,#11053,#11054),(#11055,#11056,
#11057,#11058,#11059,#11060),(#11061,#11062,#11063,#11064,#11065,#11066),
(#11067,#11068,#11069,#11070,#11071,#11072)),.UNSPECIFIED.,.F.,.F.,.F.,
(4,1,4),(4,2,4),(0.,0.571428571428571,1.),(0.,0.0423047726922761,0.0425776784480106),
 .UNSPECIFIED.);
#5361=B_SPLINE_SURFACE_WITH_KNOTS('',3,3,((#11091,#11092,#11093,#11094,
#11095,#11096),(#11097,#11098,#11099,#11100,#11101,#11102),(#11103,#11104,
#11105,#11106,#11107,#11108),(#11109,#11110,#11111,#11112,#11113,#11114),
(#11115,#11116,#11117,#11118,#11119,#11120),(#11121,#11122,#11123,#11124,
#11125,#11126),(#11127,#11128,#11129,#11130,#11131,#11132)),
 .UNSPECIFIED.,.F.,.F.,.F.,(4,1,1,1,4),(4,1,1,4),(0.,0.25,0.5,0.75,1.),
(0.,0.333333333333333,0.666666666666667,1.),.UNSPECIFIED.);
#5362=B_SPLINE_SURFACE_WITH_KNOTS('',3,3,((#11157,#11158,#11159,#11160,
#11161,#11162),(#11163,#11164,#11165,#11166,#11167,#11168),(#11169,#11170,
#11171,#11172,#11173,#11174),(#11175,#11176,#11177,#11178,#11179,#11180),
(#11181,#11182,#11183,#11184,#11185,#11186),(#11187,#11188,#11189,#11190,
#11191,#11192),(#11193,#11194,#11195,#11196,#11197,#11198)),
 .UNSPECIFIED.,.F.,.F.,.F.,(4,1,1,1,4),(4,1,1,4),(0.,0.25,0.5,0.75,1.),
(0.,0.333333333333333,0.666666666666667,1.),.UNSPECIFIED.);
#5363=ADVANCED_FACE('',(#314),#5323,.T.);
#5364=ADVANCED_FACE('',(#315),#5324,.T.);
#5365=ADVANCED_FACE('',(#316),#5325,.T.);
#5366=ADVANCED_FACE('',(#317),#5326,.T.);
#5367=ADVANCED_FACE('',(#318),#5327,.T.);
#5368=ADVANCED_FACE('',(#319),#5328,.T.);
#5369=ADVANCED_FACE('',(#320),#5329,.T.);
#5370=ADVANCED_FACE('',(#321),#5330,.T.);
#5371=ADVANCED_FACE('',(#322),#5331,.T.);
#5372=ADVANCED_FACE('',(#323),#5332,.T.);
#5373=ADVANCED_FACE('',(#324),#5333,.T.);
#5374=ADVANCED_FACE('',(#325),#5334,.T.);
#5375=ADVANCED_FACE('',(#326),#5335,.T.);
#5376=ADVANCED_FACE('',(#327),#5336,.T.);
#5377=ADVANCED_FACE('',(#328),#5337,.T.);
#5378=ADVANCED_FACE('',(#329),#5338,.T.);
#5379=ADVANCED_FACE('',(#330),#5339,.T.);
#5380=ADVANCED_FACE('',(#331),#5340,.T.);
#5381=ADVANCED_FACE('',(#332),#5341,.T.);
#5382=ADVANCED_FACE('',(#333),#5342,.T.);
#5383=ADVANCED_FACE('',(#334),#5343,.T.);
#5384=ADVANCED_FACE('',(#335),#5344,.T.);
#5385=ADVANCED_FACE('',(#336),#5345,.T.);
#5386=ADVANCED_FACE('',(#337),#5346,.T.);
#5387=ADVANCED_FACE('',(#338),#5347,.T.);
#5388=ADVANCED_FACE('',(#339),#5348,.T.);
#5389=ADVANCED_FACE('',(#340),#5349,.T.);
#5390=ADVANCED_FACE('',(#341),#5350,.T.);
#5391=ADVANCED_FACE('',(#342),#190,.T.);
#5392=ADVANCED_FACE('',(#343),#162,.T.);
#5393=ADVANCED_FACE('',(#344),#191,.T.);
#5394=ADVANCED_FACE('',(#345),#163,.T.);
#5395=ADVANCED_FACE('',(#346),#192,.T.);
#5396=ADVANCED_FACE('',(#347),#193,.T.);
#5397=ADVANCED_FACE('',(#348),#164,.T.);
#5398=ADVANCED_FACE('',(#349),#194,.T.);
#5399=ADVANCED_FACE('',(#350),#165,.T.);
#5400=ADVANCED_FACE('',(#351),#195,.T.);
#5401=ADVANCED_FACE('',(#352),#154,.T.);
#5402=ADVANCED_FACE('',(#353),#196,.T.);
#5403=ADVANCED_FACE('',(#354),#166,.T.);
#5404=ADVANCED_FACE('',(#355),#197,.T.);
#5405=ADVANCED_FACE('',(#356),#167,.T.);
#5406=ADVANCED_FACE('',(#357),#198,.T.);
#5407=ADVANCED_FACE('',(#358),#155,.T.);
#5408=ADVANCED_FACE('',(#359),#199,.T.);
#5409=ADVANCED_FACE('',(#360),#168,.T.);
#5410=ADVANCED_FACE('',(#361),#200,.T.);
#5411=ADVANCED_FACE('',(#362),#169,.T.);
#5412=ADVANCED_FACE('',(#363),#201,.T.);
#5413=ADVANCED_FACE('',(#364),#156,.T.);
#5414=ADVANCED_FACE('',(#365),#157,.T.);
#5415=ADVANCED_FACE('',(#366),#202,.F.);
#5416=ADVANCED_FACE('',(#367),#41,.F.);
#5417=ADVANCED_FACE('',(#368),#203,.F.);
#5418=ADVANCED_FACE('',(#369),#42,.F.);
#5419=ADVANCED_FACE('',(#370),#204,.T.);
#5420=ADVANCED_FACE('',(#371),#205,.F.);
#5421=ADVANCED_FACE('',(#372),#43,.F.);
#5422=ADVANCED_FACE('',(#373),#206,.F.);
#5423=ADVANCED_FACE('',(#374),#207,.T.);
#5424=ADVANCED_FACE('',(#375),#44,.F.);
#5425=ADVANCED_FACE('',(#376,#31),#45,.T.);
#5426=ADVANCED_FACE('',(#377),#5351,.T.);
#5427=ADVANCED_FACE('',(#378),#170,.F.);
#5428=ADVANCED_FACE('',(#379),#208,.F.);
#5429=ADVANCED_FACE('',(#380),#15,.T.);
#5430=ADVANCED_FACE('',(#381),#209,.F.);
#5431=ADVANCED_FACE('',(#382),#16,.T.);
#5432=ADVANCED_FACE('',(#383),#210,.F.);
#5433=ADVANCED_FACE('',(#384),#171,.F.);
#5434=ADVANCED_FACE('',(#385),#5352,.T.);
#5435=ADVANCED_FACE('',(#386),#211,.T.);
#5436=ADVANCED_FACE('',(#387),#46,.F.);
#5437=ADVANCED_FACE('',(#388),#212,.F.);
#5438=ADVANCED_FACE('',(#389),#47,.F.);
#5439=ADVANCED_FACE('',(#390),#213,.F.);
#5440=ADVANCED_FACE('',(#391),#5353,.T.);
#5441=ADVANCED_FACE('',(#392),#172,.F.);
#5442=ADVANCED_FACE('',(#393),#214,.F.);
#5443=ADVANCED_FACE('',(#394),#17,.T.);
#5444=ADVANCED_FACE('',(#395),#215,.F.);
#5445=ADVANCED_FACE('',(#396),#18,.T.);
#5446=ADVANCED_FACE('',(#397),#216,.F.);
#5447=ADVANCED_FACE('',(#398),#173,.F.);
#5448=ADVANCED_FACE('',(#399),#5354,.T.);
#5449=ADVANCED_FACE('',(#400),#48,.F.);
#5450=ADVANCED_FACE('',(#401),#217,.T.);
#5451=ADVANCED_FACE('',(#402),#218,.T.);
#5452=ADVANCED_FACE('',(#403),#49,.F.);
#5453=ADVANCED_FACE('',(#404),#219,.T.);
#5454=ADVANCED_FACE('',(#405),#50,.F.);
#5455=ADVANCED_FACE('',(#406),#5355,.T.);
#5456=ADVANCED_FACE('',(#407),#5356,.T.);
#5457=ADVANCED_FACE('',(#408),#220,.F.);
#5458=ADVANCED_FACE('',(#409),#19,.T.);
#5459=ADVANCED_FACE('',(#410),#221,.F.);
#5460=ADVANCED_FACE('',(#411),#20,.T.);
#5461=ADVANCED_FACE('',(#412),#222,.F.);
#5462=ADVANCED_FACE('',(#413),#223,.F.);
#5463=ADVANCED_FACE('',(#414),#21,.T.);
#5464=ADVANCED_FACE('',(#415),#224,.F.);
#5465=ADVANCED_FACE('',(#416),#22,.T.);
#5466=ADVANCED_FACE('',(#417),#225,.F.);
#5467=ADVANCED_FACE('',(#418),#174,.T.);
#5468=ADVANCED_FACE('',(#419),#175,.T.);
#5469=ADVANCED_FACE('',(#420),#226,.F.);
#5470=ADVANCED_FACE('',(#421),#51,.F.);
#5471=ADVANCED_FACE('',(#422),#227,.F.);
#5472=ADVANCED_FACE('',(#423),#52,.F.);
#5473=ADVANCED_FACE('',(#424),#53,.F.);
#5474=ADVANCED_FACE('',(#425),#228,.F.);
#5475=ADVANCED_FACE('',(#426),#54,.F.);
#5476=ADVANCED_FACE('',(#427),#55,.F.);
#5477=ADVANCED_FACE('',(#428),#229,.T.);
#5478=ADVANCED_FACE('',(#429),#176,.T.);
#5479=ADVANCED_FACE('',(#430),#230,.T.);
#5480=ADVANCED_FACE('',(#431),#177,.T.);
#5481=ADVANCED_FACE('',(#432),#231,.T.);
#5482=ADVANCED_FACE('',(#433),#232,.T.);
#5483=ADVANCED_FACE('',(#434),#178,.T.);
#5484=ADVANCED_FACE('',(#435),#233,.T.);
#5485=ADVANCED_FACE('',(#436),#179,.T.);
#5486=ADVANCED_FACE('',(#437),#234,.T.);
#5487=ADVANCED_FACE('',(#438),#158,.T.);
#5488=ADVANCED_FACE('',(#439),#235,.T.);
#5489=ADVANCED_FACE('',(#440),#180,.T.);
#5490=ADVANCED_FACE('',(#441),#236,.T.);
#5491=ADVANCED_FACE('',(#442),#181,.T.);
#5492=ADVANCED_FACE('',(#443),#237,.T.);
#5493=ADVANCED_FACE('',(#444),#159,.T.);
#5494=ADVANCED_FACE('',(#445),#238,.T.);
#5495=ADVANCED_FACE('',(#446),#182,.T.);
#5496=ADVANCED_FACE('',(#447),#239,.T.);
#5497=ADVANCED_FACE('',(#448),#183,.T.);
#5498=ADVANCED_FACE('',(#449),#240,.T.);
#5499=ADVANCED_FACE('',(#450),#160,.T.);
#5500=ADVANCED_FACE('',(#451),#161,.T.);
#5501=ADVANCED_FACE('',(#452),#241,.F.);
#5502=ADVANCED_FACE('',(#453),#56,.F.);
#5503=ADVANCED_FACE('',(#454),#242,.F.);
#5504=ADVANCED_FACE('',(#455),#57,.F.);
#5505=ADVANCED_FACE('',(#456),#243,.T.);
#5506=ADVANCED_FACE('',(#457),#244,.F.);
#5507=ADVANCED_FACE('',(#458),#58,.F.);
#5508=ADVANCED_FACE('',(#459),#245,.F.);
#5509=ADVANCED_FACE('',(#460),#246,.T.);
#5510=ADVANCED_FACE('',(#461),#59,.F.);
#5511=ADVANCED_FACE('',(#462,#32),#60,.T.);
#5512=ADVANCED_FACE('',(#463),#5357,.T.);
#5513=ADVANCED_FACE('',(#464),#184,.F.);
#5514=ADVANCED_FACE('',(#465),#247,.F.);
#5515=ADVANCED_FACE('',(#466),#23,.T.);
#5516=ADVANCED_FACE('',(#467),#248,.F.);
#5517=ADVANCED_FACE('',(#468),#24,.T.);
#5518=ADVANCED_FACE('',(#469),#249,.F.);
#5519=ADVANCED_FACE('',(#470),#185,.F.);
#5520=ADVANCED_FACE('',(#471),#5358,.T.);
#5521=ADVANCED_FACE('',(#472),#250,.T.);
#5522=ADVANCED_FACE('',(#473),#61,.F.);
#5523=ADVANCED_FACE('',(#474),#251,.F.);
#5524=ADVANCED_FACE('',(#475),#62,.F.);
#5525=ADVANCED_FACE('',(#476),#252,.F.);
#5526=ADVANCED_FACE('',(#477),#5359,.T.);
#5527=ADVANCED_FACE('',(#478),#186,.F.);
#5528=ADVANCED_FACE('',(#479),#253,.F.);
#5529=ADVANCED_FACE('',(#480),#25,.T.);
#5530=ADVANCED_FACE('',(#481),#254,.F.);
#5531=ADVANCED_FACE('',(#482),#26,.T.);
#5532=ADVANCED_FACE('',(#483),#255,.F.);
#5533=ADVANCED_FACE('',(#484),#187,.F.);
#5534=ADVANCED_FACE('',(#485),#5360,.T.);
#5535=ADVANCED_FACE('',(#486),#63,.F.);
#5536=ADVANCED_FACE('',(#487),#256,.T.);
#5537=ADVANCED_FACE('',(#488),#257,.T.);
#5538=ADVANCED_FACE('',(#489),#64,.F.);
#5539=ADVANCED_FACE('',(#490),#258,.T.);
#5540=ADVANCED_FACE('',(#491),#65,.F.);
#5541=ADVANCED_FACE('',(#492),#5361,.T.);
#5542=ADVANCED_FACE('',(#493),#5362,.T.);
#5543=ADVANCED_FACE('',(#494),#259,.F.);
#5544=ADVANCED_FACE('',(#495),#27,.T.);
#5545=ADVANCED_FACE('',(#496),#260,.F.);
#5546=ADVANCED_FACE('',(#497),#28,.T.);
#5547=ADVANCED_FACE('',(#498),#261,.F.);
#5548=ADVANCED_FACE('',(#499),#262,.F.);
#5549=ADVANCED_FACE('',(#500),#29,.T.);
#5550=ADVANCED_FACE('',(#501),#263,.F.);
#5551=ADVANCED_FACE('',(#502),#30,.T.);
#5552=ADVANCED_FACE('',(#503),#264,.F.);
#5553=ADVANCED_FACE('',(#504),#188,.T.);
#5554=ADVANCED_FACE('',(#505),#189,.T.);
#5555=ADVANCED_FACE('',(#506),#265,.F.);
#5556=ADVANCED_FACE('',(#507),#66,.F.);
#5557=ADVANCED_FACE('',(#508),#266,.F.);
#5558=ADVANCED_FACE('',(#509),#67,.F.);
#5559=ADVANCED_FACE('',(#510),#68,.F.);
#5560=ADVANCED_FACE('',(#511),#69,.F.);
#5561=ADVANCED_FACE('',(#512),#267,.F.);
#5562=ADVANCED_FACE('',(#513),#70,.F.);
#5563=ADVANCED_FACE('',(#514),#71,.T.);
#5564=ADVANCED_FACE('',(#515),#72,.T.);
#5565=ADVANCED_FACE('',(#516),#268,.T.);
#5566=ADVANCED_FACE('',(#517),#73,.T.);
#5567=ADVANCED_FACE('',(#518,#33,#34,#35,#36),#74,.F.);
#5568=ADVANCED_FACE('',(#519),#269,.T.);
#5569=ADVANCED_FACE('',(#520),#75,.T.);
#5570=ADVANCED_FACE('',(#521,#37,#38,#39,#40),#76,.T.);
#5571=ADVANCED_FACE('',(#522),#77,.T.);
#5572=ADVANCED_FACE('',(#523),#78,.T.);
#5573=ADVANCED_FACE('',(#524),#79,.T.);
#5574=ADVANCED_FACE('',(#525),#80,.T.);
#5575=ADVANCED_FACE('',(#526),#81,.T.);
#5576=ADVANCED_FACE('',(#527),#82,.T.);
#5577=ADVANCED_FACE('',(#528),#83,.T.);
#5578=ADVANCED_FACE('',(#529),#84,.T.);
#5579=ADVANCED_FACE('',(#530),#270,.T.);
#5580=ADVANCED_FACE('',(#531),#85,.T.);
#5581=ADVANCED_FACE('',(#532),#271,.T.);
#5582=ADVANCED_FACE('',(#533),#272,.T.);
#5583=ADVANCED_FACE('',(#534),#273,.T.);
#5584=ADVANCED_FACE('',(#535),#86,.T.);
#5585=ADVANCED_FACE('',(#536),#87,.T.);
#5586=ADVANCED_FACE('',(#537),#88,.T.);
#5587=ADVANCED_FACE('',(#538),#89,.T.);
#5588=ADVANCED_FACE('',(#539),#90,.T.);
#5589=ADVANCED_FACE('',(#540),#91,.F.);
#5590=ADVANCED_FACE('',(#541),#274,.T.);
#5591=ADVANCED_FACE('',(#542),#92,.T.);
#5592=ADVANCED_FACE('',(#543),#93,.F.);
#5593=ADVANCED_FACE('',(#544),#275,.T.);
#5594=ADVANCED_FACE('',(#545),#94,.F.);
#5595=ADVANCED_FACE('',(#546),#95,.F.);
#5596=ADVANCED_FACE('',(#547),#276,.T.);
#5597=ADVANCED_FACE('',(#548),#277,.T.);
#5598=ADVANCED_FACE('',(#549),#278,.T.);
#5599=ADVANCED_FACE('',(#550),#96,.F.);
#5600=ADVANCED_FACE('',(#551),#97,.F.);
#5601=ADVANCED_FACE('',(#552),#279,.F.);
#5602=ADVANCED_FACE('',(#553),#98,.F.);
#5603=ADVANCED_FACE('',(#554),#99,.F.);
#5604=ADVANCED_FACE('',(#555),#280,.T.);
#5605=ADVANCED_FACE('',(#556),#100,.F.);
#5606=ADVANCED_FACE('',(#557),#101,.F.);
#5607=ADVANCED_FACE('',(#558),#102,.F.);
#5608=ADVANCED_FACE('',(#559),#103,.F.);
#5609=ADVANCED_FACE('',(#560),#104,.F.);
#5610=ADVANCED_FACE('',(#561),#105,.F.);
#5611=ADVANCED_FACE('',(#562),#281,.F.);
#5612=ADVANCED_FACE('',(#563),#282,.T.);
#5613=ADVANCED_FACE('',(#564),#106,.F.);
#5614=ADVANCED_FACE('',(#565),#107,.F.);
#5615=ADVANCED_FACE('',(#566),#108,.F.);
#5616=ADVANCED_FACE('',(#567),#283,.T.);
#5617=ADVANCED_FACE('',(#568),#109,.F.);
#5618=ADVANCED_FACE('',(#569),#284,.T.);
#5619=ADVANCED_FACE('',(#570),#110,.F.);
#5620=ADVANCED_FACE('',(#571),#111,.F.);
#5621=ADVANCED_FACE('',(#572),#285,.F.);
#5622=ADVANCED_FACE('',(#573),#112,.F.);
#5623=ADVANCED_FACE('',(#574),#286,.F.);
#5624=ADVANCED_FACE('',(#575),#113,.F.);
#5625=ADVANCED_FACE('',(#576),#287,.T.);
#5626=ADVANCED_FACE('',(#577),#288,.F.);
#5627=ADVANCED_FACE('',(#578),#114,.F.);
#5628=ADVANCED_FACE('',(#579),#289,.T.);
#5629=ADVANCED_FACE('',(#580),#115,.F.);
#5630=ADVANCED_FACE('',(#581),#116,.T.);
#5631=ADVANCED_FACE('',(#582),#290,.T.);
#5632=ADVANCED_FACE('',(#583),#117,.T.);
#5633=ADVANCED_FACE('',(#584),#291,.T.);
#5634=ADVANCED_FACE('',(#585),#118,.T.);
#5635=ADVANCED_FACE('',(#586),#292,.F.);
#5636=ADVANCED_FACE('',(#587),#293,.T.);
#5637=ADVANCED_FACE('',(#588),#119,.T.);
#5638=ADVANCED_FACE('',(#589),#294,.F.);
#5639=ADVANCED_FACE('',(#590),#120,.T.);
#5640=ADVANCED_FACE('',(#591),#295,.T.);
#5641=ADVANCED_FACE('',(#592),#121,.T.);
#5642=ADVANCED_FACE('',(#593),#296,.T.);
#5643=ADVANCED_FACE('',(#594),#122,.T.);
#5644=ADVANCED_FACE('',(#595),#297,.T.);
#5645=ADVANCED_FACE('',(#596),#123,.T.);
#5646=ADVANCED_FACE('',(#597),#298,.F.);
#5647=ADVANCED_FACE('',(#598),#124,.T.);
#5648=ADVANCED_FACE('',(#599),#299,.F.);
#5649=ADVANCED_FACE('',(#600),#125,.T.);
#5650=ADVANCED_FACE('',(#601),#300,.F.);
#5651=ADVANCED_FACE('',(#602),#126,.T.);
#5652=ADVANCED_FACE('',(#603),#301,.F.);
#5653=ADVANCED_FACE('',(#604),#127,.F.);
#5654=ADVANCED_FACE('',(#605),#302,.T.);
#5655=ADVANCED_FACE('',(#606),#128,.T.);
#5656=ADVANCED_FACE('',(#607),#129,.T.);
#5657=ADVANCED_FACE('',(#608),#303,.T.);
#5658=ADVANCED_FACE('',(#609),#130,.F.);
#5659=ADVANCED_FACE('',(#610),#131,.T.);
#5660=ADVANCED_FACE('',(#611),#304,.F.);
#5661=ADVANCED_FACE('',(#612),#305,.T.);
#5662=ADVANCED_FACE('',(#613),#132,.T.);
#5663=ADVANCED_FACE('',(#614),#306,.F.);
#5664=ADVANCED_FACE('',(#615),#133,.T.);
#5665=ADVANCED_FACE('',(#616),#307,.F.);
#5666=ADVANCED_FACE('',(#617),#134,.T.);
#5667=ADVANCED_FACE('',(#618),#135,.T.);
#5668=ADVANCED_FACE('',(#619),#308,.T.);
#5669=ADVANCED_FACE('',(#620),#136,.T.);
#5670=ADVANCED_FACE('',(#621),#309,.T.);
#5671=ADVANCED_FACE('',(#622),#137,.T.);
#5672=ADVANCED_FACE('',(#623),#138,.T.);
#5673=ADVANCED_FACE('',(#624),#139,.T.);
#5674=ADVANCED_FACE('',(#625),#310,.T.);
#5675=ADVANCED_FACE('',(#626),#311,.F.);
#5676=ADVANCED_FACE('',(#627),#140,.T.);
#5677=ADVANCED_FACE('',(#628),#141,.T.);
#5678=ADVANCED_FACE('',(#629),#142,.T.);
#5679=ADVANCED_FACE('',(#630),#143,.T.);
#5680=ADVANCED_FACE('',(#631),#144,.T.);
#5681=ADVANCED_FACE('',(#632),#145,.T.);
#5682=ADVANCED_FACE('',(#633),#312,.T.);
#5683=ADVANCED_FACE('',(#634),#146,.F.);
#5684=ADVANCED_FACE('',(#635),#313,.F.);
#5685=ADVANCED_FACE('',(#636),#147,.F.);
#5686=ADVANCED_FACE('',(#637),#148,.F.);
#5687=ADVANCED_FACE('',(#638),#149,.T.);
#5688=ADVANCED_FACE('',(#639),#150,.F.);
#5689=ADVANCED_FACE('',(#640),#151,.T.);
#5690=ADVANCED_FACE('',(#641),#152,.T.);
#5691=ADVANCED_FACE('',(#642),#153,.T.);
#5692=CLOSED_SHELL('',(#5363,#5364,#5365,#5366,#5367,#5368,#5369,#5370,
#5371,#5372,#5373,#5374,#5375,#5376,#5377,#5378,#5379,#5380,#5381,#5382,
#5383,#5384,#5385,#5386,#5387,#5388,#5389,#5390,#5391,#5392,#5393,#5394,
#5395,#5396,#5397,#5398,#5399,#5400,#5401,#5402,#5403,#5404,#5405,#5406,
#5407,#5408,#5409,#5410,#5411,#5412,#5413,#5414,#5415,#5416,#5417,#5418,
#5419,#5420,#5421,#5422,#5423,#5424,#5425,#5426,#5427,#5428,#5429,#5430,
#5431,#5432,#5433,#5434,#5435,#5436,#5437,#5438,#5439,#5440,#5441,#5442,
#5443,#5444,#5445,#5446,#5447,#5448,#5449,#5450,#5451,#5452,#5453,#5454,
#5455,#5456,#5457,#5458,#5459,#5460,#5461,#5462,#5463,#5464,#5465,#5466,
#5467,#5468,#5469,#5470,#5471,#5472,#5473,#5474,#5475,#5476,#5477,#5478,
#5479,#5480,#5481,#5482,#5483,#5484,#5485,#5486,#5487,#5488,#5489,#5490,
#5491,#5492,#5493,#5494,#5495,#5496,#5497,#5498,#5499,#5500,#5501,#5502,
#5503,#5504,#5505,#5506,#5507,#5508,#5509,#5510,#5511,#5512,#5513,#5514,
#5515,#5516,#5517,#5518,#5519,#5520,#5521,#5522,#5523,#5524,#5525,#5526,
#5527,#5528,#5529,#5530,#5531,#5532,#5533,#5534,#5535,#5536,#5537,#5538,
#5539,#5540,#5541,#5542,#5543,#5544,#5545,#5546,#5547,#5548,#5549,#5550,
#5551,#5552,#5553,#5554,#5555,#5556,#5557,#5558,#5559,#5560,#5561,#5562,
#5563,#5564,#5565,#5566,#5567,#5568,#5569,#5570,#5571,#5572,#5573,#5574,
#5575,#5576,#5577,#5578,#5579,#5580,#5581,#5582,#5583,#5584,#5585,#5586,
#5587,#5588,#5589,#5590,#5591,#5592,#5593,#5594,#5595,#5596,#5597,#5598,
#5599,#5600,#5601,#5602,#5603,#5604,#5605,#5606,#5607,#5608,#5609,#5610,
#5611,#5612,#5613,#5614,#5615,#5616,#5617,#5618,#5619,#5620,#5621,#5622,
#5623,#5624,#5625,#5626,#5627,#5628,#5629,#5630,#5631,#5632,#5633,#5634,
#5635,#5636,#5637,#5638,#5639,#5640,#5641,#5642,#5643,#5644,#5645,#5646,
#5647,#5648,#5649,#5650,#5651,#5652,#5653,#5654,#5655,#5656,#5657,#5658,
#5659,#5660,#5661,#5662,#5663,#5664,#5665,#5666,#5667,#5668,#5669,#5670,
#5671,#5672,#5673,#5674,#5675,#5676,#5677,#5678,#5679,#5680,#5681,#5682,
#5683,#5684,#5685,#5686,#5687,#5688,#5689,#5690,#5691));
#5693=AXIS2_PLACEMENT_3D('',#7926,#6287,#6288);
#5694=AXIS2_PLACEMENT_3D('',#7987,#6290,#6291);
#5695=AXIS2_PLACEMENT_3D('',#8039,#6292,#6293);
#5696=AXIS2_PLACEMENT_3D('',#8113,#6295,#6296);
#5697=AXIS2_PLACEMENT_3D('',#8165,#6297,#6298);
#5698=AXIS2_PLACEMENT_3D('',#8266,#6299,#6300);
#5699=AXIS2_PLACEMENT_3D('',#8318,#6301,#6302);
#5700=AXIS2_PLACEMENT_3D('',#8419,#6303,#6304);
#5701=AXIS2_PLACEMENT_3D('',#8480,#6306,#6307);
#5702=AXIS2_PLACEMENT_3D('',#8532,#6308,#6309);
#5703=AXIS2_PLACEMENT_3D('',#8606,#6311,#6312);
#5704=AXIS2_PLACEMENT_3D('',#8658,#6313,#6314);
#5705=AXIS2_PLACEMENT_3D('',#8759,#6315,#6316);
#5706=AXIS2_PLACEMENT_3D('',#8811,#6317,#6318);
#5707=AXIS2_PLACEMENT_3D('',#8912,#6319,#6320);
#5708=AXIS2_PLACEMENT_3D('',#8973,#6322,#6323);
#5709=AXIS2_PLACEMENT_3D('',#9025,#6324,#6325);
#5710=AXIS2_PLACEMENT_3D('',#9099,#6327,#6328);
#5711=AXIS2_PLACEMENT_3D('',#9151,#6329,#6330);
#5712=AXIS2_PLACEMENT_3D('',#9252,#6331,#6332);
#5713=AXIS2_PLACEMENT_3D('',#9304,#6333,#6334);
#5714=AXIS2_PLACEMENT_3D('',#9405,#6335,#6336);
#5715=AXIS2_PLACEMENT_3D('',#9466,#6338,#6339);
#5716=AXIS2_PLACEMENT_3D('',#9518,#6340,#6341);
#5717=AXIS2_PLACEMENT_3D('',#9592,#6343,#6344);
#5718=AXIS2_PLACEMENT_3D('',#9644,#6345,#6346);
#5719=AXIS2_PLACEMENT_3D('',#9745,#6347,#6348);
#5720=AXIS2_PLACEMENT_3D('',#9797,#6349,#6350);
#5721=AXIS2_PLACEMENT_3D('',#9898,#6351,#6352);
#5722=AXIS2_PLACEMENT_3D('',#9899,#6353,#6354);
#5723=AXIS2_PLACEMENT_3D('',#9902,#6355,#6356);
#5724=AXIS2_PLACEMENT_3D('',#9906,#6358,#6359);
#5725=AXIS2_PLACEMENT_3D('',#9908,#6361,#6362);
#5726=AXIS2_PLACEMENT_3D('',#9911,#6363,#6364);
#5727=AXIS2_PLACEMENT_3D('',#9912,#6365,#6366);
#5728=AXIS2_PLACEMENT_3D('',#9913,#6367,#6368);
#5729=AXIS2_PLACEMENT_3D('',#9914,#6369,#6370);
#5730=AXIS2_PLACEMENT_3D('',#9917,#6371,#6372);
#5731=AXIS2_PLACEMENT_3D('',#9920,#6375,#6376);
#5732=AXIS2_PLACEMENT_3D('',#9923,#6377,#6378);
#5733=AXIS2_PLACEMENT_3D('',#9924,#6379,#6380);
#5734=AXIS2_PLACEMENT_3D('',#9925,#6381,#6382);
#5735=AXIS2_PLACEMENT_3D('',#9926,#6383,#6384);
#5736=AXIS2_PLACEMENT_3D('',#9929,#6385,#6386);
#5737=AXIS2_PLACEMENT_3D('',#9932,#6389,#6390);
#5738=AXIS2_PLACEMENT_3D('',#9935,#6391,#6392);
#5739=AXIS2_PLACEMENT_3D('',#9938,#6394,#6395);
#5740=AXIS2_PLACEMENT_3D('',#9940,#6397,#6398);
#5741=AXIS2_PLACEMENT_3D('',#9943,#6399,#6400);
#5742=AXIS2_PLACEMENT_3D('',#9944,#6401,#6402);
#5743=AXIS2_PLACEMENT_3D('',#9945,#6403,#6404);
#5744=AXIS2_PLACEMENT_3D('',#9946,#6405,#6406);
#5745=AXIS2_PLACEMENT_3D('',#9949,#6407,#6408);
#5746=AXIS2_PLACEMENT_3D('',#9952,#6411,#6412);
#5747=AXIS2_PLACEMENT_3D('',#9955,#6413,#6414);
#5748=AXIS2_PLACEMENT_3D('',#9956,#6415,#6416);
#5749=AXIS2_PLACEMENT_3D('',#9957,#6417,#6418);
#5750=AXIS2_PLACEMENT_3D('',#9958,#6419,#6420);
#5751=AXIS2_PLACEMENT_3D('',#9961,#6421,#6422);
#5752=AXIS2_PLACEMENT_3D('',#9964,#6425,#6426);
#5753=AXIS2_PLACEMENT_3D('',#9965,#6427,#6428);
#5754=AXIS2_PLACEMENT_3D('',#9966,#6429,#6430);
#5755=AXIS2_PLACEMENT_3D('',#9969,#6431,#6432);
#5756=AXIS2_PLACEMENT_3D('',#9972,#6434,#6435);
#5757=AXIS2_PLACEMENT_3D('',#9974,#6437,#6438);
#5758=AXIS2_PLACEMENT_3D('',#9977,#6439,#6440);
#5759=AXIS2_PLACEMENT_3D('',#9978,#6441,#6442);
#5760=AXIS2_PLACEMENT_3D('',#9979,#6443,#6444);
#5761=AXIS2_PLACEMENT_3D('',#9980,#6445,#6446);
#5762=AXIS2_PLACEMENT_3D('',#9983,#6447,#6448);
#5763=AXIS2_PLACEMENT_3D('',#9986,#6451,#6452);
#5764=AXIS2_PLACEMENT_3D('',#9989,#6453,#6454);
#5765=AXIS2_PLACEMENT_3D('',#9990,#6455,#6456);
#5766=AXIS2_PLACEMENT_3D('',#9991,#6457,#6458);
#5767=AXIS2_PLACEMENT_3D('',#9992,#6459,#6460);
#5768=AXIS2_PLACEMENT_3D('',#9995,#6461,#6462);
#5769=AXIS2_PLACEMENT_3D('',#9998,#6465,#6466);
#5770=AXIS2_PLACEMENT_3D('',#9999,#6467,#6468);
#5771=AXIS2_PLACEMENT_3D('',#10000,#6469,#6470);
#5772=AXIS2_PLACEMENT_3D('',#10003,#6471,#6472);
#5773=AXIS2_PLACEMENT_3D('',#10006,#6474,#6475);
#5774=AXIS2_PLACEMENT_3D('',#10008,#6477,#6478);
#5775=AXIS2_PLACEMENT_3D('',#10011,#6479,#6480);
#5776=AXIS2_PLACEMENT_3D('',#10012,#6481,#6482);
#5777=AXIS2_PLACEMENT_3D('',#10013,#6483,#6484);
#5778=AXIS2_PLACEMENT_3D('',#10014,#6485,#6486);
#5779=AXIS2_PLACEMENT_3D('',#10017,#6487,#6488);
#5780=AXIS2_PLACEMENT_3D('',#10020,#6491,#6492);
#5781=AXIS2_PLACEMENT_3D('',#10023,#6493,#6494);
#5782=AXIS2_PLACEMENT_3D('',#10024,#6495,#6496);
#5783=AXIS2_PLACEMENT_3D('',#10025,#6497,#6498);
#5784=AXIS2_PLACEMENT_3D('',#10026,#6499,#6500);
#5785=AXIS2_PLACEMENT_3D('',#10028,#6501,#6502);
#5786=AXIS2_PLACEMENT_3D('',#10031,#6505,#6506);
#5787=AXIS2_PLACEMENT_3D('',#10032,#6507,#6508);
#5788=AXIS2_PLACEMENT_3D('',#10033,#6509,#6510);
#5789=AXIS2_PLACEMENT_3D('',#10034,#6511,#6512);
#5790=AXIS2_PLACEMENT_3D('',#10035,#6513,#6514);
#5791=AXIS2_PLACEMENT_3D('',#10039,#6516,#6517);
#5792=AXIS2_PLACEMENT_3D('',#10041,#6519,#6520);
#5793=AXIS2_PLACEMENT_3D('',#10045,#6523,#6524);
#5794=AXIS2_PLACEMENT_3D('',#10048,#6526,#6527);
#5795=AXIS2_PLACEMENT_3D('',#10049,#6528,#6529);
#5796=AXIS2_PLACEMENT_3D('',#10053,#6532,#6533);
#5797=AXIS2_PLACEMENT_3D('',#10063,#6535,#6536);
#5798=AXIS2_PLACEMENT_3D('',#10064,#6537,#6538);
#5799=AXIS2_PLACEMENT_3D('',#10068,#6540,#6541);
#5800=AXIS2_PLACEMENT_3D('',#10070,#6543,#6544);
#5801=AXIS2_PLACEMENT_3D('',#10074,#6547,#6548);
#5802=AXIS2_PLACEMENT_3D('',#10077,#6550,#6551);
#5803=AXIS2_PLACEMENT_3D('',#10078,#6552,#6553);
#5804=AXIS2_PLACEMENT_3D('',#10082,#6555,#6556);
#5805=AXIS2_PLACEMENT_3D('',#10091,#6558,#6559);
#5806=AXIS2_PLACEMENT_3D('',#10095,#6562,#6563);
#5807=AXIS2_PLACEMENT_3D('',#10129,#6568,#6569);
#5808=AXIS2_PLACEMENT_3D('',#10136,#6570,#6571);
#5809=AXIS2_PLACEMENT_3D('',#10138,#6572,#6573);
#5810=AXIS2_PLACEMENT_3D('',#10139,#6574,#6575);
#5811=AXIS2_PLACEMENT_3D('',#10140,#6576,#6577);
#5812=AXIS2_PLACEMENT_3D('',#10142,#6578,#6579);
#5813=AXIS2_PLACEMENT_3D('',#10155,#6581,#6582);
#5814=AXIS2_PLACEMENT_3D('',#10156,#6583,#6584);
#5815=AXIS2_PLACEMENT_3D('',#10157,#6585,#6586);
#5816=AXIS2_PLACEMENT_3D('',#10158,#6587,#6588);
#5817=AXIS2_PLACEMENT_3D('',#10161,#6589,#6590);
#5818=AXIS2_PLACEMENT_3D('',#10175,#6593,#6594);
#5819=AXIS2_PLACEMENT_3D('',#10176,#6595,#6596);
#5820=AXIS2_PLACEMENT_3D('',#10177,#6597,#6598);
#5821=AXIS2_PLACEMENT_3D('',#10178,#6599,#6600);
#5822=AXIS2_PLACEMENT_3D('',#10181,#6601,#6602);
#5823=AXIS2_PLACEMENT_3D('',#10184,#6605,#6606);
#5824=AXIS2_PLACEMENT_3D('',#10187,#6607,#6608);
#5825=AXIS2_PLACEMENT_3D('',#10188,#6609,#6610);
#5826=AXIS2_PLACEMENT_3D('',#10189,#6611,#6612);
#5827=AXIS2_PLACEMENT_3D('',#10233,#6613,#6614);
#5828=AXIS2_PLACEMENT_3D('',#10236,#6617,#6618);
#5829=AXIS2_PLACEMENT_3D('',#10238,#6620,#6621);
#5830=AXIS2_PLACEMENT_3D('',#10240,#6623,#6624);
#5831=AXIS2_PLACEMENT_3D('',#10242,#6626,#6627);
#5832=AXIS2_PLACEMENT_3D('',#10269,#6628,#6629);
#5833=AXIS2_PLACEMENT_3D('',#10283,#6630,#6631);
#5834=AXIS2_PLACEMENT_3D('',#10286,#6632,#6633);
#5835=AXIS2_PLACEMENT_3D('',#10287,#6634,#6635);
#5836=AXIS2_PLACEMENT_3D('',#10288,#6636,#6637);
#5837=AXIS2_PLACEMENT_3D('',#10289,#6638,#6639);
#5838=AXIS2_PLACEMENT_3D('',#10291,#6640,#6641);
#5839=AXIS2_PLACEMENT_3D('',#10304,#6644,#6645);
#5840=AXIS2_PLACEMENT_3D('',#10305,#6646,#6647);
#5841=AXIS2_PLACEMENT_3D('',#10306,#6648,#6649);
#5842=AXIS2_PLACEMENT_3D('',#10308,#6650,#6651);
#5843=AXIS2_PLACEMENT_3D('',#10320,#6653,#6654);
#5844=AXIS2_PLACEMENT_3D('',#10321,#6655,#6656);
#5845=AXIS2_PLACEMENT_3D('',#10322,#6657,#6658);
#5846=AXIS2_PLACEMENT_3D('',#10324,#6659,#6660);
#5847=AXIS2_PLACEMENT_3D('',#10326,#6662,#6663);
#5848=AXIS2_PLACEMENT_3D('',#10328,#6664,#6665);
#5849=AXIS2_PLACEMENT_3D('',#10329,#6666,#6667);
#5850=AXIS2_PLACEMENT_3D('',#10366,#6668,#6669);
#5851=AXIS2_PLACEMENT_3D('',#10368,#6671,#6672);
#5852=AXIS2_PLACEMENT_3D('',#10370,#6674,#6675);
#5853=AXIS2_PLACEMENT_3D('',#10373,#6678,#6679);
#5854=AXIS2_PLACEMENT_3D('',#10374,#6680,#6681);
#5855=AXIS2_PLACEMENT_3D('',#10377,#6684,#6685);
#5856=AXIS2_PLACEMENT_3D('',#10421,#6686,#6687);
#5857=AXIS2_PLACEMENT_3D('',#10487,#6688,#6689);
#5858=AXIS2_PLACEMENT_3D('',#10510,#6690,#6691);
#5859=AXIS2_PLACEMENT_3D('',#10512,#6692,#6693);
#5860=AXIS2_PLACEMENT_3D('',#10525,#6696,#6697);
#5861=AXIS2_PLACEMENT_3D('',#10526,#6698,#6699);
#5862=AXIS2_PLACEMENT_3D('',#10527,#6700,#6701);
#5863=AXIS2_PLACEMENT_3D('',#10529,#6702,#6703);
#5864=AXIS2_PLACEMENT_3D('',#10541,#6705,#6706);
#5865=AXIS2_PLACEMENT_3D('',#10542,#6707,#6708);
#5866=AXIS2_PLACEMENT_3D('',#10543,#6709,#6710);
#5867=AXIS2_PLACEMENT_3D('',#10546,#6713,#6714);
#5868=AXIS2_PLACEMENT_3D('',#10549,#6715,#6716);
#5869=AXIS2_PLACEMENT_3D('',#10563,#6719,#6720);
#5870=AXIS2_PLACEMENT_3D('',#10564,#6721,#6722);
#5871=AXIS2_PLACEMENT_3D('',#10565,#6723,#6724);
#5872=AXIS2_PLACEMENT_3D('',#10566,#6725,#6726);
#5873=AXIS2_PLACEMENT_3D('',#10569,#6727,#6728);
#5874=AXIS2_PLACEMENT_3D('',#10583,#6731,#6732);
#5875=AXIS2_PLACEMENT_3D('',#10584,#6733,#6734);
#5876=AXIS2_PLACEMENT_3D('',#10585,#6735,#6736);
#5877=AXIS2_PLACEMENT_3D('',#10586,#6737,#6738);
#5878=AXIS2_PLACEMENT_3D('',#10589,#6741,#6742);
#5879=AXIS2_PLACEMENT_3D('',#10590,#6743,#6744);
#5880=AXIS2_PLACEMENT_3D('',#10592,#6745,#6746);
#5881=AXIS2_PLACEMENT_3D('',#10593,#6747,#6748);
#5882=AXIS2_PLACEMENT_3D('',#10594,#6749,#6750);
#5883=AXIS2_PLACEMENT_3D('',#10595,#6751,#6752);
#5884=AXIS2_PLACEMENT_3D('',#10596,#6753,#6754);
#5885=AXIS2_PLACEMENT_3D('',#10597,#6755,#6756);
#5886=AXIS2_PLACEMENT_3D('',#10600,#6759,#6760);
#5887=AXIS2_PLACEMENT_3D('',#10602,#6762,#6763);
#5888=AXIS2_PLACEMENT_3D('',#10604,#6765,#6766);
#5889=AXIS2_PLACEMENT_3D('',#10605,#6767,#6768);
#5890=AXIS2_PLACEMENT_3D('',#10606,#6769,#6770);
#5891=AXIS2_PLACEMENT_3D('',#10609,#6772,#6773);
#5892=AXIS2_PLACEMENT_3D('',#10610,#6774,#6775);
#5893=AXIS2_PLACEMENT_3D('',#10611,#6776,#6777);
#5894=AXIS2_PLACEMENT_3D('',#10612,#6778,#6779);
#5895=AXIS2_PLACEMENT_3D('',#10615,#6780,#6781);
#5896=AXIS2_PLACEMENT_3D('',#10619,#6783,#6784);
#5897=AXIS2_PLACEMENT_3D('',#10621,#6786,#6787);
#5898=AXIS2_PLACEMENT_3D('',#10624,#6788,#6789);
#5899=AXIS2_PLACEMENT_3D('',#10625,#6790,#6791);
#5900=AXIS2_PLACEMENT_3D('',#10626,#6792,#6793);
#5901=AXIS2_PLACEMENT_3D('',#10627,#6794,#6795);
#5902=AXIS2_PLACEMENT_3D('',#10630,#6796,#6797);
#5903=AXIS2_PLACEMENT_3D('',#10633,#6800,#6801);
#5904=AXIS2_PLACEMENT_3D('',#10636,#6802,#6803);
#5905=AXIS2_PLACEMENT_3D('',#10637,#6804,#6805);
#5906=AXIS2_PLACEMENT_3D('',#10638,#6806,#6807);
#5907=AXIS2_PLACEMENT_3D('',#10639,#6808,#6809);
#5908=AXIS2_PLACEMENT_3D('',#10642,#6810,#6811);
#5909=AXIS2_PLACEMENT_3D('',#10645,#6814,#6815);
#5910=AXIS2_PLACEMENT_3D('',#10648,#6816,#6817);
#5911=AXIS2_PLACEMENT_3D('',#10651,#6819,#6820);
#5912=AXIS2_PLACEMENT_3D('',#10653,#6822,#6823);
#5913=AXIS2_PLACEMENT_3D('',#10656,#6824,#6825);
#5914=AXIS2_PLACEMENT_3D('',#10657,#6826,#6827);
#5915=AXIS2_PLACEMENT_3D('',#10658,#6828,#6829);
#5916=AXIS2_PLACEMENT_3D('',#10659,#6830,#6831);
#5917=AXIS2_PLACEMENT_3D('',#10662,#6832,#6833);
#5918=AXIS2_PLACEMENT_3D('',#10665,#6836,#6837);
#5919=AXIS2_PLACEMENT_3D('',#10668,#6838,#6839);
#5920=AXIS2_PLACEMENT_3D('',#10669,#6840,#6841);
#5921=AXIS2_PLACEMENT_3D('',#10670,#6842,#6843);
#5922=AXIS2_PLACEMENT_3D('',#10671,#6844,#6845);
#5923=AXIS2_PLACEMENT_3D('',#10674,#6846,#6847);
#5924=AXIS2_PLACEMENT_3D('',#10677,#6850,#6851);
#5925=AXIS2_PLACEMENT_3D('',#10678,#6852,#6853);
#5926=AXIS2_PLACEMENT_3D('',#10679,#6854,#6855);
#5927=AXIS2_PLACEMENT_3D('',#10682,#6856,#6857);
#5928=AXIS2_PLACEMENT_3D('',#10685,#6859,#6860);
#5929=AXIS2_PLACEMENT_3D('',#10687,#6862,#6863);
#5930=AXIS2_PLACEMENT_3D('',#10690,#6864,#6865);
#5931=AXIS2_PLACEMENT_3D('',#10691,#6866,#6867);
#5932=AXIS2_PLACEMENT_3D('',#10692,#6868,#6869);
#5933=AXIS2_PLACEMENT_3D('',#10693,#6870,#6871);
#5934=AXIS2_PLACEMENT_3D('',#10696,#6872,#6873);
#5935=AXIS2_PLACEMENT_3D('',#10699,#6876,#6877);
#5936=AXIS2_PLACEMENT_3D('',#10702,#6878,#6879);
#5937=AXIS2_PLACEMENT_3D('',#10703,#6880,#6881);
#5938=AXIS2_PLACEMENT_3D('',#10704,#6882,#6883);
#5939=AXIS2_PLACEMENT_3D('',#10705,#6884,#6885);
#5940=AXIS2_PLACEMENT_3D('',#10708,#6886,#6887);
#5941=AXIS2_PLACEMENT_3D('',#10711,#6890,#6891);
#5942=AXIS2_PLACEMENT_3D('',#10712,#6892,#6893);
#5943=AXIS2_PLACEMENT_3D('',#10713,#6894,#6895);
#5944=AXIS2_PLACEMENT_3D('',#10716,#6896,#6897);
#5945=AXIS2_PLACEMENT_3D('',#10719,#6899,#6900);
#5946=AXIS2_PLACEMENT_3D('',#10721,#6902,#6903);
#5947=AXIS2_PLACEMENT_3D('',#10724,#6904,#6905);
#5948=AXIS2_PLACEMENT_3D('',#10725,#6906,#6907);
#5949=AXIS2_PLACEMENT_3D('',#10726,#6908,#6909);
#5950=AXIS2_PLACEMENT_3D('',#10727,#6910,#6911);
#5951=AXIS2_PLACEMENT_3D('',#10730,#6912,#6913);
#5952=AXIS2_PLACEMENT_3D('',#10733,#6916,#6917);
#5953=AXIS2_PLACEMENT_3D('',#10736,#6918,#6919);
#5954=AXIS2_PLACEMENT_3D('',#10737,#6920,#6921);
#5955=AXIS2_PLACEMENT_3D('',#10738,#6922,#6923);
#5956=AXIS2_PLACEMENT_3D('',#10739,#6924,#6925);
#5957=AXIS2_PLACEMENT_3D('',#10741,#6926,#6927);
#5958=AXIS2_PLACEMENT_3D('',#10744,#6930,#6931);
#5959=AXIS2_PLACEMENT_3D('',#10745,#6932,#6933);
#5960=AXIS2_PLACEMENT_3D('',#10746,#6934,#6935);
#5961=AXIS2_PLACEMENT_3D('',#10747,#6936,#6937);
#5962=AXIS2_PLACEMENT_3D('',#10748,#6938,#6939);
#5963=AXIS2_PLACEMENT_3D('',#10752,#6941,#6942);
#5964=AXIS2_PLACEMENT_3D('',#10754,#6944,#6945);
#5965=AXIS2_PLACEMENT_3D('',#10758,#6948,#6949);
#5966=AXIS2_PLACEMENT_3D('',#10761,#6951,#6952);
#5967=AXIS2_PLACEMENT_3D('',#10762,#6953,#6954);
#5968=AXIS2_PLACEMENT_3D('',#10766,#6957,#6958);
#5969=AXIS2_PLACEMENT_3D('',#10776,#6960,#6961);
#5970=AXIS2_PLACEMENT_3D('',#10777,#6962,#6963);
#5971=AXIS2_PLACEMENT_3D('',#10781,#6965,#6966);
#5972=AXIS2_PLACEMENT_3D('',#10783,#6968,#6969);
#5973=AXIS2_PLACEMENT_3D('',#10787,#6972,#6973);
#5974=AXIS2_PLACEMENT_3D('',#10790,#6975,#6976);
#5975=AXIS2_PLACEMENT_3D('',#10791,#6977,#6978);
#5976=AXIS2_PLACEMENT_3D('',#10795,#6980,#6981);
#5977=AXIS2_PLACEMENT_3D('',#10804,#6983,#6984);
#5978=AXIS2_PLACEMENT_3D('',#10808,#6987,#6988);
#5979=AXIS2_PLACEMENT_3D('',#10842,#6993,#6994);
#5980=AXIS2_PLACEMENT_3D('',#10849,#6995,#6996);
#5981=AXIS2_PLACEMENT_3D('',#10851,#6997,#6998);
#5982=AXIS2_PLACEMENT_3D('',#10852,#6999,#7000);
#5983=AXIS2_PLACEMENT_3D('',#10853,#7001,#7002);
#5984=AXIS2_PLACEMENT_3D('',#10855,#7003,#7004);
#5985=AXIS2_PLACEMENT_3D('',#10868,#7006,#7007);
#5986=AXIS2_PLACEMENT_3D('',#10869,#7008,#7009);
#5987=AXIS2_PLACEMENT_3D('',#10870,#7010,#7011);
#5988=AXIS2_PLACEMENT_3D('',#10871,#7012,#7013);
#5989=AXIS2_PLACEMENT_3D('',#10874,#7014,#7015);
#5990=AXIS2_PLACEMENT_3D('',#10888,#7018,#7019);
#5991=AXIS2_PLACEMENT_3D('',#10889,#7020,#7021);
#5992=AXIS2_PLACEMENT_3D('',#10890,#7022,#7023);
#5993=AXIS2_PLACEMENT_3D('',#10891,#7024,#7025);
#5994=AXIS2_PLACEMENT_3D('',#10894,#7026,#7027);
#5995=AXIS2_PLACEMENT_3D('',#10897,#7030,#7031);
#5996=AXIS2_PLACEMENT_3D('',#10900,#7032,#7033);
#5997=AXIS2_PLACEMENT_3D('',#10901,#7034,#7035);
#5998=AXIS2_PLACEMENT_3D('',#10902,#7036,#7037);
#5999=AXIS2_PLACEMENT_3D('',#10946,#7038,#7039);
#6000=AXIS2_PLACEMENT_3D('',#10949,#7042,#7043);
#6001=AXIS2_PLACEMENT_3D('',#10951,#7045,#7046);
#6002=AXIS2_PLACEMENT_3D('',#10953,#7048,#7049);
#6003=AXIS2_PLACEMENT_3D('',#10955,#7051,#7052);
#6004=AXIS2_PLACEMENT_3D('',#10982,#7053,#7054);
#6005=AXIS2_PLACEMENT_3D('',#10996,#7055,#7056);
#6006=AXIS2_PLACEMENT_3D('',#10999,#7057,#7058);
#6007=AXIS2_PLACEMENT_3D('',#11000,#7059,#7060);
#6008=AXIS2_PLACEMENT_3D('',#11001,#7061,#7062);
#6009=AXIS2_PLACEMENT_3D('',#11002,#7063,#7064);
#6010=AXIS2_PLACEMENT_3D('',#11004,#7065,#7066);
#6011=AXIS2_PLACEMENT_3D('',#11017,#7069,#7070);
#6012=AXIS2_PLACEMENT_3D('',#11018,#7071,#7072);
#6013=AXIS2_PLACEMENT_3D('',#11019,#7073,#7074);
#6014=AXIS2_PLACEMENT_3D('',#11021,#7075,#7076);
#6015=AXIS2_PLACEMENT_3D('',#11033,#7078,#7079);
#6016=AXIS2_PLACEMENT_3D('',#11034,#7080,#7081);
#6017=AXIS2_PLACEMENT_3D('',#11035,#7082,#7083);
#6018=AXIS2_PLACEMENT_3D('',#11037,#7084,#7085);
#6019=AXIS2_PLACEMENT_3D('',#11039,#7087,#7088);
#6020=AXIS2_PLACEMENT_3D('',#11041,#7089,#7090);
#6021=AXIS2_PLACEMENT_3D('',#11042,#7091,#7092);
#6022=AXIS2_PLACEMENT_3D('',#11079,#7093,#7094);
#6023=AXIS2_PLACEMENT_3D('',#11081,#7096,#7097);
#6024=AXIS2_PLACEMENT_3D('',#11083,#7099,#7100);
#6025=AXIS2_PLACEMENT_3D('',#11086,#7103,#7104);
#6026=AXIS2_PLACEMENT_3D('',#11087,#7105,#7106);
#6027=AXIS2_PLACEMENT_3D('',#11090,#7109,#7110);
#6028=AXIS2_PLACEMENT_3D('',#11134,#7111,#7112);
#6029=AXIS2_PLACEMENT_3D('',#11200,#7113,#7114);
#6030=AXIS2_PLACEMENT_3D('',#11223,#7115,#7116);
#6031=AXIS2_PLACEMENT_3D('',#11225,#7117,#7118);
#6032=AXIS2_PLACEMENT_3D('',#11238,#7121,#7122);
#6033=AXIS2_PLACEMENT_3D('',#11239,#7123,#7124);
#6034=AXIS2_PLACEMENT_3D('',#11240,#7125,#7126);
#6035=AXIS2_PLACEMENT_3D('',#11242,#7127,#7128);
#6036=AXIS2_PLACEMENT_3D('',#11254,#7130,#7131);
#6037=AXIS2_PLACEMENT_3D('',#11255,#7132,#7133);
#6038=AXIS2_PLACEMENT_3D('',#11256,#7134,#7135);
#6039=AXIS2_PLACEMENT_3D('',#11259,#7138,#7139);
#6040=AXIS2_PLACEMENT_3D('',#11262,#7140,#7141);
#6041=AXIS2_PLACEMENT_3D('',#11276,#7144,#7145);
#6042=AXIS2_PLACEMENT_3D('',#11277,#7146,#7147);
#6043=AXIS2_PLACEMENT_3D('',#11278,#7148,#7149);
#6044=AXIS2_PLACEMENT_3D('',#11279,#7150,#7151);
#6045=AXIS2_PLACEMENT_3D('',#11282,#7152,#7153);
#6046=AXIS2_PLACEMENT_3D('',#11296,#7156,#7157);
#6047=AXIS2_PLACEMENT_3D('',#11297,#7158,#7159);
#6048=AXIS2_PLACEMENT_3D('',#11298,#7160,#7161);
#6049=AXIS2_PLACEMENT_3D('',#11299,#7162,#7163);
#6050=AXIS2_PLACEMENT_3D('',#11302,#7166,#7167);
#6051=AXIS2_PLACEMENT_3D('',#11303,#7168,#7169);
#6052=AXIS2_PLACEMENT_3D('',#11305,#7170,#7171);
#6053=AXIS2_PLACEMENT_3D('',#11306,#7172,#7173);
#6054=AXIS2_PLACEMENT_3D('',#11307,#7174,#7175);
#6055=AXIS2_PLACEMENT_3D('',#11308,#7176,#7177);
#6056=AXIS2_PLACEMENT_3D('',#11309,#7178,#7179);
#6057=AXIS2_PLACEMENT_3D('',#11310,#7180,#7181);
#6058=AXIS2_PLACEMENT_3D('',#11313,#7184,#7185);
#6059=AXIS2_PLACEMENT_3D('',#11315,#7187,#7188);
#6060=AXIS2_PLACEMENT_3D('',#11317,#7190,#7191);
#6061=AXIS2_PLACEMENT_3D('',#11318,#7192,#7193);
#6062=AXIS2_PLACEMENT_3D('',#11319,#7194,#7195);
#6063=AXIS2_PLACEMENT_3D('',#11320,#7196,#7197);
#6064=AXIS2_PLACEMENT_3D('',#11323,#7199,#7200);
#6065=AXIS2_PLACEMENT_3D('',#11324,#7201,#7202);
#6066=AXIS2_PLACEMENT_3D('',#11325,#7203,#7204);
#6067=AXIS2_PLACEMENT_3D('',#11326,#7205,#7206);
#6068=AXIS2_PLACEMENT_3D('',#11327,#7207,#7208);
#6069=AXIS2_PLACEMENT_3D('',#11330,#7209,#7210);
#6070=AXIS2_PLACEMENT_3D('',#11334,#7212,#7213);
#6071=AXIS2_PLACEMENT_3D('',#11336,#7215,#7216);
#6072=AXIS2_PLACEMENT_3D('',#11342,#7220,#7221);
#6073=AXIS2_PLACEMENT_3D('',#11350,#7225,#7226);
#6074=AXIS2_PLACEMENT_3D('',#11354,#7228,#7229);
#6075=AXIS2_PLACEMENT_3D('',#11358,#7231,#7232);
#6076=AXIS2_PLACEMENT_3D('',#11362,#7234,#7235);
#6077=AXIS2_PLACEMENT_3D('',#11368,#7238,#7239);
#6078=AXIS2_PLACEMENT_3D('',#11372,#7241,#7242);
#6079=AXIS2_PLACEMENT_3D('',#11376,#7244,#7245);
#6080=AXIS2_PLACEMENT_3D('',#11380,#7247,#7248);
#6081=AXIS2_PLACEMENT_3D('',#11390,#7253,#7254);
#6082=AXIS2_PLACEMENT_3D('',#11394,#7256,#7257);
#6083=AXIS2_PLACEMENT_3D('',#11400,#7260,#7261);
#6084=AXIS2_PLACEMENT_3D('',#11404,#7263,#7264);
#6085=AXIS2_PLACEMENT_3D('',#11408,#7266,#7267);
#6086=AXIS2_PLACEMENT_3D('',#11412,#7269,#7270);
#6087=AXIS2_PLACEMENT_3D('',#11416,#7272,#7273);
#6088=AXIS2_PLACEMENT_3D('',#11420,#7275,#7276);
#6089=AXIS2_PLACEMENT_3D('',#11424,#7278,#7279);
#6090=AXIS2_PLACEMENT_3D('',#11428,#7281,#7282);
#6091=AXIS2_PLACEMENT_3D('',#11432,#7284,#7285);
#6092=AXIS2_PLACEMENT_3D('',#11436,#7287,#7288);
#6093=AXIS2_PLACEMENT_3D('',#11440,#7290,#7291);
#6094=AXIS2_PLACEMENT_3D('',#11444,#7293,#7294);
#6095=AXIS2_PLACEMENT_3D('',#11448,#7296,#7297);
#6096=AXIS2_PLACEMENT_3D('',#11452,#7299,#7300);
#6097=AXIS2_PLACEMENT_3D('',#11458,#7303,#7304);
#6098=AXIS2_PLACEMENT_3D('',#11462,#7306,#7307);
#6099=AXIS2_PLACEMENT_3D('',#11472,#7312,#7313);
#6100=AXIS2_PLACEMENT_3D('',#11476,#7315,#7316);
#6101=AXIS2_PLACEMENT_3D('',#11480,#7318,#7319);
#6102=AXIS2_PLACEMENT_3D('',#11484,#7321,#7322);
#6103=AXIS2_PLACEMENT_3D('',#11490,#7325,#7326);
#6104=AXIS2_PLACEMENT_3D('',#11494,#7328,#7329);
#6105=AXIS2_PLACEMENT_3D('',#11498,#7331,#7332);
#6106=AXIS2_PLACEMENT_3D('',#11502,#7334,#7335);
#6107=AXIS2_PLACEMENT_3D('',#11510,#7339,#7340);
#6108=AXIS2_PLACEMENT_3D('',#11514,#7342,#7343);
#6109=AXIS2_PLACEMENT_3D('',#11517,#7345,#7346);
#6110=AXIS2_PLACEMENT_3D('',#11521,#7348,#7349);
#6111=AXIS2_PLACEMENT_3D('',#11525,#7351,#7352);
#6112=AXIS2_PLACEMENT_3D('',#11539,#7359,#7360);
#6113=AXIS2_PLACEMENT_3D('',#11543,#7362,#7363);
#6114=AXIS2_PLACEMENT_3D('',#11546,#7365,#7366);
#6115=AXIS2_PLACEMENT_3D('',#11549,#7368,#7369);
#6116=AXIS2_PLACEMENT_3D('',#11560,#7374,#7375);
#6117=AXIS2_PLACEMENT_3D('',#11570,#7380,#7381);
#6118=AXIS2_PLACEMENT_3D('',#11586,#7390,#7391);
#6119=AXIS2_PLACEMENT_3D('',#11589,#7392,#7393);
#6120=AXIS2_PLACEMENT_3D('',#11592,#7396,#7397);
#6121=AXIS2_PLACEMENT_3D('',#11596,#7400,#7401);
#6122=AXIS2_PLACEMENT_3D('',#11598,#7402,#7403);
#6123=AXIS2_PLACEMENT_3D('',#11601,#7405,#7406);
#6124=AXIS2_PLACEMENT_3D('',#11605,#7408,#7409);
#6125=AXIS2_PLACEMENT_3D('',#11609,#7411,#7412);
#6126=AXIS2_PLACEMENT_3D('',#11623,#7419,#7420);
#6127=AXIS2_PLACEMENT_3D('',#11627,#7422,#7423);
#6128=AXIS2_PLACEMENT_3D('',#11630,#7425,#7426);
#6129=AXIS2_PLACEMENT_3D('',#11633,#7428,#7429);
#6130=AXIS2_PLACEMENT_3D('',#11641,#7433,#7434);
#6131=AXIS2_PLACEMENT_3D('',#11645,#7436,#7437);
#6132=AXIS2_PLACEMENT_3D('',#11649,#7439,#7440);
#6133=AXIS2_PLACEMENT_3D('',#11653,#7442,#7443);
#6134=AXIS2_PLACEMENT_3D('',#11659,#7446,#7447);
#6135=AXIS2_PLACEMENT_3D('',#11663,#7449,#7450);
#6136=AXIS2_PLACEMENT_3D('',#11667,#7452,#7453);
#6137=AXIS2_PLACEMENT_3D('',#11671,#7455,#7456);
#6138=AXIS2_PLACEMENT_3D('',#11681,#7461,#7462);
#6139=AXIS2_PLACEMENT_3D('',#11685,#7464,#7465);
#6140=AXIS2_PLACEMENT_3D('',#11691,#7468,#7469);
#6141=AXIS2_PLACEMENT_3D('',#11695,#7471,#7472);
#6142=AXIS2_PLACEMENT_3D('',#11699,#7474,#7475);
#6143=AXIS2_PLACEMENT_3D('',#11703,#7477,#7478);
#6144=AXIS2_PLACEMENT_3D('',#11707,#7480,#7481);
#6145=AXIS2_PLACEMENT_3D('',#11711,#7483,#7484);
#6146=AXIS2_PLACEMENT_3D('',#11715,#7486,#7487);
#6147=AXIS2_PLACEMENT_3D('',#11719,#7489,#7490);
#6148=AXIS2_PLACEMENT_3D('',#11723,#7492,#7493);
#6149=AXIS2_PLACEMENT_3D('',#11727,#7495,#7496);
#6150=AXIS2_PLACEMENT_3D('',#11731,#7498,#7499);
#6151=AXIS2_PLACEMENT_3D('',#11735,#7501,#7502);
#6152=AXIS2_PLACEMENT_3D('',#11739,#7504,#7505);
#6153=AXIS2_PLACEMENT_3D('',#11743,#7507,#7508);
#6154=AXIS2_PLACEMENT_3D('',#11749,#7511,#7512);
#6155=AXIS2_PLACEMENT_3D('',#11753,#7514,#7515);
#6156=AXIS2_PLACEMENT_3D('',#11763,#7520,#7521);
#6157=AXIS2_PLACEMENT_3D('',#11767,#7523,#7524);
#6158=AXIS2_PLACEMENT_3D('',#11771,#7526,#7527);
#6159=AXIS2_PLACEMENT_3D('',#11775,#7529,#7530);
#6160=AXIS2_PLACEMENT_3D('',#11781,#7533,#7534);
#6161=AXIS2_PLACEMENT_3D('',#11785,#7536,#7537);
#6162=AXIS2_PLACEMENT_3D('',#11789,#7539,#7540);
#6163=AXIS2_PLACEMENT_3D('',#11793,#7542,#7543);
#6164=AXIS2_PLACEMENT_3D('',#11801,#7547,#7548);
#6165=AXIS2_PLACEMENT_3D('',#11811,#7553,#7554);
#6166=AXIS2_PLACEMENT_3D('',#11835,#7567,#7568);
#6167=AXIS2_PLACEMENT_3D('',#11837,#7570,#7571);
#6168=AXIS2_PLACEMENT_3D('',#11840,#7574,#7575);
#6169=AXIS2_PLACEMENT_3D('',#11843,#7578,#7579);
#6170=AXIS2_PLACEMENT_3D('',#11845,#7581,#7582);
#6171=AXIS2_PLACEMENT_3D('',#11846,#7583,#7584);
#6172=AXIS2_PLACEMENT_3D('',#11848,#7586,#7587);
#6173=AXIS2_PLACEMENT_3D('',#11851,#7590,#7591);
#6174=AXIS2_PLACEMENT_3D('',#11853,#7593,#7594);
#6175=AXIS2_PLACEMENT_3D('',#11855,#7596,#7597);
#6176=AXIS2_PLACEMENT_3D('',#11857,#7599,#7600);
#6177=AXIS2_PLACEMENT_3D('',#11858,#7601,#7602);
#6178=AXIS2_PLACEMENT_3D('',#11860,#7604,#7605);
#6179=AXIS2_PLACEMENT_3D('',#11862,#7607,#7608);
#6180=AXIS2_PLACEMENT_3D('',#11864,#7610,#7611);
#6181=AXIS2_PLACEMENT_3D('',#11865,#7612,#7613);
#6182=AXIS2_PLACEMENT_3D('',#11866,#7614,#7615);
#6183=AXIS2_PLACEMENT_3D('',#11868,#7617,#7618);
#6184=AXIS2_PLACEMENT_3D('',#11869,#7619,#7620);
#6185=AXIS2_PLACEMENT_3D('',#11871,#7622,#7623);
#6186=AXIS2_PLACEMENT_3D('',#11874,#7626,#7627);
#6187=AXIS2_PLACEMENT_3D('',#11876,#7629,#7630);
#6188=AXIS2_PLACEMENT_3D('',#11878,#7632,#7633);
#6189=AXIS2_PLACEMENT_3D('',#11881,#7636,#7637);
#6190=AXIS2_PLACEMENT_3D('',#11883,#7639,#7640);
#6191=AXIS2_PLACEMENT_3D('',#11885,#7642,#7643);
#6192=AXIS2_PLACEMENT_3D('',#11887,#7645,#7646);
#6193=AXIS2_PLACEMENT_3D('',#11888,#7647,#7648);
#6194=AXIS2_PLACEMENT_3D('',#11891,#7651,#7652);
#6195=AXIS2_PLACEMENT_3D('',#11893,#7654,#7655);
#6196=AXIS2_PLACEMENT_3D('',#11895,#7657,#7658);
#6197=AXIS2_PLACEMENT_3D('',#11898,#7661,#7662);
#6198=AXIS2_PLACEMENT_3D('',#11900,#7664,#7665);
#6199=AXIS2_PLACEMENT_3D('',#11903,#7668,#7669);
#6200=AXIS2_PLACEMENT_3D('',#11906,#7672,#7673);
#6201=AXIS2_PLACEMENT_3D('',#11908,#7675,#7676);
#6202=AXIS2_PLACEMENT_3D('',#11910,#7678,#7679);
#6203=AXIS2_PLACEMENT_3D('',#11913,#7682,#7683);
#6204=AXIS2_PLACEMENT_3D('',#11915,#7685,#7686);
#6205=AXIS2_PLACEMENT_3D('',#11917,#7688,#7689);
#6206=AXIS2_PLACEMENT_3D('',#11919,#7691,#7692);
#6207=AXIS2_PLACEMENT_3D('',#11920,#7693,#7694);
#6208=AXIS2_PLACEMENT_3D('',#11923,#7697,#7698);
#6209=AXIS2_PLACEMENT_3D('',#11925,#7700,#7701);
#6210=AXIS2_PLACEMENT_3D('',#11927,#7703,#7704);
#6211=AXIS2_PLACEMENT_3D('',#11928,#7705,#7706);
#6212=AXIS2_PLACEMENT_3D('',#11930,#7708,#7709);
#6213=AXIS2_PLACEMENT_3D('',#11932,#7711,#7712);
#6214=AXIS2_PLACEMENT_3D('',#11934,#7714,#7715);
#6215=AXIS2_PLACEMENT_3D('',#11936,#7717,#7718);
#6216=AXIS2_PLACEMENT_3D('',#11937,#7719,#7720);
#6217=AXIS2_PLACEMENT_3D('',#11939,#7722,#7723);
#6218=AXIS2_PLACEMENT_3D('',#11941,#7725,#7726);
#6219=AXIS2_PLACEMENT_3D('',#11943,#7728,#7729);
#6220=AXIS2_PLACEMENT_3D('',#11945,#7731,#7732);
#6221=AXIS2_PLACEMENT_3D('',#11947,#7734,#7735);
#6222=AXIS2_PLACEMENT_3D('',#11949,#7737,#7738);
#6223=AXIS2_PLACEMENT_3D('',#11950,#7739,#7740);
#6224=AXIS2_PLACEMENT_3D('',#11951,#7741,#7742);
#6225=AXIS2_PLACEMENT_3D('',#11952,#7743,#7744);
#6226=AXIS2_PLACEMENT_3D('',#11955,#7747,#7748);
#6227=AXIS2_PLACEMENT_3D('',#11957,#7750,#7751);
#6228=AXIS2_PLACEMENT_3D('',#11959,#7753,#7754);
#6229=AXIS2_PLACEMENT_3D('',#11961,#7756,#7757);
#6230=AXIS2_PLACEMENT_3D('',#11963,#7759,#7760);
#6231=AXIS2_PLACEMENT_3D('',#11965,#7762,#7763);
#6232=AXIS2_PLACEMENT_3D('',#11967,#7765,#7766);
#6233=AXIS2_PLACEMENT_3D('',#11970,#7769,#7770);
#6234=AXIS2_PLACEMENT_3D('',#11972,#7772,#7773);
#6235=AXIS2_PLACEMENT_3D('',#11974,#7775,#7776);
#6236=AXIS2_PLACEMENT_3D('',#11976,#7778,#7779);
#6237=AXIS2_PLACEMENT_3D('',#11978,#7781,#7782);
#6238=AXIS2_PLACEMENT_3D('',#11980,#7784,#7785);
#6239=AXIS2_PLACEMENT_3D('',#11982,#7787,#7788);
#6240=AXIS2_PLACEMENT_3D('',#11984,#7790,#7791);
#6241=AXIS2_PLACEMENT_3D('',#11986,#7793,#7794);
#6242=AXIS2_PLACEMENT_3D('',#11988,#7796,#7797);
#6243=AXIS2_PLACEMENT_3D('',#11990,#7799,#7800);
#6244=AXIS2_PLACEMENT_3D('',#11991,#7801,#7802);
#6245=AXIS2_PLACEMENT_3D('',#11993,#7804,#7805);
#6246=AXIS2_PLACEMENT_3D('',#11995,#7807,#7808);
#6247=AXIS2_PLACEMENT_3D('',#11997,#7810,#7811);
#6248=AXIS2_PLACEMENT_3D('',#11999,#7813,#7814);
#6249=AXIS2_PLACEMENT_3D('',#12001,#7816,#7817);
#6250=AXIS2_PLACEMENT_3D('',#12004,#7820,#7821);
#6251=AXIS2_PLACEMENT_3D('',#12006,#7823,#7824);
#6252=AXIS2_PLACEMENT_3D('',#12008,#7826,#7827);
#6253=AXIS2_PLACEMENT_3D('',#12010,#7829,#7830);
#6254=AXIS2_PLACEMENT_3D('',#12012,#7832,#7833);
#6255=AXIS2_PLACEMENT_3D('',#12015,#7836,#7837);
#6256=AXIS2_PLACEMENT_3D('',#12017,#7839,#7840);
#6257=AXIS2_PLACEMENT_3D('',#12020,#7843,#7844);
#6258=AXIS2_PLACEMENT_3D('',#12022,#7846,#7847);
#6259=AXIS2_PLACEMENT_3D('',#12024,#7849,#7850);
#6260=AXIS2_PLACEMENT_3D('',#12026,#7852,#7853);
#6261=AXIS2_PLACEMENT_3D('',#12028,#7855,#7856);
#6262=AXIS2_PLACEMENT_3D('',#12031,#7859,#7860);
#6263=AXIS2_PLACEMENT_3D('',#12033,#7862,#7863);
#6264=AXIS2_PLACEMENT_3D('',#12035,#7865,#7866);
#6265=AXIS2_PLACEMENT_3D('',#12037,#7868,#7869);
#6266=AXIS2_PLACEMENT_3D('',#12038,#7870,#7871);
#6267=AXIS2_PLACEMENT_3D('',#12040,#7873,#7874);
#6268=AXIS2_PLACEMENT_3D('',#12042,#7876,#7877);
#6269=AXIS2_PLACEMENT_3D('',#12044,#7879,#7880);
#6270=AXIS2_PLACEMENT_3D('',#12045,#7881,#7882);
#6271=AXIS2_PLACEMENT_3D('',#12048,#7885,#7886);
#6272=AXIS2_PLACEMENT_3D('',#12050,#7888,#7889);
#6273=AXIS2_PLACEMENT_3D('',#12052,#7891,#7892);
#6274=AXIS2_PLACEMENT_3D('',#12054,#7894,#7895);
#6275=AXIS2_PLACEMENT_3D('',#12055,#7896,#7897);
#6276=AXIS2_PLACEMENT_3D('',#12057,#7899,#7900);
#6277=AXIS2_PLACEMENT_3D('',#12059,#7902,#7903);
#6278=AXIS2_PLACEMENT_3D('',#12060,#7904,#7905);
#6279=AXIS2_PLACEMENT_3D('',#12062,#7907,#7908);
#6280=AXIS2_PLACEMENT_3D('',#12063,#7909,#7910);
#6281=AXIS2_PLACEMENT_3D('',#12064,#7911,#7912);
#6282=AXIS2_PLACEMENT_3D('',#12065,#7913,#7914);
#6283=AXIS2_PLACEMENT_3D('',#12067,#7916,#7917);
#6284=AXIS2_PLACEMENT_3D('',#12069,#7919,#7920);
#6285=AXIS2_PLACEMENT_3D('',#12070,#7921,#7922);
#6286=AXIS2_PLACEMENT_3D('',#12072,#7924,#7925);
#6287=DIRECTION('axis',(0.,0.,1.));
#6288=DIRECTION('refdir',(1.,0.,0.));
#6289=DIRECTION('',(1.,-1.48029736616687E-15,0.));
#6290=DIRECTION('center_axis',(-1.,0.,0.));
#6291=DIRECTION('ref_axis',(0.,0.,-1.));
#6292=DIRECTION('center_axis',(1.,0.,0.));
#6293=DIRECTION('ref_axis',(0.,-1.,0.));
#6294=DIRECTION('',(1.,-1.48029736616687E-15,0.));
#6295=DIRECTION('center_axis',(1.,0.,0.));
#6296=DIRECTION('ref_axis',(0.,-1.,0.));
#6297=DIRECTION('center_axis',(-0.636459112395467,0.771310442201306,0.));
#6298=DIRECTION('ref_axis',(0.,0.,1.));
#6299=DIRECTION('center_axis',(-0.636459112395467,0.771310442201306,0.));
#6300=DIRECTION('ref_axis',(0.,0.,1.));
#6301=DIRECTION('center_axis',(0.636459112395456,0.771310442201315,1.41322312162785E-14));
#6302=DIRECTION('ref_axis',(-0.771310442201315,0.636459112395456,0.));
#6303=DIRECTION('center_axis',(0.636459112395456,0.771310442201315,1.41322312162785E-14));
#6304=DIRECTION('ref_axis',(-0.771310442201315,0.636459112395456,0.));
#6305=DIRECTION('',(-1.,-1.48029736616687E-15,0.));
#6306=DIRECTION('center_axis',(1.,0.,0.));
#6307=DIRECTION('ref_axis',(0.,0.,-1.));
#6308=DIRECTION('center_axis',(-1.,0.,0.));
#6309=DIRECTION('ref_axis',(0.,1.,0.));
#6310=DIRECTION('',(-1.,-1.48029736616687E-15,0.));
#6311=DIRECTION('center_axis',(-1.,0.,0.));
#6312=DIRECTION('ref_axis',(0.,1.,0.));
#6313=DIRECTION('center_axis',(0.636459112395467,-0.771310442201306,0.));
#6314=DIRECTION('ref_axis',(0.,0.,1.));
#6315=DIRECTION('center_axis',(0.636459112395467,-0.771310442201306,0.));
#6316=DIRECTION('ref_axis',(0.,0.,1.));
#6317=DIRECTION('center_axis',(-0.636459112395392,-0.771310442201368,9.67705913978157E-14));
#6318=DIRECTION('ref_axis',(0.771310442201368,-0.636459112395392,0.));
#6319=DIRECTION('center_axis',(-0.636459112395392,-0.771310442201368,9.67705913978157E-14));
#6320=DIRECTION('ref_axis',(0.771310442201368,-0.636459112395392,0.));
#6321=DIRECTION('',(1.,0.,0.));
#6322=DIRECTION('center_axis',(-1.,0.,0.));
#6323=DIRECTION('ref_axis',(0.,0.,-1.));
#6324=DIRECTION('center_axis',(1.,0.,0.));
#6325=DIRECTION('ref_axis',(0.,-1.,0.));
#6326=DIRECTION('',(1.,0.,0.));
#6327=DIRECTION('center_axis',(1.,0.,0.));
#6328=DIRECTION('ref_axis',(0.,-1.,0.));
#6329=DIRECTION('center_axis',(-0.636459112395467,0.771310442201306,0.));
#6330=DIRECTION('ref_axis',(0.,0.,1.));
#6331=DIRECTION('center_axis',(-0.636459112395467,0.771310442201306,0.));
#6332=DIRECTION('ref_axis',(0.,0.,1.));
#6333=DIRECTION('center_axis',(0.636459112395445,0.771310442201324,2.82644624325565E-14));
#6334=DIRECTION('ref_axis',(-0.771310442201324,0.636459112395445,0.));
#6335=DIRECTION('center_axis',(0.636459112395445,0.771310442201324,2.82644624325565E-14));
#6336=DIRECTION('ref_axis',(-0.771310442201324,0.636459112395445,0.));
#6337=DIRECTION('',(-1.,0.,0.));
#6338=DIRECTION('center_axis',(1.,0.,0.));
#6339=DIRECTION('ref_axis',(0.,0.,-1.));
#6340=DIRECTION('center_axis',(-1.,0.,0.));
#6341=DIRECTION('ref_axis',(0.,1.,0.));
#6342=DIRECTION('',(-1.,0.,0.));
#6343=DIRECTION('center_axis',(-1.,0.,0.));
#6344=DIRECTION('ref_axis',(0.,1.,0.));
#6345=DIRECTION('center_axis',(0.636459112395381,-0.771310442201377,0.));
#6346=DIRECTION('ref_axis',(0.,0.,1.));
#6347=DIRECTION('center_axis',(0.636459112395381,-0.771310442201377,0.));
#6348=DIRECTION('ref_axis',(0.,0.,1.));
#6349=DIRECTION('center_axis',(-0.636459112395392,-0.771310442201368,-1.41322312162771E-14));
#6350=DIRECTION('ref_axis',(0.771310442201368,-0.636459112395392,0.));
#6351=DIRECTION('center_axis',(-0.636459112395392,-0.771310442201368,-1.41322312162771E-14));
#6352=DIRECTION('ref_axis',(0.771310442201368,-0.636459112395392,0.));
#6353=DIRECTION('center_axis',(-1.,0.,0.));
#6354=DIRECTION('ref_axis',(0.,0.70710678118654,0.707106781186555));
#6355=DIRECTION('center_axis',(-1.,0.,0.));
#6356=DIRECTION('ref_axis',(0.,0.,1.));
#6357=DIRECTION('',(-1.,0.,0.));
#6358=DIRECTION('center_axis',(1.,0.,0.));
#6359=DIRECTION('ref_axis',(0.,1.,0.));
#6360=DIRECTION('',(1.,0.,0.));
#6361=DIRECTION('center_axis',(0.,1.71071244281819E-16,1.));
#6362=DIRECTION('ref_axis',(1.,0.,0.));
#6363=DIRECTION('center_axis',(0.,-1.,0.));
#6364=DIRECTION('ref_axis',(0.,0.,1.));
#6365=DIRECTION('center_axis',(0.,-1.71071244281819E-16,-1.));
#6366=DIRECTION('ref_axis',(0.707106781186553,-0.707106781186542,1.73472347597684E-16));
#6367=DIRECTION('center_axis',(0.,1.71071244281819E-16,1.));
#6368=DIRECTION('ref_axis',(0.707106781186553,-0.707106781186542,1.20965636897693E-16));
#6369=DIRECTION('center_axis',(0.,-1.,1.71071244281819E-16));
#6370=DIRECTION('ref_axis',(-0.707106781186548,0.,0.707106781186548));
#6371=DIRECTION('center_axis',(0.,-1.,0.));
#6372=DIRECTION('ref_axis',(0.,0.,1.));
#6373=DIRECTION('',(0.,-1.,1.71071244281819E-16));
#6374=DIRECTION('',(0.,1.,-1.71071244281819E-16));
#6375=DIRECTION('center_axis',(0.,1.71071244281819E-16,1.));
#6376=DIRECTION('ref_axis',(1.,0.,0.));
#6377=DIRECTION('center_axis',(1.,0.,0.));
#6378=DIRECTION('ref_axis',(0.,0.,1.));
#6379=DIRECTION('center_axis',(0.,-1.71071244281819E-16,-1.));
#6380=DIRECTION('ref_axis',(0.707106781186553,0.707106781186542,-1.73472347597684E-16));
#6381=DIRECTION('center_axis',(0.,1.71071244281819E-16,1.));
#6382=DIRECTION('ref_axis',(0.707106781186553,0.707106781186542,-1.20965636897693E-16));
#6383=DIRECTION('center_axis',(1.,0.,0.));
#6384=DIRECTION('ref_axis',(0.,-0.70710678118654,0.707106781186555));
#6385=DIRECTION('center_axis',(1.,0.,0.));
#6386=DIRECTION('ref_axis',(0.,0.,1.));
#6387=DIRECTION('',(1.,0.,0.));
#6388=DIRECTION('',(-1.,0.,0.));
#6389=DIRECTION('center_axis',(0.,-1.,1.71071244281819E-16));
#6390=DIRECTION('ref_axis',(-0.707106781186548,0.,0.707106781186548));
#6391=DIRECTION('center_axis',(0.,-1.,0.));
#6392=DIRECTION('ref_axis',(0.,0.,1.));
#6393=DIRECTION('',(0.,-1.,1.71071244281819E-16));
#6394=DIRECTION('center_axis',(0.,1.,0.));
#6395=DIRECTION('ref_axis',(-1.,0.,0.));
#6396=DIRECTION('',(0.,1.,-1.71071244281819E-16));
#6397=DIRECTION('center_axis',(0.,1.71071244281819E-16,1.));
#6398=DIRECTION('ref_axis',(1.,0.,0.));
#6399=DIRECTION('center_axis',(1.,0.,0.));
#6400=DIRECTION('ref_axis',(0.,0.,1.));
#6401=DIRECTION('center_axis',(0.,-1.71071244281819E-16,-1.));
#6402=DIRECTION('ref_axis',(0.707106781186553,0.707106781186542,-1.73472347597684E-16));
#6403=DIRECTION('center_axis',(0.,1.71071244281819E-16,1.));
#6404=DIRECTION('ref_axis',(0.707106781186553,0.707106781186542,-1.20965636897693E-16));
#6405=DIRECTION('center_axis',(1.,0.,0.));
#6406=DIRECTION('ref_axis',(0.,-0.70710678118654,0.707106781186555));
#6407=DIRECTION('center_axis',(1.,0.,0.));
#6408=DIRECTION('ref_axis',(0.,0.,1.));
#6409=DIRECTION('',(1.,0.,0.));
#6410=DIRECTION('',(-1.,0.,0.));
#6411=DIRECTION('center_axis',(0.,1.71071244281819E-16,1.));
#6412=DIRECTION('ref_axis',(1.,0.,0.));
#6413=DIRECTION('center_axis',(0.,1.,0.));
#6414=DIRECTION('ref_axis',(0.,0.,1.));
#6415=DIRECTION('center_axis',(0.,-1.71071244281819E-16,-1.));
#6416=DIRECTION('ref_axis',(-0.707106781186553,0.707106781186542,-1.73472347597684E-16));
#6417=DIRECTION('center_axis',(0.,1.71071244281819E-16,1.));
#6418=DIRECTION('ref_axis',(-0.707106781186553,0.707106781186542,-1.20965636897693E-16));
#6419=DIRECTION('center_axis',(7.40148683083438E-16,1.,-1.71071244281819E-16));
#6420=DIRECTION('ref_axis',(0.707106781186548,0.,0.707106781186548));
#6421=DIRECTION('center_axis',(0.,1.,0.));
#6422=DIRECTION('ref_axis',(0.,0.,1.));
#6423=DIRECTION('',(7.40148683083438E-16,1.,-1.71071244281819E-16));
#6424=DIRECTION('',(-7.40148683083438E-16,-1.,1.71071244281819E-16));
#6425=DIRECTION('center_axis',(0.408248290463814,-0.81649658092777,-0.408248290463823));
#6426=DIRECTION('ref_axis',(-0.577350269189652,-0.577350269189564,0.577350269189661));
#6427=DIRECTION('center_axis',(0.,0.,1.));
#6428=DIRECTION('ref_axis',(-0.707106781186559,-0.707106781186536,0.));
#6429=DIRECTION('center_axis',(1.,0.,0.));
#6430=DIRECTION('ref_axis',(0.,-0.70710678118654,0.707106781186555));
#6431=DIRECTION('center_axis',(1.,0.,0.));
#6432=DIRECTION('ref_axis',(0.,0.,1.));
#6433=DIRECTION('',(1.,0.,0.));
#6434=DIRECTION('center_axis',(-1.,0.,0.));
#6435=DIRECTION('ref_axis',(0.,-1.,0.));
#6436=DIRECTION('',(-1.,0.,0.));
#6437=DIRECTION('center_axis',(0.,1.71071244281819E-16,1.));
#6438=DIRECTION('ref_axis',(1.,0.,0.));
#6439=DIRECTION('center_axis',(0.,1.,0.));
#6440=DIRECTION('ref_axis',(0.,0.,1.));
#6441=DIRECTION('center_axis',(0.,-1.71071244281819E-16,-1.));
#6442=DIRECTION('ref_axis',(-0.707106781186553,0.707106781186542,-1.73472347597684E-16));
#6443=DIRECTION('center_axis',(0.,1.71071244281819E-16,1.));
#6444=DIRECTION('ref_axis',(-0.707106781186553,0.707106781186542,-1.20965636897693E-16));
#6445=DIRECTION('center_axis',(0.,1.,-1.71071244281819E-16));
#6446=DIRECTION('ref_axis',(0.707106781186548,0.,0.707106781186548));
#6447=DIRECTION('center_axis',(0.,1.,0.));
#6448=DIRECTION('ref_axis',(0.,0.,1.));
#6449=DIRECTION('',(0.,1.,-1.71071244281819E-16));
#6450=DIRECTION('',(0.,-1.,1.71071244281819E-16));
#6451=DIRECTION('center_axis',(0.,1.71071244281819E-16,1.));
#6452=DIRECTION('ref_axis',(1.,0.,0.));
#6453=DIRECTION('center_axis',(-1.,0.,0.));
#6454=DIRECTION('ref_axis',(0.,0.,1.));
#6455=DIRECTION('center_axis',(0.,-1.71071244281819E-16,-1.));
#6456=DIRECTION('ref_axis',(-0.707106781186553,-0.707106781186542,1.73472347597684E-16));
#6457=DIRECTION('center_axis',(0.,1.71071244281819E-16,1.));
#6458=DIRECTION('ref_axis',(-0.707106781186553,-0.707106781186542,1.20965636897693E-16));
#6459=DIRECTION('center_axis',(-1.,0.,0.));
#6460=DIRECTION('ref_axis',(0.,0.70710678118654,0.707106781186555));
#6461=DIRECTION('center_axis',(-1.,0.,0.));
#6462=DIRECTION('ref_axis',(0.,0.,1.));
#6463=DIRECTION('',(-1.,0.,0.));
#6464=DIRECTION('',(1.,0.,0.));
#6465=DIRECTION('center_axis',(-0.408248290463863,-0.816496580927726,-0.408248290463863));
#6466=DIRECTION('ref_axis',(0.577350269189629,-0.57735026918962,0.577350269189629));
#6467=DIRECTION('center_axis',(0.,0.,1.));
#6468=DIRECTION('ref_axis',(0.707106781186559,-0.707106781186536,0.));
#6469=DIRECTION('center_axis',(7.40148683083438E-16,1.,-1.71071244281819E-16));
#6470=DIRECTION('ref_axis',(0.707106781186548,0.,0.707106781186548));
#6471=DIRECTION('center_axis',(0.,1.,0.));
#6472=DIRECTION('ref_axis',(0.,0.,1.));
#6473=DIRECTION('',(7.40148683083438E-16,1.,-1.71071244281819E-16));
#6474=DIRECTION('center_axis',(0.,-1.,0.));
#6475=DIRECTION('ref_axis',(1.,0.,0.));
#6476=DIRECTION('',(-7.40148683083438E-16,-1.,1.71071244281819E-16));
#6477=DIRECTION('center_axis',(0.,1.71071244281819E-16,1.));
#6478=DIRECTION('ref_axis',(1.,0.,0.));
#6479=DIRECTION('center_axis',(-1.,0.,0.));
#6480=DIRECTION('ref_axis',(0.,0.,1.));
#6481=DIRECTION('center_axis',(0.,-1.71071244281819E-16,-1.));
#6482=DIRECTION('ref_axis',(-0.707106781186553,-0.707106781186542,1.73472347597684E-16));
#6483=DIRECTION('center_axis',(0.,1.71071244281819E-16,1.));
#6484=DIRECTION('ref_axis',(-0.707106781186553,-0.707106781186542,1.20965636897693E-16));
#6485=DIRECTION('center_axis',(-1.,0.,0.));
#6486=DIRECTION('ref_axis',(0.,0.70710678118654,0.707106781186555));
#6487=DIRECTION('center_axis',(-1.,0.,0.));
#6488=DIRECTION('ref_axis',(0.,0.,1.));
#6489=DIRECTION('',(-1.,0.,0.));
#6490=DIRECTION('',(1.,0.,0.));
#6491=DIRECTION('center_axis',(0.,1.71071244281819E-16,1.));
#6492=DIRECTION('ref_axis',(1.,0.,0.));
#6493=DIRECTION('center_axis',(0.,-1.,0.));
#6494=DIRECTION('ref_axis',(0.,0.,1.));
#6495=DIRECTION('center_axis',(0.,-1.71071244281819E-16,-1.));
#6496=DIRECTION('ref_axis',(0.707106781186553,-0.707106781186542,1.73472347597684E-16));
#6497=DIRECTION('center_axis',(0.,1.71071244281819E-16,1.));
#6498=DIRECTION('ref_axis',(0.707106781186553,-0.707106781186542,1.20965636897693E-16));
#6499=DIRECTION('center_axis',(0.,-1.,1.71071244281819E-16));
#6500=DIRECTION('ref_axis',(-0.707106781186548,0.,0.707106781186548));
#6501=DIRECTION('center_axis',(0.,-1.,0.));
#6502=DIRECTION('ref_axis',(0.,0.,1.));
#6503=DIRECTION('',(0.,-1.,1.71071244281819E-16));
#6504=DIRECTION('',(0.,1.,-1.71071244281819E-16));
#6505=DIRECTION('center_axis',(0.408248290463863,-0.816496580927726,0.408248290463863));
#6506=DIRECTION('ref_axis',(0.577350269189629,0.57735026918962,0.577350269189629));
#6507=DIRECTION('center_axis',(0.,0.,1.));
#6508=DIRECTION('ref_axis',(0.707106781186559,0.707106781186536,0.));
#6509=DIRECTION('center_axis',(-0.408248290463863,-0.816496580927726,0.408248290463863));
#6510=DIRECTION('ref_axis',(-0.577350269189623,0.577350269189623,0.577350269189632));
#6511=DIRECTION('center_axis',(0.,0.,1.));
#6512=DIRECTION('ref_axis',(-0.707106781186559,0.707106781186536,0.));
#6513=DIRECTION('center_axis',(0.,0.,-1.));
#6514=DIRECTION('ref_axis',(0.707106781186555,0.70710678118654,0.));
#6515=DIRECTION('',(0.,0.,-1.));
#6516=DIRECTION('center_axis',(0.,0.,1.));
#6517=DIRECTION('ref_axis',(0.707106781186553,0.707106781186542,0.));
#6518=DIRECTION('',(0.,0.,1.));
#6519=DIRECTION('center_axis',(0.,1.,0.));
#6520=DIRECTION('ref_axis',(1.,0.,0.));
#6521=DIRECTION('',(0.,0.,1.));
#6522=DIRECTION('',(-1.,0.,0.));
#6523=DIRECTION('center_axis',(0.,0.,-1.));
#6524=DIRECTION('ref_axis',(-0.707106781186555,0.70710678118654,0.));
#6525=DIRECTION('',(0.,0.,-1.));
#6526=DIRECTION('center_axis',(0.,0.,1.));
#6527=DIRECTION('ref_axis',(-0.707106781186553,0.707106781186542,0.));
#6528=DIRECTION('center_axis',(-1.,7.40148683083438E-16,0.));
#6529=DIRECTION('ref_axis',(7.40148683083438E-16,1.,0.));
#6530=DIRECTION('',(0.,0.,1.));
#6531=DIRECTION('',(-7.40148683083438E-16,-1.,0.));
#6532=DIRECTION('center_axis',(0.,0.,1.));
#6533=DIRECTION('ref_axis',(0.707106781186555,-0.70710678118654,0.));
#6534=DIRECTION('',(0.,0.,-1.));
#6535=DIRECTION('center_axis',(0.,0.,-1.));
#6536=DIRECTION('ref_axis',(0.965925826289086,-0.258819045102455,0.));
#6537=DIRECTION('center_axis',(0.,0.,-1.));
#6538=DIRECTION('ref_axis',(-0.707106781186555,0.70710678118654,0.));
#6539=DIRECTION('',(0.,0.,-1.));
#6540=DIRECTION('center_axis',(0.,0.,1.));
#6541=DIRECTION('ref_axis',(-0.707106781186553,0.707106781186542,0.));
#6542=DIRECTION('',(0.,0.,1.));
#6543=DIRECTION('center_axis',(-1.,0.,0.));
#6544=DIRECTION('ref_axis',(0.,1.,0.));
#6545=DIRECTION('',(0.,0.,1.));
#6546=DIRECTION('',(0.,-1.,0.));
#6547=DIRECTION('center_axis',(0.,0.,-1.));
#6548=DIRECTION('ref_axis',(-0.707106781186555,-0.70710678118654,0.));
#6549=DIRECTION('',(0.,0.,-1.));
#6550=DIRECTION('center_axis',(0.,0.,1.));
#6551=DIRECTION('ref_axis',(-0.707106781186553,-0.707106781186542,0.));
#6552=DIRECTION('center_axis',(0.,0.,-1.));
#6553=DIRECTION('ref_axis',(0.707106781186555,0.70710678118654,0.));
#6554=DIRECTION('',(0.,0.,-1.));
#6555=DIRECTION('center_axis',(0.,0.,-1.));
#6556=DIRECTION('ref_axis',(0.965925826289063,0.258819045102541,0.));
#6557=DIRECTION('',(0.,0.,1.));
#6558=DIRECTION('center_axis',(-1.,7.40148683083438E-16,0.));
#6559=DIRECTION('ref_axis',(7.40148683083438E-16,1.,0.));
#6560=DIRECTION('',(0.,0.,1.));
#6561=DIRECTION('',(-7.40148683083438E-16,-1.,0.));
#6562=DIRECTION('center_axis',(0.,1.71071244281819E-16,1.));
#6563=DIRECTION('ref_axis',(0.,-1.,1.71071244281819E-16));
#6564=DIRECTION('',(-1.,0.,0.));
#6565=DIRECTION('',(0.,-1.,1.71071244281819E-16));
#6566=DIRECTION('',(1.,-1.09716157727663E-14,1.87692796202915E-30));
#6567=DIRECTION('',(0.,-1.,1.71071244281819E-16));
#6568=DIRECTION('center_axis',(0.333333333332322,-0.942809041582421,-2.17719487604233E-12));
#6569=DIRECTION('ref_axis',(-0.942809041582421,-0.333333333332322,0.));
#6570=DIRECTION('center_axis',(0.,0.,1.));
#6571=DIRECTION('ref_axis',(1.,0.,0.));
#6572=DIRECTION('center_axis',(0.,-1.,0.));
#6573=DIRECTION('ref_axis',(-1.,0.,0.));
#6574=DIRECTION('center_axis',(0.,0.,1.));
#6575=DIRECTION('ref_axis',(0.965925826289063,0.258819045102541,0.));
#6576=DIRECTION('center_axis',(7.40148683083438E-16,1.,0.));
#6577=DIRECTION('ref_axis',(-0.707106781186563,0.,-0.707106781186532));
#6578=DIRECTION('center_axis',(0.,-1.,0.));
#6579=DIRECTION('ref_axis',(-1.,0.,0.));
#6580=DIRECTION('',(7.40148683083438E-16,1.,0.));
#6581=DIRECTION('center_axis',(1.,0.,0.));
#6582=DIRECTION('ref_axis',(0.,-1.,0.));
#6583=DIRECTION('center_axis',(0.,0.,-1.));
#6584=DIRECTION('ref_axis',(-0.707106781186553,-0.707106781186542,0.));
#6585=DIRECTION('center_axis',(0.,0.,1.));
#6586=DIRECTION('ref_axis',(-0.707106781186553,-0.707106781186542,0.));
#6587=DIRECTION('center_axis',(-1.,0.,0.));
#6588=DIRECTION('ref_axis',(0.,-0.70710678118661,-0.707106781186485));
#6589=DIRECTION('center_axis',(1.,0.,0.));
#6590=DIRECTION('ref_axis',(0.,-1.,0.));
#6591=DIRECTION('',(-1.,0.,0.));
#6592=DIRECTION('',(1.,0.,0.));
#6593=DIRECTION('center_axis',(0.,1.,0.));
#6594=DIRECTION('ref_axis',(1.,0.,0.));
#6595=DIRECTION('center_axis',(0.,0.,-1.));
#6596=DIRECTION('ref_axis',(0.707106781186553,-0.707106781186542,0.));
#6597=DIRECTION('center_axis',(0.,0.,1.));
#6598=DIRECTION('ref_axis',(0.707106781186553,-0.707106781186542,0.));
#6599=DIRECTION('center_axis',(0.,-1.,0.));
#6600=DIRECTION('ref_axis',(0.707106781186548,0.,-0.707106781186548));
#6601=DIRECTION('center_axis',(0.,1.,0.));
#6602=DIRECTION('ref_axis',(1.,0.,0.));
#6603=DIRECTION('',(0.,-1.,0.));
#6604=DIRECTION('',(0.,1.,0.));
#6605=DIRECTION('center_axis',(0.,0.,1.));
#6606=DIRECTION('ref_axis',(1.,0.,0.));
#6607=DIRECTION('center_axis',(0.333333333333388,0.942809041582044,-7.40148683083558E-15));
#6608=DIRECTION('ref_axis',(0.942809041582044,-0.333333333333388,0.));
#6609=DIRECTION('center_axis',(0.,0.,1.));
#6610=DIRECTION('ref_axis',(-0.965925826289063,0.258819045102541,0.));
#6611=DIRECTION('center_axis',(0.,0.,-1.));
#6612=DIRECTION('ref_axis',(-0.965925826289063,0.258819045102541,0.));
#6613=DIRECTION('center_axis',(0.,0.,1.));
#6614=DIRECTION('ref_axis',(-0.707106781186555,0.70710678118654,0.));
#6615=DIRECTION('',(0.,0.,-1.));
#6616=DIRECTION('',(0.,0.,1.));
#6617=DIRECTION('center_axis',(1.,0.,0.));
#6618=DIRECTION('ref_axis',(0.,-1.,0.));
#6619=DIRECTION('',(0.,0.,-1.));
#6620=DIRECTION('center_axis',(0.,0.,-1.));
#6621=DIRECTION('ref_axis',(0.707106781186555,-0.70710678118654,0.));
#6622=DIRECTION('',(0.,0.,1.));
#6623=DIRECTION('center_axis',(0.,-1.,0.));
#6624=DIRECTION('ref_axis',(-1.,0.,0.));
#6625=DIRECTION('',(0.,0.,-1.));
#6626=DIRECTION('center_axis',(0.,0.,-1.));
#6627=DIRECTION('ref_axis',(-0.707106781186555,-0.70710678118654,0.));
#6628=DIRECTION('center_axis',(-0.333333333332236,0.942809041582451,-2.1771948760424E-12));
#6629=DIRECTION('ref_axis',(0.942809041582451,0.333333333332236,0.));
#6630=DIRECTION('center_axis',(0.,0.,1.));
#6631=DIRECTION('ref_axis',(1.,0.,0.));
#6632=DIRECTION('center_axis',(0.,1.,0.));
#6633=DIRECTION('ref_axis',(1.,0.,0.));
#6634=DIRECTION('center_axis',(0.,0.,1.));
#6635=DIRECTION('ref_axis',(-0.965925826289086,-0.258819045102455,0.));
#6636=DIRECTION('center_axis',(0.,0.,-1.));
#6637=DIRECTION('ref_axis',(-0.965925826289086,-0.258819045102455,0.));
#6638=DIRECTION('center_axis',(0.,-1.,0.));
#6639=DIRECTION('ref_axis',(0.707106781186548,0.,-0.707106781186548));
#6640=DIRECTION('center_axis',(0.,1.,0.));
#6641=DIRECTION('ref_axis',(1.,0.,0.));
#6642=DIRECTION('',(0.,-1.,0.));
#6643=DIRECTION('',(0.,1.,0.));
#6644=DIRECTION('center_axis',(-1.,0.,0.));
#6645=DIRECTION('ref_axis',(0.,1.,0.));
#6646=DIRECTION('center_axis',(0.,0.,-1.));
#6647=DIRECTION('ref_axis',(0.707106781186553,0.707106781186542,0.));
#6648=DIRECTION('center_axis',(1.,0.,0.));
#6649=DIRECTION('ref_axis',(0.,0.707106781186548,-0.707106781186548));
#6650=DIRECTION('center_axis',(-1.,0.,0.));
#6651=DIRECTION('ref_axis',(0.,1.,0.));
#6652=DIRECTION('',(1.,0.,0.));
#6653=DIRECTION('center_axis',(0.,-1.,0.));
#6654=DIRECTION('ref_axis',(-1.,0.,0.));
#6655=DIRECTION('center_axis',(0.,0.,-1.));
#6656=DIRECTION('ref_axis',(-0.707106781186553,0.707106781186542,0.));
#6657=DIRECTION('center_axis',(7.40148683083438E-16,1.,0.));
#6658=DIRECTION('ref_axis',(-0.707106781186548,0.,-0.707106781186548));
#6659=DIRECTION('center_axis',(0.,-1.,0.));
#6660=DIRECTION('ref_axis',(-1.,0.,0.));
#6661=DIRECTION('',(7.40148683083438E-16,1.,0.));
#6662=DIRECTION('center_axis',(0.,0.,1.));
#6663=DIRECTION('ref_axis',(1.,0.,0.));
#6664=DIRECTION('center_axis',(-0.333333333333295,-0.942809041582077,0.));
#6665=DIRECTION('ref_axis',(-0.942809041582077,0.333333333333295,0.));
#6666=DIRECTION('center_axis',(0.,0.,1.));
#6667=DIRECTION('ref_axis',(0.965925826289086,-0.258819045102455,0.));
#6668=DIRECTION('center_axis',(1.,0.,0.));
#6669=DIRECTION('ref_axis',(0.,-1.,0.));
#6670=DIRECTION('',(0.,0.,-1.));
#6671=DIRECTION('center_axis',(0.,0.,-1.));
#6672=DIRECTION('ref_axis',(-0.707106781186555,-0.70710678118654,0.));
#6673=DIRECTION('',(0.,0.,1.));
#6674=DIRECTION('center_axis',(1.,0.,0.));
#6675=DIRECTION('ref_axis',(0.,0.707106781186548,0.707106781186548));
#6676=DIRECTION('',(-1.,0.,0.));
#6677=DIRECTION('',(1.,0.,0.));
#6678=DIRECTION('center_axis',(0.,0.,-1.));
#6679=DIRECTION('ref_axis',(-1.,0.,0.));
#6680=DIRECTION('center_axis',(-1.,0.,0.));
#6681=DIRECTION('ref_axis',(0.,-0.70710678118661,0.707106781186485));
#6682=DIRECTION('',(1.,0.,0.));
#6683=DIRECTION('',(-1.,0.,0.));
#6684=DIRECTION('center_axis',(0.,0.,-1.));
#6685=DIRECTION('ref_axis',(-1.,0.,0.));
#6686=DIRECTION('center_axis',(1.,0.,0.));
#6687=DIRECTION('ref_axis',(0.,0.,-1.));
#6688=DIRECTION('center_axis',(-1.,0.,0.));
#6689=DIRECTION('ref_axis',(0.,0.,-1.));
#6690=DIRECTION('center_axis',(1.,0.,0.));
#6691=DIRECTION('ref_axis',(0.,0.707106781186595,-0.7071067811865));
#6692=DIRECTION('center_axis',(-1.,0.,0.));
#6693=DIRECTION('ref_axis',(0.,1.,0.));
#6694=DIRECTION('',(1.,0.,0.));
#6695=DIRECTION('',(-1.,0.,0.));
#6696=DIRECTION('center_axis',(0.,-1.,0.));
#6697=DIRECTION('ref_axis',(-1.,0.,0.));
#6698=DIRECTION('center_axis',(0.,0.,-1.));
#6699=DIRECTION('ref_axis',(-0.707106781186553,0.707106781186542,0.));
#6700=DIRECTION('center_axis',(0.,1.,0.));
#6701=DIRECTION('ref_axis',(-0.707106781186532,0.,-0.707106781186563));
#6702=DIRECTION('center_axis',(0.,-1.,0.));
#6703=DIRECTION('ref_axis',(-1.,0.,0.));
#6704=DIRECTION('',(0.,1.,0.));
#6705=DIRECTION('center_axis',(1.,0.,0.));
#6706=DIRECTION('ref_axis',(0.,-1.,0.));
#6707=DIRECTION('center_axis',(0.,0.,-1.));
#6708=DIRECTION('ref_axis',(-0.707106781186553,-0.707106781186542,0.));
#6709=DIRECTION('center_axis',(-1.,0.,0.));
#6710=DIRECTION('ref_axis',(0.,-0.707106781186532,-0.707106781186563));
#6711=DIRECTION('',(1.,0.,0.));
#6712=DIRECTION('',(-1.,0.,0.));
#6713=DIRECTION('center_axis',(-1.,0.,0.));
#6714=DIRECTION('ref_axis',(0.,-0.707106781186532,-0.707106781186563));
#6715=DIRECTION('center_axis',(1.,0.,0.));
#6716=DIRECTION('ref_axis',(0.,-1.,0.));
#6717=DIRECTION('',(-1.,0.,0.));
#6718=DIRECTION('',(1.,0.,0.));
#6719=DIRECTION('center_axis',(0.,1.,0.));
#6720=DIRECTION('ref_axis',(1.,0.,0.));
#6721=DIRECTION('center_axis',(0.,0.,-1.));
#6722=DIRECTION('ref_axis',(0.707106781186553,-0.707106781186542,0.));
#6723=DIRECTION('center_axis',(0.,0.,1.));
#6724=DIRECTION('ref_axis',(0.707106781186553,-0.707106781186542,0.));
#6725=DIRECTION('center_axis',(0.,-1.,0.));
#6726=DIRECTION('ref_axis',(0.707106781186532,0.,-0.707106781186563));
#6727=DIRECTION('center_axis',(0.,1.,0.));
#6728=DIRECTION('ref_axis',(1.,0.,0.));
#6729=DIRECTION('',(0.,-1.,0.));
#6730=DIRECTION('',(0.,1.,0.));
#6731=DIRECTION('center_axis',(-1.,0.,0.));
#6732=DIRECTION('ref_axis',(0.,1.,0.));
#6733=DIRECTION('center_axis',(0.,0.,-1.));
#6734=DIRECTION('ref_axis',(0.707106781186553,0.707106781186542,0.));
#6735=DIRECTION('center_axis',(0.,0.,1.));
#6736=DIRECTION('ref_axis',(0.707106781186553,0.707106781186542,0.));
#6737=DIRECTION('center_axis',(1.,0.,0.));
#6738=DIRECTION('ref_axis',(0.,0.707106781186595,-0.7071067811865));
#6739=DIRECTION('',(-1.,0.,0.));
#6740=DIRECTION('',(1.,0.,0.));
#6741=DIRECTION('center_axis',(0.,0.,-1.));
#6742=DIRECTION('ref_axis',(1.,-1.67186526061199E-14,0.));
#6743=DIRECTION('center_axis',(0.,0.,1.));
#6744=DIRECTION('ref_axis',(1.,0.,0.));
#6745=DIRECTION('center_axis',(0.,0.,-1.));
#6746=DIRECTION('ref_axis',(1.,0.,0.));
#6747=DIRECTION('center_axis',(0.,0.,-1.));
#6748=DIRECTION('ref_axis',(1.,0.,0.));
#6749=DIRECTION('center_axis',(0.,0.,-1.));
#6750=DIRECTION('ref_axis',(-1.,0.,0.));
#6751=DIRECTION('center_axis',(0.,0.,1.));
#6752=DIRECTION('ref_axis',(-1.,0.,0.));
#6753=DIRECTION('center_axis',(0.,0.,-1.));
#6754=DIRECTION('ref_axis',(-1.,0.,0.));
#6755=DIRECTION('center_axis',(0.,0.,-1.));
#6756=DIRECTION('ref_axis',(0.707106781186555,0.70710678118654,0.));
#6757=DIRECTION('',(0.,0.,-1.));
#6758=DIRECTION('',(0.,0.,1.));
#6759=DIRECTION('center_axis',(1.,0.,0.));
#6760=DIRECTION('ref_axis',(0.,-1.,0.));
#6761=DIRECTION('',(0.,0.,-1.));
#6762=DIRECTION('center_axis',(0.,0.,-1.));
#6763=DIRECTION('ref_axis',(0.707106781186555,-0.70710678118654,0.));
#6764=DIRECTION('',(0.,0.,1.));
#6765=DIRECTION('center_axis',(0.,-1.,0.));
#6766=DIRECTION('ref_axis',(-1.,0.,0.));
#6767=DIRECTION('center_axis',(0.,0.,-1.));
#6768=DIRECTION('ref_axis',(-1.,0.,0.));
#6769=DIRECTION('center_axis',(0.,0.,-1.));
#6770=DIRECTION('ref_axis',(-1.,0.,0.));
#6771=DIRECTION('',(0.,0.,-1.));
#6772=DIRECTION('center_axis',(0.,0.,-1.));
#6773=DIRECTION('ref_axis',(-1.,0.,0.));
#6774=DIRECTION('center_axis',(0.,0.,-1.));
#6775=DIRECTION('ref_axis',(-1.,0.,0.));
#6776=DIRECTION('center_axis',(0.,1.,0.));
#6777=DIRECTION('ref_axis',(1.,0.,0.));
#6778=DIRECTION('center_axis',(-1.,1.48029736616687E-15,0.));
#6779=DIRECTION('ref_axis',(0.,0.70710678118654,0.707106781186555));
#6780=DIRECTION('center_axis',(-1.,0.,0.));
#6781=DIRECTION('ref_axis',(0.,0.,1.));
#6782=DIRECTION('',(-1.,1.48029736616687E-15,0.));
#6783=DIRECTION('center_axis',(1.,0.,0.));
#6784=DIRECTION('ref_axis',(0.,1.,0.));
#6785=DIRECTION('',(1.,-1.48029736616687E-15,0.));
#6786=DIRECTION('center_axis',(0.,0.,1.));
#6787=DIRECTION('ref_axis',(1.,0.,0.));
#6788=DIRECTION('center_axis',(0.,-1.,0.));
#6789=DIRECTION('ref_axis',(0.,0.,1.));
#6790=DIRECTION('center_axis',(0.,0.,-1.));
#6791=DIRECTION('ref_axis',(0.707106781186553,-0.707106781186542,0.));
#6792=DIRECTION('center_axis',(0.,0.,1.));
#6793=DIRECTION('ref_axis',(0.707106781186553,-0.707106781186542,0.));
#6794=DIRECTION('center_axis',(0.,-1.,0.));
#6795=DIRECTION('ref_axis',(-0.707106781186548,0.,0.707106781186548));
#6796=DIRECTION('center_axis',(0.,-1.,0.));
#6797=DIRECTION('ref_axis',(0.,0.,1.));
#6798=DIRECTION('',(0.,-1.,0.));
#6799=DIRECTION('',(0.,1.,0.));
#6800=DIRECTION('center_axis',(0.,0.,1.));
#6801=DIRECTION('ref_axis',(1.,0.,0.));
#6802=DIRECTION('center_axis',(1.,0.,0.));
#6803=DIRECTION('ref_axis',(0.,0.,1.));
#6804=DIRECTION('center_axis',(0.,0.,-1.));
#6805=DIRECTION('ref_axis',(0.707106781186559,0.707106781186536,0.));
#6806=DIRECTION('center_axis',(0.,0.,1.));
#6807=DIRECTION('ref_axis',(0.707106781186559,0.707106781186536,0.));
#6808=DIRECTION('center_axis',(1.,1.48029736616687E-15,0.));
#6809=DIRECTION('ref_axis',(0.,-0.70710678118654,0.707106781186555));
#6810=DIRECTION('center_axis',(1.,0.,0.));
#6811=DIRECTION('ref_axis',(0.,0.,1.));
#6812=DIRECTION('',(1.,1.48029736616687E-15,0.));
#6813=DIRECTION('',(-1.,-1.48029736616687E-15,0.));
#6814=DIRECTION('center_axis',(0.,-1.,0.));
#6815=DIRECTION('ref_axis',(-0.707106781186548,0.,0.707106781186548));
#6816=DIRECTION('center_axis',(0.,-1.,0.));
#6817=DIRECTION('ref_axis',(0.,0.,1.));
#6818=DIRECTION('',(0.,-1.,0.));
#6819=DIRECTION('center_axis',(0.,1.,0.));
#6820=DIRECTION('ref_axis',(-1.,0.,0.));
#6821=DIRECTION('',(0.,1.,0.));
#6822=DIRECTION('center_axis',(0.,0.,1.));
#6823=DIRECTION('ref_axis',(1.,0.,0.));
#6824=DIRECTION('center_axis',(1.,0.,0.));
#6825=DIRECTION('ref_axis',(0.,0.,1.));
#6826=DIRECTION('center_axis',(0.,0.,-1.));
#6827=DIRECTION('ref_axis',(0.707106781186553,0.707106781186542,0.));
#6828=DIRECTION('center_axis',(0.,0.,1.));
#6829=DIRECTION('ref_axis',(0.707106781186553,0.707106781186542,0.));
#6830=DIRECTION('center_axis',(1.,0.,0.));
#6831=DIRECTION('ref_axis',(0.,-0.70710678118654,0.707106781186555));
#6832=DIRECTION('center_axis',(1.,0.,0.));
#6833=DIRECTION('ref_axis',(0.,0.,1.));
#6834=DIRECTION('',(1.,0.,0.));
#6835=DIRECTION('',(-1.,0.,0.));
#6836=DIRECTION('center_axis',(0.,0.,1.));
#6837=DIRECTION('ref_axis',(1.,0.,0.));
#6838=DIRECTION('center_axis',(0.,1.,0.));
#6839=DIRECTION('ref_axis',(0.,0.,1.));
#6840=DIRECTION('center_axis',(0.,0.,-1.));
#6841=DIRECTION('ref_axis',(-0.707106781186553,0.707106781186542,0.));
#6842=DIRECTION('center_axis',(0.,0.,1.));
#6843=DIRECTION('ref_axis',(-0.707106781186553,0.707106781186542,0.));
#6844=DIRECTION('center_axis',(0.,1.,0.));
#6845=DIRECTION('ref_axis',(0.707106781186548,0.,0.707106781186548));
#6846=DIRECTION('center_axis',(0.,1.,0.));
#6847=DIRECTION('ref_axis',(0.,0.,1.));
#6848=DIRECTION('',(0.,1.,0.));
#6849=DIRECTION('',(0.,-1.,0.));
#6850=DIRECTION('center_axis',(0.408248290463814,-0.81649658092777,-0.408248290463823));
#6851=DIRECTION('ref_axis',(-0.577350269189652,-0.577350269189564,0.577350269189661));
#6852=DIRECTION('center_axis',(0.,0.,1.));
#6853=DIRECTION('ref_axis',(-0.707106781186559,-0.707106781186536,0.));
#6854=DIRECTION('center_axis',(1.,1.48029736616687E-15,0.));
#6855=DIRECTION('ref_axis',(0.,-0.70710678118654,0.707106781186555));
#6856=DIRECTION('center_axis',(1.,0.,0.));
#6857=DIRECTION('ref_axis',(0.,0.,1.));
#6858=DIRECTION('',(1.,1.48029736616687E-15,0.));
#6859=DIRECTION('center_axis',(-1.,0.,0.));
#6860=DIRECTION('ref_axis',(0.,-1.,0.));
#6861=DIRECTION('',(-1.,-1.48029736616687E-15,0.));
#6862=DIRECTION('center_axis',(0.,0.,1.));
#6863=DIRECTION('ref_axis',(1.,0.,0.));
#6864=DIRECTION('center_axis',(0.,1.,0.));
#6865=DIRECTION('ref_axis',(0.,0.,1.));
#6866=DIRECTION('center_axis',(0.,0.,-1.));
#6867=DIRECTION('ref_axis',(-0.707106781186553,0.707106781186542,0.));
#6868=DIRECTION('center_axis',(0.,0.,1.));
#6869=DIRECTION('ref_axis',(-0.707106781186553,0.707106781186542,0.));
#6870=DIRECTION('center_axis',(0.,1.,0.));
#6871=DIRECTION('ref_axis',(0.707106781186548,0.,0.707106781186548));
#6872=DIRECTION('center_axis',(0.,1.,0.));
#6873=DIRECTION('ref_axis',(0.,0.,1.));
#6874=DIRECTION('',(0.,1.,0.));
#6875=DIRECTION('',(0.,-1.,0.));
#6876=DIRECTION('center_axis',(0.,0.,1.));
#6877=DIRECTION('ref_axis',(1.,0.,0.));
#6878=DIRECTION('center_axis',(-1.,0.,0.));
#6879=DIRECTION('ref_axis',(0.,0.,1.));
#6880=DIRECTION('center_axis',(0.,0.,-1.));
#6881=DIRECTION('ref_axis',(-0.707106781186553,-0.707106781186542,0.));
#6882=DIRECTION('center_axis',(0.,0.,1.));
#6883=DIRECTION('ref_axis',(-0.707106781186553,-0.707106781186542,0.));
#6884=DIRECTION('center_axis',(-1.,1.48029736616687E-15,0.));
#6885=DIRECTION('ref_axis',(0.,0.70710678118654,0.707106781186555));
#6886=DIRECTION('center_axis',(-1.,0.,0.));
#6887=DIRECTION('ref_axis',(0.,0.,1.));
#6888=DIRECTION('',(-1.,1.48029736616687E-15,0.));
#6889=DIRECTION('',(1.,-1.48029736616687E-15,0.));
#6890=DIRECTION('center_axis',(-0.408248290463863,-0.816496580927726,-0.408248290463863));
#6891=DIRECTION('ref_axis',(0.577350269189629,-0.57735026918962,0.577350269189629));
#6892=DIRECTION('center_axis',(0.,0.,1.));
#6893=DIRECTION('ref_axis',(0.707106781186559,-0.707106781186536,0.));
#6894=DIRECTION('center_axis',(0.,1.,0.));
#6895=DIRECTION('ref_axis',(0.707106781186548,0.,0.707106781186548));
#6896=DIRECTION('center_axis',(0.,1.,0.));
#6897=DIRECTION('ref_axis',(0.,0.,1.));
#6898=DIRECTION('',(0.,1.,0.));
#6899=DIRECTION('center_axis',(0.,-1.,0.));
#6900=DIRECTION('ref_axis',(1.,0.,0.));
#6901=DIRECTION('',(0.,-1.,0.));
#6902=DIRECTION('center_axis',(0.,0.,1.));
#6903=DIRECTION('ref_axis',(1.,0.,0.));
#6904=DIRECTION('center_axis',(-1.,0.,0.));
#6905=DIRECTION('ref_axis',(0.,0.,1.));
#6906=DIRECTION('center_axis',(0.,0.,-1.));
#6907=DIRECTION('ref_axis',(-0.707106781186553,-0.707106781186542,0.));
#6908=DIRECTION('center_axis',(0.,0.,1.));
#6909=DIRECTION('ref_axis',(-0.707106781186553,-0.707106781186542,0.));
#6910=DIRECTION('center_axis',(-1.,0.,0.));
#6911=DIRECTION('ref_axis',(0.,0.70710678118654,0.707106781186555));
#6912=DIRECTION('center_axis',(-1.,0.,0.));
#6913=DIRECTION('ref_axis',(0.,0.,1.));
#6914=DIRECTION('',(-1.,0.,0.));
#6915=DIRECTION('',(1.,0.,0.));
#6916=DIRECTION('center_axis',(0.,0.,1.));
#6917=DIRECTION('ref_axis',(1.,0.,0.));
#6918=DIRECTION('center_axis',(0.,-1.,0.));
#6919=DIRECTION('ref_axis',(0.,0.,1.));
#6920=DIRECTION('center_axis',(0.,0.,-1.));
#6921=DIRECTION('ref_axis',(0.707106781186553,-0.707106781186542,0.));
#6922=DIRECTION('center_axis',(0.,0.,1.));
#6923=DIRECTION('ref_axis',(0.707106781186553,-0.707106781186542,0.));
#6924=DIRECTION('center_axis',(0.,-1.,0.));
#6925=DIRECTION('ref_axis',(-0.707106781186548,0.,0.707106781186548));
#6926=DIRECTION('center_axis',(0.,-1.,0.));
#6927=DIRECTION('ref_axis',(0.,0.,1.));
#6928=DIRECTION('',(0.,-1.,0.));
#6929=DIRECTION('',(0.,1.,0.));
#6930=DIRECTION('center_axis',(-0.816496580927726,0.40824829046389,0.408248290463836));
#6931=DIRECTION('ref_axis',(0.577350269189611,0.577350269189655,0.577350269189611));
#6932=DIRECTION('center_axis',(0.,0.,1.));
#6933=DIRECTION('ref_axis',(0.707106781186525,0.70710678118657,0.));
#6934=DIRECTION('center_axis',(-0.408248290463863,-0.816496580927726,0.408248290463863));
#6935=DIRECTION('ref_axis',(-0.577350269189635,0.577350269189599,0.577350269189644));
#6936=DIRECTION('center_axis',(0.,0.,1.));
#6937=DIRECTION('ref_axis',(-0.707106781186559,0.707106781186536,0.));
#6938=DIRECTION('center_axis',(0.,0.,-1.));
#6939=DIRECTION('ref_axis',(0.707106781186555,0.70710678118654,0.));
#6940=DIRECTION('',(0.,0.,-1.));
#6941=DIRECTION('center_axis',(0.,0.,1.));
#6942=DIRECTION('ref_axis',(0.707106781186553,0.707106781186542,0.));
#6943=DIRECTION('',(0.,0.,1.));
#6944=DIRECTION('center_axis',(0.,1.,0.));
#6945=DIRECTION('ref_axis',(1.,0.,0.));
#6946=DIRECTION('',(0.,0.,1.));
#6947=DIRECTION('',(-1.,0.,0.));
#6948=DIRECTION('center_axis',(0.,0.,-1.));
#6949=DIRECTION('ref_axis',(-0.707106781186555,0.70710678118654,0.));
#6950=DIRECTION('',(0.,0.,-1.));
#6951=DIRECTION('center_axis',(0.,0.,1.));
#6952=DIRECTION('ref_axis',(-0.707106781186553,0.707106781186542,0.));
#6953=DIRECTION('center_axis',(-1.,0.,0.));
#6954=DIRECTION('ref_axis',(0.,1.,0.));
#6955=DIRECTION('',(0.,0.,1.));
#6956=DIRECTION('',(0.,-1.,0.));
#6957=DIRECTION('center_axis',(0.,0.,1.));
#6958=DIRECTION('ref_axis',(0.707106781186555,-0.70710678118654,0.));
#6959=DIRECTION('',(0.,0.,-1.));
#6960=DIRECTION('center_axis',(0.,0.,-1.));
#6961=DIRECTION('ref_axis',(0.965925826289063,-0.258819045102541,0.));
#6962=DIRECTION('center_axis',(0.,0.,-1.));
#6963=DIRECTION('ref_axis',(-0.707106781186555,0.70710678118654,0.));
#6964=DIRECTION('',(0.,0.,-1.));
#6965=DIRECTION('center_axis',(0.,0.,1.));
#6966=DIRECTION('ref_axis',(-0.707106781186553,0.707106781186542,0.));
#6967=DIRECTION('',(0.,0.,1.));
#6968=DIRECTION('center_axis',(-1.,0.,0.));
#6969=DIRECTION('ref_axis',(0.,1.,0.));
#6970=DIRECTION('',(0.,0.,1.));
#6971=DIRECTION('',(0.,-1.,0.));
#6972=DIRECTION('center_axis',(0.,0.,-1.));
#6973=DIRECTION('ref_axis',(-0.707106781186555,-0.70710678118654,0.));
#6974=DIRECTION('',(0.,0.,-1.));
#6975=DIRECTION('center_axis',(0.,0.,1.));
#6976=DIRECTION('ref_axis',(-0.707106781186553,-0.707106781186542,0.));
#6977=DIRECTION('center_axis',(0.,0.,-1.));
#6978=DIRECTION('ref_axis',(0.707106781186524,0.707106781186571,0.));
#6979=DIRECTION('',(0.,0.,-1.));
#6980=DIRECTION('center_axis',(0.,0.,-1.));
#6981=DIRECTION('ref_axis',(0.965925826289063,0.258819045102541,0.));
#6982=DIRECTION('',(0.,0.,1.));
#6983=DIRECTION('center_axis',(-1.,0.,0.));
#6984=DIRECTION('ref_axis',(0.,1.,0.));
#6985=DIRECTION('',(0.,0.,1.));
#6986=DIRECTION('',(0.,-1.,0.));
#6987=DIRECTION('center_axis',(0.,0.,1.));
#6988=DIRECTION('ref_axis',(5.45466194086215E-66,-1.,0.));
#6989=DIRECTION('',(1.,0.,0.));
#6990=DIRECTION('',(-5.45466194086215E-66,1.,0.));
#6991=DIRECTION('',(-1.,-1.09716157727663E-14,0.));
#6992=DIRECTION('',(5.45466194086215E-66,-1.,0.));
#6993=DIRECTION('center_axis',(0.333333333332322,-0.942809041582421,-2.09345661157916E-12));
#6994=DIRECTION('ref_axis',(-0.942809041582421,-0.333333333332322,0.));
#6995=DIRECTION('center_axis',(0.,0.,1.));
#6996=DIRECTION('ref_axis',(1.,0.,0.));
#6997=DIRECTION('center_axis',(0.,-1.,0.));
#6998=DIRECTION('ref_axis',(-1.,0.,0.));
#6999=DIRECTION('center_axis',(0.,0.,1.));
#7000=DIRECTION('ref_axis',(0.965925826289063,0.258819045102541,0.));
#7001=DIRECTION('center_axis',(0.,1.,0.));
#7002=DIRECTION('ref_axis',(-0.707106781186548,0.,-0.707106781186548));
#7003=DIRECTION('center_axis',(0.,-1.,0.));
#7004=DIRECTION('ref_axis',(-1.,0.,0.));
#7005=DIRECTION('',(0.,1.,0.));
#7006=DIRECTION('center_axis',(1.,0.,0.));
#7007=DIRECTION('ref_axis',(0.,-1.,0.));
#7008=DIRECTION('center_axis',(0.,0.,-1.));
#7009=DIRECTION('ref_axis',(-0.707106781186553,-0.707106781186542,0.));
#7010=DIRECTION('center_axis',(0.,0.,1.));
#7011=DIRECTION('ref_axis',(-0.707106781186553,-0.707106781186542,0.));
#7012=DIRECTION('center_axis',(-1.,0.,0.));
#7013=DIRECTION('ref_axis',(0.,-0.70710678118661,-0.707106781186485));
#7014=DIRECTION('center_axis',(1.,0.,0.));
#7015=DIRECTION('ref_axis',(0.,-1.,0.));
#7016=DIRECTION('',(-1.,0.,0.));
#7017=DIRECTION('',(1.,0.,0.));
#7018=DIRECTION('center_axis',(0.,1.,0.));
#7019=DIRECTION('ref_axis',(1.,0.,0.));
#7020=DIRECTION('center_axis',(0.,0.,-1.));
#7021=DIRECTION('ref_axis',(0.707106781186553,-0.707106781186542,0.));
#7022=DIRECTION('center_axis',(0.,0.,1.));
#7023=DIRECTION('ref_axis',(0.707106781186553,-0.707106781186542,0.));
#7024=DIRECTION('center_axis',(0.,-1.,0.));
#7025=DIRECTION('ref_axis',(0.707106781186548,0.,-0.707106781186548));
#7026=DIRECTION('center_axis',(0.,1.,0.));
#7027=DIRECTION('ref_axis',(1.,0.,0.));
#7028=DIRECTION('',(0.,-1.,0.));
#7029=DIRECTION('',(0.,1.,0.));
#7030=DIRECTION('center_axis',(0.,0.,1.));
#7031=DIRECTION('ref_axis',(1.,0.,0.));
#7032=DIRECTION('center_axis',(0.333333333333388,0.942809041582044,-7.40148683083558E-15));
#7033=DIRECTION('ref_axis',(0.942809041582044,-0.333333333333388,0.));
#7034=DIRECTION('center_axis',(0.,0.,1.));
#7035=DIRECTION('ref_axis',(-0.965925826289063,0.258819045102541,0.));
#7036=DIRECTION('center_axis',(0.,0.,-1.));
#7037=DIRECTION('ref_axis',(-0.965925826289063,0.258819045102541,0.));
#7038=DIRECTION('center_axis',(0.,0.,1.));
#7039=DIRECTION('ref_axis',(-0.707106781186555,0.70710678118654,0.));
#7040=DIRECTION('',(0.,0.,-1.));
#7041=DIRECTION('',(0.,0.,1.));
#7042=DIRECTION('center_axis',(1.,0.,0.));
#7043=DIRECTION('ref_axis',(0.,-1.,0.));
#7044=DIRECTION('',(0.,0.,-1.));
#7045=DIRECTION('center_axis',(0.,0.,-1.));
#7046=DIRECTION('ref_axis',(0.707106781186555,-0.70710678118654,0.));
#7047=DIRECTION('',(0.,0.,1.));
#7048=DIRECTION('center_axis',(0.,-1.,0.));
#7049=DIRECTION('ref_axis',(-1.,0.,0.));
#7050=DIRECTION('',(0.,0.,-1.));
#7051=DIRECTION('center_axis',(0.,0.,-1.));
#7052=DIRECTION('ref_axis',(-0.707106781186555,-0.70710678118654,0.));
#7053=DIRECTION('center_axis',(-0.333333333332322,0.942809041582421,-2.17719487604233E-12));
#7054=DIRECTION('ref_axis',(0.942809041582421,0.333333333332322,0.));
#7055=DIRECTION('center_axis',(0.,0.,1.));
#7056=DIRECTION('ref_axis',(1.,0.,0.));
#7057=DIRECTION('center_axis',(0.,1.,0.));
#7058=DIRECTION('ref_axis',(1.,0.,0.));
#7059=DIRECTION('center_axis',(0.,0.,1.));
#7060=DIRECTION('ref_axis',(-0.965925826289063,-0.258819045102541,0.));
#7061=DIRECTION('center_axis',(0.,0.,-1.));
#7062=DIRECTION('ref_axis',(-0.965925826289063,-0.258819045102541,0.));
#7063=DIRECTION('center_axis',(0.,-1.,0.));
#7064=DIRECTION('ref_axis',(0.707106781186548,0.,-0.707106781186548));
#7065=DIRECTION('center_axis',(0.,1.,0.));
#7066=DIRECTION('ref_axis',(1.,0.,0.));
#7067=DIRECTION('',(0.,-1.,0.));
#7068=DIRECTION('',(0.,1.,0.));
#7069=DIRECTION('center_axis',(-1.,0.,0.));
#7070=DIRECTION('ref_axis',(0.,1.,0.));
#7071=DIRECTION('center_axis',(0.,0.,-1.));
#7072=DIRECTION('ref_axis',(0.707106781186553,0.707106781186542,0.));
#7073=DIRECTION('center_axis',(1.,0.,0.));
#7074=DIRECTION('ref_axis',(0.,0.707106781186548,-0.707106781186548));
#7075=DIRECTION('center_axis',(-1.,0.,0.));
#7076=DIRECTION('ref_axis',(0.,1.,0.));
#7077=DIRECTION('',(1.,0.,0.));
#7078=DIRECTION('center_axis',(0.,-1.,0.));
#7079=DIRECTION('ref_axis',(-1.,0.,0.));
#7080=DIRECTION('center_axis',(0.,0.,-1.));
#7081=DIRECTION('ref_axis',(-0.707106781186553,0.707106781186542,0.));
#7082=DIRECTION('center_axis',(0.,1.,0.));
#7083=DIRECTION('ref_axis',(-0.707106781186548,0.,-0.707106781186548));
#7084=DIRECTION('center_axis',(0.,-1.,0.));
#7085=DIRECTION('ref_axis',(-1.,0.,0.));
#7086=DIRECTION('',(0.,1.,0.));
#7087=DIRECTION('center_axis',(0.,0.,1.));
#7088=DIRECTION('ref_axis',(1.,0.,0.));
#7089=DIRECTION('center_axis',(-0.333333333333388,-0.942809041582044,-7.40148683083558E-15));
#7090=DIRECTION('ref_axis',(-0.942809041582044,0.333333333333388,0.));
#7091=DIRECTION('center_axis',(0.,0.,1.));
#7092=DIRECTION('ref_axis',(0.965925826289063,-0.258819045102541,0.));
#7093=DIRECTION('center_axis',(1.,0.,0.));
#7094=DIRECTION('ref_axis',(0.,-1.,0.));
#7095=DIRECTION('',(0.,0.,-1.));
#7096=DIRECTION('center_axis',(0.,0.,-1.));
#7097=DIRECTION('ref_axis',(-0.707106781186555,-0.70710678118654,0.));
#7098=DIRECTION('',(0.,0.,1.));
#7099=DIRECTION('center_axis',(1.,-1.48029736616687E-15,0.));
#7100=DIRECTION('ref_axis',(0.,0.707106781186548,0.707106781186548));
#7101=DIRECTION('',(-1.,1.48029736616687E-15,0.));
#7102=DIRECTION('',(1.,-1.48029736616687E-15,0.));
#7103=DIRECTION('center_axis',(0.,0.,-1.));
#7104=DIRECTION('ref_axis',(-1.,0.,0.));
#7105=DIRECTION('center_axis',(-1.,-1.48029736616687E-15,0.));
#7106=DIRECTION('ref_axis',(0.,-0.707106781186548,0.707106781186548));
#7107=DIRECTION('',(1.,1.48029736616687E-15,0.));
#7108=DIRECTION('',(-1.,-1.48029736616687E-15,0.));
#7109=DIRECTION('center_axis',(0.,0.,-1.));
#7110=DIRECTION('ref_axis',(-1.,0.,0.));
#7111=DIRECTION('center_axis',(1.,0.,0.));
#7112=DIRECTION('ref_axis',(0.,0.,-1.));
#7113=DIRECTION('center_axis',(-1.,0.,0.));
#7114=DIRECTION('ref_axis',(0.,0.,-1.));
#7115=DIRECTION('center_axis',(1.,1.48029736616687E-15,0.));
#7116=DIRECTION('ref_axis',(0.,0.707106781186532,-0.707106781186563));
#7117=DIRECTION('center_axis',(-1.,0.,0.));
#7118=DIRECTION('ref_axis',(0.,1.,0.));
#7119=DIRECTION('',(1.,1.48029736616687E-15,0.));
#7120=DIRECTION('',(-1.,-1.48029736616687E-15,0.));
#7121=DIRECTION('center_axis',(0.,-1.,0.));
#7122=DIRECTION('ref_axis',(-1.,0.,0.));
#7123=DIRECTION('center_axis',(0.,0.,-1.));
#7124=DIRECTION('ref_axis',(-0.707106781186553,0.707106781186542,0.));
#7125=DIRECTION('center_axis',(0.,1.,0.));
#7126=DIRECTION('ref_axis',(-0.707106781186532,0.,-0.707106781186563));
#7127=DIRECTION('center_axis',(0.,-1.,0.));
#7128=DIRECTION('ref_axis',(-1.,0.,0.));
#7129=DIRECTION('',(0.,1.,0.));
#7130=DIRECTION('center_axis',(1.,0.,0.));
#7131=DIRECTION('ref_axis',(0.,-1.,0.));
#7132=DIRECTION('center_axis',(0.,0.,-1.));
#7133=DIRECTION('ref_axis',(-0.707106781186553,-0.707106781186542,0.));
#7134=DIRECTION('center_axis',(-1.,1.48029736616687E-15,0.));
#7135=DIRECTION('ref_axis',(0.,-0.707106781186595,-0.7071067811865));
#7136=DIRECTION('',(1.,-1.48029736616687E-15,0.));
#7137=DIRECTION('',(-1.,1.48029736616687E-15,0.));
#7138=DIRECTION('center_axis',(-1.,1.48029736616687E-15,0.));
#7139=DIRECTION('ref_axis',(0.,-0.707106781186595,-0.7071067811865));
#7140=DIRECTION('center_axis',(1.,0.,0.));
#7141=DIRECTION('ref_axis',(0.,-1.,0.));
#7142=DIRECTION('',(-1.,1.48029736616687E-15,0.));
#7143=DIRECTION('',(1.,-1.48029736616687E-15,0.));
#7144=DIRECTION('center_axis',(0.,1.,0.));
#7145=DIRECTION('ref_axis',(1.,0.,0.));
#7146=DIRECTION('center_axis',(0.,0.,-1.));
#7147=DIRECTION('ref_axis',(0.707106781186553,-0.707106781186542,0.));
#7148=DIRECTION('center_axis',(0.,0.,1.));
#7149=DIRECTION('ref_axis',(0.707106781186553,-0.707106781186542,0.));
#7150=DIRECTION('center_axis',(0.,-1.,0.));
#7151=DIRECTION('ref_axis',(0.707106781186532,0.,-0.707106781186563));
#7152=DIRECTION('center_axis',(0.,1.,0.));
#7153=DIRECTION('ref_axis',(1.,0.,0.));
#7154=DIRECTION('',(0.,-1.,0.));
#7155=DIRECTION('',(0.,1.,0.));
#7156=DIRECTION('center_axis',(-1.,0.,0.));
#7157=DIRECTION('ref_axis',(0.,1.,0.));
#7158=DIRECTION('center_axis',(0.,0.,-1.));
#7159=DIRECTION('ref_axis',(0.707106781186559,0.707106781186536,0.));
#7160=DIRECTION('center_axis',(0.,0.,1.));
#7161=DIRECTION('ref_axis',(0.707106781186559,0.707106781186536,0.));
#7162=DIRECTION('center_axis',(1.,1.48029736616687E-15,0.));
#7163=DIRECTION('ref_axis',(0.,0.707106781186532,-0.707106781186563));
#7164=DIRECTION('',(-1.,-1.48029736616687E-15,0.));
#7165=DIRECTION('',(1.,1.48029736616687E-15,0.));
#7166=DIRECTION('center_axis',(0.,0.,-1.));
#7167=DIRECTION('ref_axis',(1.,-1.671865260612E-14,0.));
#7168=DIRECTION('center_axis',(0.,0.,1.));
#7169=DIRECTION('ref_axis',(1.,0.,0.));
#7170=DIRECTION('center_axis',(0.,0.,-1.));
#7171=DIRECTION('ref_axis',(1.,0.,0.));
#7172=DIRECTION('center_axis',(0.,0.,-1.));
#7173=DIRECTION('ref_axis',(1.,0.,0.));
#7174=DIRECTION('center_axis',(0.,0.,-1.));
#7175=DIRECTION('ref_axis',(-1.,0.,0.));
#7176=DIRECTION('center_axis',(0.,0.,1.));
#7177=DIRECTION('ref_axis',(-1.,0.,0.));
#7178=DIRECTION('center_axis',(0.,0.,-1.));
#7179=DIRECTION('ref_axis',(-1.,0.,0.));
#7180=DIRECTION('center_axis',(0.,0.,-1.));
#7181=DIRECTION('ref_axis',(0.707106781186563,0.707106781186532,0.));
#7182=DIRECTION('',(0.,0.,-1.));
#7183=DIRECTION('',(0.,0.,1.));
#7184=DIRECTION('center_axis',(1.,0.,0.));
#7185=DIRECTION('ref_axis',(0.,-1.,0.));
#7186=DIRECTION('',(0.,0.,-1.));
#7187=DIRECTION('center_axis',(0.,0.,-1.));
#7188=DIRECTION('ref_axis',(0.707106781186555,-0.70710678118654,0.));
#7189=DIRECTION('',(0.,0.,1.));
#7190=DIRECTION('center_axis',(-1.48029736616687E-15,-1.,0.));
#7191=DIRECTION('ref_axis',(-1.,1.48029736616687E-15,0.));
#7192=DIRECTION('center_axis',(0.,0.,-1.));
#7193=DIRECTION('ref_axis',(-1.,0.,0.));
#7194=DIRECTION('center_axis',(0.,0.,-1.));
#7195=DIRECTION('ref_axis',(-1.,0.,0.));
#7196=DIRECTION('center_axis',(0.,0.,-1.));
#7197=DIRECTION('ref_axis',(-1.,0.,0.));
#7198=DIRECTION('',(0.,0.,-1.));
#7199=DIRECTION('center_axis',(0.,0.,-1.));
#7200=DIRECTION('ref_axis',(-1.,0.,0.));
#7201=DIRECTION('center_axis',(-1.48029736616687E-15,1.,0.));
#7202=DIRECTION('ref_axis',(1.,1.48029736616687E-15,0.));
#7203=DIRECTION('center_axis',(0.,0.,1.));
#7204=DIRECTION('ref_axis',(-1.,0.,0.));
#7205=DIRECTION('center_axis',(0.,0.,1.));
#7206=DIRECTION('ref_axis',(-1.,0.,0.));
#7207=DIRECTION('center_axis',(1.,0.,0.));
#7208=DIRECTION('ref_axis',(0.,-0.919145030868175,-0.39391929659556));
#7209=DIRECTION('center_axis',(-1.,-1.07616072474456E-14,1.5425149740773E-26));
#7210=DIRECTION('ref_axis',(0.,-0.919145030868175,-0.39391929659556));
#7211=DIRECTION('',(-1.,0.,0.));
#7212=DIRECTION('center_axis',(1.,1.07616072474456E-14,-1.5425149740773E-26));
#7213=DIRECTION('ref_axis',(0.,-0.919145030868175,-0.39391929659556));
#7214=DIRECTION('',(1.,0.,0.));
#7215=DIRECTION('center_axis',(0.,9.88294914876235E-16,-1.));
#7216=DIRECTION('ref_axis',(-1.52445970500104E-41,1.,9.88294914876235E-16));
#7217=DIRECTION('',(1.52445970500104E-41,-1.,-9.88294914876235E-16));
#7218=DIRECTION('',(-1.,0.,0.));
#7219=DIRECTION('',(-2.51171893873955E-40,1.,1.62814359830645E-14));
#7220=DIRECTION('center_axis',(1.,1.07616072474456E-14,-1.5425149740773E-26));
#7221=DIRECTION('ref_axis',(-1.07616072474456E-14,1.,-2.6645352583441E-15));
#7222=DIRECTION('',(-7.42179813531121E-15,0.689655175539323,0.724137928057788));
#7223=DIRECTION('',(2.58389064737615E-64,0.,-1.));
#7224=DIRECTION('',(1.07616072474456E-14,-1.,0.));
#7225=DIRECTION('center_axis',(-1.,-1.07616072474456E-14,1.54252031109106E-26));
#7226=DIRECTION('ref_axis',(-9.70460241778018E-15,0.901780021761184,0.432195317365192));
#7227=DIRECTION('',(-4.65111625968325E-15,0.432195317365193,-0.901780021761183));
#7228=DIRECTION('center_axis',(1.,1.07616072474456E-14,-1.54253876758825E-26));
#7229=DIRECTION('ref_axis',(9.70460241778019E-15,-0.901780021761184,-0.432195317365191));
#7230=DIRECTION('',(-1.07616072474456E-14,1.,-1.4167456906555E-14));
#7231=DIRECTION('center_axis',(1.,1.07616072474456E-14,-1.5425149740773E-26));
#7232=DIRECTION('ref_axis',(-1.5425149740773E-26,-1.65999403243236E-40,
-1.));
#7233=DIRECTION('',(1.54552225153776E-26,-2.79445011447474E-15,1.));
#7234=DIRECTION('center_axis',(1.,1.07616072474456E-14,-1.54248113218586E-26));
#7235=DIRECTION('ref_axis',(6.19396727906399E-15,-0.573576436351047,0.819152044288991));
#7236=DIRECTION('',(-1.01106593492401E-14,0.939692620785908,-0.34202014332567));
#7237=DIRECTION('',(-1.5425149740773E-26,-1.65999403243236E-40,-1.));
#7238=DIRECTION('center_axis',(-1.,-1.07616072474456E-14,1.5425149740773E-26));
#7239=DIRECTION('ref_axis',(-1.5425149740773E-26,-1.65999403243237E-40,
-1.));
#7240=DIRECTION('',(1.07616072474456E-14,-1.,-4.4995785807819E-16));
#7241=DIRECTION('center_axis',(-1.,-1.07616072474456E-14,1.54248113218586E-26));
#7242=DIRECTION('ref_axis',(7.68038785908594E-15,-0.713684088491498,-0.700467716482394));
#7243=DIRECTION('',(7.53815845430966E-15,-0.700467716482396,0.713684088491496));
#7244=DIRECTION('center_axis',(1.,1.07616072474456E-14,-1.5425149740773E-26));
#7245=DIRECTION('ref_axis',(9.08811424002921E-15,-0.845892901834611,-0.533352790023472));
#7246=DIRECTION('',(3.68068645312314E-15,-0.342020143318488,0.939692620788522));
#7247=DIRECTION('center_axis',(1.,1.07616072474456E-14,-1.5425149740773E-26));
#7248=DIRECTION('ref_axis',(8.88178419700124E-15,-0.939692620788522,-0.342020143318488));
#7249=DIRECTION('',(-8.90024420762498E-15,0.827036705855085,0.56214792285338));
#7250=DIRECTION('',(1.5425149740773E-26,1.65999403243236E-40,1.));
#7251=DIRECTION('',(1.07616072474456E-14,-1.,-3.9497108601728E-92));
#7252=DIRECTION('',(1.5425149740773E-26,1.65999403243237E-40,1.));
#7253=DIRECTION('center_axis',(-1.,-1.07616072474456E-14,1.54254239194458E-26));
#7254=DIRECTION('ref_axis',(7.60960546114599E-15,-0.707106781186545,0.70710678118655));
#7255=DIRECTION('',(-7.60960546112422E-15,0.707106781186549,0.707106781186546));
#7256=DIRECTION('center_axis',(1.,1.07616072474456E-14,-1.54245315782204E-26));
#7257=DIRECTION('ref_axis',(-7.60960546114603E-15,0.707106781186548,-0.707106781186547));
#7258=DIRECTION('',(5.38080362373616E-15,-0.499999999999998,0.86602540378444));
#7259=DIRECTION('',(4.65111625968325E-15,-0.432195317365194,0.901780021761183));
#7260=DIRECTION('center_axis',(-1.,-1.07616072474456E-14,1.5425149740773E-26));
#7261=DIRECTION('ref_axis',(0.,0.532824869274514,0.846225536534202));
#7262=DIRECTION('',(1.07616072474456E-14,1.,1.38996214715309E-94));
#7263=DIRECTION('center_axis',(-1.,-1.07616072474456E-14,1.5425149740773E-26));
#7264=DIRECTION('ref_axis',(0.,-0.866025403784437,0.500000000000002));
#7265=DIRECTION('',(-5.17838886003475E-71,-0.499999999999999,0.866025403784439));
#7266=DIRECTION('center_axis',(1.,1.07616072474456E-14,-1.5425149740773E-26));
#7267=DIRECTION('ref_axis',(0.,0.965925826289069,0.25881904510252));
#7268=DIRECTION('',(0.,0.,1.));
#7269=DIRECTION('center_axis',(1.,1.07616072474456E-14,-1.5425149740773E-26));
#7270=DIRECTION('ref_axis',(0.,0.707106781186547,-0.707106781186547));
#7271=DIRECTION('',(0.,1.,-1.32169407693471E-16));
#7272=DIRECTION('center_axis',(1.,1.07616072474456E-14,-1.5425149740773E-26));
#7273=DIRECTION('ref_axis',(0.,-0.707106781186548,-0.707106781186547));
#7274=DIRECTION('',(0.,0.,-1.));
#7275=DIRECTION('center_axis',(-1.,-1.07616072474456E-14,1.5425149740773E-26));
#7276=DIRECTION('ref_axis',(0.,0.965925826289068,0.258819045102521));
#7277=DIRECTION('',(4.56199346306294E-71,0.5,-0.866025403784439));
#7278=DIRECTION('center_axis',(-1.,-1.07616072474456E-14,1.5425149740773E-26));
#7279=DIRECTION('ref_axis',(0.,0.5,0.866025403784439));
#7280=DIRECTION('',(0.,1.,0.));
#7281=DIRECTION('center_axis',(-1.,-1.07616072474456E-14,1.5425149740773E-26));
#7282=DIRECTION('ref_axis',(0.,-0.5,0.866025403784438));
#7283=DIRECTION('',(4.15540656293285E-71,-0.499999999999999,-0.866025403784439));
#7284=DIRECTION('center_axis',(-1.,-1.07616072474456E-14,1.5425149740773E-26));
#7285=DIRECTION('ref_axis',(0.,-0.965925826289068,0.25881904510252));
#7286=DIRECTION('',(0.,0.,-1.));
#7287=DIRECTION('center_axis',(1.,1.07616072474456E-14,-1.5425149740773E-26));
#7288=DIRECTION('ref_axis',(0.,0.707106781186548,-0.707106781186547));
#7289=DIRECTION('',(0.,-1.,-3.30423519233678E-17));
#7290=DIRECTION('center_axis',(1.,1.07616072474456E-14,-1.5425149740773E-26));
#7291=DIRECTION('ref_axis',(0.,-0.707106781186547,-0.707106781186547));
#7292=DIRECTION('',(0.,0.,1.));
#7293=DIRECTION('center_axis',(1.,1.07616072474456E-14,-1.5425149740773E-26));
#7294=DIRECTION('ref_axis',(0.,-0.965925826289068,0.25881904510252));
#7295=DIRECTION('',(-7.1344324427534E-71,0.499999999999999,0.866025403784439));
#7296=DIRECTION('center_axis',(-1.,-1.07616072474456E-14,1.5425149740773E-26));
#7297=DIRECTION('ref_axis',(0.,0.866025403784439,0.5));
#7298=DIRECTION('',(1.07616072474456E-14,1.,1.38996214715309E-94));
#7299=DIRECTION('center_axis',(-1.,-1.07616072474456E-14,1.5425149740773E-26));
#7300=DIRECTION('ref_axis',(0.,-0.532824869274515,0.846225536534201));
#7301=DIRECTION('',(4.65111625965541E-15,-0.432195317365192,-0.901780021761184));
#7302=DIRECTION('',(-5.41303133789726E-15,0.499999999999998,0.86602540378444));
#7303=DIRECTION('center_axis',(-1.,-1.08260626758213E-14,1.54245315782204E-26));
#7304=DIRECTION('ref_axis',(7.65518233161291E-15,-0.707106781186548,-0.707106781186547));
#7305=DIRECTION('',(7.65518233163473E-15,-0.707106781186549,0.707106781186546));
#7306=DIRECTION('center_axis',(1.,1.08260626758213E-14,-1.54254239194458E-26));
#7307=DIRECTION('ref_axis',(-7.65518233161288E-15,0.707106781186545,0.70710678118655));
#7308=DIRECTION('',(1.5425149740773E-26,7.57306469013825E-29,1.));
#7309=DIRECTION('',(-1.08260626758213E-14,1.,-7.57306469012155E-29));
#7310=DIRECTION('',(1.5425149740773E-26,7.57306469013825E-29,1.));
#7311=DIRECTION('',(-8.90024420764233E-15,0.827036705855086,-0.562147922853379));
#7312=DIRECTION('center_axis',(1.,1.07616072474456E-14,-1.5425149740773E-26));
#7313=DIRECTION('ref_axis',(0.,0.562147922853379,0.827036705855086));
#7314=DIRECTION('',(-3.70273150794484E-15,0.342020143318488,0.939692620788522));
#7315=DIRECTION('center_axis',(1.,1.07616072474456E-14,-1.5425149740773E-26));
#7316=DIRECTION('ref_axis',(-9.08811424002919E-15,0.845892901834611,-0.533352790023471));
#7317=DIRECTION('',(-7.58330740101682E-15,0.700467716482396,0.713684088491496));
#7318=DIRECTION('center_axis',(1.,1.08260626758213E-14,-1.54248113218586E-26));
#7319=DIRECTION('ref_axis',(-7.72638867275615E-15,0.713684088491498,-0.700467716482394));
#7320=DIRECTION('',(-1.08260626758213E-14,1.,-4.49957858078265E-16));
#7321=DIRECTION('center_axis',(1.,1.08260626758213E-14,-1.5425149740773E-26));
#7322=DIRECTION('ref_axis',(-1.5425149740773E-26,-7.57306469013825E-29,
-1.));
#7323=DIRECTION('',(-1.5425149740773E-26,-7.57306469013825E-29,-1.));
#7324=DIRECTION('',(-1.01106593492393E-14,0.939692620785836,0.342020143325869));
#7325=DIRECTION('center_axis',(1.,1.07616072474456E-14,-1.54248113218586E-26));
#7326=DIRECTION('ref_axis',(-6.19396727906399E-15,0.573576436351047,0.819152044288991));
#7327=DIRECTION('',(1.53948968486892E-26,2.79445011447482E-15,1.));
#7328=DIRECTION('center_axis',(-1.,-1.08260626758213E-14,1.5425149740773E-26));
#7329=DIRECTION('ref_axis',(-1.5425149740773E-26,-7.57306469013825E-29,
-1.));
#7330=DIRECTION('',(1.08260626758213E-14,-1.,-1.41674569065549E-14));
#7331=DIRECTION('center_axis',(-1.,-1.08260626758213E-14,1.54253876758825E-26));
#7332=DIRECTION('ref_axis',(-9.76272703539673E-15,0.901780021761184,-0.432195317365191));
#7333=DIRECTION('',(4.67897359397814E-15,-0.432195317365193,-0.901780021761183));
#7334=DIRECTION('center_axis',(1.,1.08260626758213E-14,-1.54252031109106E-26));
#7335=DIRECTION('ref_axis',(9.76272703539673E-15,-0.901780021761184,0.432195317365192));
#7336=DIRECTION('',(1.07616072474456E-14,1.,1.38996214715309E-94));
#7337=DIRECTION('',(-4.31969697218882E-31,0.,1.));
#7338=DIRECTION('',(2.78112476417104E-30,0.707106802259935,-0.707106760113159));
#7339=DIRECTION('center_axis',(1.,1.07616072474456E-14,-1.5425149740773E-26));
#7340=DIRECTION('ref_axis',(0.,0.923879538213699,-0.38268341859825));
#7341=DIRECTION('',(0.,1.,-1.5464656198942E-14));
#7342=DIRECTION('center_axis',(1.,1.07616072474456E-14,-1.5425149740773E-26));
#7343=DIRECTION('ref_axis',(0.,-0.707106781186559,-0.707106781186536));
#7344=DIRECTION('',(-1.06748888381441E-39,-1.69056087499429E-14,-1.));
#7345=DIRECTION('center_axis',(1.,1.07616072474456E-14,-1.5425149740773E-26));
#7346=DIRECTION('ref_axis',(0.,-0.707106781186541,0.707106781186554));
#7347=DIRECTION('',(1.24261382064217E-29,-0.689655175539302,-0.724137928057808));
#7348=DIRECTION('center_axis',(1.,1.07616072474456E-14,-1.54259386016782E-26));
#7349=DIRECTION('ref_axis',(-5.02429586778799E-15,-0.0243829881397981,0.999702690748292));
#7350=DIRECTION('',(-7.79288797474785E-15,0.724137928057811,-0.689655175539299));
#7351=DIRECTION('center_axis',(1.,1.07616072474456E-14,-1.5425149740773E-26));
#7352=DIRECTION('ref_axis',(0.,0.999702690748292,0.0243829881397964));
#7353=DIRECTION('',(7.42179813531129E-15,-0.689655175539331,-0.72413792805778));
#7354=DIRECTION('',(-7.60960546112419E-15,0.707106781186546,0.707106781186549));
#7355=DIRECTION('',(1.54920573320104E-26,6.21724893865715E-15,1.));
#7356=DIRECTION('',(7.32503656387959E-15,-1.,-2.40973313605572E-14));
#7357=DIRECTION('',(1.54920573320104E-26,-6.21724893865715E-15,1.));
#7358=DIRECTION('',(-7.60960546114599E-15,0.707106781186545,-0.70710678118655));
#7359=DIRECTION('center_axis',(1.,1.07616072474456E-14,-1.5425149740773E-26));
#7360=DIRECTION('ref_axis',(5.0866929589809E-15,-0.999925669924593,0.0121924003319561));
#7361=DIRECTION('',(-7.79288797472665E-15,0.724137928057819,0.689655175539291));
#7362=DIRECTION('center_axis',(1.,1.07616072474456E-14,-1.54259386016782E-26));
#7363=DIRECTION('ref_axis',(-5.02429586778797E-15,0.0243829881398081,0.999702690748291));
#7364=DIRECTION('',(1.24261382064217E-29,0.689655175539302,-0.724137928057808));
#7365=DIRECTION('center_axis',(1.,1.07616072474456E-14,-1.5425149740773E-26));
#7366=DIRECTION('ref_axis',(0.,0.707106781186547,0.707106781186547));
#7367=DIRECTION('',(0.,0.,-1.));
#7368=DIRECTION('center_axis',(1.,1.07616072474456E-14,-1.5425149740773E-26));
#7369=DIRECTION('ref_axis',(0.,0.707106781186547,-0.707106781186547));
#7370=DIRECTION('',(-1.07616072474456E-14,1.,1.59473055147559E-14));
#7371=DIRECTION('',(-8.05024299917193E-66,0.,1.));
#7372=DIRECTION('',(1.07616072474456E-14,-1.,0.));
#7373=DIRECTION('',(7.42179813531121E-15,-0.689655175539323,-0.724137928057787));
#7374=DIRECTION('center_axis',(-1.,-1.08260626758213E-14,1.5425149740773E-26));
#7375=DIRECTION('ref_axis',(1.5425149740773E-26,7.57306469013825E-29,1.));
#7376=DIRECTION('',(-1.08260626758213E-14,1.,-8.0193455572325E-16));
#7377=DIRECTION('',(1.5425149740773E-26,7.57306469013825E-29,1.));
#7378=DIRECTION('',(1.08260626758213E-14,-1.,7.57306469012155E-29));
#7379=DIRECTION('',(-1.5425149740773E-26,-7.57306469013825E-29,-1.));
#7380=DIRECTION('center_axis',(1.,1.07616072474456E-14,-1.5425149740773E-26));
#7381=DIRECTION('ref_axis',(1.5425149740773E-26,1.65999403243236E-40,1.));
#7382=DIRECTION('',(-1.5425149740773E-26,-1.65999403243236E-40,-1.));
#7383=DIRECTION('',(-1.07616072474456E-14,1.,1.65731768145978E-93));
#7384=DIRECTION('',(1.5425149740773E-26,1.65999403243236E-40,1.));
#7385=DIRECTION('',(1.07616072474456E-14,-1.,-8.01934555723174E-16));
#7386=DIRECTION('',(-1.07616072474456E-14,1.,-1.69093915136831E-14));
#7387=DIRECTION('',(7.42179813533342E-15,-0.689655175539311,0.724137928057799));
#7388=DIRECTION('',(0.,1.,0.));
#7389=DIRECTION('',(0.,0.,1.));
#7390=DIRECTION('center_axis',(1.,0.,0.));
#7391=DIRECTION('ref_axis',(0.,0.923879538213699,-0.38268341859825));
#7392=DIRECTION('center_axis',(-1.,-1.07616072474456E-14,1.5425149740773E-26));
#7393=DIRECTION('ref_axis',(0.,0.923879538213699,-0.38268341859825));
#7394=DIRECTION('',(-1.,0.,0.));
#7395=DIRECTION('',(1.,0.,0.));
#7396=DIRECTION('center_axis',(0.,-1.5464656198942E-14,-1.));
#7397=DIRECTION('ref_axis',(0.,1.,-1.5464656198942E-14));
#7398=DIRECTION('',(0.,1.,-1.5464656198942E-14));
#7399=DIRECTION('',(1.,0.,0.));
#7400=DIRECTION('center_axis',(1.,1.07616072474456E-14,-1.5425149740773E-26));
#7401=DIRECTION('ref_axis',(-1.07616072474456E-14,1.,-2.6645352583441E-15));
#7402=DIRECTION('center_axis',(-1.,-1.07616072474456E-14,1.5425149740773E-26));
#7403=DIRECTION('ref_axis',(0.,0.707106781186547,-0.707106781186547));
#7404=DIRECTION('',(0.,0.,1.));
#7405=DIRECTION('center_axis',(-1.,-1.07616072474456E-14,1.5425149740773E-26));
#7406=DIRECTION('ref_axis',(0.,0.707106781186547,0.707106781186547));
#7407=DIRECTION('',(7.42179813533354E-15,-0.689655175539322,0.724137928057789));
#7408=DIRECTION('center_axis',(-1.,-1.07616072474456E-14,1.54259386016782E-26));
#7409=DIRECTION('ref_axis',(-5.02429586778797E-15,0.0243829881398081,0.999702690748291));
#7410=DIRECTION('',(1.27000586297923E-30,0.724137928057817,0.689655175539292));
#7411=DIRECTION('center_axis',(-1.,-1.07616072474456E-14,1.5425149740773E-26));
#7412=DIRECTION('ref_axis',(5.0866929589809E-15,-0.999925669924593,0.0121924003319561));
#7413=DIRECTION('',(8.50874104264874E-31,-0.707106781186545,0.70710678118655));
#7414=DIRECTION('',(1.53136983833297E-26,1.0356385889261E-14,1.));
#7415=DIRECTION('',(1.06695834138537E-14,-1.,-9.54791801253261E-15));
#7416=DIRECTION('',(1.53136983833297E-26,-1.0356385889261E-14,1.));
#7417=DIRECTION('',(7.60960546112419E-15,-0.707106781186546,-0.707106781186549));
#7418=DIRECTION('',(-7.42179813531129E-15,0.689655175539331,0.72413792805778));
#7419=DIRECTION('center_axis',(-1.,-1.07616072474456E-14,1.5425149740773E-26));
#7420=DIRECTION('ref_axis',(0.,0.999702690748292,0.0243829881397964));
#7421=DIRECTION('',(7.79288797474785E-15,-0.724137928057811,0.689655175539299));
#7422=DIRECTION('center_axis',(-1.,-1.07616072474456E-14,1.54259386016782E-26));
#7423=DIRECTION('ref_axis',(-5.02429586778799E-15,-0.0243829881397981,0.999702690748292));
#7424=DIRECTION('',(7.42179813533354E-15,0.689655175539322,0.724137928057789));
#7425=DIRECTION('center_axis',(-1.,-1.07616072474456E-14,1.5425149740773E-26));
#7426=DIRECTION('ref_axis',(0.,-0.707106781186541,0.707106781186554));
#7427=DIRECTION('',(-1.06748888381441E-39,-1.69056087499429E-14,-1.));
#7428=DIRECTION('center_axis',(-1.,-1.07616072474456E-14,1.5425149740773E-26));
#7429=DIRECTION('ref_axis',(0.,-0.707106781186559,-0.707106781186536));
#7430=DIRECTION('',(-2.78112476417104E-30,-0.707106802259935,0.707106760113159));
#7431=DIRECTION('',(-4.31969697218882E-31,0.,1.));
#7432=DIRECTION('',(-1.07616072474456E-14,-1.,-1.38996214715309E-94));
#7433=DIRECTION('center_axis',(-1.,-1.08260626758213E-14,1.54252031109106E-26));
#7434=DIRECTION('ref_axis',(9.76272703539673E-15,-0.901780021761184,0.432195317365192));
#7435=DIRECTION('',(-4.67897359397814E-15,0.432195317365193,0.901780021761183));
#7436=DIRECTION('center_axis',(-1.,-1.08260626758213E-14,1.54253876758825E-26));
#7437=DIRECTION('ref_axis',(-9.76272703539673E-15,0.901780021761184,-0.432195317365191));
#7438=DIRECTION('',(-1.08260626758213E-14,1.,1.41674569065549E-14));
#7439=DIRECTION('center_axis',(-1.,-1.08260626758213E-14,1.5425149740773E-26));
#7440=DIRECTION('ref_axis',(-1.5425149740773E-26,-7.57306469013825E-29,
-1.));
#7441=DIRECTION('',(1.53865784125848E-26,3.55271367879975E-15,1.));
#7442=DIRECTION('center_axis',(-1.,-1.07616072474456E-14,1.54248113218586E-26));
#7443=DIRECTION('ref_axis',(-6.19396727906399E-15,0.573576436351047,0.819152044288991));
#7444=DIRECTION('',(-1.01751147776157E-14,0.939692620785908,0.34202014332567));
#7445=DIRECTION('',(1.5425149740773E-26,7.57306469013825E-29,1.));
#7446=DIRECTION('center_axis',(-1.,-1.08260626758213E-14,1.5425149740773E-26));
#7447=DIRECTION('ref_axis',(-1.5425149740773E-26,-7.57306469013825E-29,
-1.));
#7448=DIRECTION('',(1.08260626758213E-14,-1.,4.49957858078265E-16));
#7449=DIRECTION('center_axis',(-1.,-1.08260626758213E-14,1.54248113218586E-26));
#7450=DIRECTION('ref_axis',(-7.72638867275615E-15,0.713684088491498,-0.700467716482394));
#7451=DIRECTION('',(7.58330740101682E-15,-0.700467716482396,-0.713684088491496));
#7452=DIRECTION('center_axis',(-1.,-1.07616072474456E-14,1.5425149740773E-26));
#7453=DIRECTION('ref_axis',(-9.08811424002919E-15,0.845892901834611,-0.533352790023471));
#7454=DIRECTION('',(3.70273150794484E-15,-0.342020143318488,-0.939692620788522));
#7455=DIRECTION('center_axis',(-1.,-1.07616072474456E-14,1.5425149740773E-26));
#7456=DIRECTION('ref_axis',(0.,0.562147922853379,0.827036705855086));
#7457=DIRECTION('',(8.90024420764233E-15,-0.827036705855086,0.562147922853379));
#7458=DIRECTION('',(-1.5425149740773E-26,-7.57306469013825E-29,-1.));
#7459=DIRECTION('',(1.08260626758213E-14,-1.,7.57306469012155E-29));
#7460=DIRECTION('',(-1.5425149740773E-26,-7.57306469013825E-29,-1.));
#7461=DIRECTION('center_axis',(-1.,-1.08260626758213E-14,1.54254239194458E-26));
#7462=DIRECTION('ref_axis',(-7.65518233161288E-15,0.707106781186545,0.70710678118655));
#7463=DIRECTION('',(-7.65518233163473E-15,0.707106781186549,-0.707106781186546));
#7464=DIRECTION('center_axis',(-1.,-1.08260626758213E-14,1.54245315782204E-26));
#7465=DIRECTION('ref_axis',(7.65518233161291E-15,-0.707106781186548,-0.707106781186547));
#7466=DIRECTION('',(-5.41303133789726E-15,0.499999999999998,0.86602540378444));
#7467=DIRECTION('',(-4.65111625965541E-15,0.432195317365192,0.901780021761184));
#7468=DIRECTION('center_axis',(1.,1.07616072474456E-14,-1.5425149740773E-26));
#7469=DIRECTION('ref_axis',(0.,-0.532824869274515,0.846225536534201));
#7470=DIRECTION('',(-1.07616072474456E-14,-1.,-1.38996214715309E-94));
#7471=DIRECTION('center_axis',(1.,1.07616072474456E-14,-1.5425149740773E-26));
#7472=DIRECTION('ref_axis',(0.,0.866025403784439,0.5));
#7473=DIRECTION('',(7.1344324427534E-71,-0.499999999999999,-0.866025403784439));
#7474=DIRECTION('center_axis',(-1.,-1.07616072474456E-14,1.5425149740773E-26));
#7475=DIRECTION('ref_axis',(0.,-0.965925826289068,0.25881904510252));
#7476=DIRECTION('',(0.,0.,-1.));
#7477=DIRECTION('center_axis',(-1.,-1.07616072474456E-14,1.5425149740773E-26));
#7478=DIRECTION('ref_axis',(0.,-0.707106781186547,-0.707106781186547));
#7479=DIRECTION('',(0.,1.,3.30423519233678E-17));
#7480=DIRECTION('center_axis',(-1.,-1.07616072474456E-14,1.5425149740773E-26));
#7481=DIRECTION('ref_axis',(0.,0.707106781186548,-0.707106781186547));
#7482=DIRECTION('',(0.,0.,1.));
#7483=DIRECTION('center_axis',(1.,1.07616072474456E-14,-1.5425149740773E-26));
#7484=DIRECTION('ref_axis',(0.,-0.965925826289068,0.25881904510252));
#7485=DIRECTION('',(-4.15540656293285E-71,0.499999999999999,0.866025403784439));
#7486=DIRECTION('center_axis',(1.,1.07616072474456E-14,-1.5425149740773E-26));
#7487=DIRECTION('ref_axis',(0.,-0.5,0.866025403784438));
#7488=DIRECTION('',(0.,1.,0.));
#7489=DIRECTION('center_axis',(1.,1.07616072474456E-14,-1.5425149740773E-26));
#7490=DIRECTION('ref_axis',(0.,0.5,0.866025403784439));
#7491=DIRECTION('',(4.56199346306294E-71,0.5,-0.866025403784439));
#7492=DIRECTION('center_axis',(1.,1.07616072474456E-14,-1.5425149740773E-26));
#7493=DIRECTION('ref_axis',(0.,0.965925826289068,0.258819045102521));
#7494=DIRECTION('',(0.,0.,-1.));
#7495=DIRECTION('center_axis',(-1.,-1.07616072474456E-14,1.5425149740773E-26));
#7496=DIRECTION('ref_axis',(0.,-0.707106781186548,-0.707106781186547));
#7497=DIRECTION('',(0.,1.,-1.32169407693471E-16));
#7498=DIRECTION('center_axis',(-1.,-1.07616072474456E-14,1.5425149740773E-26));
#7499=DIRECTION('ref_axis',(0.,0.707106781186547,-0.707106781186547));
#7500=DIRECTION('',(0.,0.,1.));
#7501=DIRECTION('center_axis',(-1.,-1.07616072474456E-14,1.5425149740773E-26));
#7502=DIRECTION('ref_axis',(0.,0.965925826289069,0.25881904510252));
#7503=DIRECTION('',(-5.17838886003475E-71,-0.499999999999999,0.866025403784439));
#7504=DIRECTION('center_axis',(1.,1.07616072474456E-14,-1.5425149740773E-26));
#7505=DIRECTION('ref_axis',(0.,-0.866025403784437,0.500000000000002));
#7506=DIRECTION('',(-1.07616072474456E-14,-1.,-1.38996214715309E-94));
#7507=DIRECTION('center_axis',(1.,1.07616072474456E-14,-1.5425149740773E-26));
#7508=DIRECTION('ref_axis',(0.,0.532824869274514,0.846225536534202));
#7509=DIRECTION('',(-4.65111625968325E-15,0.432195317365194,-0.901780021761183));
#7510=DIRECTION('',(5.38080362373616E-15,-0.499999999999998,0.86602540378444));
#7511=DIRECTION('center_axis',(1.,1.07616072474456E-14,-1.54245315782204E-26));
#7512=DIRECTION('ref_axis',(-7.60960546114603E-15,0.707106781186548,-0.707106781186547));
#7513=DIRECTION('',(7.60960546112422E-15,-0.707106781186549,-0.707106781186546));
#7514=DIRECTION('center_axis',(1.,1.07616072474456E-14,-1.54254239194458E-26));
#7515=DIRECTION('ref_axis',(7.60960546114599E-15,-0.707106781186545,0.70710678118655));
#7516=DIRECTION('',(-1.5425149740773E-26,-1.65999403243237E-40,-1.));
#7517=DIRECTION('',(-1.07616072474456E-14,1.,3.9497108601728E-92));
#7518=DIRECTION('',(-1.5425149740773E-26,-1.65999403243236E-40,-1.));
#7519=DIRECTION('',(8.90024420762498E-15,-0.827036705855085,-0.56214792285338));
#7520=DIRECTION('center_axis',(-1.,-1.07616072474456E-14,1.5425149740773E-26));
#7521=DIRECTION('ref_axis',(8.88178419700124E-15,-0.939692620788522,-0.342020143318488));
#7522=DIRECTION('',(-3.68068645312314E-15,0.342020143318488,-0.939692620788522));
#7523=DIRECTION('center_axis',(-1.,-1.07616072474456E-14,1.5425149740773E-26));
#7524=DIRECTION('ref_axis',(9.08811424002921E-15,-0.845892901834611,-0.533352790023472));
#7525=DIRECTION('',(-7.53815845430966E-15,0.700467716482396,-0.713684088491496));
#7526=DIRECTION('center_axis',(1.,1.07616072474456E-14,-1.54248113218586E-26));
#7527=DIRECTION('ref_axis',(7.68038785908594E-15,-0.713684088491498,-0.700467716482394));
#7528=DIRECTION('',(-1.07616072474456E-14,1.,4.4995785807819E-16));
#7529=DIRECTION('center_axis',(1.,1.07616072474456E-14,-1.5425149740773E-26));
#7530=DIRECTION('ref_axis',(-1.5425149740773E-26,-1.65999403243237E-40,
-1.));
#7531=DIRECTION('',(1.5425149740773E-26,1.65999403243236E-40,1.));
#7532=DIRECTION('',(1.01106593492401E-14,-0.939692620785908,0.34202014332567));
#7533=DIRECTION('center_axis',(-1.,-1.07616072474456E-14,1.54248113218586E-26));
#7534=DIRECTION('ref_axis',(6.19396727906399E-15,-0.573576436351047,0.819152044288991));
#7535=DIRECTION('',(-1.54552225153776E-26,2.79445011447474E-15,-1.));
#7536=DIRECTION('center_axis',(1.,1.07616072474456E-14,-1.5425149740773E-26));
#7537=DIRECTION('ref_axis',(-1.5425149740773E-26,-1.65999403243236E-40,
-1.));
#7538=DIRECTION('',(1.07616072474456E-14,-1.,1.4167456906555E-14));
#7539=DIRECTION('center_axis',(1.,1.07616072474456E-14,-1.54253876758825E-26));
#7540=DIRECTION('ref_axis',(9.70460241778019E-15,-0.901780021761184,-0.432195317365191));
#7541=DIRECTION('',(4.65111625968325E-15,-0.432195317365193,0.901780021761183));
#7542=DIRECTION('center_axis',(1.,1.07616072474456E-14,-1.54252031109106E-26));
#7543=DIRECTION('ref_axis',(-9.70460241778018E-15,0.901780021761184,0.432195317365192));
#7544=DIRECTION('',(-1.57772181040778E-30,1.,0.));
#7545=DIRECTION('',(2.58389064737615E-64,0.,-1.));
#7546=DIRECTION('',(1.02201421109481E-40,-0.689655175539323,-0.724137928057788));
#7547=DIRECTION('center_axis',(1.,1.08260626758213E-14,-1.5425149740773E-26));
#7548=DIRECTION('ref_axis',(1.5425149740773E-26,7.57306469013825E-29,1.));
#7549=DIRECTION('',(1.5425149740773E-26,7.57306469013825E-29,1.));
#7550=DIRECTION('',(-1.08260626758213E-14,1.,-7.57306469012155E-29));
#7551=DIRECTION('',(-1.54251497407729E-26,-7.57306469013825E-29,-1.));
#7552=DIRECTION('',(1.08260626758213E-14,-1.,8.0193455572325E-16));
#7553=DIRECTION('center_axis',(-1.,-1.07616072474456E-14,1.5425149740773E-26));
#7554=DIRECTION('ref_axis',(1.5425149740773E-26,1.65999403243236E-40,1.));
#7555=DIRECTION('',(-1.07616072474456E-14,1.,8.01934555723174E-16));
#7556=DIRECTION('',(-1.54251497407729E-26,-1.65999403243236E-40,-1.));
#7557=DIRECTION('',(1.07616072474456E-14,-1.,-4.18277406404658E-94));
#7558=DIRECTION('',(1.5425149740773E-26,1.65999403243236E-40,1.));
#7559=DIRECTION('',(1.07616072474456E-14,-1.,-1.69093915136831E-14));
#7560=DIRECTION('',(-3.51840790503193E-31,0.689655175539323,0.724137928057787));
#7561=DIRECTION('',(-1.57772181040778E-30,1.,0.));
#7562=DIRECTION('',(8.05024299917193E-66,0.,-1.));
#7563=DIRECTION('',(1.07616072474456E-14,-1.,1.59800959518391E-14));
#7564=DIRECTION('',(0.,0.,1.));
#7565=DIRECTION('',(-1.07616072474456E-14,1.,0.));
#7566=DIRECTION('',(-7.42179813533342E-15,0.689655175539311,-0.724137928057799));
#7567=DIRECTION('center_axis',(0.,-0.724137928057788,0.689655175539323));
#7568=DIRECTION('ref_axis',(1.02201421109481E-40,-0.689655175539323,-0.724137928057788));
#7569=DIRECTION('',(1.,0.,0.));
#7570=DIRECTION('center_axis',(0.,-0.724137928057799,-0.689655175539311));
#7571=DIRECTION('ref_axis',(2.21676229475644E-31,0.689655175539311,-0.724137928057799));
#7572=DIRECTION('',(1.,0.,0.));
#7573=DIRECTION('',(1.,0.,0.));
#7574=DIRECTION('center_axis',(0.,1.,0.));
#7575=DIRECTION('ref_axis',(-4.31969697218882E-31,0.,1.));
#7576=DIRECTION('',(-1.,0.,0.));
#7577=DIRECTION('',(1.,0.,0.));
#7578=DIRECTION('center_axis',(0.,0.,-1.));
#7579=DIRECTION('ref_axis',(0.,1.,0.));
#7580=DIRECTION('',(1.,0.,0.));
#7581=DIRECTION('center_axis',(0.,0.707106760113159,0.707106802259935));
#7582=DIRECTION('ref_axis',(-2.78112476417104E-30,-0.707106802259935,0.707106760113159));
#7583=DIRECTION('center_axis',(0.,-1.,0.));
#7584=DIRECTION('ref_axis',(2.58389064737615E-64,0.,-1.));
#7585=DIRECTION('',(1.,0.,0.));
#7586=DIRECTION('center_axis',(0.,0.724137928057787,-0.689655175539324));
#7587=DIRECTION('ref_axis',(-3.51840790503193E-31,0.689655175539323,0.724137928057787));
#7588=DIRECTION('',(-1.,0.,0.));
#7589=DIRECTION('',(1.,0.,0.));
#7590=DIRECTION('center_axis',(0.,0.,-1.));
#7591=DIRECTION('ref_axis',(-5.45466194086215E-66,1.,0.));
#7592=DIRECTION('',(1.,0.,0.));
#7593=DIRECTION('center_axis',(1.,0.,0.));
#7594=DIRECTION('ref_axis',(0.,0.707106781186547,0.707106781186547));
#7595=DIRECTION('',(-1.,0.,0.));
#7596=DIRECTION('center_axis',(0.,1.,0.));
#7597=DIRECTION('ref_axis',(0.,0.,1.));
#7598=DIRECTION('',(1.,0.,0.));
#7599=DIRECTION('center_axis',(1.,0.,0.));
#7600=DIRECTION('ref_axis',(0.,0.707106781186547,-0.707106781186547));
#7601=DIRECTION('center_axis',(1.,0.,0.));
#7602=DIRECTION('ref_axis',(0.,-0.707106781186541,0.707106781186554));
#7603=DIRECTION('',(1.,0.,0.));
#7604=DIRECTION('center_axis',(1.,0.,0.));
#7605=DIRECTION('ref_axis',(0.,-0.707106781186559,-0.707106781186536));
#7606=DIRECTION('',(-1.,0.,0.));
#7607=DIRECTION('center_axis',(0.,1.,0.));
#7608=DIRECTION('ref_axis',(0.,0.,1.));
#7609=DIRECTION('',(1.,0.,0.));
#7610=DIRECTION('center_axis',(0.,1.69093915136831E-14,1.));
#7611=DIRECTION('ref_axis',(-5.28031920309765E-40,-1.,1.69093915136831E-14));
#7612=DIRECTION('center_axis',(0.,-1.,1.69056087499429E-14));
#7613=DIRECTION('ref_axis',(-1.06748888381441E-39,-1.69056087499429E-14,
-1.));
#7614=DIRECTION('center_axis',(0.,-1.69093915136831E-14,1.));
#7615=DIRECTION('ref_axis',(2.23348716143797E-40,-1.,-1.69093915136831E-14));
#7616=DIRECTION('',(1.,0.,0.));
#7617=DIRECTION('center_axis',(0.,-1.,0.));
#7618=DIRECTION('ref_axis',(8.05024299917193E-66,0.,-1.));
#7619=DIRECTION('center_axis',(7.94496311313711E-15,-0.724137928057789,
-0.689655175539322));
#7620=DIRECTION('ref_axis',(7.42179813533354E-15,-0.689655175539322,0.724137928057789));
#7621=DIRECTION('',(-1.,-5.7532491272429E-15,-5.47928493044376E-15));
#7622=DIRECTION('center_axis',(-1.,-5.46490855478802E-15,-5.20467485906577E-15));
#7623=DIRECTION('ref_axis',(5.0866929589809E-15,-0.999925669924593,0.0121924003319561));
#7624=DIRECTION('',(1.,5.46490855478802E-15,5.20467485906577E-15));
#7625=DIRECTION('',(-1.,-5.46490855478802E-15,-5.20467485906577E-15));
#7626=DIRECTION('center_axis',(7.54453478437153E-15,-0.707106781186552,
-0.707106781186543));
#7627=DIRECTION('ref_axis',(-1.,0.,-1.06695834138539E-14));
#7628=DIRECTION('',(1.,1.06695834138537E-14,-1.18287901865739E-30));
#7629=DIRECTION('center_axis',(-1.11528610749884E-30,0.689655175539291,
-0.724137928057819));
#7630=DIRECTION('ref_axis',(2.72020953662781E-32,-0.724137928057819,-0.689655175539291));
#7631=DIRECTION('',(1.,5.7532491272429E-15,5.47928493044376E-15));
#7632=DIRECTION('center_axis',(-1.,7.69162836243689E-31,8.07620971075837E-31));
#7633=DIRECTION('ref_axis',(0.,0.999702690748292,0.0243829881397964));
#7634=DIRECTION('',(1.,-7.69162836243689E-31,-8.07620971075837E-31));
#7635=DIRECTION('',(-1.,7.69162836243689E-31,8.07620971075837E-31));
#7636=DIRECTION('center_axis',(-1.11528610749884E-30,-0.689655175539299,
-0.724137928057811));
#7637=DIRECTION('ref_axis',(-2.72020953662651E-32,-0.724137928057811,0.689655175539299));
#7638=DIRECTION('',(-1.,5.75324912724284E-15,-5.47928493044383E-15));
#7639=DIRECTION('center_axis',(0.,-0.72413792805778,0.689655175539331));
#7640=DIRECTION('ref_axis',(4.81962529597462E-31,0.689655175539331,0.72413792805778));
#7641=DIRECTION('',(1.,-1.06695834138537E-14,-1.18287901865739E-30));
#7642=DIRECTION('center_axis',(-1.,5.75324912724284E-15,-5.47928493044383E-15));
#7643=DIRECTION('ref_axis',(-5.02429586778799E-15,-0.0243829881397981,0.999702690748292));
#7644=DIRECTION('',(1.,-5.75324912724284E-15,5.47928493044382E-15));
#7645=DIRECTION('center_axis',(1.,5.7532491272429E-15,5.47928493044376E-15));
#7646=DIRECTION('ref_axis',(-5.02429586778797E-15,0.0243829881398081,0.999702690748291));
#7647=DIRECTION('center_axis',(-1.,-1.07938349616335E-14,-3.80972586423992E-30));
#7648=DIRECTION('ref_axis',(-9.08811424002919E-15,0.845892901834611,-0.533352790023471));
#7649=DIRECTION('',(1.,1.07938349616335E-14,3.36407259619249E-30));
#7650=DIRECTION('',(-1.,-1.07938349616335E-14,-3.04560793094429E-30));
#7651=DIRECTION('center_axis',(7.70338826592102E-15,-0.713684088491496,
0.700467716482396));
#7652=DIRECTION('ref_axis',(-7.58330740101682E-15,0.700467716482396,0.713684088491496));
#7653=DIRECTION('',(-1.,-1.07938349616335E-14,0.));
#7654=DIRECTION('center_axis',(1.01428870634561E-14,-0.939692620788522,
0.342020143318488));
#7655=DIRECTION('ref_axis',(-3.70273150794484E-15,0.342020143318488,0.939692620788522));
#7656=DIRECTION('',(-1.,-8.65309796763512E-15,5.88162655214146E-15));
#7657=DIRECTION('center_axis',(-1.,0.,0.));
#7658=DIRECTION('ref_axis',(0.,-0.532824869274515,0.846225536534201));
#7659=DIRECTION('',(-1.,0.,0.));
#7660=DIRECTION('',(1.,0.,0.));
#7661=DIRECTION('center_axis',(0.,-0.901780021761184,0.432195317365192));
#7662=DIRECTION('ref_axis',(-1.0044762322865E-29,0.432195317365192,0.901780021761184));
#7663=DIRECTION('',(1.,1.06371097686377E-14,2.34935551364579E-15));
#7664=DIRECTION('center_axis',(0.,-0.562147922853379,-0.827036705855086));
#7665=DIRECTION('ref_axis',(6.53355655071316E-31,-0.827036705855086,0.562147922853379));
#7666=DIRECTION('',(1.,8.65309796763512E-15,-5.88162655214146E-15));
#7667=DIRECTION('',(-1.,-1.07938349616335E-14,7.33671415107376E-15));
#7668=DIRECTION('center_axis',(-1.,-1.07938349616335E-14,8.39488240911429E-31));
#7669=DIRECTION('ref_axis',(-6.19396727906399E-15,0.573576436351047,0.819152044288991));
#7670=DIRECTION('',(1.,1.07938349616335E-14,-1.5807750123741E-30));
#7671=DIRECTION('',(-1.,-1.07938349616335E-14,8.39488240911434E-31));
#7672=DIRECTION('center_axis',(1.07938349616335E-14,-1.,2.79445011447482E-15));
#7673=DIRECTION('ref_axis',(1.53948968486892E-26,2.79445011447482E-15,1.));
#7674=DIRECTION('',(-1.,-1.07938349616335E-14,0.));
#7675=DIRECTION('center_axis',(9.34773528103123E-15,-0.86602540378444,0.499999999999998));
#7676=DIRECTION('ref_axis',(-5.41303133789726E-15,0.499999999999998,0.86602540378444));
#7677=DIRECTION('',(-1.,-1.07938349616335E-14,0.));
#7678=DIRECTION('center_axis',(-8.65594924450762E-30,8.0193455572325E-16,
1.));
#7679=DIRECTION('ref_axis',(-1.08260626758213E-14,1.,-8.0193455572325E-16));
#7680=DIRECTION('',(-1.,-1.07938349616335E-14,0.));
#7681=DIRECTION('',(-1.,-1.07938349616335E-14,0.));
#7682=DIRECTION('center_axis',(1.07938349616335E-14,-1.,7.5730646901216E-29));
#7683=DIRECTION('ref_axis',(1.5425149740773E-26,7.57306469013825E-29,1.));
#7684=DIRECTION('',(-1.,-1.07938349616335E-14,0.));
#7685=DIRECTION('center_axis',(8.17424104189459E-43,-7.57306469012155E-29,
-1.));
#7686=DIRECTION('ref_axis',(1.08260626758213E-14,-1.,7.57306469012155E-29));
#7687=DIRECTION('',(-1.,-1.07938349616335E-14,0.));
#7688=DIRECTION('center_axis',(-1.07938349616335E-14,1.,-7.5730646901216E-29));
#7689=DIRECTION('ref_axis',(-1.5425149740773E-26,-7.57306469013825E-29,
-1.));
#7690=DIRECTION('',(-1.,-1.07938349616335E-14,0.));
#7691=DIRECTION('center_axis',(1.,1.07938349616335E-14,0.));
#7692=DIRECTION('ref_axis',(-8.17424104189469E-43,7.5730646901216E-29,1.));
#7693=DIRECTION('center_axis',(1.,1.07938349616335E-14,0.));
#7694=DIRECTION('ref_axis',(-7.63239389637943E-15,0.707106781186545,0.70710678118655));
#7695=DIRECTION('',(-1.,-1.07938349616335E-14,0.));
#7696=DIRECTION('',(-1.,-1.07938349616335E-14,0.));
#7697=DIRECTION('center_axis',(1.07938349616335E-14,-1.,7.5730646901216E-29));
#7698=DIRECTION('ref_axis',(1.5425149740773E-26,7.57306469013825E-29,1.));
#7699=DIRECTION('',(-1.,-1.07938349616335E-14,0.));
#7700=DIRECTION('center_axis',(-8.17424104189459E-43,7.57306469012155E-29,
1.));
#7701=DIRECTION('ref_axis',(-1.08260626758213E-14,1.,-7.57306469012155E-29));
#7702=DIRECTION('',(-1.,-1.07938349616335E-14,0.));
#7703=DIRECTION('center_axis',(1.07938349616335E-14,-1.,7.5730646901216E-29));
#7704=DIRECTION('ref_axis',(1.5425149740773E-26,7.57306469013825E-29,1.));
#7705=DIRECTION('center_axis',(1.,1.07938349616335E-14,0.));
#7706=DIRECTION('ref_axis',(-7.70338826592105E-15,0.713684088491498,-0.700467716482394));
#7707=DIRECTION('',(-1.,-1.07938349616335E-14,0.));
#7708=DIRECTION('center_axis',(-4.85677085978689E-30,4.49957858078265E-16,
1.));
#7709=DIRECTION('ref_axis',(-1.08260626758213E-14,1.,-4.49957858078265E-16));
#7710=DIRECTION('',(-1.,-1.07938349616335E-14,0.));
#7711=DIRECTION('center_axis',(1.,1.07938349616335E-14,0.));
#7712=DIRECTION('ref_axis',(8.17424104189469E-43,-7.5730646901216E-29,-1.));
#7713=DIRECTION('',(-1.,-1.07938349616335E-14,0.));
#7714=DIRECTION('center_axis',(-1.07938349616335E-14,1.,-7.5730646901216E-29));
#7715=DIRECTION('ref_axis',(-1.5425149740773E-26,-7.57306469013825E-29,
-1.));
#7716=DIRECTION('',(1.,1.07938349616335E-14,-8.39488240911428E-31));
#7717=DIRECTION('center_axis',(-3.6917089806115E-15,0.34202014332567,-0.939692620785908));
#7718=DIRECTION('ref_axis',(1.01751147776157E-14,-0.939692620785908,-0.34202014332567));
#7719=DIRECTION('center_axis',(1.,1.07938349616335E-14,0.));
#7720=DIRECTION('ref_axis',(8.17424104189469E-43,-7.5730646901216E-29,-1.));
#7721=DIRECTION('',(-1.,-1.07938349616335E-14,0.));
#7722=DIRECTION('center_axis',(-1.52921191675408E-28,1.41674569065549E-14,
-1.));
#7723=DIRECTION('ref_axis',(1.08260626758213E-14,-1.,-1.41674569065549E-14));
#7724=DIRECTION('',(-1.,-1.07938349616335E-14,0.));
#7725=DIRECTION('center_axis',(1.,1.07938349616335E-14,0.));
#7726=DIRECTION('ref_axis',(-9.73366472658846E-15,0.901780021761184,-0.432195317365191));
#7727=DIRECTION('',(-1.,-1.07938349616335E-14,0.));
#7728=DIRECTION('center_axis',(-9.73366472658845E-15,0.901780021761183,
-0.432195317365193));
#7729=DIRECTION('ref_axis',(4.67897359397814E-15,-0.432195317365193,-0.901780021761183));
#7730=DIRECTION('',(-1.,-1.07938349616335E-14,0.));
#7731=DIRECTION('center_axis',(1.,1.07938349616335E-14,0.));
#7732=DIRECTION('ref_axis',(9.73366472658845E-15,-0.901780021761184,0.432195317365192));
#7733=DIRECTION('',(1.,1.07938349616335E-14,0.));
#7734=DIRECTION('center_axis',(1.,1.07938349616335E-14,0.));
#7735=DIRECTION('ref_axis',(7.63239389637947E-15,-0.707106781186548,-0.707106781186547));
#7736=DIRECTION('',(-1.,-1.07938349616335E-14,0.));
#7737=DIRECTION('center_axis',(7.63239389637945E-15,-0.707106781186546,
-0.707106781186549));
#7738=DIRECTION('ref_axis',(7.65518233163473E-15,-0.707106781186549,0.707106781186546));
#7739=DIRECTION('center_axis',(-1.,-8.65309796763512E-15,5.88162655214146E-15));
#7740=DIRECTION('ref_axis',(0.,0.562147922853379,0.827036705855086));
#7741=DIRECTION('center_axis',(0.,0.,1.));
#7742=DIRECTION('ref_axis',(-1.07616072474456E-14,1.,0.));
#7743=DIRECTION('center_axis',(0.,1.,0.));
#7744=DIRECTION('ref_axis',(0.,0.,1.));
#7745=DIRECTION('',(-1.,0.,0.));
#7746=DIRECTION('',(1.,0.,0.));
#7747=DIRECTION('center_axis',(1.,0.,0.));
#7748=DIRECTION('ref_axis',(0.,0.707106781186547,-0.707106781186547));
#7749=DIRECTION('',(-1.,0.,0.));
#7750=DIRECTION('center_axis',(0.,-1.32169407693471E-16,-1.));
#7751=DIRECTION('ref_axis',(0.,1.,-1.32169407693471E-16));
#7752=DIRECTION('',(1.,0.,0.));
#7753=DIRECTION('center_axis',(1.,0.,0.));
#7754=DIRECTION('ref_axis',(0.,-0.707106781186548,-0.707106781186547));
#7755=DIRECTION('',(-1.,0.,0.));
#7756=DIRECTION('center_axis',(0.,-1.,0.));
#7757=DIRECTION('ref_axis',(0.,0.,-1.));
#7758=DIRECTION('',(1.,0.,0.));
#7759=DIRECTION('center_axis',(1.,0.,0.));
#7760=DIRECTION('ref_axis',(0.,0.965925826289068,0.258819045102521));
#7761=DIRECTION('',(-1.,0.,0.));
#7762=DIRECTION('center_axis',(1.,0.,0.));
#7763=DIRECTION('ref_axis',(0.,0.965925826289069,0.25881904510252));
#7764=DIRECTION('',(1.,0.,0.));
#7765=DIRECTION('center_axis',(0.,0.866025403784439,-0.5));
#7766=DIRECTION('ref_axis',(-4.15540656293286E-71,0.499999999999999,0.866025403784439));
#7767=DIRECTION('',(-1.,0.,0.));
#7768=DIRECTION('',(1.,0.,0.));
#7769=DIRECTION('center_axis',(1.,0.,0.));
#7770=DIRECTION('ref_axis',(0.,-0.965925826289068,0.25881904510252));
#7771=DIRECTION('',(-1.,0.,0.));
#7772=DIRECTION('center_axis',(0.,1.,0.));
#7773=DIRECTION('ref_axis',(0.,0.,1.));
#7774=DIRECTION('',(1.,0.,0.));
#7775=DIRECTION('center_axis',(1.,0.,0.));
#7776=DIRECTION('ref_axis',(0.,0.707106781186548,-0.707106781186547));
#7777=DIRECTION('',(-1.,0.,0.));
#7778=DIRECTION('center_axis',(0.,3.30423519233678E-17,-1.));
#7779=DIRECTION('ref_axis',(0.,1.,3.30423519233678E-17));
#7780=DIRECTION('',(1.,0.,0.));
#7781=DIRECTION('center_axis',(1.,0.,0.));
#7782=DIRECTION('ref_axis',(0.,-0.707106781186547,-0.707106781186547));
#7783=DIRECTION('',(-1.,0.,0.));
#7784=DIRECTION('center_axis',(0.,-1.,0.));
#7785=DIRECTION('ref_axis',(0.,0.,-1.));
#7786=DIRECTION('',(1.,0.,0.));
#7787=DIRECTION('center_axis',(1.,0.,0.));
#7788=DIRECTION('ref_axis',(0.,-0.965925826289068,0.25881904510252));
#7789=DIRECTION('',(-1.,0.,0.));
#7790=DIRECTION('center_axis',(0.,-0.866025403784439,-0.5));
#7791=DIRECTION('ref_axis',(4.56199346306294E-71,0.5,-0.866025403784439));
#7792=DIRECTION('',(1.,0.,0.));
#7793=DIRECTION('center_axis',(1.,0.,0.));
#7794=DIRECTION('ref_axis',(0.,0.5,0.866025403784439));
#7795=DIRECTION('',(-1.,0.,0.));
#7796=DIRECTION('center_axis',(0.,0.,-1.));
#7797=DIRECTION('ref_axis',(0.,1.,0.));
#7798=DIRECTION('',(1.,0.,0.));
#7799=DIRECTION('center_axis',(1.,0.,0.));
#7800=DIRECTION('ref_axis',(0.,-0.5,0.866025403784438));
#7801=DIRECTION('center_axis',(0.,-0.866025403784439,0.5));
#7802=DIRECTION('ref_axis',(7.1344324427534E-71,-0.499999999999999,-0.866025403784439));
#7803=DIRECTION('',(1.,0.,0.));
#7804=DIRECTION('center_axis',(1.,0.,0.));
#7805=DIRECTION('ref_axis',(0.,0.866025403784439,0.5));
#7806=DIRECTION('',(-1.,0.,0.));
#7807=DIRECTION('center_axis',(0.,0.866025403784439,0.499999999999999));
#7808=DIRECTION('ref_axis',(-5.17838886003475E-71,-0.499999999999999,0.866025403784439));
#7809=DIRECTION('',(-1.,0.,0.));
#7810=DIRECTION('center_axis',(-1.,0.,0.));
#7811=DIRECTION('ref_axis',(0.,-0.866025403784437,0.500000000000002));
#7812=DIRECTION('',(1.,0.,0.));
#7813=DIRECTION('center_axis',(0.,0.,1.));
#7814=DIRECTION('ref_axis',(-1.07616072474456E-14,1.,0.));
#7815=DIRECTION('',(1.,0.,0.));
#7816=DIRECTION('center_axis',(-1.,-1.07938349616335E-14,3.80972586423992E-30));
#7817=DIRECTION('ref_axis',(9.08811424002921E-15,-0.845892901834611,-0.533352790023472));
#7818=DIRECTION('',(1.,1.07938349616335E-14,-3.04560793094429E-30));
#7819=DIRECTION('',(-1.,-1.07938349616335E-14,3.36407259619249E-30));
#7820=DIRECTION('center_axis',(1.01428870634561E-14,-0.939692620788522,
-0.342020143318488));
#7821=DIRECTION('ref_axis',(3.68068645312314E-15,-0.342020143318488,0.939692620788522));
#7822=DIRECTION('',(1.,8.65309796763512E-15,5.88162655214147E-15));
#7823=DIRECTION('center_axis',(7.70338826592102E-15,-0.713684088491496,
-0.700467716482396));
#7824=DIRECTION('ref_axis',(7.53815845430966E-15,-0.700467716482396,0.713684088491496));
#7825=DIRECTION('',(-1.,-1.07938349616335E-14,0.));
#7826=DIRECTION('center_axis',(-1.,-8.65309796763512E-15,-5.88162655214147E-15));
#7827=DIRECTION('ref_axis',(8.88178419700124E-15,-0.939692620788522,-0.342020143318488));
#7828=DIRECTION('',(-1.,-8.65309796763512E-15,-5.88162655214147E-15));
#7829=DIRECTION('center_axis',(0.,0.56214792285338,-0.827036705855085));
#7830=DIRECTION('ref_axis',(-3.13197986054145E-31,-0.827036705855085,-0.56214792285338));
#7831=DIRECTION('',(1.,1.07938349616335E-14,7.33671415107378E-15));
#7832=DIRECTION('center_axis',(7.63239389637945E-15,-0.707106781186546,
0.707106781186549));
#7833=DIRECTION('ref_axis',(-7.60960546112422E-15,0.707106781186549,0.707106781186546));
#7834=DIRECTION('',(-1.,-1.07938349616335E-14,0.));
#7835=DIRECTION('',(-1.,-1.07938349616335E-14,0.));
#7836=DIRECTION('center_axis',(-1.,-1.07938349616335E-14,0.));
#7837=DIRECTION('ref_axis',(-7.63239389637947E-15,0.707106781186548,-0.707106781186547));
#7838=DIRECTION('',(-1.,-1.07938349616335E-14,0.));
#7839=DIRECTION('center_axis',(-1.,-1.07938349616335E-14,0.));
#7840=DIRECTION('ref_axis',(-9.73366472658845E-15,0.901780021761184,0.432195317365192));
#7841=DIRECTION('',(-1.,-1.07938349616335E-14,0.));
#7842=DIRECTION('',(-1.,-1.07938349616335E-14,0.));
#7843=DIRECTION('center_axis',(-9.73366472658845E-15,0.901780021761183,
0.432195317365193));
#7844=DIRECTION('ref_axis',(-4.65111625968325E-15,0.432195317365193,-0.901780021761183));
#7845=DIRECTION('',(-1.,-1.07938349616335E-14,0.));
#7846=DIRECTION('center_axis',(-1.,-1.07938349616335E-14,0.));
#7847=DIRECTION('ref_axis',(9.73366472658846E-15,-0.901780021761184,-0.432195317365191));
#7848=DIRECTION('',(-1.,-1.07938349616335E-14,0.));
#7849=DIRECTION('center_axis',(-1.52921191675409E-28,1.4167456906555E-14,
1.));
#7850=DIRECTION('ref_axis',(-1.07616072474456E-14,1.,-1.4167456906555E-14));
#7851=DIRECTION('',(-1.,-1.07938349616335E-14,0.));
#7852=DIRECTION('center_axis',(-1.,-1.07938349616335E-14,0.));
#7853=DIRECTION('ref_axis',(0.,4.97117317149962E-43,-1.));
#7854=DIRECTION('',(-1.,-1.07938349616335E-14,0.));
#7855=DIRECTION('center_axis',(-3.6917089806115E-15,0.34202014332567,0.939692620785908));
#7856=DIRECTION('ref_axis',(-1.01106593492401E-14,0.939692620785908,-0.34202014332567));
#7857=DIRECTION('',(-1.,-1.07938349616335E-14,-1.5807750123741E-30));
#7858=DIRECTION('',(-1.,-1.07938349616335E-14,-8.39488240911428E-31));
#7859=DIRECTION('center_axis',(-1.07938349616335E-14,1.,4.97117317149962E-43));
#7860=DIRECTION('ref_axis',(-1.5425149740773E-26,-1.65999403243236E-40,
-1.));
#7861=DIRECTION('',(-1.,-1.07938349616335E-14,0.));
#7862=DIRECTION('center_axis',(-1.,-1.07938349616335E-14,0.));
#7863=DIRECTION('ref_axis',(0.,4.97117317149962E-43,-1.));
#7864=DIRECTION('',(-1.,-1.07938349616335E-14,0.));
#7865=DIRECTION('center_axis',(-4.85677085978607E-30,4.4995785807819E-16,
-1.));
#7866=DIRECTION('ref_axis',(1.07616072474456E-14,-1.,-4.4995785807819E-16));
#7867=DIRECTION('',(-1.,-1.07938349616335E-14,0.));
#7868=DIRECTION('center_axis',(-1.,-1.07938349616335E-14,0.));
#7869=DIRECTION('ref_axis',(7.70338826592105E-15,-0.713684088491498,-0.700467716482394));
#7870=DIRECTION('center_axis',(1.07938349616335E-14,-1.,-4.97117317149962E-43));
#7871=DIRECTION('ref_axis',(1.5425149740773E-26,1.65999403243236E-40,1.));
#7872=DIRECTION('',(-1.,-1.07938349616335E-14,0.));
#7873=DIRECTION('center_axis',(-4.26325271708766E-106,3.9497108601728E-92,
-1.));
#7874=DIRECTION('ref_axis',(1.07616072474456E-14,-1.,-3.9497108601728E-92));
#7875=DIRECTION('',(-1.,-1.07938349616335E-14,0.));
#7876=DIRECTION('center_axis',(1.07938349616335E-14,-1.,-4.97117317149942E-43));
#7877=DIRECTION('ref_axis',(1.5425149740773E-26,1.65999403243237E-40,1.));
#7878=DIRECTION('',(-1.,-1.07938349616335E-14,0.));
#7879=DIRECTION('center_axis',(-1.,-1.07938349616335E-14,0.));
#7880=DIRECTION('ref_axis',(7.63239389637943E-15,-0.707106781186545,0.70710678118655));
#7881=DIRECTION('center_axis',(-1.,-1.07938349616335E-14,0.));
#7882=DIRECTION('ref_axis',(0.,-4.97117317149982E-43,1.));
#7883=DIRECTION('',(-1.,-1.07938349616335E-14,0.));
#7884=DIRECTION('',(-1.,-1.07938349616335E-14,0.));
#7885=DIRECTION('center_axis',(-1.07938349616335E-14,1.,4.97117317149962E-43));
#7886=DIRECTION('ref_axis',(-1.5425149740773E-26,-1.65999403243236E-40,
-1.));
#7887=DIRECTION('',(-1.,-1.07938349616335E-14,0.));
#7888=DIRECTION('center_axis',(4.51481729291197E-108,-4.18277406404658E-94,
1.));
#7889=DIRECTION('ref_axis',(-1.07616072474456E-14,1.,4.18277406404658E-94));
#7890=DIRECTION('',(-1.,-1.07938349616335E-14,0.));
#7891=DIRECTION('center_axis',(1.07938349616335E-14,-1.,-4.97117317149983E-43));
#7892=DIRECTION('ref_axis',(1.54251497407729E-26,1.65999403243236E-40,1.));
#7893=DIRECTION('',(-1.,-1.07938349616335E-14,0.));
#7894=DIRECTION('center_axis',(-8.6559492445068E-30,8.01934555723174E-16,
-1.));
#7895=DIRECTION('ref_axis',(1.07616072474456E-14,-1.,-8.01934555723174E-16));
#7896=DIRECTION('center_axis',(9.34773528103123E-15,-0.86602540378444,-0.499999999999998));
#7897=DIRECTION('ref_axis',(5.38080362373616E-15,-0.499999999999998,0.86602540378444));
#7898=DIRECTION('',(1.,1.09505601546293E-14,2.34935551364579E-15));
#7899=DIRECTION('center_axis',(1.07938349616335E-14,-1.,-2.79445011447474E-15));
#7900=DIRECTION('ref_axis',(1.54552225153776E-26,-2.79445011447474E-15,
1.));
#7901=DIRECTION('',(1.,1.07938349616335E-14,8.39488240911434E-31));
#7902=DIRECTION('center_axis',(-1.,-1.07938349616335E-14,-8.39488240911429E-31));
#7903=DIRECTION('ref_axis',(6.19396727906399E-15,-0.573576436351047,0.819152044288991));
#7904=DIRECTION('center_axis',(0.,0.901780021761183,0.432195317365194));
#7905=DIRECTION('ref_axis',(2.85787060058594E-29,0.432195317365194,-0.901780021761183));
#7906=DIRECTION('',(1.,0.,0.));
#7907=DIRECTION('center_axis',(-1.,0.,0.));
#7908=DIRECTION('ref_axis',(0.,0.532824869274514,0.846225536534202));
#7909=DIRECTION('center_axis',(0.,0.,1.));
#7910=DIRECTION('ref_axis',(-1.07616072474456E-14,1.,0.));
#7911=DIRECTION('center_axis',(0.,0.,1.));
#7912=DIRECTION('ref_axis',(-1.07616072474456E-14,1.,0.));
#7913=DIRECTION('center_axis',(7.5445347843715E-15,0.707106781186549,-0.707106781186546));
#7914=DIRECTION('ref_axis',(-1.,0.,-1.06695834138538E-14));
#7915=DIRECTION('',(-1.,1.06695834138537E-14,1.18287901865739E-30));
#7916=DIRECTION('center_axis',(-1.06695834138537E-14,-1.,-1.0356385889261E-14));
#7917=DIRECTION('ref_axis',(1.53136983833297E-26,-1.0356385889261E-14,1.));
#7918=DIRECTION('',(-1.,1.07233038827872E-14,3.0629581233534E-31));
#7919=DIRECTION('center_axis',(-7.94496311313711E-15,-0.724137928057789,
0.689655175539322));
#7920=DIRECTION('ref_axis',(7.42179813533354E-15,0.689655175539322,0.724137928057789));
#7921=DIRECTION('center_axis',(5.04788248556147E-29,-4.71580446725933E-15,
1.));
#7922=DIRECTION('ref_axis',(-1.07616072474456E-14,1.,4.71580446725933E-15));
#7923=DIRECTION('',(-1.,-1.07233038827872E-14,3.0629581233534E-31));
#7924=DIRECTION('center_axis',(1.06695834138537E-14,-1.,1.0356385889261E-14));
#7925=DIRECTION('ref_axis',(1.53136983833297E-26,1.0356385889261E-14,1.));
#7926=CARTESIAN_POINT('',(0.,0.,0.));
#7927=CARTESIAN_POINT('Ctrl Pts',(15.9189455252453,64.2098051511817,14.2154019543778));
#7928=CARTESIAN_POINT('Ctrl Pts',(15.944170487629,64.208553246481,14.2187294383645));
#7929=CARTESIAN_POINT('Ctrl Pts',(15.9964518016682,64.2072862959841,14.2253892857304));
#7930=CARTESIAN_POINT('Ctrl Pts',(16.0969330658991,64.2100648920684,14.2351131013454));
#7931=CARTESIAN_POINT('Ctrl Pts',(16.2782786497193,64.2251785115335,14.2436460735997));
#7932=CARTESIAN_POINT('Ctrl Pts',(16.4376497082827,64.2292893218813,14.2446912762591));
#7933=CARTESIAN_POINT('Ctrl Pts',(16.5288323754643,64.2292893218813,14.2446912762591));
#7934=CARTESIAN_POINT('Ctrl Pts',(15.9189455252453,64.2074445370398,14.2216763183545));
#7935=CARTESIAN_POINT('Ctrl Pts',(15.9433830058075,64.206369289527,14.2246340818983));
#7936=CARTESIAN_POINT('Ctrl Pts',(15.9956451086666,64.2054550796205,14.2307267058388));
#7937=CARTESIAN_POINT('Ctrl Pts',(16.0987315854243,64.2090070429183,14.2401377035762));
#7938=CARTESIAN_POINT('Ctrl Pts',(16.2801393743545,64.2221130139641,14.2483845488274));
#7939=CARTESIAN_POINT('Ctrl Pts',(16.4321111248469,64.223996483957,14.2499841141835));
#7940=CARTESIAN_POINT('Ctrl Pts',(16.5288323754643,64.2231186511339,14.2508619470066));
#7941=CARTESIAN_POINT('Ctrl Pts',(15.9189455252453,64.2026800400801,14.2337742466542));
#7942=CARTESIAN_POINT('Ctrl Pts',(15.9434871786951,64.2022676068145,14.2364986836792));
#7943=CARTESIAN_POINT('Ctrl Pts',(15.9981697925186,64.2025567937445,14.2422478737544));
#7944=CARTESIAN_POINT('Ctrl Pts',(16.1109583443261,64.2076477079376,14.2519373917197));
#7945=CARTESIAN_POINT('Ctrl Pts',(16.2827722798468,64.2155345924672,14.2596049311043));
#7946=CARTESIAN_POINT('Ctrl Pts',(16.4268701822343,64.2139675735513,14.2623368490344));
#7947=CARTESIAN_POINT('Ctrl Pts',(16.5288323754643,64.2124025981665,14.2648274207218));
#7948=CARTESIAN_POINT('Ctrl Pts',(15.9189455252453,64.2025327592438,14.2647488077494));
#7949=CARTESIAN_POINT('Ctrl Pts',(15.9482681329877,64.2026231227155,14.2677622981718));
#7950=CARTESIAN_POINT('Ctrl Pts',(16.0106064358672,64.2034502322198,14.2736574853817));
#7951=CARTESIAN_POINT('Ctrl Pts',(16.1301445848774,64.2051755301865,14.2798501118148));
#7952=CARTESIAN_POINT('Ctrl Pts',(16.295370002089,64.2045349687484,14.2827395539876));
#7953=CARTESIAN_POINT('Ctrl Pts',(16.4446130673359,64.2029521828679,14.2863551283943));
#7954=CARTESIAN_POINT('Ctrl Pts',(16.5288323754643,64.2022976874457,14.2892228332305));
#7955=CARTESIAN_POINT('Ctrl Pts',(15.9189455252453,64.2,14.2979486618578));
#7956=CARTESIAN_POINT('Ctrl Pts',(15.9556307172523,64.2,14.2989771069824));
#7957=CARTESIAN_POINT('Ctrl Pts',(16.0355796862183,64.2,14.3002667240994));
#7958=CARTESIAN_POINT('Ctrl Pts',(16.1797142721649,64.2,14.3014306813443));
#7959=CARTESIAN_POINT('Ctrl Pts',(16.3453881401696,64.2,14.3033580779962));
#7960=CARTESIAN_POINT('Ctrl Pts',(16.4663917826188,64.2,14.3054338650339));
#7961=CARTESIAN_POINT('Ctrl Pts',(16.5288323754643,64.2,14.3066753081178));
#7962=CARTESIAN_POINT('Ctrl Pts',(15.9189455252453,64.2,14.3154019543778));
#7963=CARTESIAN_POINT('Ctrl Pts',(15.9697694294302,64.2,14.3154019543778));
#7964=CARTESIAN_POINT('Ctrl Pts',(16.0714172378,64.2,14.3154019543778));
#7965=CARTESIAN_POINT('Ctrl Pts',(16.2238889503548,64.2,14.3154019543778));
#7966=CARTESIAN_POINT('Ctrl Pts',(16.3763606629096,64.2,14.3154019543778));
#7967=CARTESIAN_POINT('Ctrl Pts',(16.4780084712794,64.2,14.3154019543778));
#7968=CARTESIAN_POINT('Ctrl Pts',(16.5288323754643,64.2,14.3154019543778));
#7969=CARTESIAN_POINT('',(15.9189455252453,64.2098051511817,14.2154019543778));
#7970=CARTESIAN_POINT('',(16.5288323754643,64.2292893218813,14.2446912762591));
#7971=CARTESIAN_POINT('Ctrl Pts',(15.9189455252453,64.2098051511817,14.2154019543778));
#7972=CARTESIAN_POINT('Ctrl Pts',(15.944170487629,64.208553246481,14.2187294383645));
#7973=CARTESIAN_POINT('Ctrl Pts',(15.9964518016682,64.2072862959841,14.2253892857304));
#7974=CARTESIAN_POINT('Ctrl Pts',(16.0969330658991,64.2100648920684,14.2351131013454));
#7975=CARTESIAN_POINT('Ctrl Pts',(16.2782786497193,64.2251785115335,14.2436460735997));
#7976=CARTESIAN_POINT('Ctrl Pts',(16.4376497082827,64.2292893218813,14.2446912762591));
#7977=CARTESIAN_POINT('Ctrl Pts',(16.5288323754643,64.2292893218813,14.2446912762591));
#7978=CARTESIAN_POINT('',(15.9189455252453,64.2,14.3154019543778));
#7979=CARTESIAN_POINT('Ctrl Pts',(15.9189455252453,64.2098051511817,14.2154019543778));
#7980=CARTESIAN_POINT('Ctrl Pts',(15.9189455252453,64.2074445370398,14.2216763183545));
#7981=CARTESIAN_POINT('Ctrl Pts',(15.9189455252453,64.2026800400801,14.2337742466542));
#7982=CARTESIAN_POINT('Ctrl Pts',(15.9189455252453,64.2025327592438,14.2647488077494));
#7983=CARTESIAN_POINT('Ctrl Pts',(15.9189455252453,64.2,14.2979486618578));
#7984=CARTESIAN_POINT('Ctrl Pts',(15.9189455252453,64.2,14.3154019543778));
#7985=CARTESIAN_POINT('',(16.5288323754643,64.2,14.3154019543778));
#7986=CARTESIAN_POINT('',(15.9189455252453,64.2,14.3154019543778));
#7987=CARTESIAN_POINT('Origin',(16.5288323754643,64.3,14.3154019543778));
#7988=CARTESIAN_POINT('Ctrl Pts',(15.9189455252453,64.2098051511817,14.2154019543778));
#7989=CARTESIAN_POINT('Ctrl Pts',(15.9189455252453,64.2074445370398,14.2216763183545));
#7990=CARTESIAN_POINT('Ctrl Pts',(15.9189455252453,64.2026800400801,14.2337742466542));
#7991=CARTESIAN_POINT('Ctrl Pts',(15.9189455252453,64.2025327592438,14.2647488077494));
#7992=CARTESIAN_POINT('Ctrl Pts',(15.9189455252453,64.2,14.2979486618578));
#7993=CARTESIAN_POINT('Ctrl Pts',(15.9189455252453,64.2,14.3154019543778));
#7994=CARTESIAN_POINT('Ctrl Pts',(15.8937205628615,64.208553246481,14.2187294383645));
#7995=CARTESIAN_POINT('Ctrl Pts',(15.8945080446831,64.2063692895269,14.2246340818983));
#7996=CARTESIAN_POINT('Ctrl Pts',(15.8944038717955,64.2022676068145,14.2364986836792));
#7997=CARTESIAN_POINT('Ctrl Pts',(15.8896229175029,64.2026231227155,14.2677622981718));
#7998=CARTESIAN_POINT('Ctrl Pts',(15.8822603332383,64.2,14.2989771069824));
#7999=CARTESIAN_POINT('Ctrl Pts',(15.8681216210604,64.2,14.3154019543778));
#8000=CARTESIAN_POINT('Ctrl Pts',(15.8414392488223,64.2072862959841,14.2253892857304));
#8001=CARTESIAN_POINT('Ctrl Pts',(15.8422459418239,64.2054550796205,14.2307267058388));
#8002=CARTESIAN_POINT('Ctrl Pts',(15.8397212579719,64.2025567937445,14.2422478737543));
#8003=CARTESIAN_POINT('Ctrl Pts',(15.8272846146233,64.2034502322198,14.2736574853817));
#8004=CARTESIAN_POINT('Ctrl Pts',(15.8023113642723,64.2,14.3002667240994));
#8005=CARTESIAN_POINT('Ctrl Pts',(15.7664738126905,64.2,14.3154019543778));
#8006=CARTESIAN_POINT('Ctrl Pts',(15.7409579845914,64.2100648920684,14.2351131013454));
#8007=CARTESIAN_POINT('Ctrl Pts',(15.7391594650662,64.2090070429183,14.2401377035762));
#8008=CARTESIAN_POINT('Ctrl Pts',(15.7269327061644,64.2076477079377,14.2519373917197));
#8009=CARTESIAN_POINT('Ctrl Pts',(15.7077464656131,64.2051755301865,14.2798501118148));
#8010=CARTESIAN_POINT('Ctrl Pts',(15.6581767783256,64.2,14.3014306813443));
#8011=CARTESIAN_POINT('Ctrl Pts',(15.6140021001358,64.2,14.3154019543778));
#8012=CARTESIAN_POINT('Ctrl Pts',(15.5596124007712,64.2251785115336,14.2436460735997));
#8013=CARTESIAN_POINT('Ctrl Pts',(15.5577516761361,64.2221130139642,14.2483845488274));
#8014=CARTESIAN_POINT('Ctrl Pts',(15.5551187706438,64.2155345924671,14.2596049311043));
#8015=CARTESIAN_POINT('Ctrl Pts',(15.5425210484016,64.2045349687484,14.2827395539876));
#8016=CARTESIAN_POINT('Ctrl Pts',(15.4925029103209,64.2,14.3033580779961));
#8017=CARTESIAN_POINT('Ctrl Pts',(15.461530387581,64.2,14.3154019543778));
#8018=CARTESIAN_POINT('Ctrl Pts',(15.4002413422079,64.2292893218813,14.2446912762591));
#8019=CARTESIAN_POINT('Ctrl Pts',(15.4057799256437,64.223996483957,14.2499841141834));
#8020=CARTESIAN_POINT('Ctrl Pts',(15.4110208682562,64.2139675735513,14.2623368490344));
#8021=CARTESIAN_POINT('Ctrl Pts',(15.3932779831547,64.2029521828679,14.2863551283943));
#8022=CARTESIAN_POINT('Ctrl Pts',(15.3714992678717,64.2,14.3054338650339));
#8023=CARTESIAN_POINT('Ctrl Pts',(15.3598825792112,64.2,14.3154019543778));
#8024=CARTESIAN_POINT('Ctrl Pts',(15.3090586750262,64.2292893218813,14.2446912762591));
#8025=CARTESIAN_POINT('Ctrl Pts',(15.3090586750262,64.2231186511339,14.2508619470066));
#8026=CARTESIAN_POINT('Ctrl Pts',(15.3090586750262,64.2124025981665,14.2648274207218));
#8027=CARTESIAN_POINT('Ctrl Pts',(15.3090586750262,64.2022976874457,14.2892228332305));
#8028=CARTESIAN_POINT('Ctrl Pts',(15.3090586750262,64.2,14.3066753081178));
#8029=CARTESIAN_POINT('Ctrl Pts',(15.3090586750262,64.2,14.3154019543778));
#8030=CARTESIAN_POINT('',(15.3090586750262,64.2292893218813,14.2446912762591));
#8031=CARTESIAN_POINT('Ctrl Pts',(15.9189455252453,64.2098051511817,14.2154019543778));
#8032=CARTESIAN_POINT('Ctrl Pts',(15.8937205628615,64.208553246481,14.2187294383645));
#8033=CARTESIAN_POINT('Ctrl Pts',(15.8414392488223,64.2072862959841,14.2253892857304));
#8034=CARTESIAN_POINT('Ctrl Pts',(15.7409579845914,64.2100648920684,14.2351131013454));
#8035=CARTESIAN_POINT('Ctrl Pts',(15.5596124007712,64.2251785115336,14.2436460735997));
#8036=CARTESIAN_POINT('Ctrl Pts',(15.4002413422079,64.2292893218813,14.2446912762591));
#8037=CARTESIAN_POINT('Ctrl Pts',(15.3090586750262,64.2292893218813,14.2446912762591));
#8038=CARTESIAN_POINT('',(15.3090586750262,64.2,14.3154019543778));
#8039=CARTESIAN_POINT('Origin',(15.3090586750262,64.3,14.3154019543778));
#8040=CARTESIAN_POINT('',(15.9189455252453,64.2,14.3154019543778));
#8041=CARTESIAN_POINT('Ctrl Pts',(15.9189455252453,64.2098051511817,14.2154019543778));
#8042=CARTESIAN_POINT('Ctrl Pts',(15.8937205628615,64.208553246481,14.2187294383645));
#8043=CARTESIAN_POINT('Ctrl Pts',(15.8414392488223,64.2072862959841,14.2253892857304));
#8044=CARTESIAN_POINT('Ctrl Pts',(15.7409579845914,64.2100648920684,14.2351131013454));
#8045=CARTESIAN_POINT('Ctrl Pts',(15.5596124007712,64.2251785115336,14.2436460735997));
#8046=CARTESIAN_POINT('Ctrl Pts',(15.4002413422079,64.2292893218813,14.2446912762591));
#8047=CARTESIAN_POINT('Ctrl Pts',(15.3090586750262,64.2292893218813,14.2446912762591));
#8048=CARTESIAN_POINT('Ctrl Pts',(15.8713808800273,64.2098051511817,14.2154019543778));
#8049=CARTESIAN_POINT('Ctrl Pts',(15.8485852262267,64.2093328059507,14.2185762951427));
#8050=CARTESIAN_POINT('Ctrl Pts',(15.7989182345137,64.2093046933298,14.2247025571775));
#8051=CARTESIAN_POINT('Ctrl Pts',(15.6988439402539,64.2143043697394,14.2330598413747));
#8052=CARTESIAN_POINT('Ctrl Pts',(15.5210483905995,64.2306416890731,14.23947347681));
#8053=CARTESIAN_POINT('Ctrl Pts',(15.3803747849297,64.2345821598057,14.2393984383348));
#8054=CARTESIAN_POINT('Ctrl Pts',(15.3090586750262,64.2354599926288,14.2385206055117));
#8055=CARTESIAN_POINT('Ctrl Pts',(15.7831008666927,64.2119936426844,14.2154019543778));
#8056=CARTESIAN_POINT('Ctrl Pts',(15.7623494482507,64.2126349005902,14.2180552933135));
#8057=CARTESIAN_POINT('Ctrl Pts',(15.7138345496038,64.2152993419143,14.2228526217851));
#8058=CARTESIAN_POINT('Ctrl Pts',(15.6076539863766,64.2262368111217,14.2282659630281));
#8059=CARTESIAN_POINT('Ctrl Pts',(15.4403830040956,64.243762840577,14.2311887906076));
#8060=CARTESIAN_POINT('Ctrl Pts',(15.3473261516796,64.2469348946567,14.2293695279291));
#8061=CARTESIAN_POINT('Ctrl Pts',(15.3090586750262,64.249425466344,14.2278045525443));
#8062=CARTESIAN_POINT('Ctrl Pts',(15.5535776373441,64.245555983372,14.2154019543778));
#8063=CARTESIAN_POINT('Ctrl Pts',(15.5333484132045,64.2485086466083,14.2167210928828));
#8064=CARTESIAN_POINT('Ctrl Pts',(15.4899533411122,64.254183362369,14.2187091774154));
#8065=CARTESIAN_POINT('Ctrl Pts',(15.4143932146313,64.2634594173659,14.2202206425116));
#8066=CARTESIAN_POINT('Ctrl Pts',(15.349642108846,64.2681618734458,14.2197445663889));
#8067=CARTESIAN_POINT('Ctrl Pts',(15.3235184787271,64.2709531740165,14.2183541372457));
#8068=CARTESIAN_POINT('Ctrl Pts',(15.3090586750262,64.2738208788527,14.2176996418235));
#8069=CARTESIAN_POINT('Ctrl Pts',(15.4010963582096,64.2986090900616,14.2154019543778));
#8070=CARTESIAN_POINT('Ctrl Pts',(15.3961524062015,64.2962760965736,14.2154019543778));
#8071=CARTESIAN_POINT('Ctrl Pts',(15.3832195124633,64.2928323264829,14.2154019543778));
#8072=CARTESIAN_POINT('Ctrl Pts',(15.3585407543786,64.2893481484905,14.2154019543778));
#8073=CARTESIAN_POINT('Ctrl Pts',(15.3330828801314,64.2881477814263,14.2154019543778));
#8074=CARTESIAN_POINT('Ctrl Pts',(15.3167242386958,64.2900319106561,14.2154019543778));
#8075=CARTESIAN_POINT('Ctrl Pts',(15.3090586750262,64.29127335374,14.2154019543778));
#8076=CARTESIAN_POINT('Ctrl Pts',(15.3530498340221,64.32310789768,14.2154019543778));
#8077=CARTESIAN_POINT('Ctrl Pts',(15.3512712047739,64.3189416269156,14.2154019543778));
#8078=CARTESIAN_POINT('Ctrl Pts',(15.346410424996,64.3112432803873,14.2154019543778));
#8079=CARTESIAN_POINT('Ctrl Pts',(15.3360961479129,64.3034687422624,14.2154019543778));
#8080=CARTESIAN_POINT('Ctrl Pts',(15.3233764461607,64.3000647123969,14.2154019543778));
#8081=CARTESIAN_POINT('Ctrl Pts',(15.3138407050935,64.3,14.2154019543778));
#8082=CARTESIAN_POINT('Ctrl Pts',(15.3090586750262,64.3,14.2154019543778));
#8083=CARTESIAN_POINT('',(15.3530498340221,64.32310789768,14.2154019543778));
#8084=CARTESIAN_POINT('Ctrl Pts',(15.9189455252453,64.2098051511817,14.2154019543778));
#8085=CARTESIAN_POINT('Ctrl Pts',(15.8713808800273,64.2098051511817,14.2154019543778));
#8086=CARTESIAN_POINT('Ctrl Pts',(15.7831008666927,64.2119936426844,14.2154019543778));
#8087=CARTESIAN_POINT('Ctrl Pts',(15.5535776373441,64.245555983372,14.2154019543778));
#8088=CARTESIAN_POINT('Ctrl Pts',(15.4010963582096,64.2986090900616,14.2154019543778));
#8089=CARTESIAN_POINT('Ctrl Pts',(15.3530498340221,64.32310789768,14.2154019543778));
#8090=CARTESIAN_POINT('',(15.3090586750262,64.3,14.2154019543778));
#8091=CARTESIAN_POINT('Ctrl Pts',(15.3530498340221,64.32310789768,14.2154019543778));
#8092=CARTESIAN_POINT('Ctrl Pts',(15.3517785263637,64.3201299797497,14.2154019543778));
#8093=CARTESIAN_POINT('Ctrl Pts',(15.3501720192816,64.3173106988045,14.2154019543778));
#8094=CARTESIAN_POINT('Ctrl Pts',(15.3482896940007,64.3147724572365,14.2154019543778));
#8095=CARTESIAN_POINT('Ctrl Pts',(15.3464611999879,64.3123068050153,14.2154019543778));
#8096=CARTESIAN_POINT('Ctrl Pts',(15.3443715001034,64.310106828216,14.2154019543778));
#8097=CARTESIAN_POINT('Ctrl Pts',(15.3420596656753,64.3082385930525,14.2154019543778));
#8098=CARTESIAN_POINT('Ctrl Pts',(15.3398784229993,64.3064758914429,14.2154019543778));
#8099=CARTESIAN_POINT('Ctrl Pts',(15.3374987353439,64.3050086114812,14.2154019543778));
#8100=CARTESIAN_POINT('Ctrl Pts',(15.3349510907221,64.3038469191699,14.2154019543778));
#8101=CARTESIAN_POINT('Ctrl Pts',(15.3324813762158,64.3027207619622,14.2154019543778));
#8102=CARTESIAN_POINT('Ctrl Pts',(15.3298533023858,64.3018819933286,14.2154019543778));
#8103=CARTESIAN_POINT('Ctrl Pts',(15.3271009949942,64.3012935280521,14.2154019543778));
#8104=CARTESIAN_POINT('Ctrl Pts',(15.3244263997245,64.3007216782472,14.2154019543778));
#8105=CARTESIAN_POINT('Ctrl Pts',(15.3216340713155,64.3003863601844,14.2154019543778));
#8106=CARTESIAN_POINT('Ctrl Pts',(15.3187681612173,64.3002063787537,14.2154019543778));
#8107=CARTESIAN_POINT('Ctrl Pts',(15.3160015988384,64.3000326364387,14.2154019543778));
#8108=CARTESIAN_POINT('Ctrl Pts',(15.3131661660691,64.3000037040797,14.2154019543778));
#8109=CARTESIAN_POINT('Ctrl Pts',(15.3103188262596,64.300000477776,14.2154019543778));
#8110=CARTESIAN_POINT('Ctrl Pts',(15.3098989246772,64.300000001988,14.2154019543778));
#8111=CARTESIAN_POINT('Ctrl Pts',(15.3094788003104,64.3,14.2154019543778));
#8112=CARTESIAN_POINT('Ctrl Pts',(15.3090586750262,64.3,14.2154019543778));
#8113=CARTESIAN_POINT('Origin',(15.3090586750262,64.3,14.3154019543778));
#8114=CARTESIAN_POINT('Ctrl Pts',(15.9189455252453,64.2098051511817,14.2154019543778));
#8115=CARTESIAN_POINT('Ctrl Pts',(15.8713808800273,64.2098051511817,14.2154019543778));
#8116=CARTESIAN_POINT('Ctrl Pts',(15.7831008666927,64.2119936426844,14.2154019543778));
#8117=CARTESIAN_POINT('Ctrl Pts',(15.5535776373441,64.245555983372,14.2154019543778));
#8118=CARTESIAN_POINT('Ctrl Pts',(15.4010963582096,64.2986090900616,14.2154019543778));
#8119=CARTESIAN_POINT('Ctrl Pts',(15.3530498340221,64.32310789768,14.2154019543778));
#8120=CARTESIAN_POINT('Ctrl Pts',(15.8937205628615,64.2110570558823,14.2120744703911));
#8121=CARTESIAN_POINT('Ctrl Pts',(15.8493321562568,64.2117213807062,14.2122276136128));
#8122=CARTESIAN_POINT('Ctrl Pts',(15.7643302781844,64.2146335528649,14.2127486154421));
#8123=CARTESIAN_POINT('Ctrl Pts',(15.5364386129435,64.2527071264259,14.2140828158728));
#8124=CARTESIAN_POINT('Ctrl Pts',(15.4003779730402,64.303829295716,14.2154019543778));
#8125=CARTESIAN_POINT('Ctrl Pts',(15.3548284632704,64.3272741684444,14.2154019543778));
#8126=CARTESIAN_POINT('Ctrl Pts',(15.8438899496655,64.2147622517598,14.2054146230252));
#8127=CARTESIAN_POINT('Ctrl Pts',(15.8032262904659,64.2166196024199,14.206101351578));
#8128=CARTESIAN_POINT('Ctrl Pts',(15.7207693815048,64.2216072964211,14.2079512869705));
#8129=CARTESIAN_POINT('Ctrl Pts',(15.5002370802175,64.2696123176434,14.2120947313402));
#8130=CARTESIAN_POINT('Ctrl Pts',(15.3958011084848,64.3161720869636,14.2154019543778));
#8131=CARTESIAN_POINT('Ctrl Pts',(15.3570409696396,64.3361866721817,14.2154019543778));
#8132=CARTESIAN_POINT('Ctrl Pts',(15.7538721156949,64.2248053420622,14.1956908074101));
#8133=CARTESIAN_POINT('Ctrl Pts',(15.7139605673808,64.2295401587845,14.1977440673809));
#8134=CARTESIAN_POINT('Ctrl Pts',(15.6249370732732,64.2431687897394,14.2025379457274));
#8135=CARTESIAN_POINT('Ctrl Pts',(15.4402176579811,64.3074190573535,14.210583266244));
#8136=CARTESIAN_POINT('Ctrl Pts',(15.3825034838963,64.3386897551858,14.2154019543778));
#8137=CARTESIAN_POINT('Ctrl Pts',(15.3555636313059,64.3494113378313,14.2154019543778));
#8138=CARTESIAN_POINT('Ctrl Pts',(15.5923550661527,64.2583135551139,14.1871578351558));
#8139=CARTESIAN_POINT('Ctrl Pts',(15.5551369873093,64.2715990952045,14.1913304319456));
#8140=CARTESIAN_POINT('Ctrl Pts',(15.4791876924473,64.3050881981744,14.199615118148));
#8141=CARTESIAN_POINT('Ctrl Pts',(15.3931136774142,64.3551526295992,14.2110593423666));
#8142=CARTESIAN_POINT('Ctrl Pts',(15.3657712964824,64.3606792245657,14.2154019543778));
#8143=CARTESIAN_POINT('Ctrl Pts',(15.3495494678641,64.3615641932212,14.2154019543778));
#8144=CARTESIAN_POINT('Ctrl Pts',(15.4551911605704,64.3447189355482,14.1861126324964));
#8145=CARTESIAN_POINT('Ctrl Pts',(15.4388017505794,64.3562648227862,14.1914054704208));
#8146=CARTESIAN_POINT('Ctrl Pts',(15.4080039772442,64.3741794210643,14.2014343808265));
#8147=CARTESIAN_POINT('Ctrl Pts',(15.3729269618602,64.3789511162571,14.2124497715099));
#8148=CARTESIAN_POINT('Ctrl Pts',(15.3532385299216,64.3728347084331,14.2154019543778));
#8149=CARTESIAN_POINT('Ctrl Pts',(15.3435062602064,64.3689672359776,14.2154019543778));
#8150=CARTESIAN_POINT('Ctrl Pts',(15.3950025780023,64.4176601211357,14.1861126324964));
#8151=CARTESIAN_POINT('Ctrl Pts',(15.3902430752195,64.4137327415089,14.1922833032439));
#8152=CARTESIAN_POINT('Ctrl Pts',(15.3794713595126,64.4048442885039,14.2029993562113));
#8153=CARTESIAN_POINT('Ctrl Pts',(15.3606549231029,64.3893176059121,14.2131042669321));
#8154=CARTESIAN_POINT('Ctrl Pts',(15.34719364698,64.3782098192362,14.2154019543778));
#8155=CARTESIAN_POINT('Ctrl Pts',(15.3404626935943,64.3726556657034,14.2154019543778));
#8156=CARTESIAN_POINT('',(15.3950025780023,64.4176601211357,14.1861126324964));
#8157=CARTESIAN_POINT('Ctrl Pts',(15.9189455252453,64.2098051511817,14.2154019543778));
#8158=CARTESIAN_POINT('Ctrl Pts',(15.8937205628615,64.2110570558823,14.2120744703911));
#8159=CARTESIAN_POINT('Ctrl Pts',(15.8438899496655,64.2147622517598,14.2054146230252));
#8160=CARTESIAN_POINT('Ctrl Pts',(15.7538721156949,64.2248053420622,14.1956908074101));
#8161=CARTESIAN_POINT('Ctrl Pts',(15.5923550661527,64.2583135551139,14.1871578351558));
#8162=CARTESIAN_POINT('Ctrl Pts',(15.4551911605704,64.3447189355482,14.1861126324964));
#8163=CARTESIAN_POINT('Ctrl Pts',(15.3950025780023,64.4176601211357,14.1861126324964));
#8164=CARTESIAN_POINT('',(15.3404626935943,64.3726556657034,14.2154019543778));
#8165=CARTESIAN_POINT('Origin',(15.3404626935943,64.3726556657034,14.1154019543778));
#8166=CARTESIAN_POINT('Ctrl Pts',(15.3404626935943,64.3726556657034,14.2154019543778));
#8167=CARTESIAN_POINT('Ctrl Pts',(15.3424290428329,64.3702726914145,14.2154019543778));
#8168=CARTESIAN_POINT('Ctrl Pts',(15.3443915800519,64.3678874358754,14.2154019543778));
#8169=CARTESIAN_POINT('Ctrl Pts',(15.3462065755711,64.3654488158647,14.2154019543778));
#8170=CARTESIAN_POINT('Ctrl Pts',(15.3480460405233,64.3629773188313,14.2154019543778));
#8171=CARTESIAN_POINT('Ctrl Pts',(15.3497341199328,64.3604509385988,14.2154019543778));
#8172=CARTESIAN_POINT('Ctrl Pts',(15.3511667565323,64.3578452450973,14.2154019543778));
#8173=CARTESIAN_POINT('Ctrl Pts',(15.3526431770456,64.3551599169839,14.2154019543778));
#8174=CARTESIAN_POINT('Ctrl Pts',(15.3538483702013,64.3523901868746,14.2154019543778));
#8175=CARTESIAN_POINT('Ctrl Pts',(15.3547149327692,64.3495415839416,14.2154019543778));
#8176=CARTESIAN_POINT('Ctrl Pts',(15.3555857902437,64.3466788626013,14.2154019543778));
#8177=CARTESIAN_POINT('Ctrl Pts',(15.3561149329901,64.3437364494699,14.2154019543778));
#8178=CARTESIAN_POINT('Ctrl Pts',(15.3562772516659,64.3407533969516,14.2154019543778));
#8179=CARTESIAN_POINT('Ctrl Pts',(15.3564431002326,64.3377054729707,14.2154019543778));
#8180=CARTESIAN_POINT('Ctrl Pts',(15.3562261929904,64.3346149857869,14.2154019543778));
#8181=CARTESIAN_POINT('Ctrl Pts',(15.3556413697907,64.3315598647854,14.2154019543778));
#8182=CARTESIAN_POINT('Ctrl Pts',(15.3550899096871,64.3286790328604,14.2154019543778));
#8183=CARTESIAN_POINT('Ctrl Pts',(15.3542119063441,64.3258299421677,14.2154019543778));
#8184=CARTESIAN_POINT('Ctrl Pts',(15.3530498340221,64.32310789768,14.2154019543778));
#8185=CARTESIAN_POINT('Ctrl Pts',(15.9189455252453,64.2098051511817,14.2154019543778));
#8186=CARTESIAN_POINT('Ctrl Pts',(15.8937205628615,64.2110570558823,14.2120744703911));
#8187=CARTESIAN_POINT('Ctrl Pts',(15.8438899496655,64.2147622517598,14.2054146230252));
#8188=CARTESIAN_POINT('Ctrl Pts',(15.7538721156949,64.2248053420622,14.1956908074101));
#8189=CARTESIAN_POINT('Ctrl Pts',(15.5923550661527,64.2583135551139,14.1871578351558));
#8190=CARTESIAN_POINT('Ctrl Pts',(15.4551911605704,64.3447189355482,14.1861126324964));
#8191=CARTESIAN_POINT('Ctrl Pts',(15.3950025780023,64.4176601211357,14.1861126324964));
#8192=CARTESIAN_POINT('Ctrl Pts',(15.9189455252453,64.2121657653236,14.209127590401));
#8193=CARTESIAN_POINT('Ctrl Pts',(15.8952549747132,64.2133161261675,14.2061698268573));
#8194=CARTESIAN_POINT('Ctrl Pts',(15.8465954669757,64.2166225759751,14.2000772029167));
#8195=CARTESIAN_POINT('Ctrl Pts',(15.7548184012064,64.2254366724644,14.1906662051794));
#8196=CARTESIAN_POINT('Ctrl Pts',(15.5934359114817,64.2607690903823,14.1824193599281));
#8197=CARTESIAN_POINT('Ctrl Pts',(15.4621228472539,64.3446346498562,14.1808197945721));
#8198=CARTESIAN_POINT('Ctrl Pts',(15.3997620807852,64.4215875007625,14.179941961749));
#8199=CARTESIAN_POINT('Ctrl Pts',(15.9189455252453,64.2185050237413,14.1970296621014));
#8200=CARTESIAN_POINT('Ctrl Pts',(15.8964444412657,64.2192325035001,14.1943052250764));
#8201=CARTESIAN_POINT('Ctrl Pts',(15.847681853602,64.2210169761361,14.1885560350012));
#8202=CARTESIAN_POINT('Ctrl Pts',(15.7489751593789,64.2277339347227,14.1788665170358));
#8203=CARTESIAN_POINT('Ctrl Pts',(15.5944477690107,64.2639970862974,14.1711989776513));
#8204=CARTESIAN_POINT('Ctrl Pts',(15.4714179334076,64.3491274968255,14.1684670597211));
#8205=CARTESIAN_POINT('Ctrl Pts',(15.4080274843382,64.4284078303225,14.1659764880337));
#8206=CARTESIAN_POINT('Ctrl Pts',(15.9189455252453,64.2123315913936,14.1660551010061));
#8207=CARTESIAN_POINT('Ctrl Pts',(15.8935944969573,64.2104024106222,14.1630416105838));
#8208=CARTESIAN_POINT('Ctrl Pts',(15.8396316268077,64.2082367485982,14.1571464233739));
#8209=CARTESIAN_POINT('Ctrl Pts',(15.7301798733163,64.2191774090156,14.1509537969407));
#8210=CARTESIAN_POINT('Ctrl Pts',(15.5797260042707,64.277150718811,14.1480643547679));
#8211=CARTESIAN_POINT('Ctrl Pts',(15.4667493966142,64.3720924942265,14.1444487803613));
#8212=CARTESIAN_POINT('Ctrl Pts',(15.4158215074946,64.4348391928307,14.1415810755251));
#8213=CARTESIAN_POINT('Ctrl Pts',(15.9189455252453,64.2,14.1328552468977));
#8214=CARTESIAN_POINT('Ctrl Pts',(15.8850373696149,64.2,14.1318268017732));
#8215=CARTESIAN_POINT('Ctrl Pts',(15.8093564134522,64.2039753842674,14.1305371846561));
#8216=CARTESIAN_POINT('Ctrl Pts',(15.6762781721255,64.2392880908763,14.1293732274113));
#8217=CARTESIAN_POINT('Ctrl Pts',(15.5394859112389,64.3131251742204,14.1274458307594));
#8218=CARTESIAN_POINT('Ctrl Pts',(15.4550060354733,64.3909624572901,14.1253700437217));
#8219=CARTESIAN_POINT('Ctrl Pts',(15.4175937378144,64.436301576943,14.1241286006378));
#8220=CARTESIAN_POINT('Ctrl Pts',(15.9189455252453,64.2,14.1154019543778));
#8221=CARTESIAN_POINT('Ctrl Pts',(15.8686194309904,64.2,14.1154019543778));
#8222=CARTESIAN_POINT('Ctrl Pts',(15.7685520622188,64.2119807477858,14.1154019543778));
#8223=CARTESIAN_POINT('Ctrl Pts',(15.6341619222706,64.2601927117021,14.1154019543778));
#8224=CARTESIAN_POINT('Ctrl Pts',(15.515875040782,64.333687420622,14.1154019543778));
#8225=CARTESIAN_POINT('Ctrl Pts',(15.4477534940847,64.399751648609,14.1154019543778));
#8226=CARTESIAN_POINT('Ctrl Pts',(15.4175937378144,64.436301576943,14.1154019543778));
#8227=CARTESIAN_POINT('',(15.9189455252453,64.2,14.1154019543778));
#8228=CARTESIAN_POINT('Ctrl Pts',(15.9189455252453,64.2098051511817,14.2154019543778));
#8229=CARTESIAN_POINT('Ctrl Pts',(15.9189455252453,64.2121657653236,14.209127590401));
#8230=CARTESIAN_POINT('Ctrl Pts',(15.9189455252453,64.2185050237413,14.1970296621014));
#8231=CARTESIAN_POINT('Ctrl Pts',(15.9189455252453,64.2123315913936,14.1660551010061));
#8232=CARTESIAN_POINT('Ctrl Pts',(15.9189455252453,64.2,14.1328552468977));
#8233=CARTESIAN_POINT('Ctrl Pts',(15.9189455252453,64.2,14.1154019543778));
#8234=CARTESIAN_POINT('',(15.4175937378144,64.436301576943,14.1154019543778));
#8235=CARTESIAN_POINT('Ctrl Pts',(15.9189455252453,64.2,14.1154019543778));
#8236=CARTESIAN_POINT('Ctrl Pts',(15.9017672611044,64.2,14.1154019543778));
#8237=CARTESIAN_POINT('Ctrl Pts',(15.8845928906448,64.2006835581951,14.1154019543778));
#8238=CARTESIAN_POINT('Ctrl Pts',(15.8675599652244,64.2020343186392,14.1154019543778));
#8239=CARTESIAN_POINT('Ctrl Pts',(15.8496003826595,64.2034585656856,14.1154019543778));
#8240=CARTESIAN_POINT('Ctrl Pts',(15.831798148183,64.2056234975559,14.1154019543778));
#8241=CARTESIAN_POINT('Ctrl Pts',(15.8142609741985,64.2084852731448,14.1154019543778));
#8242=CARTESIAN_POINT('Ctrl Pts',(15.795608102123,64.2115291121359,14.1154019543778));
#8243=CARTESIAN_POINT('Ctrl Pts',(15.7772548217383,64.2153600507671,14.1154019543778));
#8244=CARTESIAN_POINT('Ctrl Pts',(15.7592727483757,64.2199169861623,14.1154019543778));
#8245=CARTESIAN_POINT('Ctrl Pts',(15.7389720967398,64.2250614851375,14.1154019543778));
#8246=CARTESIAN_POINT('Ctrl Pts',(15.7191440396439,64.2311296980436,14.1154019543778));
#8247=CARTESIAN_POINT('Ctrl Pts',(15.6998248444313,64.2380472834936,14.1154019543778));
#8248=CARTESIAN_POINT('Ctrl Pts',(15.6783428770248,64.2457392884416,14.1154019543778));
#8249=CARTESIAN_POINT('Ctrl Pts',(15.6574877738957,64.2544801408293,14.1154019543778));
#8250=CARTESIAN_POINT('Ctrl Pts',(15.6372543615485,64.2642098598516,14.1154019543778));
#8251=CARTESIAN_POINT('Ctrl Pts',(15.6157976176912,64.2745278470147,14.1154019543778));
#8252=CARTESIAN_POINT('Ctrl Pts',(15.5950359384358,64.2859587290412,14.1154019543778));
#8253=CARTESIAN_POINT('Ctrl Pts',(15.5749574495715,64.2984819098214,14.1154019543778));
#8254=CARTESIAN_POINT('Ctrl Pts',(15.5571812255058,64.3095691419866,14.1154019543778));
#8255=CARTESIAN_POINT('Ctrl Pts',(15.5399390683922,64.3215150624098,14.1154019543778));
#8256=CARTESIAN_POINT('Ctrl Pts',(15.5232554312791,64.3343166189055,14.1154019543778));
#8257=CARTESIAN_POINT('Ctrl Pts',(15.508011013599,64.3460138449272,14.1154019543778));
#8258=CARTESIAN_POINT('Ctrl Pts',(15.4932329128458,64.3584271573614,14.1154019543778));
#8259=CARTESIAN_POINT('Ctrl Pts',(15.4789767650908,64.3715363231257,14.1154019543778));
#8260=CARTESIAN_POINT('Ctrl Pts',(15.4660550236447,64.3834184425798,14.1154019543778));
#8261=CARTESIAN_POINT('Ctrl Pts',(15.4535627211483,64.3958731501728,14.1154019543778));
#8262=CARTESIAN_POINT('Ctrl Pts',(15.4415679824036,64.4088529932206,14.1154019543778));
#8263=CARTESIAN_POINT('Ctrl Pts',(15.4333321913527,64.4177651735931,14.1154019543778));
#8264=CARTESIAN_POINT('Ctrl Pts',(15.4253315622902,64.4269242819969,14.1154019543778));
#8265=CARTESIAN_POINT('Ctrl Pts',(15.4175937378144,64.436301576943,14.1154019543778));
#8266=CARTESIAN_POINT('Origin',(15.3404626935943,64.3726556657034,14.1154019543778));
#8267=CARTESIAN_POINT('Ctrl Pts',(15.9189455252453,64.2098051511817,14.2154019543778));
#8268=CARTESIAN_POINT('Ctrl Pts',(15.9189455252453,64.2121657653236,14.209127590401));
#8269=CARTESIAN_POINT('Ctrl Pts',(15.9189455252453,64.2185050237413,14.1970296621014));
#8270=CARTESIAN_POINT('Ctrl Pts',(15.9189455252453,64.2123315913936,14.1660551010061));
#8271=CARTESIAN_POINT('Ctrl Pts',(15.9189455252453,64.2,14.1328552468977));
#8272=CARTESIAN_POINT('Ctrl Pts',(15.9189455252453,64.2,14.1154019543778));
#8273=CARTESIAN_POINT('Ctrl Pts',(15.944170487629,64.2110570558823,14.2120744703911));
#8274=CARTESIAN_POINT('Ctrl Pts',(15.9426360757773,64.2133161261676,14.2061698268573));
#8275=CARTESIAN_POINT('Ctrl Pts',(15.9414466092248,64.2192325035001,14.1943052250764));
#8276=CARTESIAN_POINT('Ctrl Pts',(15.9442965535333,64.2104024106222,14.1630416105838));
#8277=CARTESIAN_POINT('Ctrl Pts',(15.9528536808756,64.2,14.1318268017732));
#8278=CARTESIAN_POINT('Ctrl Pts',(15.9692716195002,64.2,14.1154019543778));
#8279=CARTESIAN_POINT('Ctrl Pts',(15.994001100825,64.2147622517598,14.2054146230252));
#8280=CARTESIAN_POINT('Ctrl Pts',(15.9912955835149,64.2166225759751,14.2000772029167));
#8281=CARTESIAN_POINT('Ctrl Pts',(15.9902091968886,64.2210169761361,14.1885560350012));
#8282=CARTESIAN_POINT('Ctrl Pts',(15.9982594236828,64.2082367485981,14.1571464233739));
#8283=CARTESIAN_POINT('Ctrl Pts',(16.0285346370384,64.2039753842674,14.1305371846561));
#8284=CARTESIAN_POINT('Ctrl Pts',(16.0693389882717,64.2119807477858,14.1154019543778));
#8285=CARTESIAN_POINT('Ctrl Pts',(16.0840189347957,64.2248053420622,14.1956908074101));
#8286=CARTESIAN_POINT('Ctrl Pts',(16.0830726492842,64.2254366724644,14.1906662051794));
#8287=CARTESIAN_POINT('Ctrl Pts',(16.0889158911116,64.2277339347227,14.1788665170358));
#8288=CARTESIAN_POINT('Ctrl Pts',(16.1077111771743,64.2191774090156,14.1509537969407));
#8289=CARTESIAN_POINT('Ctrl Pts',(16.1616128783651,64.2392880908763,14.1293732274113));
#8290=CARTESIAN_POINT('Ctrl Pts',(16.2037291282199,64.2601927117021,14.1154019543778));
#8291=CARTESIAN_POINT('Ctrl Pts',(16.2455359843378,64.2583135551139,14.1871578351558));
#8292=CARTESIAN_POINT('Ctrl Pts',(16.2444551390089,64.2607690903823,14.1824193599281));
#8293=CARTESIAN_POINT('Ctrl Pts',(16.24344328148,64.2639970862973,14.1711989776513));
#8294=CARTESIAN_POINT('Ctrl Pts',(16.2581650462198,64.277150718811,14.1480643547679));
#8295=CARTESIAN_POINT('Ctrl Pts',(16.2984051392517,64.3131251742204,14.1274458307594));
#8296=CARTESIAN_POINT('Ctrl Pts',(16.3220160097086,64.3336874206219,14.1154019543778));
#8297=CARTESIAN_POINT('Ctrl Pts',(16.3826998899201,64.3447189355482,14.1861126324964));
#8298=CARTESIAN_POINT('Ctrl Pts',(16.3757682032366,64.3446346498562,14.1808197945721));
#8299=CARTESIAN_POINT('Ctrl Pts',(16.3664731170829,64.3491274968255,14.1684670597211));
#8300=CARTESIAN_POINT('Ctrl Pts',(16.3711416538763,64.3720924942265,14.1444487803613));
#8301=CARTESIAN_POINT('Ctrl Pts',(16.3828850150173,64.3909624572901,14.1253700437217));
#8302=CARTESIAN_POINT('Ctrl Pts',(16.3901375564058,64.399751648609,14.1154019543778));
#8303=CARTESIAN_POINT('Ctrl Pts',(16.4428884724882,64.4176601211357,14.1861126324964));
#8304=CARTESIAN_POINT('Ctrl Pts',(16.4381289697053,64.4215875007625,14.179941961749));
#8305=CARTESIAN_POINT('Ctrl Pts',(16.4298635661524,64.4284078303225,14.1659764880337));
#8306=CARTESIAN_POINT('Ctrl Pts',(16.4220695429959,64.4348391928307,14.1415810755251));
#8307=CARTESIAN_POINT('Ctrl Pts',(16.4202973126761,64.436301576943,14.1241286006378));
#8308=CARTESIAN_POINT('Ctrl Pts',(16.4202973126761,64.436301576943,14.1154019543778));
#8309=CARTESIAN_POINT('',(16.4428884724882,64.4176601211357,14.1861126324964));
#8310=CARTESIAN_POINT('Ctrl Pts',(15.9189455252453,64.2098051511817,14.2154019543778));
#8311=CARTESIAN_POINT('Ctrl Pts',(15.944170487629,64.2110570558823,14.2120744703911));
#8312=CARTESIAN_POINT('Ctrl Pts',(15.994001100825,64.2147622517598,14.2054146230252));
#8313=CARTESIAN_POINT('Ctrl Pts',(16.0840189347957,64.2248053420622,14.1956908074101));
#8314=CARTESIAN_POINT('Ctrl Pts',(16.2455359843378,64.2583135551139,14.1871578351558));
#8315=CARTESIAN_POINT('Ctrl Pts',(16.3826998899201,64.3447189355482,14.1861126324964));
#8316=CARTESIAN_POINT('Ctrl Pts',(16.4428884724882,64.4176601211357,14.1861126324964));
#8317=CARTESIAN_POINT('',(16.4202973126761,64.436301576943,14.1154019543778));
#8318=CARTESIAN_POINT('Origin',(16.4974283568963,64.3726556657034,14.1154019543778));
#8319=CARTESIAN_POINT('Ctrl Pts',(16.4202973126761,64.436301576943,14.1154019543778));
#8320=CARTESIAN_POINT('Ctrl Pts',(16.4091682219166,64.4228144828817,14.1154019543778));
#8321=CARTESIAN_POINT('Ctrl Pts',(16.3974962261822,64.4097809639694,14.1154019543778));
#8322=CARTESIAN_POINT('Ctrl Pts',(16.3853609616405,64.3972786279705,14.1154019543778));
#8323=CARTESIAN_POINT('Ctrl Pts',(16.372362680544,64.3838871706094,14.1154019543778));
#8324=CARTESIAN_POINT('Ctrl Pts',(16.3588337588549,64.3711041539496,14.1154019543778));
#8325=CARTESIAN_POINT('Ctrl Pts',(16.3448452709766,64.3589710735751,14.1154019543778));
#8326=CARTESIAN_POINT('Ctrl Pts',(16.3294636042034,64.3456296030118,14.1154019543778));
#8327=CARTESIAN_POINT('Ctrl Pts',(16.3135269224083,64.333072382275,14.1154019543778));
#8328=CARTESIAN_POINT('Ctrl Pts',(16.2970848417686,64.321312325376,14.1154019543778));
#8329=CARTESIAN_POINT('Ctrl Pts',(16.2777229636713,64.307463908434,14.1154019543778));
#8330=CARTESIAN_POINT('Ctrl Pts',(16.2576602129857,64.29471769237,14.1154019543778));
#8331=CARTESIAN_POINT('Ctrl Pts',(16.2369087655821,64.283079037436,14.1154019543778));
#8332=CARTESIAN_POINT('Ctrl Pts',(16.2164229921986,64.2715893884092,14.1154019543778));
#8333=CARTESIAN_POINT('Ctrl Pts',(16.1952622321362,64.2611765633538,14.1154019543778));
#8334=CARTESIAN_POINT('Ctrl Pts',(16.1734097810731,64.2518796588428,14.1154019543778));
#8335=CARTESIAN_POINT('Ctrl Pts',(16.154118293355,64.2436722903114,14.1154019543778));
#8336=CARTESIAN_POINT('Ctrl Pts',(16.1342851966469,64.2363351341442,14.1154019543778));
#8337=CARTESIAN_POINT('Ctrl Pts',(16.1139201384728,64.2299315358795,14.1154019543778));
#8338=CARTESIAN_POINT('Ctrl Pts',(16.0960900789245,64.2243250437493,14.1154019543778));
#8339=CARTESIAN_POINT('Ctrl Pts',(16.0778514746664,64.2194352384484,14.1154019543778));
#8340=CARTESIAN_POINT('Ctrl Pts',(16.0592475537348,64.2153226482679,14.1154019543778));
#8341=CARTESIAN_POINT('Ctrl Pts',(16.0416676443609,64.2114364264906,14.1154019543778));
#8342=CARTESIAN_POINT('Ctrl Pts',(16.0237609657047,64.2082452169597,14.1154019543778));
#8343=CARTESIAN_POINT('Ctrl Pts',(16.0056084293429,64.2058031814318,14.1154019543778));
#8344=CARTESIAN_POINT('Ctrl Pts',(15.9887087483822,64.2035296908026,14.1154019543778));
#8345=CARTESIAN_POINT('Ctrl Pts',(15.9715959788165,64.2019064439884,14.1154019543778));
#8346=CARTESIAN_POINT('Ctrl Pts',(15.954378427489,64.2009664804969,14.1154019543778));
#8347=CARTESIAN_POINT('Ctrl Pts',(15.9425998471649,64.2003234485538,14.1154019543778));
#8348=CARTESIAN_POINT('Ctrl Pts',(15.9307731263032,64.2,14.1154019543778));
#8349=CARTESIAN_POINT('Ctrl Pts',(15.9189455252453,64.2,14.1154019543778));
#8350=CARTESIAN_POINT('Ctrl Pts',(15.9189455252453,64.2098051511817,14.2154019543778));
#8351=CARTESIAN_POINT('Ctrl Pts',(15.944170487629,64.2110570558823,14.2120744703911));
#8352=CARTESIAN_POINT('Ctrl Pts',(15.994001100825,64.2147622517598,14.2054146230252));
#8353=CARTESIAN_POINT('Ctrl Pts',(16.0840189347957,64.2248053420622,14.1956908074101));
#8354=CARTESIAN_POINT('Ctrl Pts',(16.2455359843378,64.2583135551139,14.1871578351558));
#8355=CARTESIAN_POINT('Ctrl Pts',(16.3826998899201,64.3447189355482,14.1861126324964));
#8356=CARTESIAN_POINT('Ctrl Pts',(16.4428884724882,64.4176601211357,14.1861126324964));
#8357=CARTESIAN_POINT('Ctrl Pts',(15.9665101704632,64.2098051511817,14.2154019543778));
#8358=CARTESIAN_POINT('Ctrl Pts',(15.9885588942337,64.2117213807062,14.2122276136128));
#8359=CARTESIAN_POINT('Ctrl Pts',(16.0346647600246,64.2166196024199,14.206101351578));
#8360=CARTESIAN_POINT('Ctrl Pts',(16.1239304831098,64.2295401587844,14.1977440673809));
#8361=CARTESIAN_POINT('Ctrl Pts',(16.2827540631813,64.2715990952046,14.1913304319456));
#8362=CARTESIAN_POINT('Ctrl Pts',(16.3990892999111,64.3562648227862,14.1914054704208));
#8363=CARTESIAN_POINT('Ctrl Pts',(16.4476479752711,64.4137327415089,14.1922833032439));
#8364=CARTESIAN_POINT('Ctrl Pts',(16.0547901837978,64.2119936426843,14.2154019543778));
#8365=CARTESIAN_POINT('Ctrl Pts',(16.0735607723061,64.2146335528649,14.2127486154421));
#8366=CARTESIAN_POINT('Ctrl Pts',(16.1171216689857,64.2216072964212,14.2079512869705));
#8367=CARTESIAN_POINT('Ctrl Pts',(16.2129539772173,64.2431687897394,14.2025379457274));
#8368=CARTESIAN_POINT('Ctrl Pts',(16.3587033580432,64.3050881981745,14.199615118148));
#8369=CARTESIAN_POINT('Ctrl Pts',(16.4298870732464,64.3741794210643,14.2014343808265));
#8370=CARTESIAN_POINT('Ctrl Pts',(16.458419690978,64.4048442885039,14.2029993562113));
#8371=CARTESIAN_POINT('Ctrl Pts',(16.2843134131464,64.2455559833719,14.2154019543778));
#8372=CARTESIAN_POINT('Ctrl Pts',(16.3014524375471,64.2527071264258,14.2140828158728));
#8373=CARTESIAN_POINT('Ctrl Pts',(16.337653970273,64.2696123176434,14.2120947313402));
#8374=CARTESIAN_POINT('Ctrl Pts',(16.3976733925095,64.3074190573535,14.210583266244));
#8375=CARTESIAN_POINT('Ctrl Pts',(16.4447773730763,64.3551526295992,14.2110593423666));
#8376=CARTESIAN_POINT('Ctrl Pts',(16.4649640886303,64.3789511162571,14.2124497715099));
#8377=CARTESIAN_POINT('Ctrl Pts',(16.4772361273877,64.3893176059122,14.2131042669321));
#8378=CARTESIAN_POINT('Ctrl Pts',(16.4367946922809,64.2986090900616,14.2154019543778));
#8379=CARTESIAN_POINT('Ctrl Pts',(16.4375130774504,64.303829295716,14.2154019543778));
#8380=CARTESIAN_POINT('Ctrl Pts',(16.4420899420058,64.3161720869636,14.2154019543778));
#8381=CARTESIAN_POINT('Ctrl Pts',(16.4553875665943,64.3386897551858,14.2154019543778));
#8382=CARTESIAN_POINT('Ctrl Pts',(16.4721197540082,64.3606792245657,14.2154019543778));
#8383=CARTESIAN_POINT('Ctrl Pts',(16.484652520569,64.3728347084331,14.2154019543778));
#8384=CARTESIAN_POINT('Ctrl Pts',(16.4906974035106,64.3782098192362,14.2154019543778));
#8385=CARTESIAN_POINT('Ctrl Pts',(16.4848412164684,64.32310789768,14.2154019543778));
#8386=CARTESIAN_POINT('Ctrl Pts',(16.4830625872202,64.3272741684444,14.2154019543778));
#8387=CARTESIAN_POINT('Ctrl Pts',(16.4808500808509,64.3361866721817,14.2154019543778));
#8388=CARTESIAN_POINT('Ctrl Pts',(16.4823274191847,64.3494113378313,14.2154019543778));
#8389=CARTESIAN_POINT('Ctrl Pts',(16.4883415826265,64.3615641932212,14.2154019543778));
#8390=CARTESIAN_POINT('Ctrl Pts',(16.4943847902842,64.3689672359776,14.2154019543778));
#8391=CARTESIAN_POINT('Ctrl Pts',(16.4974283568963,64.3726556657034,14.2154019543778));
#8392=CARTESIAN_POINT('',(16.4848412164684,64.32310789768,14.2154019543778));
#8393=CARTESIAN_POINT('Ctrl Pts',(15.9189455252453,64.2098051511817,14.2154019543778));
#8394=CARTESIAN_POINT('Ctrl Pts',(15.9665101704632,64.2098051511817,14.2154019543778));
#8395=CARTESIAN_POINT('Ctrl Pts',(16.0547901837978,64.2119936426843,14.2154019543778));
#8396=CARTESIAN_POINT('Ctrl Pts',(16.2843134131464,64.2455559833719,14.2154019543778));
#8397=CARTESIAN_POINT('Ctrl Pts',(16.4367946922809,64.2986090900616,14.2154019543778));
#8398=CARTESIAN_POINT('Ctrl Pts',(16.4848412164684,64.32310789768,14.2154019543778));
#8399=CARTESIAN_POINT('',(16.4974283568963,64.3726556657034,14.2154019543778));
#8400=CARTESIAN_POINT('Ctrl Pts',(16.4848412164684,64.32310789768,14.2154019543778));
#8401=CARTESIAN_POINT('Ctrl Pts',(16.4836033972744,64.3260073720504,14.2154019543778));
#8402=CARTESIAN_POINT('Ctrl Pts',(16.4826882375921,64.3290506241133,14.2154019543778));
#8403=CARTESIAN_POINT('Ctrl Pts',(16.482145984713,64.3321236182487,14.2154019543778));
#8404=CARTESIAN_POINT('Ctrl Pts',(16.4816120817051,64.335149292939,14.2154019543778));
#8405=CARTESIAN_POINT('Ctrl Pts',(16.4814399401076,64.3382039016001,14.2154019543778));
#8406=CARTESIAN_POINT('Ctrl Pts',(16.4816417739753,64.3412140569167,14.2154019543778));
#8407=CARTESIAN_POINT('Ctrl Pts',(16.4818389361971,64.3441545391893,14.2154019543778));
#8408=CARTESIAN_POINT('Ctrl Pts',(16.4823931242776,64.3470527372603,14.2154019543778));
#8409=CARTESIAN_POINT('Ctrl Pts',(16.4832784116745,64.3498725489807,14.2154019543778));
#8410=CARTESIAN_POINT('Ctrl Pts',(16.4841527816352,64.3526575865532,14.2154019543778));
#8411=CARTESIAN_POINT('Ctrl Pts',(16.4853503385782,64.3553662295627,14.2154019543778));
#8412=CARTESIAN_POINT('Ctrl Pts',(16.4868064898289,64.3579941618396,14.2154019543778));
#8413=CARTESIAN_POINT('Ctrl Pts',(16.4882343271278,64.3605709956143,14.2154019543778));
#8414=CARTESIAN_POINT('Ctrl Pts',(16.4899109277901,64.3630703263811,14.2154019543778));
#8415=CARTESIAN_POINT('Ctrl Pts',(16.4917347159484,64.3655162573462,14.2154019543778));
#8416=CARTESIAN_POINT('Ctrl Pts',(16.4935355935806,64.3679314623934,14.2154019543778));
#8417=CARTESIAN_POINT('Ctrl Pts',(16.4954801380025,64.3702946631706,14.2154019543778));
#8418=CARTESIAN_POINT('Ctrl Pts',(16.4974283568963,64.3726556657034,14.2154019543778));
#8419=CARTESIAN_POINT('Origin',(16.4974283568963,64.3726556657034,14.1154019543778));
#8420=CARTESIAN_POINT('Ctrl Pts',(15.9189455252453,65.4901948488183,14.2154019543778));
#8421=CARTESIAN_POINT('Ctrl Pts',(15.8937205628615,65.4914467535189,14.2187294383645));
#8422=CARTESIAN_POINT('Ctrl Pts',(15.8414392488223,65.4927137040159,14.2253892857304));
#8423=CARTESIAN_POINT('Ctrl Pts',(15.7409579845914,65.4899351079316,14.2351131013454));
#8424=CARTESIAN_POINT('Ctrl Pts',(15.5596124007712,65.4748214884664,14.2436460735997));
#8425=CARTESIAN_POINT('Ctrl Pts',(15.4002413422079,65.4707106781186,14.2446912762591));
#8426=CARTESIAN_POINT('Ctrl Pts',(15.3090586750262,65.4707106781186,14.2446912762591));
#8427=CARTESIAN_POINT('Ctrl Pts',(15.9189455252453,65.4925554629602,14.2216763183545));
#8428=CARTESIAN_POINT('Ctrl Pts',(15.8945080446831,65.493630710473,14.2246340818983));
#8429=CARTESIAN_POINT('Ctrl Pts',(15.8422459418239,65.4945449203795,14.2307267058388));
#8430=CARTESIAN_POINT('Ctrl Pts',(15.7391594650662,65.4909929570817,14.2401377035762));
#8431=CARTESIAN_POINT('Ctrl Pts',(15.5577516761361,65.4778869860358,14.2483845488274));
#8432=CARTESIAN_POINT('Ctrl Pts',(15.4057799256437,65.476003516043,14.2499841141835));
#8433=CARTESIAN_POINT('Ctrl Pts',(15.3090586750262,65.4768813488661,14.2508619470066));
#8434=CARTESIAN_POINT('Ctrl Pts',(15.9189455252453,65.4973199599199,14.2337742466542));
#8435=CARTESIAN_POINT('Ctrl Pts',(15.8944038717954,65.4977323931855,14.2364986836792));
#8436=CARTESIAN_POINT('Ctrl Pts',(15.8397212579719,65.4974432062554,14.2422478737543));
#8437=CARTESIAN_POINT('Ctrl Pts',(15.7269327061644,65.4923522920623,14.2519373917197));
#8438=CARTESIAN_POINT('Ctrl Pts',(15.5551187706438,65.4844654075329,14.2596049311043));
#8439=CARTESIAN_POINT('Ctrl Pts',(15.4110208682562,65.4860324264487,14.2623368490344));
#8440=CARTESIAN_POINT('Ctrl Pts',(15.3090586750262,65.4875974018335,14.2648274207218));
#8441=CARTESIAN_POINT('Ctrl Pts',(15.9189455252453,65.4974672407562,14.2647488077494));
#8442=CARTESIAN_POINT('Ctrl Pts',(15.8896229175029,65.4973768772845,14.2677622981718));
#8443=CARTESIAN_POINT('Ctrl Pts',(15.8272846146233,65.4965497677802,14.2736574853817));
#8444=CARTESIAN_POINT('Ctrl Pts',(15.7077464656131,65.4948244698135,14.2798501118148));
#8445=CARTESIAN_POINT('Ctrl Pts',(15.5425210484016,65.4954650312515,14.2827395539876));
#8446=CARTESIAN_POINT('Ctrl Pts',(15.3932779831547,65.4970478171321,14.2863551283943));
#8447=CARTESIAN_POINT('Ctrl Pts',(15.3090586750262,65.4977023125543,14.2892228332305));
#8448=CARTESIAN_POINT('Ctrl Pts',(15.9189455252453,65.5,14.2979486618578));
#8449=CARTESIAN_POINT('Ctrl Pts',(15.8822603332383,65.5,14.2989771069824));
#8450=CARTESIAN_POINT('Ctrl Pts',(15.8023113642723,65.5,14.3002667240994));
#8451=CARTESIAN_POINT('Ctrl Pts',(15.6581767783256,65.5,14.3014306813443));
#8452=CARTESIAN_POINT('Ctrl Pts',(15.4925029103209,65.5,14.3033580779962));
#8453=CARTESIAN_POINT('Ctrl Pts',(15.3714992678717,65.5,14.3054338650339));
#8454=CARTESIAN_POINT('Ctrl Pts',(15.3090586750262,65.5,14.3066753081178));
#8455=CARTESIAN_POINT('Ctrl Pts',(15.9189455252453,65.5,14.3154019543778));
#8456=CARTESIAN_POINT('Ctrl Pts',(15.8681216210604,65.5,14.3154019543778));
#8457=CARTESIAN_POINT('Ctrl Pts',(15.7664738126905,65.5,14.3154019543778));
#8458=CARTESIAN_POINT('Ctrl Pts',(15.6140021001357,65.5,14.3154019543778));
#8459=CARTESIAN_POINT('Ctrl Pts',(15.461530387581,65.5,14.3154019543778));
#8460=CARTESIAN_POINT('Ctrl Pts',(15.3598825792111,65.5,14.3154019543778));
#8461=CARTESIAN_POINT('Ctrl Pts',(15.3090586750262,65.5,14.3154019543778));
#8462=CARTESIAN_POINT('',(15.9189455252453,65.4901948488183,14.2154019543778));
#8463=CARTESIAN_POINT('',(15.3090586750262,65.4707106781186,14.2446912762591));
#8464=CARTESIAN_POINT('Ctrl Pts',(15.9189455252453,65.4901948488183,14.2154019543778));
#8465=CARTESIAN_POINT('Ctrl Pts',(15.8937205628615,65.4914467535189,14.2187294383645));
#8466=CARTESIAN_POINT('Ctrl Pts',(15.8414392488223,65.4927137040159,14.2253892857304));
#8467=CARTESIAN_POINT('Ctrl Pts',(15.7409579845914,65.4899351079316,14.2351131013454));
#8468=CARTESIAN_POINT('Ctrl Pts',(15.5596124007712,65.4748214884664,14.2436460735997));
#8469=CARTESIAN_POINT('Ctrl Pts',(15.4002413422079,65.4707106781186,14.2446912762591));
#8470=CARTESIAN_POINT('Ctrl Pts',(15.3090586750262,65.4707106781186,14.2446912762591));
#8471=CARTESIAN_POINT('',(15.9189455252453,65.5,14.3154019543778));
#8472=CARTESIAN_POINT('Ctrl Pts',(15.9189455252453,65.4901948488183,14.2154019543778));
#8473=CARTESIAN_POINT('Ctrl Pts',(15.9189455252453,65.4925554629602,14.2216763183545));
#8474=CARTESIAN_POINT('Ctrl Pts',(15.9189455252453,65.4973199599199,14.2337742466542));
#8475=CARTESIAN_POINT('Ctrl Pts',(15.9189455252453,65.4974672407562,14.2647488077494));
#8476=CARTESIAN_POINT('Ctrl Pts',(15.9189455252453,65.5,14.2979486618578));
#8477=CARTESIAN_POINT('Ctrl Pts',(15.9189455252453,65.5,14.3154019543778));
#8478=CARTESIAN_POINT('',(15.3090586750262,65.5,14.3154019543778));
#8479=CARTESIAN_POINT('',(15.9189455252453,65.5,14.3154019543778));
#8480=CARTESIAN_POINT('Origin',(15.3090586750262,65.4,14.3154019543778));
#8481=CARTESIAN_POINT('Ctrl Pts',(15.9189455252453,65.4901948488183,14.2154019543778));
#8482=CARTESIAN_POINT('Ctrl Pts',(15.9189455252453,65.4925554629602,14.2216763183545));
#8483=CARTESIAN_POINT('Ctrl Pts',(15.9189455252453,65.4973199599199,14.2337742466542));
#8484=CARTESIAN_POINT('Ctrl Pts',(15.9189455252453,65.4974672407562,14.2647488077494));
#8485=CARTESIAN_POINT('Ctrl Pts',(15.9189455252453,65.5,14.2979486618578));
#8486=CARTESIAN_POINT('Ctrl Pts',(15.9189455252453,65.5,14.3154019543778));
#8487=CARTESIAN_POINT('Ctrl Pts',(15.944170487629,65.4914467535189,14.2187294383645));
#8488=CARTESIAN_POINT('Ctrl Pts',(15.9433830058075,65.493630710473,14.2246340818983));
#8489=CARTESIAN_POINT('Ctrl Pts',(15.9434871786951,65.4977323931855,14.2364986836792));
#8490=CARTESIAN_POINT('Ctrl Pts',(15.9482681329877,65.4973768772845,14.2677622981718));
#8491=CARTESIAN_POINT('Ctrl Pts',(15.9556307172523,65.5,14.2989771069824));
#8492=CARTESIAN_POINT('Ctrl Pts',(15.9697694294302,65.5,14.3154019543778));
#8493=CARTESIAN_POINT('Ctrl Pts',(15.9964518016682,65.4927137040159,14.2253892857304));
#8494=CARTESIAN_POINT('Ctrl Pts',(15.9956451086666,65.4945449203795,14.2307267058388));
#8495=CARTESIAN_POINT('Ctrl Pts',(15.9981697925187,65.4974432062554,14.2422478737543));
#8496=CARTESIAN_POINT('Ctrl Pts',(16.0106064358672,65.4965497677802,14.2736574853817));
#8497=CARTESIAN_POINT('Ctrl Pts',(16.0355796862183,65.5,14.3002667240994));
#8498=CARTESIAN_POINT('Ctrl Pts',(16.0714172378,65.5,14.3154019543778));
#8499=CARTESIAN_POINT('Ctrl Pts',(16.0969330658991,65.4899351079316,14.2351131013454));
#8500=CARTESIAN_POINT('Ctrl Pts',(16.0987315854243,65.4909929570817,14.2401377035762));
#8501=CARTESIAN_POINT('Ctrl Pts',(16.1109583443261,65.4923522920623,14.2519373917197));
#8502=CARTESIAN_POINT('Ctrl Pts',(16.1301445848774,65.4948244698135,14.2798501118148));
#8503=CARTESIAN_POINT('Ctrl Pts',(16.1797142721649,65.5,14.3014306813443));
#8504=CARTESIAN_POINT('Ctrl Pts',(16.2238889503548,65.5,14.3154019543778));
#8505=CARTESIAN_POINT('Ctrl Pts',(16.2782786497193,65.4748214884664,14.2436460735997));
#8506=CARTESIAN_POINT('Ctrl Pts',(16.2801393743545,65.4778869860358,14.2483845488274));
#8507=CARTESIAN_POINT('Ctrl Pts',(16.2827722798468,65.4844654075329,14.2596049311043));
#8508=CARTESIAN_POINT('Ctrl Pts',(16.295370002089,65.4954650312515,14.2827395539876));
#8509=CARTESIAN_POINT('Ctrl Pts',(16.3453881401696,65.5,14.3033580779962));
#8510=CARTESIAN_POINT('Ctrl Pts',(16.3763606629096,65.5,14.3154019543778));
#8511=CARTESIAN_POINT('Ctrl Pts',(16.4376497082827,65.4707106781186,14.2446912762591));
#8512=CARTESIAN_POINT('Ctrl Pts',(16.4321111248469,65.476003516043,14.2499841141834));
#8513=CARTESIAN_POINT('Ctrl Pts',(16.4268701822343,65.4860324264487,14.2623368490344));
#8514=CARTESIAN_POINT('Ctrl Pts',(16.4446130673359,65.4970478171321,14.2863551283943));
#8515=CARTESIAN_POINT('Ctrl Pts',(16.4663917826188,65.5,14.3054338650339));
#8516=CARTESIAN_POINT('Ctrl Pts',(16.4780084712794,65.5,14.3154019543778));
#8517=CARTESIAN_POINT('Ctrl Pts',(16.5288323754643,65.4707106781186,14.2446912762591));
#8518=CARTESIAN_POINT('Ctrl Pts',(16.5288323754643,65.4768813488661,14.2508619470066));
#8519=CARTESIAN_POINT('Ctrl Pts',(16.5288323754643,65.4875974018335,14.2648274207218));
#8520=CARTESIAN_POINT('Ctrl Pts',(16.5288323754643,65.4977023125542,14.2892228332305));
#8521=CARTESIAN_POINT('Ctrl Pts',(16.5288323754643,65.5,14.3066753081178));
#8522=CARTESIAN_POINT('Ctrl Pts',(16.5288323754643,65.5,14.3154019543778));
#8523=CARTESIAN_POINT('',(16.5288323754643,65.4707106781186,14.2446912762591));
#8524=CARTESIAN_POINT('Ctrl Pts',(15.9189455252453,65.4901948488183,14.2154019543778));
#8525=CARTESIAN_POINT('Ctrl Pts',(15.944170487629,65.4914467535189,14.2187294383645));
#8526=CARTESIAN_POINT('Ctrl Pts',(15.9964518016682,65.4927137040159,14.2253892857304));
#8527=CARTESIAN_POINT('Ctrl Pts',(16.0969330658991,65.4899351079316,14.2351131013454));
#8528=CARTESIAN_POINT('Ctrl Pts',(16.2782786497193,65.4748214884664,14.2436460735997));
#8529=CARTESIAN_POINT('Ctrl Pts',(16.4376497082827,65.4707106781186,14.2446912762591));
#8530=CARTESIAN_POINT('Ctrl Pts',(16.5288323754643,65.4707106781186,14.2446912762591));
#8531=CARTESIAN_POINT('',(16.5288323754643,65.5,14.3154019543778));
#8532=CARTESIAN_POINT('Origin',(16.5288323754643,65.4,14.3154019543778));
#8533=CARTESIAN_POINT('',(15.9189455252453,65.5,14.3154019543778));
#8534=CARTESIAN_POINT('Ctrl Pts',(15.9189455252453,65.4901948488183,14.2154019543778));
#8535=CARTESIAN_POINT('Ctrl Pts',(15.944170487629,65.4914467535189,14.2187294383645));
#8536=CARTESIAN_POINT('Ctrl Pts',(15.9964518016682,65.4927137040159,14.2253892857304));
#8537=CARTESIAN_POINT('Ctrl Pts',(16.0969330658991,65.4899351079316,14.2351131013454));
#8538=CARTESIAN_POINT('Ctrl Pts',(16.2782786497193,65.4748214884664,14.2436460735997));
#8539=CARTESIAN_POINT('Ctrl Pts',(16.4376497082827,65.4707106781186,14.2446912762591));
#8540=CARTESIAN_POINT('Ctrl Pts',(16.5288323754643,65.4707106781186,14.2446912762591));
#8541=CARTESIAN_POINT('Ctrl Pts',(15.9665101704632,65.4901948488183,14.2154019543778));
#8542=CARTESIAN_POINT('Ctrl Pts',(15.9893058242639,65.4906671940493,14.2185762951427));
#8543=CARTESIAN_POINT('Ctrl Pts',(16.0389728159769,65.4906953066702,14.2247025571775));
#8544=CARTESIAN_POINT('Ctrl Pts',(16.1390471102367,65.4856956302607,14.2330598413747));
#8545=CARTESIAN_POINT('Ctrl Pts',(16.3168426598911,65.4693583109269,14.23947347681));
#8546=CARTESIAN_POINT('Ctrl Pts',(16.4575162655609,65.4654178401943,14.2393984383348));
#8547=CARTESIAN_POINT('Ctrl Pts',(16.5288323754643,65.4645400073712,14.2385206055117));
#8548=CARTESIAN_POINT('Ctrl Pts',(16.0547901837978,65.4880063573156,14.2154019543778));
#8549=CARTESIAN_POINT('Ctrl Pts',(16.0755416022398,65.4873650994097,14.2180552933135));
#8550=CARTESIAN_POINT('Ctrl Pts',(16.1240565008867,65.4847006580856,14.2228526217851));
#8551=CARTESIAN_POINT('Ctrl Pts',(16.2302370641139,65.4737631888783,14.2282659630281));
#8552=CARTESIAN_POINT('Ctrl Pts',(16.397508046395,65.456237159423,14.2311887906076));
#8553=CARTESIAN_POINT('Ctrl Pts',(16.490564898811,65.4530651053433,14.2293695279291));
#8554=CARTESIAN_POINT('Ctrl Pts',(16.5288323754643,65.450574533656,14.2278045525443));
#8555=CARTESIAN_POINT('Ctrl Pts',(16.2843134131465,65.4544440166281,14.2154019543778));
#8556=CARTESIAN_POINT('Ctrl Pts',(16.3045426372861,65.4514913533917,14.2167210928828));
#8557=CARTESIAN_POINT('Ctrl Pts',(16.3479377093784,65.445816637631,14.2187091774154));
#8558=CARTESIAN_POINT('Ctrl Pts',(16.4234978358592,65.436540582634,14.2202206425116));
#8559=CARTESIAN_POINT('Ctrl Pts',(16.4882489416446,65.4318381265542,14.2197445663889));
#8560=CARTESIAN_POINT('Ctrl Pts',(16.5143725717635,65.4290468259835,14.2183541372457));
#8561=CARTESIAN_POINT('Ctrl Pts',(16.5288323754643,65.4261791211473,14.2176996418235));
#8562=CARTESIAN_POINT('Ctrl Pts',(16.4367946922809,65.4013909099384,14.2154019543778));
#8563=CARTESIAN_POINT('Ctrl Pts',(16.4417386442891,65.4037239034264,14.2154019543778));
#8564=CARTESIAN_POINT('Ctrl Pts',(16.4546715380273,65.4071676735171,14.2154019543778));
#8565=CARTESIAN_POINT('Ctrl Pts',(16.479350296112,65.4106518515094,14.2154019543778));
#8566=CARTESIAN_POINT('Ctrl Pts',(16.5048081703592,65.4118522185737,14.2154019543778));
#8567=CARTESIAN_POINT('Ctrl Pts',(16.5211668117948,65.4099680893439,14.2154019543778));
#8568=CARTESIAN_POINT('Ctrl Pts',(16.5288323754643,65.40872664626,14.2154019543778));
#8569=CARTESIAN_POINT('Ctrl Pts',(16.4848412164684,65.37689210232,14.2154019543778));
#8570=CARTESIAN_POINT('Ctrl Pts',(16.4866198457167,65.3810583730844,14.2154019543778));
#8571=CARTESIAN_POINT('Ctrl Pts',(16.4914806254945,65.3887567196126,14.2154019543778));
#8572=CARTESIAN_POINT('Ctrl Pts',(16.5017949025777,65.3965312577376,14.2154019543778));
#8573=CARTESIAN_POINT('Ctrl Pts',(16.5145146043298,65.399935287603,14.2154019543778));
#8574=CARTESIAN_POINT('Ctrl Pts',(16.524050345397,65.4,14.2154019543778));
#8575=CARTESIAN_POINT('Ctrl Pts',(16.5288323754643,65.4,14.2154019543778));
#8576=CARTESIAN_POINT('',(16.4848412164684,65.37689210232,14.2154019543778));
#8577=CARTESIAN_POINT('Ctrl Pts',(15.9189455252453,65.4901948488183,14.2154019543778));
#8578=CARTESIAN_POINT('Ctrl Pts',(15.9665101704632,65.4901948488183,14.2154019543778));
#8579=CARTESIAN_POINT('Ctrl Pts',(16.0547901837978,65.4880063573156,14.2154019543778));
#8580=CARTESIAN_POINT('Ctrl Pts',(16.2843134131465,65.4544440166281,14.2154019543778));
#8581=CARTESIAN_POINT('Ctrl Pts',(16.4367946922809,65.4013909099384,14.2154019543778));
#8582=CARTESIAN_POINT('Ctrl Pts',(16.4848412164684,65.37689210232,14.2154019543778));
#8583=CARTESIAN_POINT('',(16.5288323754643,65.4,14.2154019543778));
#8584=CARTESIAN_POINT('Ctrl Pts',(16.4848412164684,65.37689210232,14.2154019543778));
#8585=CARTESIAN_POINT('Ctrl Pts',(16.4861125241268,65.3798700202503,14.2154019543778));
#8586=CARTESIAN_POINT('Ctrl Pts',(16.487719031209,65.3826893011955,14.2154019543778));
#8587=CARTESIAN_POINT('Ctrl Pts',(16.4896013564899,65.3852275427635,14.2154019543778));
#8588=CARTESIAN_POINT('Ctrl Pts',(16.4914298505027,65.3876931949847,14.2154019543778));
#8589=CARTESIAN_POINT('Ctrl Pts',(16.4935195503872,65.3898931717841,14.2154019543778));
#8590=CARTESIAN_POINT('Ctrl Pts',(16.4958313848153,65.3917614069476,14.2154019543778));
#8591=CARTESIAN_POINT('Ctrl Pts',(16.4980126274913,65.3935241085571,14.2154019543778));
#8592=CARTESIAN_POINT('Ctrl Pts',(16.5003923151468,65.3949913885188,14.2154019543778));
#8593=CARTESIAN_POINT('Ctrl Pts',(16.5029399597685,65.3961530808302,14.2154019543778));
#8594=CARTESIAN_POINT('Ctrl Pts',(16.5054096742748,65.3972792380378,14.2154019543778));
#8595=CARTESIAN_POINT('Ctrl Pts',(16.5080377481049,65.3981180066714,14.2154019543778));
#8596=CARTESIAN_POINT('Ctrl Pts',(16.5107900554964,65.3987064719479,14.2154019543778));
#8597=CARTESIAN_POINT('Ctrl Pts',(16.5134646507661,65.3992783217528,14.2154019543778));
#8598=CARTESIAN_POINT('Ctrl Pts',(16.5162569791752,65.3996136398156,14.2154019543778));
#8599=CARTESIAN_POINT('Ctrl Pts',(16.5191228892734,65.3997936212462,14.2154019543778));
#8600=CARTESIAN_POINT('Ctrl Pts',(16.5218894516523,65.3999673635612,14.2154019543778));
#8601=CARTESIAN_POINT('Ctrl Pts',(16.5247248844215,65.3999962959203,14.2154019543778));
#8602=CARTESIAN_POINT('Ctrl Pts',(16.527572224231,65.399999522224,14.2154019543778));
#8603=CARTESIAN_POINT('Ctrl Pts',(16.5279921258134,65.3999999980119,14.2154019543778));
#8604=CARTESIAN_POINT('Ctrl Pts',(16.5284122501802,65.4,14.2154019543778));
#8605=CARTESIAN_POINT('Ctrl Pts',(16.5288323754643,65.4,14.2154019543778));
#8606=CARTESIAN_POINT('Origin',(16.5288323754643,65.4,14.3154019543778));
#8607=CARTESIAN_POINT('Ctrl Pts',(15.9189455252453,65.4901948488183,14.2154019543778));
#8608=CARTESIAN_POINT('Ctrl Pts',(15.9665101704632,65.4901948488183,14.2154019543778));
#8609=CARTESIAN_POINT('Ctrl Pts',(16.0547901837978,65.4880063573156,14.2154019543778));
#8610=CARTESIAN_POINT('Ctrl Pts',(16.2843134131465,65.4544440166281,14.2154019543778));
#8611=CARTESIAN_POINT('Ctrl Pts',(16.4367946922809,65.4013909099384,14.2154019543778));
#8612=CARTESIAN_POINT('Ctrl Pts',(16.4848412164684,65.37689210232,14.2154019543778));
#8613=CARTESIAN_POINT('Ctrl Pts',(15.944170487629,65.4889429441177,14.2120744703911));
#8614=CARTESIAN_POINT('Ctrl Pts',(15.9885588942337,65.4882786192938,14.2122276136128));
#8615=CARTESIAN_POINT('Ctrl Pts',(16.0735607723061,65.4853664471351,14.2127486154421));
#8616=CARTESIAN_POINT('Ctrl Pts',(16.3014524375471,65.4472928735742,14.2140828158728));
#8617=CARTESIAN_POINT('Ctrl Pts',(16.4375130774504,65.396170704284,14.2154019543778));
#8618=CARTESIAN_POINT('Ctrl Pts',(16.4830625872202,65.3727258315556,14.2154019543778));
#8619=CARTESIAN_POINT('Ctrl Pts',(15.994001100825,65.4852377482402,14.2054146230252));
#8620=CARTESIAN_POINT('Ctrl Pts',(16.0346647600246,65.4833803975801,14.206101351578));
#8621=CARTESIAN_POINT('Ctrl Pts',(16.1171216689858,65.4783927035789,14.2079512869704));
#8622=CARTESIAN_POINT('Ctrl Pts',(16.337653970273,65.4303876823566,14.2120947313402));
#8623=CARTESIAN_POINT('Ctrl Pts',(16.4420899420058,65.3838279130364,14.2154019543778));
#8624=CARTESIAN_POINT('Ctrl Pts',(16.4808500808509,65.3638133278183,14.2154019543778));
#8625=CARTESIAN_POINT('Ctrl Pts',(16.0840189347957,65.4751946579379,14.1956908074101));
#8626=CARTESIAN_POINT('Ctrl Pts',(16.1239304831098,65.4704598412156,14.1977440673809));
#8627=CARTESIAN_POINT('Ctrl Pts',(16.2129539772173,65.4568312102605,14.2025379457274));
#8628=CARTESIAN_POINT('Ctrl Pts',(16.3976733925095,65.3925809426466,14.210583266244));
#8629=CARTESIAN_POINT('Ctrl Pts',(16.4553875665943,65.3613102448142,14.2154019543778));
#8630=CARTESIAN_POINT('Ctrl Pts',(16.4823274191847,65.3505886621687,14.2154019543778));
#8631=CARTESIAN_POINT('Ctrl Pts',(16.2455359843378,65.4416864448861,14.1871578351558));
#8632=CARTESIAN_POINT('Ctrl Pts',(16.2827540631813,65.4284009047954,14.1913304319456));
#8633=CARTESIAN_POINT('Ctrl Pts',(16.3587033580432,65.3949118018256,14.199615118148));
#8634=CARTESIAN_POINT('Ctrl Pts',(16.4447773730763,65.3448473704007,14.2110593423666));
#8635=CARTESIAN_POINT('Ctrl Pts',(16.4721197540082,65.3393207754343,14.2154019543778));
#8636=CARTESIAN_POINT('Ctrl Pts',(16.4883415826265,65.3384358067788,14.2154019543778));
#8637=CARTESIAN_POINT('Ctrl Pts',(16.3826998899201,65.3552810644518,14.1861126324964));
#8638=CARTESIAN_POINT('Ctrl Pts',(16.3990892999111,65.3437351772138,14.1914054704208));
#8639=CARTESIAN_POINT('Ctrl Pts',(16.4298870732464,65.3258205789357,14.2014343808265));
#8640=CARTESIAN_POINT('Ctrl Pts',(16.4649640886303,65.3210488837429,14.2124497715099));
#8641=CARTESIAN_POINT('Ctrl Pts',(16.484652520569,65.3271652915669,14.2154019543778));
#8642=CARTESIAN_POINT('Ctrl Pts',(16.4943847902842,65.3310327640224,14.2154019543778));
#8643=CARTESIAN_POINT('Ctrl Pts',(16.4428884724882,65.2823398788643,14.1861126324964));
#8644=CARTESIAN_POINT('Ctrl Pts',(16.4476479752711,65.2862672584911,14.1922833032439));
#8645=CARTESIAN_POINT('Ctrl Pts',(16.458419690978,65.2951557114961,14.2029993562113));
#8646=CARTESIAN_POINT('Ctrl Pts',(16.4772361273877,65.3106823940878,14.2131042669321));
#8647=CARTESIAN_POINT('Ctrl Pts',(16.4906974035106,65.3217901807638,14.2154019543778));
#8648=CARTESIAN_POINT('Ctrl Pts',(16.4974283568963,65.3273443342966,14.2154019543778));
#8649=CARTESIAN_POINT('',(16.4428884724882,65.2823398788643,14.1861126324964));
#8650=CARTESIAN_POINT('Ctrl Pts',(15.9189455252453,65.4901948488183,14.2154019543778));
#8651=CARTESIAN_POINT('Ctrl Pts',(15.944170487629,65.4889429441177,14.2120744703911));
#8652=CARTESIAN_POINT('Ctrl Pts',(15.994001100825,65.4852377482402,14.2054146230252));
#8653=CARTESIAN_POINT('Ctrl Pts',(16.0840189347957,65.4751946579379,14.1956908074101));
#8654=CARTESIAN_POINT('Ctrl Pts',(16.2455359843378,65.4416864448861,14.1871578351558));
#8655=CARTESIAN_POINT('Ctrl Pts',(16.3826998899201,65.3552810644518,14.1861126324964));
#8656=CARTESIAN_POINT('Ctrl Pts',(16.4428884724882,65.2823398788643,14.1861126324964));
#8657=CARTESIAN_POINT('',(16.4974283568963,65.3273443342966,14.2154019543778));
#8658=CARTESIAN_POINT('Origin',(16.4974283568963,65.3273443342966,14.1154019543778));
#8659=CARTESIAN_POINT('Ctrl Pts',(16.4974283568963,65.3273443342966,14.2154019543778));
#8660=CARTESIAN_POINT('Ctrl Pts',(16.4954620076576,65.3297273085855,14.2154019543778));
#8661=CARTESIAN_POINT('Ctrl Pts',(16.4934994704387,65.3321125641246,14.2154019543778));
#8662=CARTESIAN_POINT('Ctrl Pts',(16.4916844749195,65.3345511841352,14.2154019543778));
#8663=CARTESIAN_POINT('Ctrl Pts',(16.4898450099673,65.3370226811686,14.2154019543778));
#8664=CARTESIAN_POINT('Ctrl Pts',(16.4881569305578,65.3395490614012,14.2154019543778));
#8665=CARTESIAN_POINT('Ctrl Pts',(16.4867242939583,65.3421547549026,14.2154019543778));
#8666=CARTESIAN_POINT('Ctrl Pts',(16.485247873445,65.3448400830161,14.2154019543778));
#8667=CARTESIAN_POINT('Ctrl Pts',(16.4840426802893,65.3476098131253,14.2154019543778));
#8668=CARTESIAN_POINT('Ctrl Pts',(16.4831761177213,65.3504584160584,14.2154019543778));
#8669=CARTESIAN_POINT('Ctrl Pts',(16.4823052602469,65.3533211373987,14.2154019543778));
#8670=CARTESIAN_POINT('Ctrl Pts',(16.4817761175004,65.3562635505301,14.2154019543778));
#8671=CARTESIAN_POINT('Ctrl Pts',(16.4816137988247,65.3592466030484,14.2154019543778));
#8672=CARTESIAN_POINT('Ctrl Pts',(16.481447950258,65.3622945270293,14.2154019543778));
#8673=CARTESIAN_POINT('Ctrl Pts',(16.4816648575002,65.3653850142131,14.2154019543778));
#8674=CARTESIAN_POINT('Ctrl Pts',(16.4822496806998,65.3684401352146,14.2154019543778));
#8675=CARTESIAN_POINT('Ctrl Pts',(16.4828011408035,65.3713209671396,14.2154019543778));
#8676=CARTESIAN_POINT('Ctrl Pts',(16.4836791441465,65.3741700578323,14.2154019543778));
#8677=CARTESIAN_POINT('Ctrl Pts',(16.4848412164684,65.37689210232,14.2154019543778));
#8678=CARTESIAN_POINT('Ctrl Pts',(15.9189455252453,65.4901948488183,14.2154019543778));
#8679=CARTESIAN_POINT('Ctrl Pts',(15.944170487629,65.4889429441177,14.2120744703911));
#8680=CARTESIAN_POINT('Ctrl Pts',(15.994001100825,65.4852377482402,14.2054146230252));
#8681=CARTESIAN_POINT('Ctrl Pts',(16.0840189347957,65.4751946579379,14.1956908074101));
#8682=CARTESIAN_POINT('Ctrl Pts',(16.2455359843378,65.4416864448861,14.1871578351558));
#8683=CARTESIAN_POINT('Ctrl Pts',(16.3826998899201,65.3552810644518,14.1861126324964));
#8684=CARTESIAN_POINT('Ctrl Pts',(16.4428884724882,65.2823398788643,14.1861126324964));
#8685=CARTESIAN_POINT('Ctrl Pts',(15.9189455252453,65.4878342346764,14.209127590401));
#8686=CARTESIAN_POINT('Ctrl Pts',(15.9426360757773,65.4866838738325,14.2061698268573));
#8687=CARTESIAN_POINT('Ctrl Pts',(15.9912955835149,65.4833774240249,14.2000772029167));
#8688=CARTESIAN_POINT('Ctrl Pts',(16.0830726492842,65.4745633275357,14.1906662051794));
#8689=CARTESIAN_POINT('Ctrl Pts',(16.2444551390089,65.4392309096177,14.1824193599281));
#8690=CARTESIAN_POINT('Ctrl Pts',(16.3757682032367,65.3553653501437,14.1808197945721));
#8691=CARTESIAN_POINT('Ctrl Pts',(16.4381289697053,65.2784124992375,14.179941961749));
#8692=CARTESIAN_POINT('Ctrl Pts',(15.9189455252453,65.4814949762587,14.1970296621014));
#8693=CARTESIAN_POINT('Ctrl Pts',(15.9414466092248,65.4807674965,14.1943052250764));
#8694=CARTESIAN_POINT('Ctrl Pts',(15.9902091968885,65.4789830238639,14.1885560350012));
#8695=CARTESIAN_POINT('Ctrl Pts',(16.0889158911116,65.4722660652773,14.1788665170358));
#8696=CARTESIAN_POINT('Ctrl Pts',(16.2434432814799,65.4360029137027,14.1711989776513));
#8697=CARTESIAN_POINT('Ctrl Pts',(16.3664731170829,65.3508725031745,14.1684670597211));
#8698=CARTESIAN_POINT('Ctrl Pts',(16.4298635661524,65.2715921696775,14.1659764880337));
#8699=CARTESIAN_POINT('Ctrl Pts',(15.9189455252453,65.4876684086064,14.1660551010061));
#8700=CARTESIAN_POINT('Ctrl Pts',(15.9442965535333,65.4895975893777,14.1630416105838));
#8701=CARTESIAN_POINT('Ctrl Pts',(15.9982594236828,65.4917632514019,14.1571464233739));
#8702=CARTESIAN_POINT('Ctrl Pts',(16.1077111771743,65.4808225909845,14.1509537969407));
#8703=CARTESIAN_POINT('Ctrl Pts',(16.2581650462198,65.4228492811889,14.1480643547679));
#8704=CARTESIAN_POINT('Ctrl Pts',(16.3711416538764,65.3279075057736,14.1444487803613));
#8705=CARTESIAN_POINT('Ctrl Pts',(16.422069542996,65.2651608071693,14.1415810755251));
#8706=CARTESIAN_POINT('Ctrl Pts',(15.9189455252453,65.5,14.1328552468977));
#8707=CARTESIAN_POINT('Ctrl Pts',(15.9528536808756,65.5,14.1318268017732));
#8708=CARTESIAN_POINT('Ctrl Pts',(16.0285346370384,65.4960246157326,14.1305371846561));
#8709=CARTESIAN_POINT('Ctrl Pts',(16.1616128783651,65.4607119091237,14.1293732274113));
#8710=CARTESIAN_POINT('Ctrl Pts',(16.2984051392517,65.3868748257796,14.1274458307594));
#8711=CARTESIAN_POINT('Ctrl Pts',(16.3828850150173,65.3090375427099,14.1253700437217));
#8712=CARTESIAN_POINT('Ctrl Pts',(16.4202973126762,65.263698423057,14.1241286006378));
#8713=CARTESIAN_POINT('Ctrl Pts',(15.9189455252453,65.5,14.1154019543778));
#8714=CARTESIAN_POINT('Ctrl Pts',(15.9692716195002,65.5,14.1154019543778));
#8715=CARTESIAN_POINT('Ctrl Pts',(16.0693389882718,65.4880192522142,14.1154019543778));
#8716=CARTESIAN_POINT('Ctrl Pts',(16.20372912822,65.4398072882979,14.1154019543778));
#8717=CARTESIAN_POINT('Ctrl Pts',(16.3220160097086,65.366312579378,14.1154019543778));
#8718=CARTESIAN_POINT('Ctrl Pts',(16.3901375564058,65.300248351391,14.1154019543778));
#8719=CARTESIAN_POINT('Ctrl Pts',(16.4202973126762,65.263698423057,14.1154019543778));
#8720=CARTESIAN_POINT('',(15.9189455252453,65.5,14.1154019543778));
#8721=CARTESIAN_POINT('Ctrl Pts',(15.9189455252453,65.4901948488183,14.2154019543778));
#8722=CARTESIAN_POINT('Ctrl Pts',(15.9189455252453,65.4878342346764,14.209127590401));
#8723=CARTESIAN_POINT('Ctrl Pts',(15.9189455252453,65.4814949762587,14.1970296621014));
#8724=CARTESIAN_POINT('Ctrl Pts',(15.9189455252453,65.4876684086064,14.1660551010061));
#8725=CARTESIAN_POINT('Ctrl Pts',(15.9189455252453,65.5,14.1328552468977));
#8726=CARTESIAN_POINT('Ctrl Pts',(15.9189455252453,65.5,14.1154019543778));
#8727=CARTESIAN_POINT('',(16.4202973126762,65.263698423057,14.1154019543778));
#8728=CARTESIAN_POINT('Ctrl Pts',(15.9189455252453,65.5,14.1154019543778));
#8729=CARTESIAN_POINT('Ctrl Pts',(15.9361237893861,65.5,14.1154019543778));
#8730=CARTESIAN_POINT('Ctrl Pts',(15.9532981598457,65.4993164418049,14.1154019543778));
#8731=CARTESIAN_POINT('Ctrl Pts',(15.9703310852661,65.4979656813608,14.1154019543778));
#8732=CARTESIAN_POINT('Ctrl Pts',(15.988290667831,65.4965414343144,14.1154019543778));
#8733=CARTESIAN_POINT('Ctrl Pts',(16.0060929023074,65.4943765024441,14.1154019543778));
#8734=CARTESIAN_POINT('Ctrl Pts',(16.023630076292,65.4915147268552,14.1154019543778));
#8735=CARTESIAN_POINT('Ctrl Pts',(16.0422829483674,65.4884708878642,14.1154019543778));
#8736=CARTESIAN_POINT('Ctrl Pts',(16.060636228752,65.4846399492329,14.1154019543778));
#8737=CARTESIAN_POINT('Ctrl Pts',(16.0786183021146,65.4800830138377,14.1154019543778));
#8738=CARTESIAN_POINT('Ctrl Pts',(16.0989189537505,65.4749385148626,14.1154019543778));
#8739=CARTESIAN_POINT('Ctrl Pts',(16.1187470108463,65.4688703019565,14.1154019543778));
#8740=CARTESIAN_POINT('Ctrl Pts',(16.138066206059,65.4619527165065,14.1154019543778));
#8741=CARTESIAN_POINT('Ctrl Pts',(16.1595481734654,65.4542607115585,14.1154019543778));
#8742=CARTESIAN_POINT('Ctrl Pts',(16.1804032765945,65.4455198591708,14.1154019543778));
#8743=CARTESIAN_POINT('Ctrl Pts',(16.2006366889417,65.4357901401486,14.1154019543778));
#8744=CARTESIAN_POINT('Ctrl Pts',(16.222093432799,65.4254721529856,14.1154019543778));
#8745=CARTESIAN_POINT('Ctrl Pts',(16.2428551120544,65.4140412709591,14.1154019543778));
#8746=CARTESIAN_POINT('Ctrl Pts',(16.2629336009187,65.4015180901788,14.1154019543778));
#8747=CARTESIAN_POINT('Ctrl Pts',(16.2807098249843,65.3904308580137,14.1154019543778));
#8748=CARTESIAN_POINT('Ctrl Pts',(16.297951982098,65.3784849375905,14.1154019543778));
#8749=CARTESIAN_POINT('Ctrl Pts',(16.3146356192111,65.3656833810948,14.1154019543778));
#8750=CARTESIAN_POINT('Ctrl Pts',(16.3298800368911,65.3539861550731,14.1154019543778));
#8751=CARTESIAN_POINT('Ctrl Pts',(16.3446581376444,65.341572842639,14.1154019543778));
#8752=CARTESIAN_POINT('Ctrl Pts',(16.3589142853994,65.3284636768747,14.1154019543778));
#8753=CARTESIAN_POINT('Ctrl Pts',(16.3718360268455,65.3165815574206,14.1154019543778));
#8754=CARTESIAN_POINT('Ctrl Pts',(16.3843283293419,65.3041268498275,14.1154019543778));
#8755=CARTESIAN_POINT('Ctrl Pts',(16.3963230680867,65.2911470067798,14.1154019543778));
#8756=CARTESIAN_POINT('Ctrl Pts',(16.4045588591376,65.2822348264071,14.1154019543778));
#8757=CARTESIAN_POINT('Ctrl Pts',(16.4125594882003,65.2730757180033,14.1154019543778));
#8758=CARTESIAN_POINT('Ctrl Pts',(16.4202973126762,65.263698423057,14.1154019543778));
#8759=CARTESIAN_POINT('Origin',(16.4974283568963,65.3273443342966,14.1154019543778));
#8760=CARTESIAN_POINT('Ctrl Pts',(15.9189455252453,65.4901948488183,14.2154019543778));
#8761=CARTESIAN_POINT('Ctrl Pts',(15.9189455252453,65.4878342346764,14.209127590401));
#8762=CARTESIAN_POINT('Ctrl Pts',(15.9189455252453,65.4814949762587,14.1970296621014));
#8763=CARTESIAN_POINT('Ctrl Pts',(15.9189455252453,65.4876684086064,14.1660551010061));
#8764=CARTESIAN_POINT('Ctrl Pts',(15.9189455252453,65.5,14.1328552468977));
#8765=CARTESIAN_POINT('Ctrl Pts',(15.9189455252453,65.5,14.1154019543778));
#8766=CARTESIAN_POINT('Ctrl Pts',(15.8937205628615,65.4889429441177,14.2120744703911));
#8767=CARTESIAN_POINT('Ctrl Pts',(15.8952549747132,65.4866838738325,14.2061698268573));
#8768=CARTESIAN_POINT('Ctrl Pts',(15.8964444412657,65.4807674964999,14.1943052250764));
#8769=CARTESIAN_POINT('Ctrl Pts',(15.8935944969572,65.4895975893777,14.1630416105838));
#8770=CARTESIAN_POINT('Ctrl Pts',(15.8850373696149,65.5,14.1318268017732));
#8771=CARTESIAN_POINT('Ctrl Pts',(15.8686194309904,65.5,14.1154019543778));
#8772=CARTESIAN_POINT('Ctrl Pts',(15.8438899496655,65.4852377482401,14.2054146230252));
#8773=CARTESIAN_POINT('Ctrl Pts',(15.8465954669757,65.4833774240249,14.2000772029167));
#8774=CARTESIAN_POINT('Ctrl Pts',(15.847681853602,65.478983023864,14.1885560350012));
#8775=CARTESIAN_POINT('Ctrl Pts',(15.8396316268077,65.4917632514019,14.1571464233739));
#8776=CARTESIAN_POINT('Ctrl Pts',(15.8093564134522,65.4960246157326,14.1305371846561));
#8777=CARTESIAN_POINT('Ctrl Pts',(15.7685520622188,65.4880192522142,14.1154019543778));
#8778=CARTESIAN_POINT('Ctrl Pts',(15.7538721156949,65.4751946579379,14.1956908074101));
#8779=CARTESIAN_POINT('Ctrl Pts',(15.7548184012064,65.4745633275357,14.1906662051794));
#8780=CARTESIAN_POINT('Ctrl Pts',(15.7489751593789,65.4722660652773,14.1788665170358));
#8781=CARTESIAN_POINT('Ctrl Pts',(15.7301798733162,65.4808225909845,14.1509537969407));
#8782=CARTESIAN_POINT('Ctrl Pts',(15.6762781721255,65.4607119091237,14.1293732274113));
#8783=CARTESIAN_POINT('Ctrl Pts',(15.6341619222706,65.4398072882979,14.1154019543778));
#8784=CARTESIAN_POINT('Ctrl Pts',(15.5923550661527,65.4416864448861,14.1871578351558));
#8785=CARTESIAN_POINT('Ctrl Pts',(15.5934359114817,65.4392309096177,14.1824193599281));
#8786=CARTESIAN_POINT('Ctrl Pts',(15.5944477690106,65.4360029137027,14.1711989776513));
#8787=CARTESIAN_POINT('Ctrl Pts',(15.5797260042707,65.4228492811889,14.1480643547679));
#8788=CARTESIAN_POINT('Ctrl Pts',(15.5394859112389,65.3868748257796,14.1274458307594));
#8789=CARTESIAN_POINT('Ctrl Pts',(15.515875040782,65.366312579378,14.1154019543778));
#8790=CARTESIAN_POINT('Ctrl Pts',(15.4551911605704,65.3552810644518,14.1861126324964));
#8791=CARTESIAN_POINT('Ctrl Pts',(15.4621228472539,65.3553653501438,14.1808197945721));
#8792=CARTESIAN_POINT('Ctrl Pts',(15.4714179334076,65.3508725031745,14.1684670597211));
#8793=CARTESIAN_POINT('Ctrl Pts',(15.4667493966142,65.3279075057735,14.1444487803613));
#8794=CARTESIAN_POINT('Ctrl Pts',(15.4550060354733,65.3090375427099,14.1253700437217));
#8795=CARTESIAN_POINT('Ctrl Pts',(15.4477534940847,65.300248351391,14.1154019543778));
#8796=CARTESIAN_POINT('Ctrl Pts',(15.3950025780023,65.2823398788643,14.1861126324964));
#8797=CARTESIAN_POINT('Ctrl Pts',(15.3997620807852,65.2784124992375,14.179941961749));
#8798=CARTESIAN_POINT('Ctrl Pts',(15.4080274843382,65.2715921696775,14.1659764880337));
#8799=CARTESIAN_POINT('Ctrl Pts',(15.4158215074946,65.2651608071693,14.1415810755251));
#8800=CARTESIAN_POINT('Ctrl Pts',(15.4175937378144,65.263698423057,14.1241286006378));
#8801=CARTESIAN_POINT('Ctrl Pts',(15.4175937378144,65.263698423057,14.1154019543778));
#8802=CARTESIAN_POINT('',(15.3950025780023,65.2823398788643,14.1861126324964));
#8803=CARTESIAN_POINT('Ctrl Pts',(15.9189455252453,65.4901948488183,14.2154019543778));
#8804=CARTESIAN_POINT('Ctrl Pts',(15.8937205628615,65.4889429441177,14.2120744703911));
#8805=CARTESIAN_POINT('Ctrl Pts',(15.8438899496655,65.4852377482401,14.2054146230252));
#8806=CARTESIAN_POINT('Ctrl Pts',(15.7538721156949,65.4751946579379,14.1956908074101));
#8807=CARTESIAN_POINT('Ctrl Pts',(15.5923550661527,65.4416864448861,14.1871578351558));
#8808=CARTESIAN_POINT('Ctrl Pts',(15.4551911605704,65.3552810644518,14.1861126324964));
#8809=CARTESIAN_POINT('Ctrl Pts',(15.3950025780023,65.2823398788643,14.1861126324964));
#8810=CARTESIAN_POINT('',(15.4175937378144,65.263698423057,14.1154019543778));
#8811=CARTESIAN_POINT('Origin',(15.3404626935943,65.3273443342966,14.1154019543778));
#8812=CARTESIAN_POINT('Ctrl Pts',(15.4175937378144,65.263698423057,14.1154019543778));
#8813=CARTESIAN_POINT('Ctrl Pts',(15.4287228285739,65.2771855171183,14.1154019543778));
#8814=CARTESIAN_POINT('Ctrl Pts',(15.4403948243083,65.2902190360305,14.1154019543778));
#8815=CARTESIAN_POINT('Ctrl Pts',(15.45253008885,65.3027213720294,14.1154019543778));
#8816=CARTESIAN_POINT('Ctrl Pts',(15.4655283699464,65.3161128293905,14.1154019543778));
#8817=CARTESIAN_POINT('Ctrl Pts',(15.4790572916355,65.3288958460502,14.1154019543778));
#8818=CARTESIAN_POINT('Ctrl Pts',(15.4930457795137,65.3410289264247,14.1154019543778));
#8819=CARTESIAN_POINT('Ctrl Pts',(15.508427446287,65.3543703969881,14.1154019543778));
#8820=CARTESIAN_POINT('Ctrl Pts',(15.524364128082,65.3669276177249,14.1154019543778));
#8821=CARTESIAN_POINT('Ctrl Pts',(15.5408062087218,65.3786876746238,14.1154019543778));
#8822=CARTESIAN_POINT('Ctrl Pts',(15.560168086819,65.3925360915658,14.1154019543778));
#8823=CARTESIAN_POINT('Ctrl Pts',(15.5802308375046,65.4052823076299,14.1154019543778));
#8824=CARTESIAN_POINT('Ctrl Pts',(15.6009822849082,65.4169209625639,14.1154019543778));
#8825=CARTESIAN_POINT('Ctrl Pts',(15.6214680582917,65.4284106115907,14.1154019543778));
#8826=CARTESIAN_POINT('Ctrl Pts',(15.6426288183541,65.4388234366461,14.1154019543778));
#8827=CARTESIAN_POINT('Ctrl Pts',(15.6644812694172,65.4481203411571,14.1154019543778));
#8828=CARTESIAN_POINT('Ctrl Pts',(15.6837727571353,65.4563277096885,14.1154019543778));
#8829=CARTESIAN_POINT('Ctrl Pts',(15.7036058538434,65.4636648658557,14.1154019543778));
#8830=CARTESIAN_POINT('Ctrl Pts',(15.7239709120175,65.4700684641204,14.1154019543778));
#8831=CARTESIAN_POINT('Ctrl Pts',(15.7418009715658,65.4756749562506,14.1154019543778));
#8832=CARTESIAN_POINT('Ctrl Pts',(15.7600395758239,65.4805647615515,14.1154019543778));
#8833=CARTESIAN_POINT('Ctrl Pts',(15.7786434967555,65.4846773517321,14.1154019543778));
#8834=CARTESIAN_POINT('Ctrl Pts',(15.7962234061294,65.4885635735093,14.1154019543778));
#8835=CARTESIAN_POINT('Ctrl Pts',(15.8141300847855,65.4917547830403,14.1154019543778));
#8836=CARTESIAN_POINT('Ctrl Pts',(15.8322826211473,65.4941968185681,14.1154019543778));
#8837=CARTESIAN_POINT('Ctrl Pts',(15.849182302108,65.4964703091973,14.1154019543778));
#8838=CARTESIAN_POINT('Ctrl Pts',(15.8662950716737,65.4980935560116,14.1154019543778));
#8839=CARTESIAN_POINT('Ctrl Pts',(15.8835126230012,65.4990335195031,14.1154019543778));
#8840=CARTESIAN_POINT('Ctrl Pts',(15.8952912033254,65.4996765514462,14.1154019543778));
#8841=CARTESIAN_POINT('Ctrl Pts',(15.9071179241873,65.5,14.1154019543778));
#8842=CARTESIAN_POINT('Ctrl Pts',(15.9189455252453,65.5,14.1154019543778));
#8843=CARTESIAN_POINT('Ctrl Pts',(15.9189455252453,65.4901948488183,14.2154019543778));
#8844=CARTESIAN_POINT('Ctrl Pts',(15.8937205628615,65.4889429441177,14.2120744703911));
#8845=CARTESIAN_POINT('Ctrl Pts',(15.8438899496655,65.4852377482401,14.2054146230252));
#8846=CARTESIAN_POINT('Ctrl Pts',(15.7538721156949,65.4751946579379,14.1956908074101));
#8847=CARTESIAN_POINT('Ctrl Pts',(15.5923550661527,65.4416864448861,14.1871578351558));
#8848=CARTESIAN_POINT('Ctrl Pts',(15.4551911605704,65.3552810644518,14.1861126324964));
#8849=CARTESIAN_POINT('Ctrl Pts',(15.3950025780023,65.2823398788643,14.1861126324964));
#8850=CARTESIAN_POINT('Ctrl Pts',(15.8713808800273,65.4901948488183,14.2154019543778));
#8851=CARTESIAN_POINT('Ctrl Pts',(15.8493321562568,65.4882786192938,14.2122276136128));
#8852=CARTESIAN_POINT('Ctrl Pts',(15.8032262904659,65.4833803975801,14.206101351578));
#8853=CARTESIAN_POINT('Ctrl Pts',(15.7139605673807,65.4704598412156,14.1977440673809));
#8854=CARTESIAN_POINT('Ctrl Pts',(15.5551369873093,65.4284009047955,14.1913304319456));
#8855=CARTESIAN_POINT('Ctrl Pts',(15.4388017505794,65.3437351772138,14.1914054704208));
#8856=CARTESIAN_POINT('Ctrl Pts',(15.3902430752194,65.2862672584911,14.1922833032439));
#8857=CARTESIAN_POINT('Ctrl Pts',(15.7831008666927,65.4880063573156,14.2154019543778));
#8858=CARTESIAN_POINT('Ctrl Pts',(15.7643302781844,65.485366447135,14.2127486154421));
#8859=CARTESIAN_POINT('Ctrl Pts',(15.7207693815048,65.4783927035789,14.2079512869705));
#8860=CARTESIAN_POINT('Ctrl Pts',(15.6249370732732,65.4568312102605,14.2025379457274));
#8861=CARTESIAN_POINT('Ctrl Pts',(15.4791876924473,65.3949118018256,14.199615118148));
#8862=CARTESIAN_POINT('Ctrl Pts',(15.4080039772442,65.3258205789357,14.2014343808265));
#8863=CARTESIAN_POINT('Ctrl Pts',(15.3794713595126,65.2951557114961,14.2029993562113));
#8864=CARTESIAN_POINT('Ctrl Pts',(15.5535776373441,65.4544440166281,14.2154019543778));
#8865=CARTESIAN_POINT('Ctrl Pts',(15.5364386129435,65.4472928735742,14.2140828158727));
#8866=CARTESIAN_POINT('Ctrl Pts',(15.5002370802175,65.4303876823566,14.2120947313402));
#8867=CARTESIAN_POINT('Ctrl Pts',(15.440217657981,65.3925809426466,14.210583266244));
#8868=CARTESIAN_POINT('Ctrl Pts',(15.3931136774142,65.3448473704007,14.2110593423666));
#8869=CARTESIAN_POINT('Ctrl Pts',(15.3729269618602,65.3210488837429,14.2124497715099));
#8870=CARTESIAN_POINT('Ctrl Pts',(15.3606549231028,65.3106823940879,14.2131042669321));
#8871=CARTESIAN_POINT('Ctrl Pts',(15.4010963582096,65.4013909099384,14.2154019543778));
#8872=CARTESIAN_POINT('Ctrl Pts',(15.4003779730402,65.396170704284,14.2154019543778));
#8873=CARTESIAN_POINT('Ctrl Pts',(15.3958011084848,65.3838279130364,14.2154019543778));
#8874=CARTESIAN_POINT('Ctrl Pts',(15.3825034838963,65.3613102448142,14.2154019543778));
#8875=CARTESIAN_POINT('Ctrl Pts',(15.3657712964824,65.3393207754343,14.2154019543778));
#8876=CARTESIAN_POINT('Ctrl Pts',(15.3532385299216,65.3271652915669,14.2154019543778));
#8877=CARTESIAN_POINT('Ctrl Pts',(15.34719364698,65.3217901807638,14.2154019543778));
#8878=CARTESIAN_POINT('Ctrl Pts',(15.3530498340221,65.37689210232,14.2154019543778));
#8879=CARTESIAN_POINT('Ctrl Pts',(15.3548284632704,65.3727258315556,14.2154019543778));
#8880=CARTESIAN_POINT('Ctrl Pts',(15.3570409696396,65.3638133278183,14.2154019543778));
#8881=CARTESIAN_POINT('Ctrl Pts',(15.3555636313059,65.3505886621687,14.2154019543778));
#8882=CARTESIAN_POINT('Ctrl Pts',(15.3495494678641,65.3384358067787,14.2154019543778));
#8883=CARTESIAN_POINT('Ctrl Pts',(15.3435062602064,65.3310327640224,14.2154019543778));
#8884=CARTESIAN_POINT('Ctrl Pts',(15.3404626935943,65.3273443342966,14.2154019543778));
#8885=CARTESIAN_POINT('',(15.3530498340221,65.37689210232,14.2154019543778));
#8886=CARTESIAN_POINT('Ctrl Pts',(15.9189455252453,65.4901948488183,14.2154019543778));
#8887=CARTESIAN_POINT('Ctrl Pts',(15.8713808800273,65.4901948488183,14.2154019543778));
#8888=CARTESIAN_POINT('Ctrl Pts',(15.7831008666927,65.4880063573156,14.2154019543778));
#8889=CARTESIAN_POINT('Ctrl Pts',(15.5535776373441,65.4544440166281,14.2154019543778));
#8890=CARTESIAN_POINT('Ctrl Pts',(15.4010963582096,65.4013909099384,14.2154019543778));
#8891=CARTESIAN_POINT('Ctrl Pts',(15.3530498340221,65.37689210232,14.2154019543778));
#8892=CARTESIAN_POINT('',(15.3404626935943,65.3273443342966,14.2154019543778));
#8893=CARTESIAN_POINT('Ctrl Pts',(15.3530498340221,65.37689210232,14.2154019543778));
#8894=CARTESIAN_POINT('Ctrl Pts',(15.3542876532162,65.3739926279496,14.2154019543778));
#8895=CARTESIAN_POINT('Ctrl Pts',(15.3552028128984,65.3709493758866,14.2154019543778));
#8896=CARTESIAN_POINT('Ctrl Pts',(15.3557450657776,65.3678763817512,14.2154019543778));
#8897=CARTESIAN_POINT('Ctrl Pts',(15.3562789687854,65.3648507070609,14.2154019543778));
#8898=CARTESIAN_POINT('Ctrl Pts',(15.3564511103829,65.3617960983998,14.2154019543778));
#8899=CARTESIAN_POINT('Ctrl Pts',(15.3562492765152,65.3587859430832,14.2154019543778));
#8900=CARTESIAN_POINT('Ctrl Pts',(15.3560521142935,65.3558454608106,14.2154019543778));
#8901=CARTESIAN_POINT('Ctrl Pts',(15.3554979262129,65.3529472627396,14.2154019543778));
#8902=CARTESIAN_POINT('Ctrl Pts',(15.354612638816,65.3501274510192,14.2154019543778));
#8903=CARTESIAN_POINT('Ctrl Pts',(15.3537382688553,65.3473424134467,14.2154019543778));
#8904=CARTESIAN_POINT('Ctrl Pts',(15.3525407119123,65.3446337704372,14.2154019543778));
#8905=CARTESIAN_POINT('Ctrl Pts',(15.3510845606616,65.3420058381603,14.2154019543778));
#8906=CARTESIAN_POINT('Ctrl Pts',(15.3496567233627,65.3394290043856,14.2154019543778));
#8907=CARTESIAN_POINT('Ctrl Pts',(15.3479801227004,65.3369296736189,14.2154019543778));
#8908=CARTESIAN_POINT('Ctrl Pts',(15.3461563345421,65.3344837426537,14.2154019543778));
#8909=CARTESIAN_POINT('Ctrl Pts',(15.3443554569099,65.3320685376066,14.2154019543778));
#8910=CARTESIAN_POINT('Ctrl Pts',(15.342410912488,65.3297053368294,14.2154019543778));
#8911=CARTESIAN_POINT('Ctrl Pts',(15.3404626935943,65.3273443342966,14.2154019543778));
#8912=CARTESIAN_POINT('Origin',(15.3404626935943,65.3273443342966,14.1154019543778));
#8913=CARTESIAN_POINT('Ctrl Pts',(15.9189455252453,-65.4901948488183,14.2154019543778));
#8914=CARTESIAN_POINT('Ctrl Pts',(15.944170487629,-65.4914467535189,14.2187294383645));
#8915=CARTESIAN_POINT('Ctrl Pts',(15.9964518016682,-65.4927137040159,14.2253892857304));
#8916=CARTESIAN_POINT('Ctrl Pts',(16.0969330658991,-65.4899351079316,14.2351131013454));
#8917=CARTESIAN_POINT('Ctrl Pts',(16.2782786497193,-65.4748214884664,14.2436460735997));
#8918=CARTESIAN_POINT('Ctrl Pts',(16.4376497082827,-65.4707106781187,14.2446912762591));
#8919=CARTESIAN_POINT('Ctrl Pts',(16.5288323754643,-65.4707106781187,14.2446912762591));
#8920=CARTESIAN_POINT('Ctrl Pts',(15.9189455252453,-65.4925554629602,14.2216763183545));
#8921=CARTESIAN_POINT('Ctrl Pts',(15.9433830058075,-65.493630710473,14.2246340818983));
#8922=CARTESIAN_POINT('Ctrl Pts',(15.9956451086666,-65.4945449203795,14.2307267058388));
#8923=CARTESIAN_POINT('Ctrl Pts',(16.0987315854243,-65.4909929570817,14.2401377035762));
#8924=CARTESIAN_POINT('Ctrl Pts',(16.2801393743545,-65.4778869860358,14.2483845488274));
#8925=CARTESIAN_POINT('Ctrl Pts',(16.4321111248469,-65.476003516043,14.2499841141835));
#8926=CARTESIAN_POINT('Ctrl Pts',(16.5288323754643,-65.4768813488661,14.2508619470066));
#8927=CARTESIAN_POINT('Ctrl Pts',(15.9189455252453,-65.4973199599199,14.2337742466542));
#8928=CARTESIAN_POINT('Ctrl Pts',(15.9434871786951,-65.4977323931855,14.2364986836792));
#8929=CARTESIAN_POINT('Ctrl Pts',(15.9981697925186,-65.4974432062555,14.2422478737543));
#8930=CARTESIAN_POINT('Ctrl Pts',(16.1109583443261,-65.4923522920623,14.2519373917197));
#8931=CARTESIAN_POINT('Ctrl Pts',(16.2827722798468,-65.4844654075329,14.2596049311043));
#8932=CARTESIAN_POINT('Ctrl Pts',(16.4268701822343,-65.4860324264487,14.2623368490344));
#8933=CARTESIAN_POINT('Ctrl Pts',(16.5288323754643,-65.4875974018335,14.2648274207218));
#8934=CARTESIAN_POINT('Ctrl Pts',(15.9189455252453,-65.4974672407562,14.2647488077494));
#8935=CARTESIAN_POINT('Ctrl Pts',(15.9482681329877,-65.4973768772846,14.2677622981718));
#8936=CARTESIAN_POINT('Ctrl Pts',(16.0106064358672,-65.4965497677802,14.2736574853817));
#8937=CARTESIAN_POINT('Ctrl Pts',(16.1301445848774,-65.4948244698135,14.2798501118148));
#8938=CARTESIAN_POINT('Ctrl Pts',(16.295370002089,-65.4954650312515,14.2827395539876));
#8939=CARTESIAN_POINT('Ctrl Pts',(16.4446130673359,-65.4970478171321,14.2863551283943));
#8940=CARTESIAN_POINT('Ctrl Pts',(16.5288323754643,-65.4977023125543,14.2892228332305));
#8941=CARTESIAN_POINT('Ctrl Pts',(15.9189455252453,-65.5,14.2979486618578));
#8942=CARTESIAN_POINT('Ctrl Pts',(15.9556307172523,-65.5,14.2989771069824));
#8943=CARTESIAN_POINT('Ctrl Pts',(16.0355796862183,-65.5,14.3002667240994));
#8944=CARTESIAN_POINT('Ctrl Pts',(16.1797142721649,-65.5,14.3014306813443));
#8945=CARTESIAN_POINT('Ctrl Pts',(16.3453881401696,-65.5,14.3033580779962));
#8946=CARTESIAN_POINT('Ctrl Pts',(16.4663917826188,-65.5,14.3054338650339));
#8947=CARTESIAN_POINT('Ctrl Pts',(16.5288323754643,-65.5,14.3066753081178));
#8948=CARTESIAN_POINT('Ctrl Pts',(15.9189455252453,-65.5,14.3154019543778));
#8949=CARTESIAN_POINT('Ctrl Pts',(15.9697694294302,-65.5,14.3154019543778));
#8950=CARTESIAN_POINT('Ctrl Pts',(16.0714172378,-65.5,14.3154019543778));
#8951=CARTESIAN_POINT('Ctrl Pts',(16.2238889503548,-65.5,14.3154019543778));
#8952=CARTESIAN_POINT('Ctrl Pts',(16.3763606629096,-65.5,14.3154019543778));
#8953=CARTESIAN_POINT('Ctrl Pts',(16.4780084712794,-65.5,14.3154019543778));
#8954=CARTESIAN_POINT('Ctrl Pts',(16.5288323754643,-65.5,14.3154019543778));
#8955=CARTESIAN_POINT('',(15.9189455252453,-65.4901948488183,14.2154019543778));
#8956=CARTESIAN_POINT('',(16.5288323754643,-65.4707106781187,14.2446912762591));
#8957=CARTESIAN_POINT('Ctrl Pts',(15.9189455252453,-65.4901948488183,14.2154019543778));
#8958=CARTESIAN_POINT('Ctrl Pts',(15.944170487629,-65.4914467535189,14.2187294383645));
#8959=CARTESIAN_POINT('Ctrl Pts',(15.9964518016682,-65.4927137040159,14.2253892857304));
#8960=CARTESIAN_POINT('Ctrl Pts',(16.0969330658991,-65.4899351079316,14.2351131013454));
#8961=CARTESIAN_POINT('Ctrl Pts',(16.2782786497193,-65.4748214884664,14.2436460735997));
#8962=CARTESIAN_POINT('Ctrl Pts',(16.4376497082827,-65.4707106781187,14.2446912762591));
#8963=CARTESIAN_POINT('Ctrl Pts',(16.5288323754643,-65.4707106781187,14.2446912762591));
#8964=CARTESIAN_POINT('',(15.9189455252453,-65.5,14.3154019543778));
#8965=CARTESIAN_POINT('Ctrl Pts',(15.9189455252453,-65.4901948488183,14.2154019543778));
#8966=CARTESIAN_POINT('Ctrl Pts',(15.9189455252453,-65.4925554629602,14.2216763183545));
#8967=CARTESIAN_POINT('Ctrl Pts',(15.9189455252453,-65.4973199599199,14.2337742466542));
#8968=CARTESIAN_POINT('Ctrl Pts',(15.9189455252453,-65.4974672407562,14.2647488077494));
#8969=CARTESIAN_POINT('Ctrl Pts',(15.9189455252453,-65.5,14.2979486618578));
#8970=CARTESIAN_POINT('Ctrl Pts',(15.9189455252453,-65.5,14.3154019543778));
#8971=CARTESIAN_POINT('',(16.5288323754643,-65.5,14.3154019543778));
#8972=CARTESIAN_POINT('',(15.9189455252453,-65.5,14.3154019543778));
#8973=CARTESIAN_POINT('Origin',(16.5288323754643,-65.4,14.3154019543778));
#8974=CARTESIAN_POINT('Ctrl Pts',(15.9189455252453,-65.4901948488183,14.2154019543778));
#8975=CARTESIAN_POINT('Ctrl Pts',(15.9189455252453,-65.4925554629602,14.2216763183545));
#8976=CARTESIAN_POINT('Ctrl Pts',(15.9189455252453,-65.4973199599199,14.2337742466542));
#8977=CARTESIAN_POINT('Ctrl Pts',(15.9189455252453,-65.4974672407562,14.2647488077494));
#8978=CARTESIAN_POINT('Ctrl Pts',(15.9189455252453,-65.5,14.2979486618578));
#8979=CARTESIAN_POINT('Ctrl Pts',(15.9189455252453,-65.5,14.3154019543778));
#8980=CARTESIAN_POINT('Ctrl Pts',(15.8937205628615,-65.491446753519,14.2187294383645));
#8981=CARTESIAN_POINT('Ctrl Pts',(15.8945080446831,-65.493630710473,14.2246340818983));
#8982=CARTESIAN_POINT('Ctrl Pts',(15.8944038717955,-65.4977323931855,14.2364986836792));
#8983=CARTESIAN_POINT('Ctrl Pts',(15.8896229175029,-65.4973768772846,14.2677622981718));
#8984=CARTESIAN_POINT('Ctrl Pts',(15.8822603332383,-65.5,14.2989771069824));
#8985=CARTESIAN_POINT('Ctrl Pts',(15.8681216210604,-65.5,14.3154019543778));
#8986=CARTESIAN_POINT('Ctrl Pts',(15.8414392488223,-65.4927137040159,14.2253892857304));
#8987=CARTESIAN_POINT('Ctrl Pts',(15.8422459418239,-65.4945449203795,14.2307267058388));
#8988=CARTESIAN_POINT('Ctrl Pts',(15.8397212579719,-65.4974432062555,14.2422478737543));
#8989=CARTESIAN_POINT('Ctrl Pts',(15.8272846146233,-65.4965497677802,14.2736574853817));
#8990=CARTESIAN_POINT('Ctrl Pts',(15.8023113642723,-65.5,14.3002667240994));
#8991=CARTESIAN_POINT('Ctrl Pts',(15.7664738126905,-65.5,14.3154019543778));
#8992=CARTESIAN_POINT('Ctrl Pts',(15.7409579845914,-65.4899351079316,14.2351131013454));
#8993=CARTESIAN_POINT('Ctrl Pts',(15.7391594650662,-65.4909929570817,14.2401377035762));
#8994=CARTESIAN_POINT('Ctrl Pts',(15.7269327061644,-65.4923522920623,14.2519373917197));
#8995=CARTESIAN_POINT('Ctrl Pts',(15.7077464656131,-65.4948244698136,14.2798501118148));
#8996=CARTESIAN_POINT('Ctrl Pts',(15.6581767783256,-65.5,14.3014306813443));
#8997=CARTESIAN_POINT('Ctrl Pts',(15.6140021001358,-65.5,14.3154019543778));
#8998=CARTESIAN_POINT('Ctrl Pts',(15.5596124007712,-65.4748214884665,14.2436460735997));
#8999=CARTESIAN_POINT('Ctrl Pts',(15.5577516761361,-65.4778869860358,14.2483845488274));
#9000=CARTESIAN_POINT('Ctrl Pts',(15.5551187706438,-65.4844654075329,14.2596049311043));
#9001=CARTESIAN_POINT('Ctrl Pts',(15.5425210484016,-65.4954650312515,14.2827395539876));
#9002=CARTESIAN_POINT('Ctrl Pts',(15.4925029103209,-65.5,14.3033580779962));
#9003=CARTESIAN_POINT('Ctrl Pts',(15.461530387581,-65.5,14.3154019543778));
#9004=CARTESIAN_POINT('Ctrl Pts',(15.4002413422079,-65.4707106781187,14.2446912762591));
#9005=CARTESIAN_POINT('Ctrl Pts',(15.4057799256437,-65.476003516043,14.2499841141834));
#9006=CARTESIAN_POINT('Ctrl Pts',(15.4110208682562,-65.4860324264487,14.2623368490344));
#9007=CARTESIAN_POINT('Ctrl Pts',(15.3932779831547,-65.4970478171321,14.2863551283943));
#9008=CARTESIAN_POINT('Ctrl Pts',(15.3714992678717,-65.5,14.3054338650339));
#9009=CARTESIAN_POINT('Ctrl Pts',(15.3598825792111,-65.5,14.3154019543778));
#9010=CARTESIAN_POINT('Ctrl Pts',(15.3090586750262,-65.4707106781187,14.2446912762591));
#9011=CARTESIAN_POINT('Ctrl Pts',(15.3090586750262,-65.4768813488661,14.2508619470066));
#9012=CARTESIAN_POINT('Ctrl Pts',(15.3090586750262,-65.4875974018335,14.2648274207218));
#9013=CARTESIAN_POINT('Ctrl Pts',(15.3090586750262,-65.4977023125543,14.2892228332305));
#9014=CARTESIAN_POINT('Ctrl Pts',(15.3090586750262,-65.5,14.3066753081178));
#9015=CARTESIAN_POINT('Ctrl Pts',(15.3090586750262,-65.5,14.3154019543778));
#9016=CARTESIAN_POINT('',(15.3090586750262,-65.4707106781187,14.2446912762591));
#9017=CARTESIAN_POINT('Ctrl Pts',(15.9189455252453,-65.4901948488183,14.2154019543778));
#9018=CARTESIAN_POINT('Ctrl Pts',(15.8937205628615,-65.491446753519,14.2187294383645));
#9019=CARTESIAN_POINT('Ctrl Pts',(15.8414392488223,-65.4927137040159,14.2253892857304));
#9020=CARTESIAN_POINT('Ctrl Pts',(15.7409579845914,-65.4899351079316,14.2351131013454));
#9021=CARTESIAN_POINT('Ctrl Pts',(15.5596124007712,-65.4748214884665,14.2436460735997));
#9022=CARTESIAN_POINT('Ctrl Pts',(15.4002413422079,-65.4707106781187,14.2446912762591));
#9023=CARTESIAN_POINT('Ctrl Pts',(15.3090586750262,-65.4707106781187,14.2446912762591));
#9024=CARTESIAN_POINT('',(15.3090586750262,-65.5,14.3154019543778));
#9025=CARTESIAN_POINT('Origin',(15.3090586750262,-65.4,14.3154019543778));
#9026=CARTESIAN_POINT('',(15.9189455252453,-65.5,14.3154019543778));
#9027=CARTESIAN_POINT('Ctrl Pts',(15.9189455252453,-65.4901948488183,14.2154019543778));
#9028=CARTESIAN_POINT('Ctrl Pts',(15.8937205628615,-65.491446753519,14.2187294383645));
#9029=CARTESIAN_POINT('Ctrl Pts',(15.8414392488223,-65.4927137040159,14.2253892857304));
#9030=CARTESIAN_POINT('Ctrl Pts',(15.7409579845914,-65.4899351079316,14.2351131013454));
#9031=CARTESIAN_POINT('Ctrl Pts',(15.5596124007712,-65.4748214884665,14.2436460735997));
#9032=CARTESIAN_POINT('Ctrl Pts',(15.4002413422079,-65.4707106781187,14.2446912762591));
#9033=CARTESIAN_POINT('Ctrl Pts',(15.3090586750262,-65.4707106781187,14.2446912762591));
#9034=CARTESIAN_POINT('Ctrl Pts',(15.8713808800273,-65.4901948488183,14.2154019543778));
#9035=CARTESIAN_POINT('Ctrl Pts',(15.8485852262267,-65.4906671940493,14.2185762951427));
#9036=CARTESIAN_POINT('Ctrl Pts',(15.7989182345136,-65.4906953066702,14.2247025571775));
#9037=CARTESIAN_POINT('Ctrl Pts',(15.6988439402539,-65.4856956302607,14.2330598413747));
#9038=CARTESIAN_POINT('Ctrl Pts',(15.5210483905995,-65.4693583109269,14.23947347681));
#9039=CARTESIAN_POINT('Ctrl Pts',(15.3803747849297,-65.4654178401943,14.2393984383348));
#9040=CARTESIAN_POINT('Ctrl Pts',(15.3090586750262,-65.4645400073712,14.2385206055117));
#9041=CARTESIAN_POINT('Ctrl Pts',(15.7831008666927,-65.4880063573156,14.2154019543778));
#9042=CARTESIAN_POINT('Ctrl Pts',(15.7623494482507,-65.4873650994097,14.2180552933135));
#9043=CARTESIAN_POINT('Ctrl Pts',(15.7138345496038,-65.4847006580855,14.2228526217851));
#9044=CARTESIAN_POINT('Ctrl Pts',(15.6076539863766,-65.4737631888784,14.2282659630281));
#9045=CARTESIAN_POINT('Ctrl Pts',(15.4403830040956,-65.456237159423,14.2311887906076));
#9046=CARTESIAN_POINT('Ctrl Pts',(15.3473261516796,-65.4530651053434,14.2293695279291));
#9047=CARTESIAN_POINT('Ctrl Pts',(15.3090586750262,-65.450574533656,14.2278045525443));
#9048=CARTESIAN_POINT('Ctrl Pts',(15.5535776373441,-65.4544440166281,14.2154019543778));
#9049=CARTESIAN_POINT('Ctrl Pts',(15.5333484132045,-65.4514913533917,14.2167210928828));
#9050=CARTESIAN_POINT('Ctrl Pts',(15.4899533411122,-65.4458166376311,14.2187091774154));
#9051=CARTESIAN_POINT('Ctrl Pts',(15.4143932146313,-65.4365405826341,14.2202206425116));
#9052=CARTESIAN_POINT('Ctrl Pts',(15.349642108846,-65.4318381265542,14.2197445663889));
#9053=CARTESIAN_POINT('Ctrl Pts',(15.3235184787271,-65.4290468259835,14.2183541372457));
#9054=CARTESIAN_POINT('Ctrl Pts',(15.3090586750262,-65.4261791211473,14.2176996418235));
#9055=CARTESIAN_POINT('Ctrl Pts',(15.4010963582096,-65.4013909099384,14.2154019543778));
#9056=CARTESIAN_POINT('Ctrl Pts',(15.3961524062015,-65.4037239034265,14.2154019543778));
#9057=CARTESIAN_POINT('Ctrl Pts',(15.3832195124633,-65.4071676735171,14.2154019543778));
#9058=CARTESIAN_POINT('Ctrl Pts',(15.3585407543786,-65.4106518515094,14.2154019543778));
#9059=CARTESIAN_POINT('Ctrl Pts',(15.3330828801314,-65.4118522185737,14.2154019543778));
#9060=CARTESIAN_POINT('Ctrl Pts',(15.3167242386958,-65.4099680893439,14.2154019543778));
#9061=CARTESIAN_POINT('Ctrl Pts',(15.3090586750262,-65.40872664626,14.2154019543778));
#9062=CARTESIAN_POINT('Ctrl Pts',(15.3530498340221,-65.37689210232,14.2154019543778));
#9063=CARTESIAN_POINT('Ctrl Pts',(15.3512712047739,-65.3810583730844,14.2154019543778));
#9064=CARTESIAN_POINT('Ctrl Pts',(15.346410424996,-65.3887567196127,14.2154019543778));
#9065=CARTESIAN_POINT('Ctrl Pts',(15.3360961479129,-65.3965312577376,14.2154019543778));
#9066=CARTESIAN_POINT('Ctrl Pts',(15.3233764461607,-65.3999352876031,14.2154019543778));
#9067=CARTESIAN_POINT('Ctrl Pts',(15.3138407050935,-65.4,14.2154019543778));
#9068=CARTESIAN_POINT('Ctrl Pts',(15.3090586750262,-65.4,14.2154019543778));
#9069=CARTESIAN_POINT('',(15.3530498340221,-65.37689210232,14.2154019543778));
#9070=CARTESIAN_POINT('Ctrl Pts',(15.9189455252453,-65.4901948488183,14.2154019543778));
#9071=CARTESIAN_POINT('Ctrl Pts',(15.8713808800273,-65.4901948488183,14.2154019543778));
#9072=CARTESIAN_POINT('Ctrl Pts',(15.7831008666927,-65.4880063573156,14.2154019543778));
#9073=CARTESIAN_POINT('Ctrl Pts',(15.5535776373441,-65.4544440166281,14.2154019543778));
#9074=CARTESIAN_POINT('Ctrl Pts',(15.4010963582096,-65.4013909099384,14.2154019543778));
#9075=CARTESIAN_POINT('Ctrl Pts',(15.3530498340221,-65.37689210232,14.2154019543778));
#9076=CARTESIAN_POINT('',(15.3090586750262,-65.4,14.2154019543778));
#9077=CARTESIAN_POINT('Ctrl Pts',(15.3530498340221,-65.37689210232,14.2154019543778));
#9078=CARTESIAN_POINT('Ctrl Pts',(15.3517785263637,-65.3798700202503,14.2154019543778));
#9079=CARTESIAN_POINT('Ctrl Pts',(15.3501720192816,-65.3826893011955,14.2154019543778));
#9080=CARTESIAN_POINT('Ctrl Pts',(15.3482896940007,-65.3852275427635,14.2154019543778));
#9081=CARTESIAN_POINT('Ctrl Pts',(15.3464611999879,-65.3876931949847,14.2154019543778));
#9082=CARTESIAN_POINT('Ctrl Pts',(15.3443715001034,-65.3898931717841,14.2154019543778));
#9083=CARTESIAN_POINT('Ctrl Pts',(15.3420596656753,-65.3917614069475,14.2154019543778));
#9084=CARTESIAN_POINT('Ctrl Pts',(15.3398784229993,-65.3935241085571,14.2154019543778));
#9085=CARTESIAN_POINT('Ctrl Pts',(15.3374987353438,-65.3949913885188,14.2154019543778));
#9086=CARTESIAN_POINT('Ctrl Pts',(15.3349510907221,-65.3961530808301,14.2154019543778));
#9087=CARTESIAN_POINT('Ctrl Pts',(15.3324813762158,-65.3972792380378,14.2154019543778));
#9088=CARTESIAN_POINT('Ctrl Pts',(15.3298533023858,-65.3981180066714,14.2154019543778));
#9089=CARTESIAN_POINT('Ctrl Pts',(15.3271009949942,-65.3987064719479,14.2154019543778));
#9090=CARTESIAN_POINT('Ctrl Pts',(15.3244263997245,-65.3992783217528,14.2154019543778));
#9091=CARTESIAN_POINT('Ctrl Pts',(15.3216340713155,-65.3996136398156,14.2154019543778));
#9092=CARTESIAN_POINT('Ctrl Pts',(15.3187681612173,-65.3997936212463,14.2154019543778));
#9093=CARTESIAN_POINT('Ctrl Pts',(15.3160015988383,-65.3999673635613,14.2154019543778));
#9094=CARTESIAN_POINT('Ctrl Pts',(15.3131661660691,-65.3999962959203,14.2154019543778));
#9095=CARTESIAN_POINT('Ctrl Pts',(15.3103188262596,-65.399999522224,14.2154019543778));
#9096=CARTESIAN_POINT('Ctrl Pts',(15.3098989246772,-65.399999998012,14.2154019543778));
#9097=CARTESIAN_POINT('Ctrl Pts',(15.3094788003104,-65.4,14.2154019543778));
#9098=CARTESIAN_POINT('Ctrl Pts',(15.3090586750262,-65.4,14.2154019543778));
#9099=CARTESIAN_POINT('Origin',(15.3090586750262,-65.4,14.3154019543778));
#9100=CARTESIAN_POINT('Ctrl Pts',(15.9189455252453,-65.4901948488183,14.2154019543778));
#9101=CARTESIAN_POINT('Ctrl Pts',(15.8713808800273,-65.4901948488183,14.2154019543778));
#9102=CARTESIAN_POINT('Ctrl Pts',(15.7831008666927,-65.4880063573156,14.2154019543778));
#9103=CARTESIAN_POINT('Ctrl Pts',(15.5535776373441,-65.4544440166281,14.2154019543778));
#9104=CARTESIAN_POINT('Ctrl Pts',(15.4010963582096,-65.4013909099384,14.2154019543778));
#9105=CARTESIAN_POINT('Ctrl Pts',(15.3530498340221,-65.37689210232,14.2154019543778));
#9106=CARTESIAN_POINT('Ctrl Pts',(15.8937205628615,-65.4889429441177,14.2120744703911));
#9107=CARTESIAN_POINT('Ctrl Pts',(15.8493321562568,-65.4882786192938,14.2122276136128));
#9108=CARTESIAN_POINT('Ctrl Pts',(15.7643302781844,-65.4853664471351,14.2127486154421));
#9109=CARTESIAN_POINT('Ctrl Pts',(15.5364386129435,-65.4472928735742,14.2140828158728));
#9110=CARTESIAN_POINT('Ctrl Pts',(15.4003779730402,-65.396170704284,14.2154019543778));
#9111=CARTESIAN_POINT('Ctrl Pts',(15.3548284632704,-65.3727258315556,14.2154019543778));
#9112=CARTESIAN_POINT('Ctrl Pts',(15.8438899496655,-65.4852377482402,14.2054146230252));
#9113=CARTESIAN_POINT('Ctrl Pts',(15.803226290466,-65.4833803975801,14.206101351578));
#9114=CARTESIAN_POINT('Ctrl Pts',(15.7207693815048,-65.4783927035789,14.2079512869705));
#9115=CARTESIAN_POINT('Ctrl Pts',(15.5002370802175,-65.4303876823566,14.2120947313402));
#9116=CARTESIAN_POINT('Ctrl Pts',(15.3958011084848,-65.3838279130364,14.2154019543778));
#9117=CARTESIAN_POINT('Ctrl Pts',(15.3570409696396,-65.3638133278183,14.2154019543778));
#9118=CARTESIAN_POINT('Ctrl Pts',(15.7538721156949,-65.4751946579379,14.1956908074101));
#9119=CARTESIAN_POINT('Ctrl Pts',(15.7139605673807,-65.4704598412156,14.1977440673809));
#9120=CARTESIAN_POINT('Ctrl Pts',(15.6249370732732,-65.4568312102605,14.2025379457274));
#9121=CARTESIAN_POINT('Ctrl Pts',(15.440217657981,-65.3925809426466,14.210583266244));
#9122=CARTESIAN_POINT('Ctrl Pts',(15.3825034838963,-65.3613102448142,14.2154019543778));
#9123=CARTESIAN_POINT('Ctrl Pts',(15.3555636313059,-65.3505886621687,14.2154019543778));
#9124=CARTESIAN_POINT('Ctrl Pts',(15.5923550661527,-65.4416864448861,14.1871578351558));
#9125=CARTESIAN_POINT('Ctrl Pts',(15.5551369873093,-65.4284009047954,14.1913304319456));
#9126=CARTESIAN_POINT('Ctrl Pts',(15.4791876924473,-65.3949118018256,14.199615118148));
#9127=CARTESIAN_POINT('Ctrl Pts',(15.3931136774142,-65.3448473704007,14.2110593423666));
#9128=CARTESIAN_POINT('Ctrl Pts',(15.3657712964824,-65.3393207754343,14.2154019543778));
#9129=CARTESIAN_POINT('Ctrl Pts',(15.3495494678641,-65.3384358067788,14.2154019543778));
#9130=CARTESIAN_POINT('Ctrl Pts',(15.4551911605704,-65.3552810644518,14.1861126324964));
#9131=CARTESIAN_POINT('Ctrl Pts',(15.4388017505794,-65.3437351772139,14.1914054704208));
#9132=CARTESIAN_POINT('Ctrl Pts',(15.4080039772442,-65.3258205789357,14.2014343808265));
#9133=CARTESIAN_POINT('Ctrl Pts',(15.3729269618602,-65.3210488837429,14.2124497715099));
#9134=CARTESIAN_POINT('Ctrl Pts',(15.3532385299216,-65.3271652915669,14.2154019543778));
#9135=CARTESIAN_POINT('Ctrl Pts',(15.3435062602064,-65.3310327640224,14.2154019543778));
#9136=CARTESIAN_POINT('Ctrl Pts',(15.3950025780023,-65.2823398788643,14.1861126324964));
#9137=CARTESIAN_POINT('Ctrl Pts',(15.3902430752194,-65.2862672584911,14.1922833032439));
#9138=CARTESIAN_POINT('Ctrl Pts',(15.3794713595126,-65.2951557114961,14.2029993562113));
#9139=CARTESIAN_POINT('Ctrl Pts',(15.3606549231029,-65.3106823940879,14.2131042669321));
#9140=CARTESIAN_POINT('Ctrl Pts',(15.34719364698,-65.3217901807638,14.2154019543778));
#9141=CARTESIAN_POINT('Ctrl Pts',(15.3404626935943,-65.3273443342966,14.2154019543778));
#9142=CARTESIAN_POINT('',(15.3950025780023,-65.2823398788643,14.1861126324964));
#9143=CARTESIAN_POINT('Ctrl Pts',(15.9189455252453,-65.4901948488183,14.2154019543778));
#9144=CARTESIAN_POINT('Ctrl Pts',(15.8937205628615,-65.4889429441177,14.2120744703911));
#9145=CARTESIAN_POINT('Ctrl Pts',(15.8438899496655,-65.4852377482402,14.2054146230252));
#9146=CARTESIAN_POINT('Ctrl Pts',(15.7538721156949,-65.4751946579379,14.1956908074101));
#9147=CARTESIAN_POINT('Ctrl Pts',(15.5923550661527,-65.4416864448861,14.1871578351558));
#9148=CARTESIAN_POINT('Ctrl Pts',(15.4551911605704,-65.3552810644518,14.1861126324964));
#9149=CARTESIAN_POINT('Ctrl Pts',(15.3950025780023,-65.2823398788643,14.1861126324964));
#9150=CARTESIAN_POINT('',(15.3404626935943,-65.3273443342966,14.2154019543778));
#9151=CARTESIAN_POINT('Origin',(15.3404626935943,-65.3273443342966,14.1154019543778));
#9152=CARTESIAN_POINT('Ctrl Pts',(15.3404626935943,-65.3273443342966,14.2154019543778));
#9153=CARTESIAN_POINT('Ctrl Pts',(15.3424290428329,-65.3297273085855,14.2154019543778));
#9154=CARTESIAN_POINT('Ctrl Pts',(15.3443915800519,-65.3321125641246,14.2154019543778));
#9155=CARTESIAN_POINT('Ctrl Pts',(15.3462065755711,-65.3345511841353,14.2154019543778));
#9156=CARTESIAN_POINT('Ctrl Pts',(15.3480460405233,-65.3370226811687,14.2154019543778));
#9157=CARTESIAN_POINT('Ctrl Pts',(15.3497341199328,-65.3395490614012,14.2154019543778));
#9158=CARTESIAN_POINT('Ctrl Pts',(15.3511667565323,-65.3421547549027,14.2154019543778));
#9159=CARTESIAN_POINT('Ctrl Pts',(15.3526431770455,-65.3448400830161,14.2154019543778));
#9160=CARTESIAN_POINT('Ctrl Pts',(15.3538483702013,-65.3476098131254,14.2154019543778));
#9161=CARTESIAN_POINT('Ctrl Pts',(15.3547149327692,-65.3504584160584,14.2154019543778));
#9162=CARTESIAN_POINT('Ctrl Pts',(15.3555857902437,-65.3533211373987,14.2154019543778));
#9163=CARTESIAN_POINT('Ctrl Pts',(15.3561149329901,-65.3562635505301,14.2154019543778));
#9164=CARTESIAN_POINT('Ctrl Pts',(15.3562772516659,-65.3592466030484,14.2154019543778));
#9165=CARTESIAN_POINT('Ctrl Pts',(15.3564431002326,-65.3622945270293,14.2154019543778));
#9166=CARTESIAN_POINT('Ctrl Pts',(15.3562261929904,-65.3653850142131,14.2154019543778));
#9167=CARTESIAN_POINT('Ctrl Pts',(15.3556413697907,-65.3684401352146,14.2154019543778));
#9168=CARTESIAN_POINT('Ctrl Pts',(15.3550899096871,-65.3713209671396,14.2154019543778));
#9169=CARTESIAN_POINT('Ctrl Pts',(15.3542119063441,-65.3741700578323,14.2154019543778));
#9170=CARTESIAN_POINT('Ctrl Pts',(15.3530498340221,-65.37689210232,14.2154019543778));
#9171=CARTESIAN_POINT('Ctrl Pts',(15.9189455252453,-65.4901948488183,14.2154019543778));
#9172=CARTESIAN_POINT('Ctrl Pts',(15.8937205628615,-65.4889429441177,14.2120744703911));
#9173=CARTESIAN_POINT('Ctrl Pts',(15.8438899496655,-65.4852377482402,14.2054146230252));
#9174=CARTESIAN_POINT('Ctrl Pts',(15.7538721156949,-65.4751946579379,14.1956908074101));
#9175=CARTESIAN_POINT('Ctrl Pts',(15.5923550661527,-65.4416864448861,14.1871578351558));
#9176=CARTESIAN_POINT('Ctrl Pts',(15.4551911605704,-65.3552810644518,14.1861126324964));
#9177=CARTESIAN_POINT('Ctrl Pts',(15.3950025780023,-65.2823398788643,14.1861126324964));
#9178=CARTESIAN_POINT('Ctrl Pts',(15.9189455252453,-65.4878342346764,14.209127590401));
#9179=CARTESIAN_POINT('Ctrl Pts',(15.8952549747132,-65.4866838738325,14.2061698268573));
#9180=CARTESIAN_POINT('Ctrl Pts',(15.8465954669757,-65.4833774240249,14.2000772029167));
#9181=CARTESIAN_POINT('Ctrl Pts',(15.7548184012064,-65.4745633275357,14.1906662051794));
#9182=CARTESIAN_POINT('Ctrl Pts',(15.5934359114817,-65.4392309096177,14.1824193599281));
#9183=CARTESIAN_POINT('Ctrl Pts',(15.4621228472539,-65.3553653501438,14.1808197945721));
#9184=CARTESIAN_POINT('Ctrl Pts',(15.3997620807852,-65.2784124992375,14.179941961749));
#9185=CARTESIAN_POINT('Ctrl Pts',(15.9189455252453,-65.4814949762587,14.1970296621014));
#9186=CARTESIAN_POINT('Ctrl Pts',(15.8964444412657,-65.4807674965,14.1943052250764));
#9187=CARTESIAN_POINT('Ctrl Pts',(15.847681853602,-65.4789830238639,14.1885560350012));
#9188=CARTESIAN_POINT('Ctrl Pts',(15.7489751593789,-65.4722660652773,14.1788665170358));
#9189=CARTESIAN_POINT('Ctrl Pts',(15.5944477690106,-65.4360029137027,14.1711989776513));
#9190=CARTESIAN_POINT('Ctrl Pts',(15.4714179334076,-65.3508725031745,14.1684670597211));
#9191=CARTESIAN_POINT('Ctrl Pts',(15.4080274843382,-65.2715921696775,14.1659764880337));
#9192=CARTESIAN_POINT('Ctrl Pts',(15.9189455252453,-65.4876684086064,14.1660551010061));
#9193=CARTESIAN_POINT('Ctrl Pts',(15.8935944969573,-65.4895975893777,14.1630416105838));
#9194=CARTESIAN_POINT('Ctrl Pts',(15.8396316268077,-65.4917632514019,14.1571464233739));
#9195=CARTESIAN_POINT('Ctrl Pts',(15.7301798733162,-65.4808225909845,14.1509537969407));
#9196=CARTESIAN_POINT('Ctrl Pts',(15.5797260042707,-65.4228492811889,14.1480643547679));
#9197=CARTESIAN_POINT('Ctrl Pts',(15.4667493966142,-65.3279075057736,14.1444487803613));
#9198=CARTESIAN_POINT('Ctrl Pts',(15.4158215074946,-65.2651608071693,14.1415810755251));
#9199=CARTESIAN_POINT('Ctrl Pts',(15.9189455252453,-65.5,14.1328552468977));
#9200=CARTESIAN_POINT('Ctrl Pts',(15.8850373696149,-65.5,14.1318268017732));
#9201=CARTESIAN_POINT('Ctrl Pts',(15.8093564134522,-65.4960246157326,14.1305371846561));
#9202=CARTESIAN_POINT('Ctrl Pts',(15.6762781721255,-65.4607119091237,14.1293732274113));
#9203=CARTESIAN_POINT('Ctrl Pts',(15.5394859112389,-65.3868748257796,14.1274458307594));
#9204=CARTESIAN_POINT('Ctrl Pts',(15.4550060354733,-65.3090375427099,14.1253700437217));
#9205=CARTESIAN_POINT('Ctrl Pts',(15.4175937378144,-65.263698423057,14.1241286006378));
#9206=CARTESIAN_POINT('Ctrl Pts',(15.9189455252453,-65.5,14.1154019543778));
#9207=CARTESIAN_POINT('Ctrl Pts',(15.8686194309904,-65.5,14.1154019543778));
#9208=CARTESIAN_POINT('Ctrl Pts',(15.7685520622188,-65.4880192522142,14.1154019543778));
#9209=CARTESIAN_POINT('Ctrl Pts',(15.6341619222706,-65.4398072882979,14.1154019543778));
#9210=CARTESIAN_POINT('Ctrl Pts',(15.515875040782,-65.3663125793781,14.1154019543778));
#9211=CARTESIAN_POINT('Ctrl Pts',(15.4477534940847,-65.300248351391,14.1154019543778));
#9212=CARTESIAN_POINT('Ctrl Pts',(15.4175937378144,-65.263698423057,14.1154019543778));
#9213=CARTESIAN_POINT('',(15.9189455252453,-65.5,14.1154019543778));
#9214=CARTESIAN_POINT('Ctrl Pts',(15.9189455252453,-65.4901948488183,14.2154019543778));
#9215=CARTESIAN_POINT('Ctrl Pts',(15.9189455252453,-65.4878342346764,14.209127590401));
#9216=CARTESIAN_POINT('Ctrl Pts',(15.9189455252453,-65.4814949762587,14.1970296621014));
#9217=CARTESIAN_POINT('Ctrl Pts',(15.9189455252453,-65.4876684086064,14.1660551010061));
#9218=CARTESIAN_POINT('Ctrl Pts',(15.9189455252453,-65.5,14.1328552468977));
#9219=CARTESIAN_POINT('Ctrl Pts',(15.9189455252453,-65.5,14.1154019543778));
#9220=CARTESIAN_POINT('',(15.4175937378144,-65.263698423057,14.1154019543778));
#9221=CARTESIAN_POINT('Ctrl Pts',(15.9189455252453,-65.5,14.1154019543778));
#9222=CARTESIAN_POINT('Ctrl Pts',(15.9017672611044,-65.5,14.1154019543778));
#9223=CARTESIAN_POINT('Ctrl Pts',(15.8845928906449,-65.4993164418049,14.1154019543778));
#9224=CARTESIAN_POINT('Ctrl Pts',(15.8675599652245,-65.4979656813608,14.1154019543778));
#9225=CARTESIAN_POINT('Ctrl Pts',(15.8496003826596,-65.4965414343144,14.1154019543778));
#9226=CARTESIAN_POINT('Ctrl Pts',(15.8317981481831,-65.4943765024441,14.1154019543778));
#9227=CARTESIAN_POINT('Ctrl Pts',(15.8142609741986,-65.4915147268552,14.1154019543778));
#9228=CARTESIAN_POINT('Ctrl Pts',(15.7956081021232,-65.4884708878642,14.1154019543778));
#9229=CARTESIAN_POINT('Ctrl Pts',(15.7772548217385,-65.4846399492329,14.1154019543778));
#9230=CARTESIAN_POINT('Ctrl Pts',(15.7592727483759,-65.4800830138377,14.1154019543778));
#9231=CARTESIAN_POINT('Ctrl Pts',(15.73897209674,-65.4749385148626,14.1154019543778));
#9232=CARTESIAN_POINT('Ctrl Pts',(15.7191440396442,-65.4688703019565,14.1154019543778));
#9233=CARTESIAN_POINT('Ctrl Pts',(15.6998248444315,-65.4619527165065,14.1154019543778));
#9234=CARTESIAN_POINT('Ctrl Pts',(15.6783428770251,-65.4542607115585,14.1154019543778));
#9235=CARTESIAN_POINT('Ctrl Pts',(15.657487773896,-65.4455198591708,14.1154019543778));
#9236=CARTESIAN_POINT('Ctrl Pts',(15.6372543615488,-65.4357901401486,14.1154019543778));
#9237=CARTESIAN_POINT('Ctrl Pts',(15.6157976176915,-65.4254721529855,14.1154019543778));
#9238=CARTESIAN_POINT('Ctrl Pts',(15.5950359384361,-65.414041270959,14.1154019543778));
#9239=CARTESIAN_POINT('Ctrl Pts',(15.5749574495718,-65.4015180901788,14.1154019543778));
#9240=CARTESIAN_POINT('Ctrl Pts',(15.5571812255061,-65.3904308580136,14.1154019543778));
#9241=CARTESIAN_POINT('Ctrl Pts',(15.5399390683925,-65.3784849375904,14.1154019543778));
#9242=CARTESIAN_POINT('Ctrl Pts',(15.5232554312794,-65.3656833810947,14.1154019543778));
#9243=CARTESIAN_POINT('Ctrl Pts',(15.5080110135993,-65.353986155073,14.1154019543778));
#9244=CARTESIAN_POINT('Ctrl Pts',(15.493232912846,-65.3415728426389,14.1154019543778));
#9245=CARTESIAN_POINT('Ctrl Pts',(15.4789767650911,-65.3284636768746,14.1154019543778));
#9246=CARTESIAN_POINT('Ctrl Pts',(15.466055023645,-65.3165815574205,14.1154019543778));
#9247=CARTESIAN_POINT('Ctrl Pts',(15.4535627211486,-65.3041268498275,14.1154019543778));
#9248=CARTESIAN_POINT('Ctrl Pts',(15.4415679824038,-65.2911470067797,14.1154019543778));
#9249=CARTESIAN_POINT('Ctrl Pts',(15.4333321913529,-65.2822348264071,14.1154019543778));
#9250=CARTESIAN_POINT('Ctrl Pts',(15.4253315622902,-65.2730757180032,14.1154019543778));
#9251=CARTESIAN_POINT('Ctrl Pts',(15.4175937378144,-65.263698423057,14.1154019543778));
#9252=CARTESIAN_POINT('Origin',(15.3404626935943,-65.3273443342966,14.1154019543778));
#9253=CARTESIAN_POINT('Ctrl Pts',(15.9189455252453,-65.4901948488183,14.2154019543778));
#9254=CARTESIAN_POINT('Ctrl Pts',(15.9189455252453,-65.4878342346764,14.209127590401));
#9255=CARTESIAN_POINT('Ctrl Pts',(15.9189455252453,-65.4814949762587,14.1970296621014));
#9256=CARTESIAN_POINT('Ctrl Pts',(15.9189455252453,-65.4876684086064,14.1660551010061));
#9257=CARTESIAN_POINT('Ctrl Pts',(15.9189455252453,-65.5,14.1328552468977));
#9258=CARTESIAN_POINT('Ctrl Pts',(15.9189455252453,-65.5,14.1154019543778));
#9259=CARTESIAN_POINT('Ctrl Pts',(15.944170487629,-65.4889429441177,14.2120744703911));
#9260=CARTESIAN_POINT('Ctrl Pts',(15.9426360757773,-65.4866838738325,14.2061698268573));
#9261=CARTESIAN_POINT('Ctrl Pts',(15.9414466092248,-65.4807674965,14.1943052250764));
#9262=CARTESIAN_POINT('Ctrl Pts',(15.9442965535333,-65.4895975893777,14.1630416105838));
#9263=CARTESIAN_POINT('Ctrl Pts',(15.9528536808756,-65.5,14.1318268017732));
#9264=CARTESIAN_POINT('Ctrl Pts',(15.9692716195002,-65.5,14.1154019543778));
#9265=CARTESIAN_POINT('Ctrl Pts',(15.994001100825,-65.4852377482402,14.2054146230252));
#9266=CARTESIAN_POINT('Ctrl Pts',(15.9912955835149,-65.4833774240249,14.2000772029167));
#9267=CARTESIAN_POINT('Ctrl Pts',(15.9902091968886,-65.4789830238639,14.1885560350012));
#9268=CARTESIAN_POINT('Ctrl Pts',(15.9982594236828,-65.4917632514019,14.1571464233739));
#9269=CARTESIAN_POINT('Ctrl Pts',(16.0285346370384,-65.4960246157326,14.1305371846561));
#9270=CARTESIAN_POINT('Ctrl Pts',(16.0693389882718,-65.4880192522142,14.1154019543778));
#9271=CARTESIAN_POINT('Ctrl Pts',(16.0840189347957,-65.4751946579379,14.1956908074101));
#9272=CARTESIAN_POINT('Ctrl Pts',(16.0830726492842,-65.4745633275357,14.1906662051794));
#9273=CARTESIAN_POINT('Ctrl Pts',(16.0889158911116,-65.4722660652773,14.1788665170358));
#9274=CARTESIAN_POINT('Ctrl Pts',(16.1077111771743,-65.4808225909845,14.1509537969407));
#9275=CARTESIAN_POINT('Ctrl Pts',(16.1616128783651,-65.4607119091237,14.1293732274113));
#9276=CARTESIAN_POINT('Ctrl Pts',(16.20372912822,-65.4398072882979,14.1154019543778));
#9277=CARTESIAN_POINT('Ctrl Pts',(16.2455359843378,-65.4416864448861,14.1871578351558));
#9278=CARTESIAN_POINT('Ctrl Pts',(16.2444551390089,-65.4392309096177,14.1824193599281));
#9279=CARTESIAN_POINT('Ctrl Pts',(16.2434432814799,-65.4360029137027,14.1711989776513));
#9280=CARTESIAN_POINT('Ctrl Pts',(16.2581650462198,-65.4228492811889,14.1480643547679));
#9281=CARTESIAN_POINT('Ctrl Pts',(16.2984051392517,-65.3868748257796,14.1274458307594));
#9282=CARTESIAN_POINT('Ctrl Pts',(16.3220160097086,-65.3663125793781,14.1154019543778));
#9283=CARTESIAN_POINT('Ctrl Pts',(16.3826998899201,-65.3552810644518,14.1861126324964));
#9284=CARTESIAN_POINT('Ctrl Pts',(16.3757682032366,-65.3553653501438,14.1808197945721));
#9285=CARTESIAN_POINT('Ctrl Pts',(16.3664731170829,-65.3508725031745,14.1684670597211));
#9286=CARTESIAN_POINT('Ctrl Pts',(16.3711416538764,-65.3279075057736,14.1444487803613));
#9287=CARTESIAN_POINT('Ctrl Pts',(16.3828850150173,-65.3090375427099,14.1253700437217));
#9288=CARTESIAN_POINT('Ctrl Pts',(16.3901375564058,-65.300248351391,14.1154019543778));
#9289=CARTESIAN_POINT('Ctrl Pts',(16.4428884724882,-65.2823398788643,14.1861126324964));
#9290=CARTESIAN_POINT('Ctrl Pts',(16.4381289697053,-65.2784124992375,14.179941961749));
#9291=CARTESIAN_POINT('Ctrl Pts',(16.4298635661524,-65.2715921696775,14.1659764880337));
#9292=CARTESIAN_POINT('Ctrl Pts',(16.422069542996,-65.2651608071693,14.1415810755251));
#9293=CARTESIAN_POINT('Ctrl Pts',(16.4202973126762,-65.263698423057,14.1241286006378));
#9294=CARTESIAN_POINT('Ctrl Pts',(16.4202973126762,-65.263698423057,14.1154019543778));
#9295=CARTESIAN_POINT('',(16.4428884724882,-65.2823398788643,14.1861126324964));
#9296=CARTESIAN_POINT('Ctrl Pts',(15.9189455252453,-65.4901948488183,14.2154019543778));
#9297=CARTESIAN_POINT('Ctrl Pts',(15.944170487629,-65.4889429441177,14.2120744703911));
#9298=CARTESIAN_POINT('Ctrl Pts',(15.994001100825,-65.4852377482402,14.2054146230252));
#9299=CARTESIAN_POINT('Ctrl Pts',(16.0840189347957,-65.4751946579379,14.1956908074101));
#9300=CARTESIAN_POINT('Ctrl Pts',(16.2455359843378,-65.4416864448861,14.1871578351558));
#9301=CARTESIAN_POINT('Ctrl Pts',(16.3826998899201,-65.3552810644518,14.1861126324964));
#9302=CARTESIAN_POINT('Ctrl Pts',(16.4428884724882,-65.2823398788643,14.1861126324964));
#9303=CARTESIAN_POINT('',(16.4202973126762,-65.263698423057,14.1154019543778));
#9304=CARTESIAN_POINT('Origin',(16.4974283568963,-65.3273443342966,14.1154019543778));
#9305=CARTESIAN_POINT('Ctrl Pts',(16.4202973126762,-65.263698423057,14.1154019543778));
#9306=CARTESIAN_POINT('Ctrl Pts',(16.4091682219166,-65.2771855171183,14.1154019543778));
#9307=CARTESIAN_POINT('Ctrl Pts',(16.3974962261823,-65.2902190360305,14.1154019543778));
#9308=CARTESIAN_POINT('Ctrl Pts',(16.3853609616406,-65.3027213720294,14.1154019543778));
#9309=CARTESIAN_POINT('Ctrl Pts',(16.3723626805441,-65.3161128293905,14.1154019543778));
#9310=CARTESIAN_POINT('Ctrl Pts',(16.3588337588551,-65.3288958460502,14.1154019543778));
#9311=CARTESIAN_POINT('Ctrl Pts',(16.3448452709769,-65.3410289264247,14.1154019543778));
#9312=CARTESIAN_POINT('Ctrl Pts',(16.3294636042036,-65.3543703969881,14.1154019543778));
#9313=CARTESIAN_POINT('Ctrl Pts',(16.3135269224084,-65.366927617725,14.1154019543778));
#9314=CARTESIAN_POINT('Ctrl Pts',(16.2970848417686,-65.378687674624,14.1154019543778));
#9315=CARTESIAN_POINT('Ctrl Pts',(16.2777229636714,-65.3925360915659,14.1154019543778));
#9316=CARTESIAN_POINT('Ctrl Pts',(16.2576602129858,-65.40528230763,14.1154019543778));
#9317=CARTESIAN_POINT('Ctrl Pts',(16.2369087655822,-65.4169209625639,14.1154019543778));
#9318=CARTESIAN_POINT('Ctrl Pts',(16.2164229921988,-65.4284106115908,14.1154019543778));
#9319=CARTESIAN_POINT('Ctrl Pts',(16.1952622321364,-65.4388234366462,14.1154019543778));
#9320=CARTESIAN_POINT('Ctrl Pts',(16.1734097810733,-65.4481203411571,14.1154019543778));
#9321=CARTESIAN_POINT('Ctrl Pts',(16.1541182933552,-65.4563277096885,14.1154019543778));
#9322=CARTESIAN_POINT('Ctrl Pts',(16.1342851966471,-65.4636648658557,14.1154019543778));
#9323=CARTESIAN_POINT('Ctrl Pts',(16.113920138473,-65.4700684641205,14.1154019543778));
#9324=CARTESIAN_POINT('Ctrl Pts',(16.0960900789246,-65.4756749562507,14.1154019543778));
#9325=CARTESIAN_POINT('Ctrl Pts',(16.0778514746666,-65.4805647615515,14.1154019543778));
#9326=CARTESIAN_POINT('Ctrl Pts',(16.059247553735,-65.4846773517321,14.1154019543778));
#9327=CARTESIAN_POINT('Ctrl Pts',(16.041667644361,-65.4885635735094,14.1154019543778));
#9328=CARTESIAN_POINT('Ctrl Pts',(16.0237609657049,-65.4917547830403,14.1154019543778));
#9329=CARTESIAN_POINT('Ctrl Pts',(16.0056084293431,-65.4941968185682,14.1154019543778));
#9330=CARTESIAN_POINT('Ctrl Pts',(15.9887087483824,-65.4964703091974,14.1154019543778));
#9331=CARTESIAN_POINT('Ctrl Pts',(15.9715959788167,-65.4980935560117,14.1154019543778));
#9332=CARTESIAN_POINT('Ctrl Pts',(15.9543784274891,-65.4990335195031,14.1154019543778));
#9333=CARTESIAN_POINT('Ctrl Pts',(15.9425998471651,-65.4996765514462,14.1154019543778));
#9334=CARTESIAN_POINT('Ctrl Pts',(15.9307731263032,-65.5,14.1154019543778));
#9335=CARTESIAN_POINT('Ctrl Pts',(15.9189455252453,-65.5,14.1154019543778));
#9336=CARTESIAN_POINT('Ctrl Pts',(15.9189455252453,-65.4901948488183,14.2154019543778));
#9337=CARTESIAN_POINT('Ctrl Pts',(15.944170487629,-65.4889429441177,14.2120744703911));
#9338=CARTESIAN_POINT('Ctrl Pts',(15.994001100825,-65.4852377482402,14.2054146230252));
#9339=CARTESIAN_POINT('Ctrl Pts',(16.0840189347957,-65.4751946579379,14.1956908074101));
#9340=CARTESIAN_POINT('Ctrl Pts',(16.2455359843378,-65.4416864448861,14.1871578351558));
#9341=CARTESIAN_POINT('Ctrl Pts',(16.3826998899201,-65.3552810644518,14.1861126324964));
#9342=CARTESIAN_POINT('Ctrl Pts',(16.4428884724882,-65.2823398788643,14.1861126324964));
#9343=CARTESIAN_POINT('Ctrl Pts',(15.9665101704632,-65.4901948488183,14.2154019543778));
#9344=CARTESIAN_POINT('Ctrl Pts',(15.9885588942337,-65.4882786192938,14.2122276136128));
#9345=CARTESIAN_POINT('Ctrl Pts',(16.0346647600246,-65.4833803975801,14.206101351578));
#9346=CARTESIAN_POINT('Ctrl Pts',(16.1239304831098,-65.4704598412156,14.1977440673809));
#9347=CARTESIAN_POINT('Ctrl Pts',(16.2827540631813,-65.4284009047955,14.1913304319456));
#9348=CARTESIAN_POINT('Ctrl Pts',(16.3990892999111,-65.3437351772138,14.1914054704208));
#9349=CARTESIAN_POINT('Ctrl Pts',(16.4476479752711,-65.2862672584911,14.1922833032439));
#9350=CARTESIAN_POINT('Ctrl Pts',(16.0547901837978,-65.4880063573156,14.2154019543778));
#9351=CARTESIAN_POINT('Ctrl Pts',(16.0735607723061,-65.4853664471351,14.2127486154421));
#9352=CARTESIAN_POINT('Ctrl Pts',(16.1171216689857,-65.4783927035789,14.2079512869705));
#9353=CARTESIAN_POINT('Ctrl Pts',(16.2129539772173,-65.4568312102605,14.2025379457274));
#9354=CARTESIAN_POINT('Ctrl Pts',(16.3587033580432,-65.3949118018256,14.199615118148));
#9355=CARTESIAN_POINT('Ctrl Pts',(16.4298870732464,-65.3258205789357,14.2014343808265));
#9356=CARTESIAN_POINT('Ctrl Pts',(16.458419690978,-65.2951557114961,14.2029993562113));
#9357=CARTESIAN_POINT('Ctrl Pts',(16.2843134131464,-65.4544440166281,14.2154019543778));
#9358=CARTESIAN_POINT('Ctrl Pts',(16.3014524375471,-65.4472928735742,14.2140828158728));
#9359=CARTESIAN_POINT('Ctrl Pts',(16.3376539702731,-65.4303876823566,14.2120947313402));
#9360=CARTESIAN_POINT('Ctrl Pts',(16.3976733925095,-65.3925809426466,14.210583266244));
#9361=CARTESIAN_POINT('Ctrl Pts',(16.4447773730763,-65.3448473704007,14.2110593423666));
#9362=CARTESIAN_POINT('Ctrl Pts',(16.4649640886303,-65.3210488837429,14.2124497715099));
#9363=CARTESIAN_POINT('Ctrl Pts',(16.4772361273877,-65.3106823940879,14.213104266932));
#9364=CARTESIAN_POINT('Ctrl Pts',(16.4367946922809,-65.4013909099384,14.2154019543778));
#9365=CARTESIAN_POINT('Ctrl Pts',(16.4375130774504,-65.396170704284,14.2154019543778));
#9366=CARTESIAN_POINT('Ctrl Pts',(16.4420899420058,-65.3838279130364,14.2154019543778));
#9367=CARTESIAN_POINT('Ctrl Pts',(16.4553875665943,-65.3613102448142,14.2154019543778));
#9368=CARTESIAN_POINT('Ctrl Pts',(16.4721197540082,-65.3393207754343,14.2154019543778));
#9369=CARTESIAN_POINT('Ctrl Pts',(16.484652520569,-65.3271652915669,14.2154019543778));
#9370=CARTESIAN_POINT('Ctrl Pts',(16.4906974035106,-65.3217901807638,14.2154019543778));
#9371=CARTESIAN_POINT('Ctrl Pts',(16.4848412164684,-65.37689210232,14.2154019543778));
#9372=CARTESIAN_POINT('Ctrl Pts',(16.4830625872202,-65.3727258315556,14.2154019543778));
#9373=CARTESIAN_POINT('Ctrl Pts',(16.4808500808509,-65.3638133278183,14.2154019543778));
#9374=CARTESIAN_POINT('Ctrl Pts',(16.4823274191847,-65.3505886621687,14.2154019543778));
#9375=CARTESIAN_POINT('Ctrl Pts',(16.4883415826265,-65.3384358067788,14.2154019543778));
#9376=CARTESIAN_POINT('Ctrl Pts',(16.4943847902842,-65.3310327640224,14.2154019543778));
#9377=CARTESIAN_POINT('Ctrl Pts',(16.4974283568963,-65.3273443342966,14.2154019543778));
#9378=CARTESIAN_POINT('',(16.4848412164684,-65.37689210232,14.2154019543778));
#9379=CARTESIAN_POINT('Ctrl Pts',(15.9189455252453,-65.4901948488183,14.2154019543778));
#9380=CARTESIAN_POINT('Ctrl Pts',(15.9665101704632,-65.4901948488183,14.2154019543778));
#9381=CARTESIAN_POINT('Ctrl Pts',(16.0547901837978,-65.4880063573156,14.2154019543778));
#9382=CARTESIAN_POINT('Ctrl Pts',(16.2843134131464,-65.4544440166281,14.2154019543778));
#9383=CARTESIAN_POINT('Ctrl Pts',(16.4367946922809,-65.4013909099384,14.2154019543778));
#9384=CARTESIAN_POINT('Ctrl Pts',(16.4848412164684,-65.37689210232,14.2154019543778));
#9385=CARTESIAN_POINT('',(16.4974283568963,-65.3273443342966,14.2154019543778));
#9386=CARTESIAN_POINT('Ctrl Pts',(16.4848412164684,-65.37689210232,14.2154019543778));
#9387=CARTESIAN_POINT('Ctrl Pts',(16.4836033972744,-65.3739926279496,14.2154019543778));
#9388=CARTESIAN_POINT('Ctrl Pts',(16.4826882375921,-65.3709493758867,14.2154019543778));
#9389=CARTESIAN_POINT('Ctrl Pts',(16.482145984713,-65.3678763817513,14.2154019543778));
#9390=CARTESIAN_POINT('Ctrl Pts',(16.4816120817051,-65.364850707061,14.2154019543778));
#9391=CARTESIAN_POINT('Ctrl Pts',(16.4814399401076,-65.3617960983999,14.2154019543778));
#9392=CARTESIAN_POINT('Ctrl Pts',(16.4816417739753,-65.3587859430833,14.2154019543778));
#9393=CARTESIAN_POINT('Ctrl Pts',(16.4818389361971,-65.3558454608107,14.2154019543778));
#9394=CARTESIAN_POINT('Ctrl Pts',(16.4823931242776,-65.3529472627397,14.2154019543778));
#9395=CARTESIAN_POINT('Ctrl Pts',(16.4832784116745,-65.3501274510193,14.2154019543778));
#9396=CARTESIAN_POINT('Ctrl Pts',(16.4841527816352,-65.3473424134468,14.2154019543778));
#9397=CARTESIAN_POINT('Ctrl Pts',(16.4853503385782,-65.3446337704373,14.2154019543778));
#9398=CARTESIAN_POINT('Ctrl Pts',(16.4868064898289,-65.3420058381604,14.2154019543778));
#9399=CARTESIAN_POINT('Ctrl Pts',(16.4882343271278,-65.3394290043857,14.2154019543778));
#9400=CARTESIAN_POINT('Ctrl Pts',(16.4899109277901,-65.3369296736189,14.2154019543778));
#9401=CARTESIAN_POINT('Ctrl Pts',(16.4917347159484,-65.3344837426538,14.2154019543778));
#9402=CARTESIAN_POINT('Ctrl Pts',(16.4935355935806,-65.3320685376066,14.2154019543778));
#9403=CARTESIAN_POINT('Ctrl Pts',(16.4954801380025,-65.3297053368295,14.2154019543778));
#9404=CARTESIAN_POINT('Ctrl Pts',(16.4974283568963,-65.3273443342966,14.2154019543778));
#9405=CARTESIAN_POINT('Origin',(16.4974283568963,-65.3273443342966,14.1154019543778));
#9406=CARTESIAN_POINT('Ctrl Pts',(15.9189455252453,-64.2098051511817,14.2154019543778));
#9407=CARTESIAN_POINT('Ctrl Pts',(15.8937205628615,-64.208553246481,14.2187294383645));
#9408=CARTESIAN_POINT('Ctrl Pts',(15.8414392488223,-64.2072862959842,14.2253892857304));
#9409=CARTESIAN_POINT('Ctrl Pts',(15.7409579845914,-64.2100648920684,14.2351131013454));
#9410=CARTESIAN_POINT('Ctrl Pts',(15.5596124007712,-64.2251785115336,14.2436460735997));
#9411=CARTESIAN_POINT('Ctrl Pts',(15.4002413422079,-64.2292893218814,14.2446912762591));
#9412=CARTESIAN_POINT('Ctrl Pts',(15.3090586750262,-64.2292893218814,14.2446912762591));
#9413=CARTESIAN_POINT('Ctrl Pts',(15.9189455252453,-64.2074445370398,14.2216763183545));
#9414=CARTESIAN_POINT('Ctrl Pts',(15.8945080446831,-64.2063692895269,14.2246340818983));
#9415=CARTESIAN_POINT('Ctrl Pts',(15.8422459418239,-64.2054550796205,14.2307267058388));
#9416=CARTESIAN_POINT('Ctrl Pts',(15.7391594650662,-64.2090070429183,14.2401377035762));
#9417=CARTESIAN_POINT('Ctrl Pts',(15.5577516761361,-64.2221130139642,14.2483845488274));
#9418=CARTESIAN_POINT('Ctrl Pts',(15.4057799256436,-64.223996483957,14.2499841141835));
#9419=CARTESIAN_POINT('Ctrl Pts',(15.3090586750262,-64.2231186511339,14.2508619470066));
#9420=CARTESIAN_POINT('Ctrl Pts',(15.9189455252453,-64.2026800400801,14.2337742466542));
#9421=CARTESIAN_POINT('Ctrl Pts',(15.8944038717955,-64.2022676068145,14.2364986836792));
#9422=CARTESIAN_POINT('Ctrl Pts',(15.8397212579719,-64.2025567937445,14.2422478737543));
#9423=CARTESIAN_POINT('Ctrl Pts',(15.7269327061644,-64.2076477079377,14.2519373917197));
#9424=CARTESIAN_POINT('Ctrl Pts',(15.5551187706438,-64.2155345924672,14.2596049311043));
#9425=CARTESIAN_POINT('Ctrl Pts',(15.4110208682562,-64.2139675735513,14.2623368490344));
#9426=CARTESIAN_POINT('Ctrl Pts',(15.3090586750262,-64.2124025981665,14.2648274207218));
#9427=CARTESIAN_POINT('Ctrl Pts',(15.9189455252453,-64.2025327592438,14.2647488077494));
#9428=CARTESIAN_POINT('Ctrl Pts',(15.8896229175029,-64.2026231227155,14.2677622981718));
#9429=CARTESIAN_POINT('Ctrl Pts',(15.8272846146233,-64.2034502322198,14.2736574853817));
#9430=CARTESIAN_POINT('Ctrl Pts',(15.7077464656131,-64.2051755301865,14.2798501118148));
#9431=CARTESIAN_POINT('Ctrl Pts',(15.5425210484016,-64.2045349687484,14.2827395539876));
#9432=CARTESIAN_POINT('Ctrl Pts',(15.3932779831547,-64.2029521828679,14.2863551283943));
#9433=CARTESIAN_POINT('Ctrl Pts',(15.3090586750262,-64.2022976874457,14.2892228332305));
#9434=CARTESIAN_POINT('Ctrl Pts',(15.9189455252453,-64.2,14.2979486618578));
#9435=CARTESIAN_POINT('Ctrl Pts',(15.8822603332383,-64.2,14.2989771069824));
#9436=CARTESIAN_POINT('Ctrl Pts',(15.8023113642723,-64.2,14.3002667240994));
#9437=CARTESIAN_POINT('Ctrl Pts',(15.6581767783256,-64.2,14.3014306813443));
#9438=CARTESIAN_POINT('Ctrl Pts',(15.4925029103209,-64.2,14.3033580779962));
#9439=CARTESIAN_POINT('Ctrl Pts',(15.3714992678717,-64.2,14.3054338650339));
#9440=CARTESIAN_POINT('Ctrl Pts',(15.3090586750262,-64.2,14.3066753081178));
#9441=CARTESIAN_POINT('Ctrl Pts',(15.9189455252453,-64.2,14.3154019543778));
#9442=CARTESIAN_POINT('Ctrl Pts',(15.8681216210604,-64.2,14.3154019543778));
#9443=CARTESIAN_POINT('Ctrl Pts',(15.7664738126905,-64.2,14.3154019543778));
#9444=CARTESIAN_POINT('Ctrl Pts',(15.6140021001357,-64.2,14.3154019543778));
#9445=CARTESIAN_POINT('Ctrl Pts',(15.461530387581,-64.2,14.3154019543778));
#9446=CARTESIAN_POINT('Ctrl Pts',(15.3598825792111,-64.2,14.3154019543778));
#9447=CARTESIAN_POINT('Ctrl Pts',(15.3090586750262,-64.2,14.3154019543778));
#9448=CARTESIAN_POINT('',(15.9189455252453,-64.2098051511817,14.2154019543778));
#9449=CARTESIAN_POINT('',(15.3090586750262,-64.2292893218814,14.2446912762591));
#9450=CARTESIAN_POINT('Ctrl Pts',(15.9189455252453,-64.2098051511817,14.2154019543778));
#9451=CARTESIAN_POINT('Ctrl Pts',(15.8937205628615,-64.208553246481,14.2187294383645));
#9452=CARTESIAN_POINT('Ctrl Pts',(15.8414392488223,-64.2072862959842,14.2253892857304));
#9453=CARTESIAN_POINT('Ctrl Pts',(15.7409579845914,-64.2100648920684,14.2351131013454));
#9454=CARTESIAN_POINT('Ctrl Pts',(15.5596124007712,-64.2251785115336,14.2436460735997));
#9455=CARTESIAN_POINT('Ctrl Pts',(15.4002413422079,-64.2292893218814,14.2446912762591));
#9456=CARTESIAN_POINT('Ctrl Pts',(15.3090586750262,-64.2292893218814,14.2446912762591));
#9457=CARTESIAN_POINT('',(15.9189455252453,-64.2,14.3154019543778));
#9458=CARTESIAN_POINT('Ctrl Pts',(15.9189455252453,-64.2098051511817,14.2154019543778));
#9459=CARTESIAN_POINT('Ctrl Pts',(15.9189455252453,-64.2074445370398,14.2216763183545));
#9460=CARTESIAN_POINT('Ctrl Pts',(15.9189455252453,-64.2026800400801,14.2337742466542));
#9461=CARTESIAN_POINT('Ctrl Pts',(15.9189455252453,-64.2025327592438,14.2647488077494));
#9462=CARTESIAN_POINT('Ctrl Pts',(15.9189455252453,-64.2,14.2979486618578));
#9463=CARTESIAN_POINT('Ctrl Pts',(15.9189455252453,-64.2,14.3154019543778));
#9464=CARTESIAN_POINT('',(15.3090586750262,-64.2,14.3154019543778));
#9465=CARTESIAN_POINT('',(15.9189455252453,-64.2,14.3154019543778));
#9466=CARTESIAN_POINT('Origin',(15.3090586750262,-64.3,14.3154019543778));
#9467=CARTESIAN_POINT('Ctrl Pts',(15.9189455252453,-64.2098051511817,14.2154019543778));
#9468=CARTESIAN_POINT('Ctrl Pts',(15.9189455252453,-64.2074445370398,14.2216763183545));
#9469=CARTESIAN_POINT('Ctrl Pts',(15.9189455252453,-64.2026800400801,14.2337742466542));
#9470=CARTESIAN_POINT('Ctrl Pts',(15.9189455252453,-64.2025327592438,14.2647488077494));
#9471=CARTESIAN_POINT('Ctrl Pts',(15.9189455252453,-64.2,14.2979486618578));
#9472=CARTESIAN_POINT('Ctrl Pts',(15.9189455252453,-64.2,14.3154019543778));
#9473=CARTESIAN_POINT('Ctrl Pts',(15.944170487629,-64.208553246481,14.2187294383645));
#9474=CARTESIAN_POINT('Ctrl Pts',(15.9433830058075,-64.2063692895269,14.2246340818983));
#9475=CARTESIAN_POINT('Ctrl Pts',(15.9434871786951,-64.2022676068145,14.2364986836792));
#9476=CARTESIAN_POINT('Ctrl Pts',(15.9482681329877,-64.2026231227155,14.2677622981718));
#9477=CARTESIAN_POINT('Ctrl Pts',(15.9556307172523,-64.2,14.2989771069824));
#9478=CARTESIAN_POINT('Ctrl Pts',(15.9697694294302,-64.2,14.3154019543778));
#9479=CARTESIAN_POINT('Ctrl Pts',(15.9964518016682,-64.2072862959841,14.2253892857304));
#9480=CARTESIAN_POINT('Ctrl Pts',(15.9956451086666,-64.2054550796205,14.2307267058388));
#9481=CARTESIAN_POINT('Ctrl Pts',(15.9981697925187,-64.2025567937445,14.2422478737543));
#9482=CARTESIAN_POINT('Ctrl Pts',(16.0106064358672,-64.2034502322199,14.2736574853817));
#9483=CARTESIAN_POINT('Ctrl Pts',(16.0355796862183,-64.2,14.3002667240994));
#9484=CARTESIAN_POINT('Ctrl Pts',(16.0714172378,-64.2,14.3154019543778));
#9485=CARTESIAN_POINT('Ctrl Pts',(16.0969330658991,-64.2100648920684,14.2351131013454));
#9486=CARTESIAN_POINT('Ctrl Pts',(16.0987315854243,-64.2090070429183,14.2401377035762));
#9487=CARTESIAN_POINT('Ctrl Pts',(16.1109583443261,-64.2076477079378,14.2519373917197));
#9488=CARTESIAN_POINT('Ctrl Pts',(16.1301445848775,-64.2051755301865,14.2798501118148));
#9489=CARTESIAN_POINT('Ctrl Pts',(16.1797142721649,-64.2,14.3014306813443));
#9490=CARTESIAN_POINT('Ctrl Pts',(16.2238889503548,-64.2,14.3154019543778));
#9491=CARTESIAN_POINT('Ctrl Pts',(16.2782786497193,-64.2251785115336,14.2436460735997));
#9492=CARTESIAN_POINT('Ctrl Pts',(16.2801393743545,-64.2221130139642,14.2483845488274));
#9493=CARTESIAN_POINT('Ctrl Pts',(16.2827722798468,-64.2155345924672,14.2596049311043));
#9494=CARTESIAN_POINT('Ctrl Pts',(16.295370002089,-64.2045349687485,14.2827395539876));
#9495=CARTESIAN_POINT('Ctrl Pts',(16.3453881401697,-64.2,14.3033580779961));
#9496=CARTESIAN_POINT('Ctrl Pts',(16.3763606629096,-64.2,14.3154019543778));
#9497=CARTESIAN_POINT('Ctrl Pts',(16.4376497082827,-64.2292893218814,14.2446912762591));
#9498=CARTESIAN_POINT('Ctrl Pts',(16.4321111248469,-64.223996483957,14.2499841141834));
#9499=CARTESIAN_POINT('Ctrl Pts',(16.4268701822343,-64.2139675735513,14.2623368490344));
#9500=CARTESIAN_POINT('Ctrl Pts',(16.4446130673359,-64.2029521828679,14.2863551283943));
#9501=CARTESIAN_POINT('Ctrl Pts',(16.4663917826189,-64.2,14.3054338650339));
#9502=CARTESIAN_POINT('Ctrl Pts',(16.4780084712794,-64.2,14.3154019543778));
#9503=CARTESIAN_POINT('Ctrl Pts',(16.5288323754644,-64.2292893218814,14.2446912762591));
#9504=CARTESIAN_POINT('Ctrl Pts',(16.5288323754644,-64.2231186511339,14.2508619470066));
#9505=CARTESIAN_POINT('Ctrl Pts',(16.5288323754644,-64.2124025981665,14.2648274207218));
#9506=CARTESIAN_POINT('Ctrl Pts',(16.5288323754644,-64.2022976874457,14.2892228332305));
#9507=CARTESIAN_POINT('Ctrl Pts',(16.5288323754644,-64.2,14.3066753081178));
#9508=CARTESIAN_POINT('Ctrl Pts',(16.5288323754644,-64.2,14.3154019543778));
#9509=CARTESIAN_POINT('',(16.5288323754644,-64.2292893218814,14.2446912762591));
#9510=CARTESIAN_POINT('Ctrl Pts',(15.9189455252453,-64.2098051511817,14.2154019543778));
#9511=CARTESIAN_POINT('Ctrl Pts',(15.944170487629,-64.208553246481,14.2187294383645));
#9512=CARTESIAN_POINT('Ctrl Pts',(15.9964518016682,-64.2072862959841,14.2253892857304));
#9513=CARTESIAN_POINT('Ctrl Pts',(16.0969330658991,-64.2100648920684,14.2351131013454));
#9514=CARTESIAN_POINT('Ctrl Pts',(16.2782786497193,-64.2251785115336,14.2436460735997));
#9515=CARTESIAN_POINT('Ctrl Pts',(16.4376497082827,-64.2292893218814,14.2446912762591));
#9516=CARTESIAN_POINT('Ctrl Pts',(16.5288323754644,-64.2292893218814,14.2446912762591));
#9517=CARTESIAN_POINT('',(16.5288323754644,-64.2,14.3154019543778));
#9518=CARTESIAN_POINT('Origin',(16.5288323754644,-64.3,14.3154019543778));
#9519=CARTESIAN_POINT('',(15.9189455252453,-64.2,14.3154019543778));
#9520=CARTESIAN_POINT('Ctrl Pts',(15.9189455252453,-64.2098051511817,14.2154019543778));
#9521=CARTESIAN_POINT('Ctrl Pts',(15.944170487629,-64.208553246481,14.2187294383645));
#9522=CARTESIAN_POINT('Ctrl Pts',(15.9964518016682,-64.2072862959841,14.2253892857304));
#9523=CARTESIAN_POINT('Ctrl Pts',(16.0969330658991,-64.2100648920684,14.2351131013454));
#9524=CARTESIAN_POINT('Ctrl Pts',(16.2782786497193,-64.2251785115336,14.2436460735997));
#9525=CARTESIAN_POINT('Ctrl Pts',(16.4376497082827,-64.2292893218814,14.2446912762591));
#9526=CARTESIAN_POINT('Ctrl Pts',(16.5288323754644,-64.2292893218814,14.2446912762591));
#9527=CARTESIAN_POINT('Ctrl Pts',(15.9665101704632,-64.2098051511817,14.2154019543778));
#9528=CARTESIAN_POINT('Ctrl Pts',(15.9893058242639,-64.2093328059507,14.2185762951427));
#9529=CARTESIAN_POINT('Ctrl Pts',(16.0389728159769,-64.2093046933298,14.2247025571775));
#9530=CARTESIAN_POINT('Ctrl Pts',(16.1390471102367,-64.2143043697393,14.2330598413747));
#9531=CARTESIAN_POINT('Ctrl Pts',(16.3168426598911,-64.2306416890731,14.23947347681));
#9532=CARTESIAN_POINT('Ctrl Pts',(16.4575162655609,-64.2345821598057,14.2393984383348));
#9533=CARTESIAN_POINT('Ctrl Pts',(16.5288323754644,-64.2354599926288,14.2385206055117));
#9534=CARTESIAN_POINT('Ctrl Pts',(16.0547901837978,-64.2119936426844,14.2154019543778));
#9535=CARTESIAN_POINT('Ctrl Pts',(16.0755416022398,-64.2126349005903,14.2180552933135));
#9536=CARTESIAN_POINT('Ctrl Pts',(16.1240565008867,-64.2152993419143,14.2228526217851));
#9537=CARTESIAN_POINT('Ctrl Pts',(16.2302370641139,-64.2262368111217,14.2282659630281));
#9538=CARTESIAN_POINT('Ctrl Pts',(16.397508046395,-64.2437628405769,14.2311887906076));
#9539=CARTESIAN_POINT('Ctrl Pts',(16.490564898811,-64.2469348946567,14.2293695279291));
#9540=CARTESIAN_POINT('Ctrl Pts',(16.5288323754644,-64.2494254663441,14.2278045525443));
#9541=CARTESIAN_POINT('Ctrl Pts',(16.2843134131465,-64.245555983372,14.2154019543778));
#9542=CARTESIAN_POINT('Ctrl Pts',(16.3045426372861,-64.2485086466083,14.2167210928828));
#9543=CARTESIAN_POINT('Ctrl Pts',(16.3479377093784,-64.254183362369,14.2187091774154));
#9544=CARTESIAN_POINT('Ctrl Pts',(16.4234978358592,-64.2634594173659,14.2202206425116));
#9545=CARTESIAN_POINT('Ctrl Pts',(16.4882489416446,-64.2681618734459,14.2197445663889));
#9546=CARTESIAN_POINT('Ctrl Pts',(16.5143725717635,-64.2709531740165,14.2183541372457));
#9547=CARTESIAN_POINT('Ctrl Pts',(16.5288323754644,-64.2738208788527,14.2176996418235));
#9548=CARTESIAN_POINT('Ctrl Pts',(16.436794692281,-64.2986090900616,14.2154019543778));
#9549=CARTESIAN_POINT('Ctrl Pts',(16.4417386442891,-64.2962760965736,14.2154019543778));
#9550=CARTESIAN_POINT('Ctrl Pts',(16.4546715380273,-64.2928323264829,14.2154019543778));
#9551=CARTESIAN_POINT('Ctrl Pts',(16.479350296112,-64.2893481484906,14.2154019543778));
#9552=CARTESIAN_POINT('Ctrl Pts',(16.5048081703592,-64.2881477814263,14.2154019543778));
#9553=CARTESIAN_POINT('Ctrl Pts',(16.5211668117948,-64.2900319106561,14.2154019543778));
#9554=CARTESIAN_POINT('Ctrl Pts',(16.5288323754644,-64.29127335374,14.2154019543778));
#9555=CARTESIAN_POINT('Ctrl Pts',(16.4848412164684,-64.32310789768,14.2154019543778));
#9556=CARTESIAN_POINT('Ctrl Pts',(16.4866198457167,-64.3189416269156,14.2154019543778));
#9557=CARTESIAN_POINT('Ctrl Pts',(16.4914806254945,-64.3112432803874,14.2154019543778));
#9558=CARTESIAN_POINT('Ctrl Pts',(16.5017949025777,-64.3034687422624,14.2154019543778));
#9559=CARTESIAN_POINT('Ctrl Pts',(16.5145146043298,-64.300064712397,14.2154019543778));
#9560=CARTESIAN_POINT('Ctrl Pts',(16.5240503453971,-64.3,14.2154019543778));
#9561=CARTESIAN_POINT('Ctrl Pts',(16.5288323754644,-64.3,14.2154019543778));
#9562=CARTESIAN_POINT('',(16.4848412164684,-64.32310789768,14.2154019543778));
#9563=CARTESIAN_POINT('Ctrl Pts',(15.9189455252453,-64.2098051511817,14.2154019543778));
#9564=CARTESIAN_POINT('Ctrl Pts',(15.9665101704632,-64.2098051511817,14.2154019543778));
#9565=CARTESIAN_POINT('Ctrl Pts',(16.0547901837978,-64.2119936426844,14.2154019543778));
#9566=CARTESIAN_POINT('Ctrl Pts',(16.2843134131465,-64.245555983372,14.2154019543778));
#9567=CARTESIAN_POINT('Ctrl Pts',(16.436794692281,-64.2986090900616,14.2154019543778));
#9568=CARTESIAN_POINT('Ctrl Pts',(16.4848412164684,-64.32310789768,14.2154019543778));
#9569=CARTESIAN_POINT('',(16.5288323754644,-64.3,14.2154019543778));
#9570=CARTESIAN_POINT('Ctrl Pts',(16.4848412164685,-64.32310789768,14.2154019543778));
#9571=CARTESIAN_POINT('Ctrl Pts',(16.4861125241269,-64.3201299797497,14.2154019543778));
#9572=CARTESIAN_POINT('Ctrl Pts',(16.487719031209,-64.3173106988045,14.2154019543778));
#9573=CARTESIAN_POINT('Ctrl Pts',(16.4896013564899,-64.3147724572365,14.2154019543778));
#9574=CARTESIAN_POINT('Ctrl Pts',(16.4914298505027,-64.3123068050153,14.2154019543778));
#9575=CARTESIAN_POINT('Ctrl Pts',(16.4935195503872,-64.3101068282159,14.2154019543778));
#9576=CARTESIAN_POINT('Ctrl Pts',(16.4958313848153,-64.3082385930525,14.2154019543778));
#9577=CARTESIAN_POINT('Ctrl Pts',(16.4980126274913,-64.3064758914429,14.2154019543778));
#9578=CARTESIAN_POINT('Ctrl Pts',(16.5003923151468,-64.3050086114812,14.2154019543778));
#9579=CARTESIAN_POINT('Ctrl Pts',(16.5029399597685,-64.3038469191699,14.2154019543778));
#9580=CARTESIAN_POINT('Ctrl Pts',(16.5054096742748,-64.3027207619623,14.2154019543778));
#9581=CARTESIAN_POINT('Ctrl Pts',(16.5080377481048,-64.3018819933286,14.2154019543778));
#9582=CARTESIAN_POINT('Ctrl Pts',(16.5107900554964,-64.3012935280521,14.2154019543778));
#9583=CARTESIAN_POINT('Ctrl Pts',(16.5134646507661,-64.3007216782472,14.2154019543778));
#9584=CARTESIAN_POINT('Ctrl Pts',(16.5162569791751,-64.3003863601844,14.2154019543778));
#9585=CARTESIAN_POINT('Ctrl Pts',(16.5191228892733,-64.3002063787538,14.2154019543778));
#9586=CARTESIAN_POINT('Ctrl Pts',(16.5218894516522,-64.3000326364388,14.2154019543778));
#9587=CARTESIAN_POINT('Ctrl Pts',(16.5247248844215,-64.3000037040797,14.2154019543778));
#9588=CARTESIAN_POINT('Ctrl Pts',(16.527572224231,-64.300000477776,14.2154019543778));
#9589=CARTESIAN_POINT('Ctrl Pts',(16.5279921258134,-64.3000000019881,14.2154019543778));
#9590=CARTESIAN_POINT('Ctrl Pts',(16.5284122501802,-64.3,14.2154019543778));
#9591=CARTESIAN_POINT('Ctrl Pts',(16.5288323754644,-64.3,14.2154019543778));
#9592=CARTESIAN_POINT('Origin',(16.5288323754644,-64.3,14.3154019543778));
#9593=CARTESIAN_POINT('Ctrl Pts',(15.9189455252453,-64.2098051511817,14.2154019543778));
#9594=CARTESIAN_POINT('Ctrl Pts',(15.9665101704632,-64.2098051511817,14.2154019543778));
#9595=CARTESIAN_POINT('Ctrl Pts',(16.0547901837978,-64.2119936426844,14.2154019543778));
#9596=CARTESIAN_POINT('Ctrl Pts',(16.2843134131465,-64.245555983372,14.2154019543778));
#9597=CARTESIAN_POINT('Ctrl Pts',(16.436794692281,-64.2986090900616,14.2154019543778));
#9598=CARTESIAN_POINT('Ctrl Pts',(16.4848412164684,-64.32310789768,14.2154019543778));
#9599=CARTESIAN_POINT('Ctrl Pts',(15.944170487629,-64.2110570558823,14.2120744703911));
#9600=CARTESIAN_POINT('Ctrl Pts',(15.9885588942337,-64.2117213807062,14.2122276136128));
#9601=CARTESIAN_POINT('Ctrl Pts',(16.0735607723061,-64.2146335528649,14.2127486154421));
#9602=CARTESIAN_POINT('Ctrl Pts',(16.3014524375471,-64.2527071264258,14.2140828158728));
#9603=CARTESIAN_POINT('Ctrl Pts',(16.4375130774504,-64.303829295716,14.2154019543778));
#9604=CARTESIAN_POINT('Ctrl Pts',(16.4830625872202,-64.3272741684444,14.2154019543778));
#9605=CARTESIAN_POINT('Ctrl Pts',(15.994001100825,-64.2147622517598,14.2054146230252));
#9606=CARTESIAN_POINT('Ctrl Pts',(16.0346647600246,-64.2166196024199,14.206101351578));
#9607=CARTESIAN_POINT('Ctrl Pts',(16.1171216689858,-64.2216072964211,14.2079512869705));
#9608=CARTESIAN_POINT('Ctrl Pts',(16.3376539702731,-64.2696123176434,14.2120947313402));
#9609=CARTESIAN_POINT('Ctrl Pts',(16.4420899420058,-64.3161720869636,14.2154019543778));
#9610=CARTESIAN_POINT('Ctrl Pts',(16.480850080851,-64.3361866721817,14.2154019543778));
#9611=CARTESIAN_POINT('Ctrl Pts',(16.0840189347957,-64.2248053420622,14.1956908074101));
#9612=CARTESIAN_POINT('Ctrl Pts',(16.1239304831098,-64.2295401587844,14.1977440673809));
#9613=CARTESIAN_POINT('Ctrl Pts',(16.2129539772174,-64.2431687897395,14.2025379457274));
#9614=CARTESIAN_POINT('Ctrl Pts',(16.3976733925095,-64.3074190573534,14.210583266244));
#9615=CARTESIAN_POINT('Ctrl Pts',(16.4553875665943,-64.3386897551858,14.2154019543778));
#9616=CARTESIAN_POINT('Ctrl Pts',(16.4823274191847,-64.3494113378313,14.2154019543778));
#9617=CARTESIAN_POINT('Ctrl Pts',(16.2455359843378,-64.2583135551139,14.1871578351558));
#9618=CARTESIAN_POINT('Ctrl Pts',(16.2827540631813,-64.2715990952045,14.1913304319456));
#9619=CARTESIAN_POINT('Ctrl Pts',(16.3587033580432,-64.3050881981745,14.199615118148));
#9620=CARTESIAN_POINT('Ctrl Pts',(16.4447773730764,-64.3551526295993,14.2110593423666));
#9621=CARTESIAN_POINT('Ctrl Pts',(16.4721197540082,-64.3606792245657,14.2154019543778));
#9622=CARTESIAN_POINT('Ctrl Pts',(16.4883415826265,-64.3615641932213,14.2154019543778));
#9623=CARTESIAN_POINT('Ctrl Pts',(16.3826998899201,-64.3447189355482,14.1861126324964));
#9624=CARTESIAN_POINT('Ctrl Pts',(16.3990892999112,-64.3562648227862,14.1914054704208));
#9625=CARTESIAN_POINT('Ctrl Pts',(16.4298870732464,-64.3741794210643,14.2014343808265));
#9626=CARTESIAN_POINT('Ctrl Pts',(16.4649640886303,-64.3789511162571,14.2124497715099));
#9627=CARTESIAN_POINT('Ctrl Pts',(16.484652520569,-64.3728347084331,14.2154019543778));
#9628=CARTESIAN_POINT('Ctrl Pts',(16.4943847902842,-64.3689672359776,14.2154019543778));
#9629=CARTESIAN_POINT('Ctrl Pts',(16.4428884724882,-64.4176601211357,14.1861126324964));
#9630=CARTESIAN_POINT('Ctrl Pts',(16.4476479752711,-64.4137327415089,14.1922833032439));
#9631=CARTESIAN_POINT('Ctrl Pts',(16.458419690978,-64.4048442885039,14.2029993562113));
#9632=CARTESIAN_POINT('Ctrl Pts',(16.4772361273877,-64.3893176059122,14.2131042669321));
#9633=CARTESIAN_POINT('Ctrl Pts',(16.4906974035106,-64.3782098192363,14.2154019543778));
#9634=CARTESIAN_POINT('Ctrl Pts',(16.4974283568963,-64.3726556657034,14.2154019543778));
#9635=CARTESIAN_POINT('',(16.4428884724882,-64.4176601211357,14.1861126324964));
#9636=CARTESIAN_POINT('Ctrl Pts',(15.9189455252453,-64.2098051511817,14.2154019543778));
#9637=CARTESIAN_POINT('Ctrl Pts',(15.944170487629,-64.2110570558823,14.2120744703911));
#9638=CARTESIAN_POINT('Ctrl Pts',(15.994001100825,-64.2147622517598,14.2054146230252));
#9639=CARTESIAN_POINT('Ctrl Pts',(16.0840189347957,-64.2248053420622,14.1956908074101));
#9640=CARTESIAN_POINT('Ctrl Pts',(16.2455359843378,-64.2583135551139,14.1871578351558));
#9641=CARTESIAN_POINT('Ctrl Pts',(16.3826998899201,-64.3447189355482,14.1861126324964));
#9642=CARTESIAN_POINT('Ctrl Pts',(16.4428884724882,-64.4176601211357,14.1861126324964));
#9643=CARTESIAN_POINT('',(16.4974283568963,-64.3726556657034,14.2154019543778));
#9644=CARTESIAN_POINT('Origin',(16.4974283568963,-64.3726556657034,14.1154019543778));
#9645=CARTESIAN_POINT('Ctrl Pts',(16.4974283568963,-64.3726556657034,14.2154019543778));
#9646=CARTESIAN_POINT('Ctrl Pts',(16.4954620076577,-64.3702726914145,14.2154019543778));
#9647=CARTESIAN_POINT('Ctrl Pts',(16.4934994704387,-64.3678874358754,14.2154019543778));
#9648=CARTESIAN_POINT('Ctrl Pts',(16.4916844749195,-64.3654488158648,14.2154019543778));
#9649=CARTESIAN_POINT('Ctrl Pts',(16.4898450099673,-64.3629773188314,14.2154019543778));
#9650=CARTESIAN_POINT('Ctrl Pts',(16.4881569305578,-64.3604509385988,14.2154019543778));
#9651=CARTESIAN_POINT('Ctrl Pts',(16.4867242939583,-64.3578452450974,14.2154019543778));
#9652=CARTESIAN_POINT('Ctrl Pts',(16.485247873445,-64.3551599169839,14.2154019543778));
#9653=CARTESIAN_POINT('Ctrl Pts',(16.4840426802893,-64.3523901868747,14.2154019543778));
#9654=CARTESIAN_POINT('Ctrl Pts',(16.4831761177214,-64.3495415839416,14.2154019543778));
#9655=CARTESIAN_POINT('Ctrl Pts',(16.4823052602469,-64.3466788626013,14.2154019543778));
#9656=CARTESIAN_POINT('Ctrl Pts',(16.4817761175005,-64.3437364494699,14.2154019543778));
#9657=CARTESIAN_POINT('Ctrl Pts',(16.4816137988247,-64.3407533969516,14.2154019543778));
#9658=CARTESIAN_POINT('Ctrl Pts',(16.481447950258,-64.3377054729707,14.2154019543778));
#9659=CARTESIAN_POINT('Ctrl Pts',(16.4816648575002,-64.3346149857869,14.2154019543778));
#9660=CARTESIAN_POINT('Ctrl Pts',(16.4822496806999,-64.3315598647854,14.2154019543778));
#9661=CARTESIAN_POINT('Ctrl Pts',(16.4828011408035,-64.3286790328604,14.2154019543778));
#9662=CARTESIAN_POINT('Ctrl Pts',(16.4836791441465,-64.3258299421677,14.2154019543778));
#9663=CARTESIAN_POINT('Ctrl Pts',(16.4848412164685,-64.32310789768,14.2154019543778));
#9664=CARTESIAN_POINT('Ctrl Pts',(15.9189455252453,-64.2098051511817,14.2154019543778));
#9665=CARTESIAN_POINT('Ctrl Pts',(15.944170487629,-64.2110570558823,14.2120744703911));
#9666=CARTESIAN_POINT('Ctrl Pts',(15.994001100825,-64.2147622517598,14.2054146230252));
#9667=CARTESIAN_POINT('Ctrl Pts',(16.0840189347957,-64.2248053420622,14.1956908074101));
#9668=CARTESIAN_POINT('Ctrl Pts',(16.2455359843378,-64.2583135551139,14.1871578351558));
#9669=CARTESIAN_POINT('Ctrl Pts',(16.3826998899201,-64.3447189355482,14.1861126324964));
#9670=CARTESIAN_POINT('Ctrl Pts',(16.4428884724882,-64.4176601211357,14.1861126324964));
#9671=CARTESIAN_POINT('Ctrl Pts',(15.9189455252453,-64.2121657653236,14.209127590401));
#9672=CARTESIAN_POINT('Ctrl Pts',(15.9426360757773,-64.2133161261675,14.2061698268573));
#9673=CARTESIAN_POINT('Ctrl Pts',(15.9912955835149,-64.2166225759751,14.2000772029167));
#9674=CARTESIAN_POINT('Ctrl Pts',(16.0830726492842,-64.2254366724644,14.1906662051794));
#9675=CARTESIAN_POINT('Ctrl Pts',(16.2444551390089,-64.2607690903823,14.1824193599281));
#9676=CARTESIAN_POINT('Ctrl Pts',(16.3757682032367,-64.3446346498562,14.1808197945721));
#9677=CARTESIAN_POINT('Ctrl Pts',(16.4381289697054,-64.4215875007625,14.179941961749));
#9678=CARTESIAN_POINT('Ctrl Pts',(15.9189455252453,-64.2185050237413,14.1970296621014));
#9679=CARTESIAN_POINT('Ctrl Pts',(15.9414466092248,-64.2192325035001,14.1943052250764));
#9680=CARTESIAN_POINT('Ctrl Pts',(15.9902091968886,-64.2210169761361,14.1885560350012));
#9681=CARTESIAN_POINT('Ctrl Pts',(16.0889158911116,-64.2277339347226,14.1788665170358));
#9682=CARTESIAN_POINT('Ctrl Pts',(16.24344328148,-64.2639970862974,14.1711989776513));
#9683=CARTESIAN_POINT('Ctrl Pts',(16.3664731170829,-64.3491274968255,14.1684670597211));
#9684=CARTESIAN_POINT('Ctrl Pts',(16.4298635661524,-64.4284078303225,14.1659764880337));
#9685=CARTESIAN_POINT('Ctrl Pts',(15.9189455252453,-64.2123315913936,14.1660551010061));
#9686=CARTESIAN_POINT('Ctrl Pts',(15.9442965535333,-64.2104024106223,14.1630416105838));
#9687=CARTESIAN_POINT('Ctrl Pts',(15.9982594236828,-64.2082367485981,14.1571464233739));
#9688=CARTESIAN_POINT('Ctrl Pts',(16.1077111771743,-64.2191774090156,14.1509537969407));
#9689=CARTESIAN_POINT('Ctrl Pts',(16.2581650462198,-64.277150718811,14.1480643547679));
#9690=CARTESIAN_POINT('Ctrl Pts',(16.3711416538764,-64.3720924942265,14.1444487803613));
#9691=CARTESIAN_POINT('Ctrl Pts',(16.422069542996,-64.4348391928307,14.1415810755251));
#9692=CARTESIAN_POINT('Ctrl Pts',(15.9189455252453,-64.2,14.1328552468977));
#9693=CARTESIAN_POINT('Ctrl Pts',(15.9528536808756,-64.2,14.1318268017732));
#9694=CARTESIAN_POINT('Ctrl Pts',(16.0285346370384,-64.2039753842674,14.1305371846561));
#9695=CARTESIAN_POINT('Ctrl Pts',(16.1616128783651,-64.2392880908763,14.1293732274113));
#9696=CARTESIAN_POINT('Ctrl Pts',(16.2984051392517,-64.3131251742204,14.1274458307594));
#9697=CARTESIAN_POINT('Ctrl Pts',(16.3828850150173,-64.3909624572902,14.1253700437217));
#9698=CARTESIAN_POINT('Ctrl Pts',(16.4202973126762,-64.436301576943,14.1241286006378));
#9699=CARTESIAN_POINT('Ctrl Pts',(15.9189455252453,-64.2,14.1154019543778));
#9700=CARTESIAN_POINT('Ctrl Pts',(15.9692716195002,-64.2,14.1154019543778));
#9701=CARTESIAN_POINT('Ctrl Pts',(16.0693389882718,-64.2119807477858,14.1154019543778));
#9702=CARTESIAN_POINT('Ctrl Pts',(16.20372912822,-64.2601927117021,14.1154019543778));
#9703=CARTESIAN_POINT('Ctrl Pts',(16.3220160097086,-64.333687420622,14.1154019543778));
#9704=CARTESIAN_POINT('Ctrl Pts',(16.3901375564059,-64.399751648609,14.1154019543778));
#9705=CARTESIAN_POINT('Ctrl Pts',(16.4202973126762,-64.436301576943,14.1154019543778));
#9706=CARTESIAN_POINT('',(15.9189455252453,-64.2,14.1154019543778));
#9707=CARTESIAN_POINT('Ctrl Pts',(15.9189455252453,-64.2098051511817,14.2154019543778));
#9708=CARTESIAN_POINT('Ctrl Pts',(15.9189455252453,-64.2121657653236,14.209127590401));
#9709=CARTESIAN_POINT('Ctrl Pts',(15.9189455252453,-64.2185050237413,14.1970296621014));
#9710=CARTESIAN_POINT('Ctrl Pts',(15.9189455252453,-64.2123315913936,14.1660551010061));
#9711=CARTESIAN_POINT('Ctrl Pts',(15.9189455252453,-64.2,14.1328552468977));
#9712=CARTESIAN_POINT('Ctrl Pts',(15.9189455252453,-64.2,14.1154019543778));
#9713=CARTESIAN_POINT('',(16.4202973126762,-64.436301576943,14.1154019543778));
#9714=CARTESIAN_POINT('Ctrl Pts',(15.9189455252453,-64.2,14.1154019543778));
#9715=CARTESIAN_POINT('Ctrl Pts',(15.9361237893861,-64.2,14.1154019543778));
#9716=CARTESIAN_POINT('Ctrl Pts',(15.9532981598457,-64.2006835581951,14.1154019543778));
#9717=CARTESIAN_POINT('Ctrl Pts',(15.9703310852661,-64.2020343186392,14.1154019543778));
#9718=CARTESIAN_POINT('Ctrl Pts',(15.988290667831,-64.2034585656856,14.1154019543778));
#9719=CARTESIAN_POINT('Ctrl Pts',(16.0060929023075,-64.2056234975559,14.1154019543778));
#9720=CARTESIAN_POINT('Ctrl Pts',(16.023630076292,-64.2084852731448,14.1154019543778));
#9721=CARTESIAN_POINT('Ctrl Pts',(16.0422829483674,-64.2115291121358,14.1154019543778));
#9722=CARTESIAN_POINT('Ctrl Pts',(16.0606362287521,-64.2153600507671,14.1154019543778));
#9723=CARTESIAN_POINT('Ctrl Pts',(16.0786183021148,-64.2199169861623,14.1154019543778));
#9724=CARTESIAN_POINT('Ctrl Pts',(16.0989189537507,-64.2250614851375,14.1154019543778));
#9725=CARTESIAN_POINT('Ctrl Pts',(16.1187470108466,-64.2311296980436,14.1154019543778));
#9726=CARTESIAN_POINT('Ctrl Pts',(16.1380662060592,-64.2380472834936,14.1154019543778));
#9727=CARTESIAN_POINT('Ctrl Pts',(16.1595481734657,-64.2457392884416,14.1154019543778));
#9728=CARTESIAN_POINT('Ctrl Pts',(16.1804032765948,-64.2544801408293,14.1154019543778));
#9729=CARTESIAN_POINT('Ctrl Pts',(16.200636688942,-64.2642098598515,14.1154019543778));
#9730=CARTESIAN_POINT('Ctrl Pts',(16.2220934327993,-64.2745278470146,14.1154019543778));
#9731=CARTESIAN_POINT('Ctrl Pts',(16.2428551120547,-64.2859587290411,14.1154019543778));
#9732=CARTESIAN_POINT('Ctrl Pts',(16.262933600919,-64.2984819098214,14.1154019543778));
#9733=CARTESIAN_POINT('Ctrl Pts',(16.2807098249846,-64.3095691419865,14.1154019543778));
#9734=CARTESIAN_POINT('Ctrl Pts',(16.2979519820982,-64.3215150624097,14.1154019543778));
#9735=CARTESIAN_POINT('Ctrl Pts',(16.3146356192113,-64.3343166189054,14.1154019543778));
#9736=CARTESIAN_POINT('Ctrl Pts',(16.3298800368914,-64.3460138449271,14.1154019543778));
#9737=CARTESIAN_POINT('Ctrl Pts',(16.3446581376446,-64.3584271573612,14.1154019543778));
#9738=CARTESIAN_POINT('Ctrl Pts',(16.3589142853996,-64.3715363231255,14.1154019543778));
#9739=CARTESIAN_POINT('Ctrl Pts',(16.3718360268457,-64.3834184425796,14.1154019543778));
#9740=CARTESIAN_POINT('Ctrl Pts',(16.384328329342,-64.3958731501726,14.1154019543778));
#9741=CARTESIAN_POINT('Ctrl Pts',(16.3963230680868,-64.4088529932204,14.1154019543778));
#9742=CARTESIAN_POINT('Ctrl Pts',(16.4045588591377,-64.417765173593,14.1154019543778));
#9743=CARTESIAN_POINT('Ctrl Pts',(16.4125594882004,-64.4269242819968,14.1154019543778));
#9744=CARTESIAN_POINT('Ctrl Pts',(16.4202973126762,-64.436301576943,14.1154019543778));
#9745=CARTESIAN_POINT('Origin',(16.4974283568963,-64.3726556657034,14.1154019543778));
#9746=CARTESIAN_POINT('Ctrl Pts',(15.9189455252453,-64.2098051511817,14.2154019543778));
#9747=CARTESIAN_POINT('Ctrl Pts',(15.9189455252453,-64.2121657653236,14.209127590401));
#9748=CARTESIAN_POINT('Ctrl Pts',(15.9189455252453,-64.2185050237413,14.1970296621014));
#9749=CARTESIAN_POINT('Ctrl Pts',(15.9189455252453,-64.2123315913936,14.1660551010061));
#9750=CARTESIAN_POINT('Ctrl Pts',(15.9189455252453,-64.2,14.1328552468977));
#9751=CARTESIAN_POINT('Ctrl Pts',(15.9189455252453,-64.2,14.1154019543778));
#9752=CARTESIAN_POINT('Ctrl Pts',(15.8937205628615,-64.2110570558823,14.2120744703911));
#9753=CARTESIAN_POINT('Ctrl Pts',(15.8952549747132,-64.2133161261675,14.2061698268573));
#9754=CARTESIAN_POINT('Ctrl Pts',(15.8964444412657,-64.2192325035001,14.1943052250764));
#9755=CARTESIAN_POINT('Ctrl Pts',(15.8935944969573,-64.2104024106223,14.1630416105838));
#9756=CARTESIAN_POINT('Ctrl Pts',(15.8850373696149,-64.2,14.1318268017732));
#9757=CARTESIAN_POINT('Ctrl Pts',(15.8686194309904,-64.2,14.1154019543778));
#9758=CARTESIAN_POINT('Ctrl Pts',(15.8438899496655,-64.2147622517598,14.2054146230252));
#9759=CARTESIAN_POINT('Ctrl Pts',(15.8465954669757,-64.2166225759751,14.2000772029167));
#9760=CARTESIAN_POINT('Ctrl Pts',(15.847681853602,-64.2210169761361,14.1885560350012));
#9761=CARTESIAN_POINT('Ctrl Pts',(15.8396316268077,-64.208236748598,14.1571464233739));
#9762=CARTESIAN_POINT('Ctrl Pts',(15.8093564134522,-64.2039753842674,14.1305371846561));
#9763=CARTESIAN_POINT('Ctrl Pts',(15.7685520622188,-64.2119807477858,14.1154019543778));
#9764=CARTESIAN_POINT('Ctrl Pts',(15.7538721156949,-64.2248053420622,14.1956908074101));
#9765=CARTESIAN_POINT('Ctrl Pts',(15.7548184012064,-64.2254366724643,14.1906662051794));
#9766=CARTESIAN_POINT('Ctrl Pts',(15.7489751593789,-64.2277339347226,14.1788665170358));
#9767=CARTESIAN_POINT('Ctrl Pts',(15.7301798733162,-64.2191774090156,14.1509537969407));
#9768=CARTESIAN_POINT('Ctrl Pts',(15.6762781721255,-64.2392880908763,14.1293732274113));
#9769=CARTESIAN_POINT('Ctrl Pts',(15.6341619222706,-64.2601927117021,14.1154019543778));
#9770=CARTESIAN_POINT('Ctrl Pts',(15.5923550661527,-64.2583135551139,14.1871578351558));
#9771=CARTESIAN_POINT('Ctrl Pts',(15.5934359114817,-64.2607690903823,14.1824193599281));
#9772=CARTESIAN_POINT('Ctrl Pts',(15.5944477690106,-64.2639970862974,14.1711989776513));
#9773=CARTESIAN_POINT('Ctrl Pts',(15.5797260042707,-64.2771507188109,14.1480643547679));
#9774=CARTESIAN_POINT('Ctrl Pts',(15.5394859112389,-64.3131251742204,14.1274458307594));
#9775=CARTESIAN_POINT('Ctrl Pts',(15.515875040782,-64.3336874206219,14.1154019543778));
#9776=CARTESIAN_POINT('Ctrl Pts',(15.4551911605704,-64.3447189355482,14.1861126324964));
#9777=CARTESIAN_POINT('Ctrl Pts',(15.4621228472539,-64.3446346498562,14.1808197945721));
#9778=CARTESIAN_POINT('Ctrl Pts',(15.4714179334076,-64.3491274968255,14.1684670597211));
#9779=CARTESIAN_POINT('Ctrl Pts',(15.4667493966142,-64.3720924942265,14.1444487803613));
#9780=CARTESIAN_POINT('Ctrl Pts',(15.4550060354733,-64.3909624572901,14.1253700437217));
#9781=CARTESIAN_POINT('Ctrl Pts',(15.4477534940847,-64.399751648609,14.1154019543778));
#9782=CARTESIAN_POINT('Ctrl Pts',(15.3950025780023,-64.4176601211357,14.1861126324964));
#9783=CARTESIAN_POINT('Ctrl Pts',(15.3997620807852,-64.4215875007625,14.179941961749));
#9784=CARTESIAN_POINT('Ctrl Pts',(15.4080274843381,-64.4284078303225,14.1659764880337));
#9785=CARTESIAN_POINT('Ctrl Pts',(15.4158215074946,-64.4348391928307,14.1415810755251));
#9786=CARTESIAN_POINT('Ctrl Pts',(15.4175937378144,-64.436301576943,14.1241286006378));
#9787=CARTESIAN_POINT('Ctrl Pts',(15.4175937378144,-64.436301576943,14.1154019543778));
#9788=CARTESIAN_POINT('',(15.3950025780023,-64.4176601211357,14.1861126324964));
#9789=CARTESIAN_POINT('Ctrl Pts',(15.9189455252453,-64.2098051511817,14.2154019543778));
#9790=CARTESIAN_POINT('Ctrl Pts',(15.8937205628615,-64.2110570558823,14.2120744703911));
#9791=CARTESIAN_POINT('Ctrl Pts',(15.8438899496655,-64.2147622517598,14.2054146230252));
#9792=CARTESIAN_POINT('Ctrl Pts',(15.7538721156949,-64.2248053420622,14.1956908074101));
#9793=CARTESIAN_POINT('Ctrl Pts',(15.5923550661527,-64.2583135551139,14.1871578351558));
#9794=CARTESIAN_POINT('Ctrl Pts',(15.4551911605704,-64.3447189355482,14.1861126324964));
#9795=CARTESIAN_POINT('Ctrl Pts',(15.3950025780023,-64.4176601211357,14.1861126324964));
#9796=CARTESIAN_POINT('',(15.4175937378144,-64.436301576943,14.1154019543778));
#9797=CARTESIAN_POINT('Origin',(15.3404626935943,-64.3726556657034,14.1154019543778));
#9798=CARTESIAN_POINT('Ctrl Pts',(15.4175937378144,-64.436301576943,14.1154019543778));
#9799=CARTESIAN_POINT('Ctrl Pts',(15.4287228285739,-64.4228144828817,14.1154019543778));
#9800=CARTESIAN_POINT('Ctrl Pts',(15.4403948243083,-64.4097809639695,14.1154019543778));
#9801=CARTESIAN_POINT('Ctrl Pts',(15.45253008885,-64.3972786279706,14.1154019543778));
#9802=CARTESIAN_POINT('Ctrl Pts',(15.4655283699465,-64.3838871706095,14.1154019543778));
#9803=CARTESIAN_POINT('Ctrl Pts',(15.4790572916355,-64.3711041539498,14.1154019543778));
#9804=CARTESIAN_POINT('Ctrl Pts',(15.4930457795137,-64.3589710735753,14.1154019543778));
#9805=CARTESIAN_POINT('Ctrl Pts',(15.508427446287,-64.3456296030119,14.1154019543778));
#9806=CARTESIAN_POINT('Ctrl Pts',(15.5243641280821,-64.3330723822751,14.1154019543778));
#9807=CARTESIAN_POINT('Ctrl Pts',(15.5408062087219,-64.3213123253761,14.1154019543778));
#9808=CARTESIAN_POINT('Ctrl Pts',(15.5601680868191,-64.3074639084341,14.1154019543778));
#9809=CARTESIAN_POINT('Ctrl Pts',(15.5802308375047,-64.2947176923701,14.1154019543778));
#9810=CARTESIAN_POINT('Ctrl Pts',(15.6009822849083,-64.2830790374361,14.1154019543778));
#9811=CARTESIAN_POINT('Ctrl Pts',(15.6214680582918,-64.2715893884092,14.1154019543778));
#9812=CARTESIAN_POINT('Ctrl Pts',(15.6426288183542,-64.2611765633538,14.1154019543778));
#9813=CARTESIAN_POINT('Ctrl Pts',(15.6644812694173,-64.2518796588429,14.1154019543778));
#9814=CARTESIAN_POINT('Ctrl Pts',(15.6837727571354,-64.2436722903115,14.1154019543778));
#9815=CARTESIAN_POINT('Ctrl Pts',(15.7036058538435,-64.2363351341443,14.1154019543778));
#9816=CARTESIAN_POINT('Ctrl Pts',(15.7239709120176,-64.2299315358795,14.1154019543778));
#9817=CARTESIAN_POINT('Ctrl Pts',(15.7418009715659,-64.2243250437494,14.1154019543778));
#9818=CARTESIAN_POINT('Ctrl Pts',(15.760039575824,-64.2194352384485,14.1154019543778));
#9819=CARTESIAN_POINT('Ctrl Pts',(15.7786434967556,-64.2153226482679,14.1154019543778));
#9820=CARTESIAN_POINT('Ctrl Pts',(15.7962234061296,-64.2114364264906,14.1154019543778));
#9821=CARTESIAN_POINT('Ctrl Pts',(15.8141300847857,-64.2082452169597,14.1154019543778));
#9822=CARTESIAN_POINT('Ctrl Pts',(15.8322826211475,-64.2058031814318,14.1154019543778));
#9823=CARTESIAN_POINT('Ctrl Pts',(15.8491823021082,-64.2035296908026,14.1154019543778));
#9824=CARTESIAN_POINT('Ctrl Pts',(15.8662950716739,-64.2019064439884,14.1154019543778));
#9825=CARTESIAN_POINT('Ctrl Pts',(15.8835126230014,-64.2009664804969,14.1154019543778));
#9826=CARTESIAN_POINT('Ctrl Pts',(15.8952912033255,-64.2003234485538,14.1154019543778));
#9827=CARTESIAN_POINT('Ctrl Pts',(15.9071179241873,-64.2,14.1154019543778));
#9828=CARTESIAN_POINT('Ctrl Pts',(15.9189455252453,-64.2,14.1154019543778));
#9829=CARTESIAN_POINT('Ctrl Pts',(15.9189455252453,-64.2098051511817,14.2154019543778));
#9830=CARTESIAN_POINT('Ctrl Pts',(15.8937205628615,-64.2110570558823,14.2120744703911));
#9831=CARTESIAN_POINT('Ctrl Pts',(15.8438899496655,-64.2147622517598,14.2054146230252));
#9832=CARTESIAN_POINT('Ctrl Pts',(15.7538721156949,-64.2248053420622,14.1956908074101));
#9833=CARTESIAN_POINT('Ctrl Pts',(15.5923550661527,-64.2583135551139,14.1871578351558));
#9834=CARTESIAN_POINT('Ctrl Pts',(15.4551911605704,-64.3447189355482,14.1861126324964));
#9835=CARTESIAN_POINT('Ctrl Pts',(15.3950025780023,-64.4176601211357,14.1861126324964));
#9836=CARTESIAN_POINT('Ctrl Pts',(15.8713808800273,-64.2098051511817,14.2154019543778));
#9837=CARTESIAN_POINT('Ctrl Pts',(15.8493321562568,-64.2117213807062,14.2122276136128));
#9838=CARTESIAN_POINT('Ctrl Pts',(15.8032262904659,-64.2166196024199,14.206101351578));
#9839=CARTESIAN_POINT('Ctrl Pts',(15.7139605673807,-64.2295401587844,14.1977440673809));
#9840=CARTESIAN_POINT('Ctrl Pts',(15.5551369873093,-64.2715990952045,14.1913304319456));
#9841=CARTESIAN_POINT('Ctrl Pts',(15.4388017505794,-64.3562648227862,14.1914054704208));
#9842=CARTESIAN_POINT('Ctrl Pts',(15.3902430752194,-64.4137327415089,14.1922833032439));
#9843=CARTESIAN_POINT('Ctrl Pts',(15.7831008666927,-64.2119936426844,14.2154019543778));
#9844=CARTESIAN_POINT('Ctrl Pts',(15.7643302781844,-64.2146335528649,14.2127486154421));
#9845=CARTESIAN_POINT('Ctrl Pts',(15.7207693815048,-64.2216072964211,14.2079512869705));
#9846=CARTESIAN_POINT('Ctrl Pts',(15.6249370732732,-64.2431687897394,14.2025379457274));
#9847=CARTESIAN_POINT('Ctrl Pts',(15.4791876924473,-64.3050881981745,14.199615118148));
#9848=CARTESIAN_POINT('Ctrl Pts',(15.4080039772442,-64.3741794210643,14.2014343808265));
#9849=CARTESIAN_POINT('Ctrl Pts',(15.3794713595126,-64.404844288504,14.2029993562113));
#9850=CARTESIAN_POINT('Ctrl Pts',(15.5535776373441,-64.2455559833719,14.2154019543778));
#9851=CARTESIAN_POINT('Ctrl Pts',(15.5364386129435,-64.2527071264258,14.2140828158728));
#9852=CARTESIAN_POINT('Ctrl Pts',(15.5002370802175,-64.2696123176434,14.2120947313402));
#9853=CARTESIAN_POINT('Ctrl Pts',(15.440217657981,-64.3074190573534,14.210583266244));
#9854=CARTESIAN_POINT('Ctrl Pts',(15.3931136774142,-64.3551526295992,14.2110593423666));
#9855=CARTESIAN_POINT('Ctrl Pts',(15.3729269618602,-64.3789511162571,14.2124497715099));
#9856=CARTESIAN_POINT('Ctrl Pts',(15.3606549231028,-64.3893176059122,14.2131042669321));
#9857=CARTESIAN_POINT('Ctrl Pts',(15.4010963582096,-64.2986090900616,14.2154019543778));
#9858=CARTESIAN_POINT('Ctrl Pts',(15.4003779730401,-64.303829295716,14.2154019543778));
#9859=CARTESIAN_POINT('Ctrl Pts',(15.3958011084848,-64.3161720869636,14.2154019543778));
#9860=CARTESIAN_POINT('Ctrl Pts',(15.3825034838963,-64.3386897551858,14.2154019543778));
#9861=CARTESIAN_POINT('Ctrl Pts',(15.3657712964823,-64.3606792245657,14.2154019543778));
#9862=CARTESIAN_POINT('Ctrl Pts',(15.3532385299216,-64.3728347084331,14.2154019543778));
#9863=CARTESIAN_POINT('Ctrl Pts',(15.34719364698,-64.3782098192363,14.2154019543778));
#9864=CARTESIAN_POINT('Ctrl Pts',(15.3530498340221,-64.32310789768,14.2154019543778));
#9865=CARTESIAN_POINT('Ctrl Pts',(15.3548284632704,-64.3272741684444,14.2154019543778));
#9866=CARTESIAN_POINT('Ctrl Pts',(15.3570409696396,-64.3361866721817,14.2154019543778));
#9867=CARTESIAN_POINT('Ctrl Pts',(15.3555636313059,-64.3494113378313,14.2154019543778));
#9868=CARTESIAN_POINT('Ctrl Pts',(15.3495494678641,-64.3615641932213,14.2154019543778));
#9869=CARTESIAN_POINT('Ctrl Pts',(15.3435062602063,-64.3689672359776,14.2154019543778));
#9870=CARTESIAN_POINT('Ctrl Pts',(15.3404626935943,-64.3726556657034,14.2154019543778));
#9871=CARTESIAN_POINT('',(15.3530498340221,-64.32310789768,14.2154019543778));
#9872=CARTESIAN_POINT('Ctrl Pts',(15.9189455252453,-64.2098051511817,14.2154019543778));
#9873=CARTESIAN_POINT('Ctrl Pts',(15.8713808800273,-64.2098051511817,14.2154019543778));
#9874=CARTESIAN_POINT('Ctrl Pts',(15.7831008666927,-64.2119936426844,14.2154019543778));
#9875=CARTESIAN_POINT('Ctrl Pts',(15.5535776373441,-64.2455559833719,14.2154019543778));
#9876=CARTESIAN_POINT('Ctrl Pts',(15.4010963582096,-64.2986090900616,14.2154019543778));
#9877=CARTESIAN_POINT('Ctrl Pts',(15.3530498340221,-64.32310789768,14.2154019543778));
#9878=CARTESIAN_POINT('',(15.3404626935943,-64.3726556657034,14.2154019543778));
#9879=CARTESIAN_POINT('Ctrl Pts',(15.3530498340221,-64.32310789768,14.2154019543778));
#9880=CARTESIAN_POINT('Ctrl Pts',(15.3542876532162,-64.3260073720504,14.2154019543778));
#9881=CARTESIAN_POINT('Ctrl Pts',(15.3552028128984,-64.3290506241133,14.2154019543778));
#9882=CARTESIAN_POINT('Ctrl Pts',(15.3557450657775,-64.3321236182487,14.2154019543778));
#9883=CARTESIAN_POINT('Ctrl Pts',(15.3562789687854,-64.335149292939,14.2154019543778));
#9884=CARTESIAN_POINT('Ctrl Pts',(15.3564511103829,-64.3382039016002,14.2154019543778));
#9885=CARTESIAN_POINT('Ctrl Pts',(15.3562492765152,-64.3412140569168,14.2154019543778));
#9886=CARTESIAN_POINT('Ctrl Pts',(15.3560521142935,-64.3441545391894,14.2154019543778));
#9887=CARTESIAN_POINT('Ctrl Pts',(15.355497926213,-64.3470527372604,14.2154019543778));
#9888=CARTESIAN_POINT('Ctrl Pts',(15.354612638816,-64.3498725489807,14.2154019543778));
#9889=CARTESIAN_POINT('Ctrl Pts',(15.3537382688553,-64.3526575865533,14.2154019543778));
#9890=CARTESIAN_POINT('Ctrl Pts',(15.3525407119123,-64.3553662295628,14.2154019543778));
#9891=CARTESIAN_POINT('Ctrl Pts',(15.3510845606616,-64.3579941618396,14.2154019543778));
#9892=CARTESIAN_POINT('Ctrl Pts',(15.3496567233627,-64.3605709956144,14.2154019543778));
#9893=CARTESIAN_POINT('Ctrl Pts',(15.3479801227005,-64.3630703263811,14.2154019543778));
#9894=CARTESIAN_POINT('Ctrl Pts',(15.3461563345421,-64.3655162573463,14.2154019543778));
#9895=CARTESIAN_POINT('Ctrl Pts',(15.3443554569099,-64.3679314623934,14.2154019543778));
#9896=CARTESIAN_POINT('Ctrl Pts',(15.342410912488,-64.3702946631706,14.2154019543778));
#9897=CARTESIAN_POINT('Ctrl Pts',(15.3404626935943,-64.3726556657034,14.2154019543778));
#9898=CARTESIAN_POINT('Origin',(15.3404626935943,-64.3726556657034,14.1154019543778));
#9899=CARTESIAN_POINT('Origin',(13.8189455252456,-65.7,15.3154019543778));
#9900=CARTESIAN_POINT('',(18.7189455252453,-65.7,15.5154019543778));
#9901=CARTESIAN_POINT('',(18.7189455252453,-65.5,15.3154019543778));
#9902=CARTESIAN_POINT('Origin',(18.7189455252453,-65.7,15.3154019543778));
#9903=CARTESIAN_POINT('',(16.7689455252453,-65.5,15.3154019543778));
#9904=CARTESIAN_POINT('',(13.8189455252456,-65.5,15.3154019543778));
#9905=CARTESIAN_POINT('',(16.7689455252453,-65.7,15.5154019543778));
#9906=CARTESIAN_POINT('Origin',(16.7689455252453,-65.7,15.3154019543778));
#9907=CARTESIAN_POINT('',(13.8189455252456,-65.7,15.5154019543778));
#9908=CARTESIAN_POINT('Origin',(18.7189455252453,-65.3,15.3154019543778));
#9909=CARTESIAN_POINT('',(19.1189455252453,-65.3,15.5154019543778));
#9910=CARTESIAN_POINT('',(18.9189455252453,-65.3,15.3154019543778));
#9911=CARTESIAN_POINT('Origin',(19.1189455252453,-65.3,15.3154019543778));
#9912=CARTESIAN_POINT('Origin',(18.7189455252453,-65.3,15.3154019543778));
#9913=CARTESIAN_POINT('Origin',(18.7189455252453,-65.3,15.5154019543778));
#9914=CARTESIAN_POINT('Origin',(19.1189455252453,-62.0719124145899,15.3154019543778));
#9915=CARTESIAN_POINT('',(19.1189455252453,-64.4,15.5154019543778));
#9916=CARTESIAN_POINT('',(18.9189455252453,-64.4,15.3154019543778));
#9917=CARTESIAN_POINT('Origin',(19.1189455252453,-64.4,15.3154019543778));
#9918=CARTESIAN_POINT('',(18.9189455252453,-62.0719124145899,15.3154019543778));
#9919=CARTESIAN_POINT('',(19.1189455252453,-62.0719124145899,15.5154019543778));
#9920=CARTESIAN_POINT('Origin',(18.7189455252453,-64.4,15.3154019543778));
#9921=CARTESIAN_POINT('',(18.7189455252453,-64.,15.5154019543778));
#9922=CARTESIAN_POINT('',(18.7189455252453,-64.2,15.3154019543778));
#9923=CARTESIAN_POINT('Origin',(18.7189455252453,-64.,15.3154019543778));
#9924=CARTESIAN_POINT('Origin',(18.7189455252453,-64.4,15.3154019543778));
#9925=CARTESIAN_POINT('Origin',(18.7189455252453,-64.4,15.5154019543778));
#9926=CARTESIAN_POINT('Origin',(10.8189455252456,-64.,15.3154019543778));
#9927=CARTESIAN_POINT('',(16.7689455252453,-64.,15.5154019543778));
#9928=CARTESIAN_POINT('',(16.7689455252453,-64.2,15.3154019543778));
#9929=CARTESIAN_POINT('Origin',(16.7689455252453,-64.,15.3154019543778));
#9930=CARTESIAN_POINT('',(10.8189455252456,-64.2,15.3154019543778));
#9931=CARTESIAN_POINT('',(10.8189455252456,-64.,15.5154019543778));
#9932=CARTESIAN_POINT('Origin',(16.7689455252453,-61.6469124145899,15.3154019543778));
#9933=CARTESIAN_POINT('',(16.7689455252453,-63.55,15.5154019543778));
#9934=CARTESIAN_POINT('',(16.5689455252453,-63.55,15.3154019543778));
#9935=CARTESIAN_POINT('Origin',(16.7689455252453,-63.55,15.3154019543778));
#9936=CARTESIAN_POINT('',(16.5689455252453,-64.,15.3154019543778));
#9937=CARTESIAN_POINT('',(16.5689455252453,-61.6469124145899,15.3154019543778));
#9938=CARTESIAN_POINT('Origin',(16.7689455252453,-64.,15.3154019543778));
#9939=CARTESIAN_POINT('',(16.7689455252453,-61.6469124145899,15.5154019543778));
#9940=CARTESIAN_POINT('Origin',(16.3689455252453,-63.55,15.3154019543778));
#9941=CARTESIAN_POINT('',(16.3689455252453,-63.15,15.5154019543778));
#9942=CARTESIAN_POINT('',(16.3689455252453,-63.35,15.3154019543778));
#9943=CARTESIAN_POINT('Origin',(16.3689455252453,-63.15,15.3154019543778));
#9944=CARTESIAN_POINT('Origin',(16.3689455252453,-63.55,15.3154019543778));
#9945=CARTESIAN_POINT('Origin',(16.3689455252453,-63.55,15.5154019543778));
#9946=CARTESIAN_POINT('Origin',(11.9939455252456,-63.15,15.3154019543778));
#9947=CARTESIAN_POINT('',(15.4689455252453,-63.15,15.5154019543778));
#9948=CARTESIAN_POINT('',(15.4689455252453,-63.35,15.3154019543778));
#9949=CARTESIAN_POINT('Origin',(15.4689455252453,-63.15,15.3154019543778));
#9950=CARTESIAN_POINT('',(11.9939455252456,-63.35,15.3154019543778));
#9951=CARTESIAN_POINT('',(11.9939455252456,-63.15,15.5154019543778));
#9952=CARTESIAN_POINT('Origin',(15.4689455252453,-63.55,15.3154019543778));
#9953=CARTESIAN_POINT('',(15.0689455252453,-63.55,15.5154019543778));
#9954=CARTESIAN_POINT('',(15.2689455252453,-63.55,15.3154019543778));
#9955=CARTESIAN_POINT('Origin',(15.0689455252453,-63.55,15.3154019543778));
#9956=CARTESIAN_POINT('Origin',(15.4689455252453,-63.55,15.3154019543778));
#9957=CARTESIAN_POINT('Origin',(15.4689455252453,-63.55,15.5154019543778));
#9958=CARTESIAN_POINT('Origin',(15.0689455252453,-62.0719124145899,15.3154019543778));
#9959=CARTESIAN_POINT('',(15.0689455252453,-64.,15.5154019543778));
#9960=CARTESIAN_POINT('',(15.2689455252453,-64.,15.3154019543778));
#9961=CARTESIAN_POINT('Origin',(15.0689455252453,-64.,15.3154019543778));
#9962=CARTESIAN_POINT('',(15.2689455252453,-62.0719124145899,15.3154019543778));
#9963=CARTESIAN_POINT('',(15.0689455252453,-62.0719124145899,15.5154019543778));
#9964=CARTESIAN_POINT('Origin',(16.7689455252453,-64.,15.3154019543778));
#9965=CARTESIAN_POINT('Origin',(16.7689455252453,-64.,15.3154019543778));
#9966=CARTESIAN_POINT('Origin',(10.8189455252456,-64.,15.3154019543778));
#9967=CARTESIAN_POINT('',(13.1189455252453,-64.,15.5154019543778));
#9968=CARTESIAN_POINT('',(13.1189455252453,-64.2,15.3154019543778));
#9969=CARTESIAN_POINT('Origin',(13.1189455252453,-64.,15.3154019543778));
#9970=CARTESIAN_POINT('',(15.0689455252453,-64.2,15.3154019543778));
#9971=CARTESIAN_POINT('',(10.8189455252456,-64.2,15.3154019543778));
#9972=CARTESIAN_POINT('Origin',(15.0689455252453,-64.,15.3154019543778));
#9973=CARTESIAN_POINT('',(10.8189455252456,-64.,15.5154019543778));
#9974=CARTESIAN_POINT('Origin',(13.1189455252453,-64.4,15.3154019543778));
#9975=CARTESIAN_POINT('',(12.7189455252453,-64.4,15.5154019543778));
#9976=CARTESIAN_POINT('',(12.9189455252453,-64.4,15.3154019543778));
#9977=CARTESIAN_POINT('Origin',(12.7189455252453,-64.4,15.3154019543778));
#9978=CARTESIAN_POINT('Origin',(13.1189455252453,-64.4,15.3154019543778));
#9979=CARTESIAN_POINT('Origin',(13.1189455252453,-64.4,15.5154019543778));
#9980=CARTESIAN_POINT('Origin',(12.7189455252453,-62.7219124145899,15.3154019543778));
#9981=CARTESIAN_POINT('',(12.7189455252453,-65.3,15.5154019543778));
#9982=CARTESIAN_POINT('',(12.9189455252453,-65.3,15.3154019543778));
#9983=CARTESIAN_POINT('Origin',(12.7189455252453,-65.3,15.3154019543778));
#9984=CARTESIAN_POINT('',(12.9189455252453,-62.7219124145899,15.3154019543778));
#9985=CARTESIAN_POINT('',(12.7189455252453,-62.7219124145899,15.5154019543778));
#9986=CARTESIAN_POINT('Origin',(13.1189455252453,-65.3,15.3154019543778));
#9987=CARTESIAN_POINT('',(13.1189455252453,-65.7,15.5154019543778));
#9988=CARTESIAN_POINT('',(13.1189455252453,-65.5,15.3154019543778));
#9989=CARTESIAN_POINT('Origin',(13.1189455252453,-65.7,15.3154019543778));
#9990=CARTESIAN_POINT('Origin',(13.1189455252453,-65.3,15.3154019543778));
#9991=CARTESIAN_POINT('Origin',(13.1189455252453,-65.3,15.5154019543778));
#9992=CARTESIAN_POINT('Origin',(13.8189455252456,-65.7,15.3154019543778));
#9993=CARTESIAN_POINT('',(15.0689455252453,-65.7,15.5154019543778));
#9994=CARTESIAN_POINT('',(15.0689455252453,-65.5,15.3154019543778));
#9995=CARTESIAN_POINT('Origin',(15.0689455252453,-65.7,15.3154019543778));
#9996=CARTESIAN_POINT('',(13.8189455252456,-65.5,15.3154019543778));
#9997=CARTESIAN_POINT('',(13.8189455252456,-65.7,15.5154019543778));
#9998=CARTESIAN_POINT('Origin',(15.0689455252453,-64.,15.3154019543778));
#9999=CARTESIAN_POINT('Origin',(15.0689455252453,-64.,15.3154019543778));
#10000=CARTESIAN_POINT('Origin',(15.0689455252453,-63.1469124145899,15.3154019543778));
#10001=CARTESIAN_POINT('',(15.0689455252453,-66.15,15.5154019543778));
#10002=CARTESIAN_POINT('',(15.2689455252453,-66.15,15.3154019543778));
#10003=CARTESIAN_POINT('Origin',(15.0689455252453,-66.15,15.3154019543778));
#10004=CARTESIAN_POINT('',(15.2689455252453,-65.7,15.3154019543778));
#10005=CARTESIAN_POINT('',(15.2689455252453,-63.1469124145899,15.3154019543778));
#10006=CARTESIAN_POINT('Origin',(15.0689455252453,-65.7,15.3154019543778));
#10007=CARTESIAN_POINT('',(15.0689455252453,-63.1469124145899,15.5154019543778));
#10008=CARTESIAN_POINT('Origin',(15.4689455252453,-66.15,15.3154019543778));
#10009=CARTESIAN_POINT('',(15.4689455252453,-66.55,15.5154019543778));
#10010=CARTESIAN_POINT('',(15.4689455252453,-66.35,15.3154019543778));
#10011=CARTESIAN_POINT('Origin',(15.4689455252453,-66.55,15.3154019543778));
#10012=CARTESIAN_POINT('Origin',(15.4689455252453,-66.15,15.3154019543778));
#10013=CARTESIAN_POINT('Origin',(15.4689455252453,-66.15,15.5154019543778));
#10014=CARTESIAN_POINT('Origin',(12.6439455252456,-66.55,15.3154019543778));
#10015=CARTESIAN_POINT('',(16.3689455252453,-66.55,15.5154019543778));
#10016=CARTESIAN_POINT('',(16.3689455252453,-66.35,15.3154019543778));
#10017=CARTESIAN_POINT('Origin',(16.3689455252453,-66.55,15.3154019543778));
#10018=CARTESIAN_POINT('',(12.6439455252456,-66.35,15.3154019543778));
#10019=CARTESIAN_POINT('',(12.6439455252456,-66.55,15.5154019543778));
#10020=CARTESIAN_POINT('Origin',(16.3689455252453,-66.15,15.3154019543778));
#10021=CARTESIAN_POINT('',(16.7689455252453,-66.15,15.5154019543778));
#10022=CARTESIAN_POINT('',(16.5689455252453,-66.15,15.3154019543778));
#10023=CARTESIAN_POINT('Origin',(16.7689455252453,-66.15,15.3154019543778));
#10024=CARTESIAN_POINT('Origin',(16.3689455252453,-66.15,15.3154019543778));
#10025=CARTESIAN_POINT('Origin',(16.3689455252453,-66.15,15.5154019543778));
#10026=CARTESIAN_POINT('Origin',(16.7689455252453,-62.7219124145899,15.3154019543778));
#10027=CARTESIAN_POINT('',(16.5689455252453,-65.7,15.3154019543778));
#10028=CARTESIAN_POINT('Origin',(16.7689455252453,-65.7,15.3154019543778));
#10029=CARTESIAN_POINT('',(16.5689455252453,-62.7219124145899,15.3154019543778));
#10030=CARTESIAN_POINT('',(16.7689455252453,-62.7219124145899,15.5154019543778));
#10031=CARTESIAN_POINT('Origin',(15.0689455252453,-65.7,15.3154019543778));
#10032=CARTESIAN_POINT('Origin',(15.0689455252453,-65.7,15.3154019543778));
#10033=CARTESIAN_POINT('Origin',(16.7689455252453,-65.7,15.3154019543778));
#10034=CARTESIAN_POINT('Origin',(16.7689455252453,-65.7,15.3154019543778));
#10035=CARTESIAN_POINT('Origin',(16.3689455252453,-63.55,15.5154019543778));
#10036=CARTESIAN_POINT('',(16.3689455252453,-63.35,15.0154019543778));
#10037=CARTESIAN_POINT('',(16.3689455252453,-63.35,15.5154019543778));
#10038=CARTESIAN_POINT('',(16.5689455252453,-63.55,15.0154019543778));
#10039=CARTESIAN_POINT('Origin',(16.3689455252453,-63.55,15.0154019543778));
#10040=CARTESIAN_POINT('',(16.5689455252453,-63.55,15.5154019543778));
#10041=CARTESIAN_POINT('Origin',(15.2689455252453,-63.35,15.5154019543778));
#10042=CARTESIAN_POINT('',(15.4689455252453,-63.35,15.0154019543778));
#10043=CARTESIAN_POINT('',(15.4689455252453,-63.35,15.5154019543778));
#10044=CARTESIAN_POINT('',(15.5939455252453,-63.35,15.0154019543778));
#10045=CARTESIAN_POINT('Origin',(15.4689455252453,-63.55,15.5154019543778));
#10046=CARTESIAN_POINT('',(15.2689455252453,-63.55,15.0154019543778));
#10047=CARTESIAN_POINT('',(15.2689455252453,-63.55,15.5154019543778));
#10048=CARTESIAN_POINT('Origin',(15.4689455252453,-63.55,15.0154019543778));
#10049=CARTESIAN_POINT('Origin',(15.2689455252453,-64.2,15.5154019543778));
#10050=CARTESIAN_POINT('',(15.2689455252453,-64.,15.0154019543778));
#10051=CARTESIAN_POINT('',(15.2689455252453,-64.,15.5154019543778));
#10052=CARTESIAN_POINT('',(15.2689455252453,-63.9875,15.0154019543778));
#10053=CARTESIAN_POINT('Origin',(15.0689455252453,-64.,15.5154019543778));
#10054=CARTESIAN_POINT('',(15.0689455252453,-64.2,14.8154019543778));
#10055=CARTESIAN_POINT('',(15.0689455252453,-64.2,15.5154019543778));
#10056=CARTESIAN_POINT('',(15.2575073335617,-64.0666666666667,15.0154019543778));
#10057=CARTESIAN_POINT('Ctrl Pts',(15.2575073335617,-64.0666666666667,15.0154019543778));
#10058=CARTESIAN_POINT('Ctrl Pts',(15.2261704649007,-64.1553007159922,15.0154019543778));
#10059=CARTESIAN_POINT('Ctrl Pts',(15.1422950709644,-64.1999941140334,14.9044332187818));
#10060=CARTESIAN_POINT('Ctrl Pts',(15.0698890451393,-64.1999959886771,14.8165611667258));
#10061=CARTESIAN_POINT('Ctrl Pts',(15.0694152815014,-64.2,14.815977285943));
#10062=CARTESIAN_POINT('Ctrl Pts',(15.0689455252453,-64.2,14.8154019543778));
#10063=CARTESIAN_POINT('Origin',(15.0689455252453,-64.,15.0154019543778));
#10064=CARTESIAN_POINT('Origin',(13.1189455252453,-64.4,15.5154019543778));
#10065=CARTESIAN_POINT('',(12.9189455252453,-64.4,14.3154019543778));
#10066=CARTESIAN_POINT('',(12.9189455252453,-64.4,15.5154019543778));
#10067=CARTESIAN_POINT('',(13.1189455252453,-64.2,14.3154019543778));
#10068=CARTESIAN_POINT('Origin',(13.1189455252453,-64.4,14.3154019543778));
#10069=CARTESIAN_POINT('',(13.1189455252453,-64.2,15.5154019543778));
#10070=CARTESIAN_POINT('Origin',(12.9189455252453,-65.5,15.5154019543778));
#10071=CARTESIAN_POINT('',(12.9189455252453,-65.3,14.3154019543778));
#10072=CARTESIAN_POINT('',(12.9189455252453,-65.3,15.5154019543778));
#10073=CARTESIAN_POINT('',(12.9189455252453,-65.175,14.3154019543778));
#10074=CARTESIAN_POINT('Origin',(13.1189455252453,-65.3,15.5154019543778));
#10075=CARTESIAN_POINT('',(13.1189455252453,-65.5,14.3154019543778));
#10076=CARTESIAN_POINT('',(13.1189455252453,-65.5,15.5154019543778));
#10077=CARTESIAN_POINT('Origin',(13.1189455252453,-65.3,14.3154019543778));
#10078=CARTESIAN_POINT('Origin',(15.0689455252453,-65.7,15.5154019543778));
#10079=CARTESIAN_POINT('',(15.2689455252453,-65.7,15.0154019543778));
#10080=CARTESIAN_POINT('',(15.2689455252453,-65.7,15.5154019543778));
#10081=CARTESIAN_POINT('',(15.2575073335618,-65.6333333333335,15.0154019543778));
#10082=CARTESIAN_POINT('Origin',(15.0689455252453,-65.7,15.0154019543778));
#10083=CARTESIAN_POINT('',(15.0689455252453,-65.5,14.8154019543778));
#10084=CARTESIAN_POINT('Ctrl Pts',(15.0689455252453,-65.5,14.8154019543778));
#10085=CARTESIAN_POINT('Ctrl Pts',(15.0694152815022,-65.5,14.815977285943));
#10086=CARTESIAN_POINT('Ctrl Pts',(15.0698906102586,-65.5000043376974,14.81656434495));
#10087=CARTESIAN_POINT('Ctrl Pts',(15.1419567836888,-65.499946144353,14.9037459142317));
#10088=CARTESIAN_POINT('Ctrl Pts',(15.2261704649009,-65.5446992840082,15.015401954378));
#10089=CARTESIAN_POINT('Ctrl Pts',(15.2575073335618,-65.6333333333335,15.0154019543778));
#10090=CARTESIAN_POINT('',(15.0689455252453,-65.5,15.5154019543778));
#10091=CARTESIAN_POINT('Origin',(15.2689455252453,-66.35,15.5154019543778));
#10092=CARTESIAN_POINT('',(15.2689455252453,-66.15,15.0154019543778));
#10093=CARTESIAN_POINT('',(15.2689455252453,-66.15,15.5154019543778));
#10094=CARTESIAN_POINT('',(15.2689455252453,-66.1375,15.0154019543778));
#10095=CARTESIAN_POINT('Origin',(8.71894552524588,-59.9438248291799,15.5154019543778));
#10096=CARTESIAN_POINT('',(23.1189455252459,-68.7500000000002,15.5154019543778));
#10097=CARTESIAN_POINT('',(8.71894552524588,-68.7500000000002,15.5154019543778));
#10098=CARTESIAN_POINT('',(8.71894552524588,-68.7500000000002,15.5154019543778));
#10099=CARTESIAN_POINT('',(23.1189455252459,-59.9438248291799,15.5154019543778));
#10100=CARTESIAN_POINT('',(23.1189455252459,-44.0406862816478,15.5154019543778));
#10101=CARTESIAN_POINT('',(8.71894552524588,-59.9438248291799,15.5154019543778));
#10102=CARTESIAN_POINT('',(15.9189455252456,-59.94382482918,15.5154019543778));
#10103=CARTESIAN_POINT('',(8.71894552524588,-44.0406862816478,15.5154019543778));
#10104=CARTESIAN_POINT('Ctrl Pts',(15.0689455252453,-65.5,14.8154019543778));
#10105=CARTESIAN_POINT('Ctrl Pts',(15.0696501596299,-65.5,14.8156896201602));
#10106=CARTESIAN_POINT('Ctrl Pts',(15.0703631527652,-65.5000032532731,14.8159831496639));
#10107=CARTESIAN_POINT('Ctrl Pts',(15.178462412909,-65.4999596082642,14.8595739343044));
#10108=CARTESIAN_POINT('Ctrl Pts',(15.3047829347287,-65.5335244630062,14.9154019543779));
#10109=CARTESIAN_POINT('Ctrl Pts',(15.35178823772,-65.6000000000002,14.9154019543778));
#10110=CARTESIAN_POINT('Ctrl Pts',(15.0689455252453,-65.5,14.8154019543778));
#10111=CARTESIAN_POINT('Ctrl Pts',(15.0696550089371,-65.4998240424727,14.8159537153781));
#10112=CARTESIAN_POINT('Ctrl Pts',(15.0701269217644,-65.5001759622087,14.8160129474029));
#10113=CARTESIAN_POINT('Ctrl Pts',(15.16773212833,-65.4950507057681,14.8784776933238));
#10114=CARTESIAN_POINT('Ctrl Pts',(15.2764087289983,-65.5699505974073,14.9370456037167));
#10115=CARTESIAN_POINT('Ctrl Pts',(15.3024228717404,-65.6174532925201,14.9154019543778));
#10116=CARTESIAN_POINT('Ctrl Pts',(15.0689455252453,-65.5,14.8154019543778));
#10117=CARTESIAN_POINT('Ctrl Pts',(15.0696138957966,-65.4998264557629,14.8160152013255));
#10118=CARTESIAN_POINT('Ctrl Pts',(15.0699315271895,-65.5001742851749,14.8162439416033));
#10119=CARTESIAN_POINT('Ctrl Pts',(15.1569108173611,-65.4950870722739,14.8914644998872));
#10120=CARTESIAN_POINT('Ctrl Pts',(15.245234867834,-65.5736289321172,14.9782941560541));
#10121=CARTESIAN_POINT('Ctrl Pts',(15.2575073335617,-65.6333333333335,14.9630420768179));
#10122=CARTESIAN_POINT('Ctrl Pts',(15.0689455252453,-65.5,14.8154019543778));
#10123=CARTESIAN_POINT('Ctrl Pts',(15.0694152815022,-65.5,14.815977285943));
#10124=CARTESIAN_POINT('Ctrl Pts',(15.0698906102586,-65.5000043376974,14.81656434495));
#10125=CARTESIAN_POINT('Ctrl Pts',(15.1419567836888,-65.499946144353,14.9037459142317));
#10126=CARTESIAN_POINT('Ctrl Pts',(15.2261704649009,-65.5446992840082,15.015401954378));
#10127=CARTESIAN_POINT('Ctrl Pts',(15.2575073335618,-65.6333333333335,15.0154019543778));
#10128=CARTESIAN_POINT('',(15.35178823772,-65.6000000000001,14.9154019543778));
#10129=CARTESIAN_POINT('Origin',(15.35178823772,-65.6000000000003,15.0154019543778));
#10130=CARTESIAN_POINT('Ctrl Pts',(15.35178823772,-65.6000000000002,14.9154019543778));
#10131=CARTESIAN_POINT('Ctrl Pts',(15.3047829347287,-65.5335244630062,14.9154019543779));
#10132=CARTESIAN_POINT('Ctrl Pts',(15.178462412909,-65.4999596082642,14.8595739343044));
#10133=CARTESIAN_POINT('Ctrl Pts',(15.0703631527652,-65.5000032532731,14.8159831496639));
#10134=CARTESIAN_POINT('Ctrl Pts',(15.0696501596299,-65.5,14.8156896201602));
#10135=CARTESIAN_POINT('Ctrl Pts',(15.0689455252453,-65.5,14.8154019543778));
#10136=CARTESIAN_POINT('Origin',(15.0689455252453,-65.7,15.0154019543778));
#10137=CARTESIAN_POINT('',(15.3689455252453,-65.7,14.9154019543778));
#10138=CARTESIAN_POINT('Origin',(15.3689455252453,-65.7,15.0154019543778));
#10139=CARTESIAN_POINT('Origin',(15.0689455252453,-65.7,14.9154019543778));
#10140=CARTESIAN_POINT('Origin',(15.3689455252453,-66.1375,15.0154019543778));
#10141=CARTESIAN_POINT('',(15.3689455252453,-66.15,14.9154019543778));
#10142=CARTESIAN_POINT('Origin',(15.3689455252453,-66.15,15.0154019543778));
#10143=CARTESIAN_POINT('',(15.3689455252453,-66.1375,14.9154019543778));
#10144=CARTESIAN_POINT('Ctrl Pts',(15.3689455252453,-66.15,14.9154019543778));
#10145=CARTESIAN_POINT('Ctrl Pts',(15.3689455252453,-66.25,14.9154019543778));
#10146=CARTESIAN_POINT('Ctrl Pts',(15.4689455252453,-66.25,14.9154019543778));
#10147=CARTESIAN_POINT('Ctrl Pts',(15.2689455252453,-66.15,14.9154019543778));
#10148=CARTESIAN_POINT('Ctrl Pts',(15.2689455252453,-66.35,14.9154019543778));
#10149=CARTESIAN_POINT('Ctrl Pts',(15.4689455252453,-66.35,14.9154019543778));
#10150=CARTESIAN_POINT('Ctrl Pts',(15.2689455252453,-66.15,15.0154019543778));
#10151=CARTESIAN_POINT('Ctrl Pts',(15.2689455252453,-66.35,15.0154019543778));
#10152=CARTESIAN_POINT('Ctrl Pts',(15.4689455252453,-66.35,15.0154019543778));
#10153=CARTESIAN_POINT('',(15.4689455252453,-66.35,15.0154019543778));
#10154=CARTESIAN_POINT('',(15.4689455252453,-66.25,14.9154019543778));
#10155=CARTESIAN_POINT('Origin',(15.4689455252453,-66.25,15.0154019543778));
#10156=CARTESIAN_POINT('Origin',(15.4689455252453,-66.15,14.9154019543778));
#10157=CARTESIAN_POINT('Origin',(15.4689455252453,-66.15,15.0154019543778));
#10158=CARTESIAN_POINT('Origin',(16.2439455252453,-66.25,15.0154019543778));
#10159=CARTESIAN_POINT('',(16.3689455252453,-66.35,15.0154019543778));
#10160=CARTESIAN_POINT('',(16.3689455252453,-66.25,14.9154019543778));
#10161=CARTESIAN_POINT('Origin',(16.3689455252453,-66.25,15.0154019543778));
#10162=CARTESIAN_POINT('',(16.2439455252453,-66.25,14.9154019543778));
#10163=CARTESIAN_POINT('',(16.2439455252453,-66.35,15.0154019543778));
#10164=CARTESIAN_POINT('Ctrl Pts',(16.3689455252453,-66.25,14.9154019543778));
#10165=CARTESIAN_POINT('Ctrl Pts',(16.4689455252453,-66.25,14.9154019543778));
#10166=CARTESIAN_POINT('Ctrl Pts',(16.4689455252453,-66.15,14.9154019543778));
#10167=CARTESIAN_POINT('Ctrl Pts',(16.3689455252453,-66.35,14.9154019543778));
#10168=CARTESIAN_POINT('Ctrl Pts',(16.5689455252453,-66.35,14.9154019543778));
#10169=CARTESIAN_POINT('Ctrl Pts',(16.5689455252453,-66.15,14.9154019543778));
#10170=CARTESIAN_POINT('Ctrl Pts',(16.3689455252453,-66.35,15.0154019543778));
#10171=CARTESIAN_POINT('Ctrl Pts',(16.5689455252453,-66.35,15.0154019543778));
#10172=CARTESIAN_POINT('Ctrl Pts',(16.5689455252453,-66.15,15.0154019543778));
#10173=CARTESIAN_POINT('',(16.5689455252453,-66.15,15.0154019543778));
#10174=CARTESIAN_POINT('',(16.4689455252453,-66.15,14.9154019543778));
#10175=CARTESIAN_POINT('Origin',(16.4689455252453,-66.15,15.0154019543778));
#10176=CARTESIAN_POINT('Origin',(16.3689455252453,-66.15,14.9154019543778));
#10177=CARTESIAN_POINT('Origin',(16.3689455252453,-66.15,15.0154019543778));
#10178=CARTESIAN_POINT('Origin',(16.4689455252453,-65.7125,15.0154019543778));
#10179=CARTESIAN_POINT('',(16.5689455252453,-65.7,15.0154019543778));
#10180=CARTESIAN_POINT('',(16.4689455252453,-65.7,14.9154019543778));
#10181=CARTESIAN_POINT('Origin',(16.4689455252453,-65.7,15.0154019543778));
#10182=CARTESIAN_POINT('',(16.4689455252453,-65.7125,14.9154019543778));
#10183=CARTESIAN_POINT('',(16.5689455252453,-65.7125,15.0154019543778));
#10184=CARTESIAN_POINT('Origin',(16.7689455252453,-65.7,15.0154019543778));
#10185=CARTESIAN_POINT('',(16.5803837169289,-65.6333333333333,15.0154019543778));
#10186=CARTESIAN_POINT('',(16.4861028127707,-65.6,14.9154019543778));
#10187=CARTESIAN_POINT('Origin',(16.4861028127707,-65.6,15.0154019543778));
#10188=CARTESIAN_POINT('Origin',(16.7689455252453,-65.7,14.9154019543778));
#10189=CARTESIAN_POINT('Origin',(16.7689455252453,-65.7,15.0154019543778));
#10190=CARTESIAN_POINT('Ctrl Pts',(16.4861028127707,-65.6,14.9154019543778));
#10191=CARTESIAN_POINT('Ctrl Pts',(16.5331081157621,-65.5335244630061,14.9154019543778));
#10192=CARTESIAN_POINT('Ctrl Pts',(16.6589211943462,-65.5000044196876,14.8599175950327));
#10193=CARTESIAN_POINT('Ctrl Pts',(16.7675302454574,-65.5000030084693,14.8159815605148));
#10194=CARTESIAN_POINT('Ctrl Pts',(16.7682408908607,-65.5,14.8156896201602));
#10195=CARTESIAN_POINT('Ctrl Pts',(16.7689455252453,-65.5,14.8154019543778));
#10196=CARTESIAN_POINT('Ctrl Pts',(16.5143115933304,-65.6099733100114,14.9154019543778));
#10197=CARTESIAN_POINT('Ctrl Pts',(16.5525430678403,-65.5555899096571,14.9222344151764));
#10198=CARTESIAN_POINT('Ctrl Pts',(16.6653415629543,-65.4991186203727,14.8698843131108));
#10199=CARTESIAN_POINT('Ctrl Pts',(16.7676226829415,-65.5000081470522,14.8160851950182));
#10200=CARTESIAN_POINT('Ctrl Pts',(16.7682856295517,-65.5,14.8157444136426));
#10201=CARTESIAN_POINT('Ctrl Pts',(16.7689455252453,-65.5,14.8154019543778));
#10202=CARTESIAN_POINT('Ctrl Pts',(16.563134687084,-65.6272348803472,14.9405276671445));
#10203=CARTESIAN_POINT('Ctrl Pts',(16.586807056478,-65.5764701163858,14.9510631181402));
#10204=CARTESIAN_POINT('Ctrl Pts',(16.6766495785963,-65.4981590801388,14.8851878702756));
#10205=CARTESIAN_POINT('Ctrl Pts',(16.7677841324256,-65.5000135420882,14.8162762501624));
#10206=CARTESIAN_POINT('Ctrl Pts',(16.7683639222609,-65.5,14.8158403022369));
#10207=CARTESIAN_POINT('Ctrl Pts',(16.7689455252453,-65.5,14.8154019543778));
#10208=CARTESIAN_POINT('Ctrl Pts',(16.5803837169289,-65.6333333333333,14.9929620068521));
#10209=CARTESIAN_POINT('Ctrl Pts',(16.6069755868213,-65.557948756035,14.9961000814658));
#10210=CARTESIAN_POINT('Ctrl Pts',(16.6895827760327,-65.4993359533601,14.8986533419421));
#10211=CARTESIAN_POINT('Ctrl Pts',(16.7679381398405,-65.5000076060451,14.8164757194322));
#10212=CARTESIAN_POINT('Ctrl Pts',(16.7684422149702,-65.5,14.8159361908312));
#10213=CARTESIAN_POINT('Ctrl Pts',(16.7689455252453,-65.5,14.8154019543778));
#10214=CARTESIAN_POINT('Ctrl Pts',(16.5803837169289,-65.6333333333333,15.0154019543778));
#10215=CARTESIAN_POINT('Ctrl Pts',(16.6117205855898,-65.5446992840081,15.0154019543778));
#10216=CARTESIAN_POINT('Ctrl Pts',(16.6955959713114,-65.5000058929166,14.9044332356887));
#10217=CARTESIAN_POINT('Ctrl Pts',(16.7680020053867,-65.5000040112924,14.8165611666519));
#10218=CARTESIAN_POINT('Ctrl Pts',(16.7684757689884,-65.5,14.815977285943));
#10219=CARTESIAN_POINT('Ctrl Pts',(16.7689455252453,-65.5,14.8154019543778));
#10220=CARTESIAN_POINT('',(16.7689455252453,-65.5,14.8154019543778));
#10221=CARTESIAN_POINT('Ctrl Pts',(16.5803837169289,-65.6333333333333,15.0154019543778));
#10222=CARTESIAN_POINT('Ctrl Pts',(16.6117205855898,-65.5446992840081,15.0154019543778));
#10223=CARTESIAN_POINT('Ctrl Pts',(16.6955959713114,-65.5000058929166,14.9044332356887));
#10224=CARTESIAN_POINT('Ctrl Pts',(16.7680020053867,-65.5000040112924,14.8165611666519));
#10225=CARTESIAN_POINT('Ctrl Pts',(16.7684757689884,-65.5,14.815977285943));
#10226=CARTESIAN_POINT('Ctrl Pts',(16.7689455252453,-65.5,14.8154019543778));
#10227=CARTESIAN_POINT('Ctrl Pts',(16.7689455252453,-65.5,14.8154019543778));
#10228=CARTESIAN_POINT('Ctrl Pts',(16.7682408908607,-65.5,14.8156896201602));
#10229=CARTESIAN_POINT('Ctrl Pts',(16.7675302454574,-65.5000030084693,14.8159815605148));
#10230=CARTESIAN_POINT('Ctrl Pts',(16.6589211943462,-65.5000044196876,14.8599175950327));
#10231=CARTESIAN_POINT('Ctrl Pts',(16.5331081157621,-65.5335244630061,14.9154019543778));
#10232=CARTESIAN_POINT('Ctrl Pts',(16.4861028127707,-65.6,14.9154019543778));
#10233=CARTESIAN_POINT('Origin',(16.7689455252453,-65.7,15.5154019543778));
#10234=CARTESIAN_POINT('',(16.7689455252453,-65.5,15.5154019543778));
#10235=CARTESIAN_POINT('',(16.5689455252453,-65.7,15.5154019543778));
#10236=CARTESIAN_POINT('Origin',(16.5689455252453,-65.5,15.5154019543778));
#10237=CARTESIAN_POINT('',(16.5689455252453,-66.15,15.5154019543778));
#10238=CARTESIAN_POINT('Origin',(16.3689455252453,-66.15,15.5154019543778));
#10239=CARTESIAN_POINT('',(16.3689455252453,-66.35,15.5154019543778));
#10240=CARTESIAN_POINT('Origin',(16.5689455252453,-66.35,15.5154019543778));
#10241=CARTESIAN_POINT('',(15.4689455252453,-66.35,15.5154019543778));
#10242=CARTESIAN_POINT('Origin',(15.4689455252453,-66.15,15.5154019543778));
#10243=CARTESIAN_POINT('Ctrl Pts',(16.7689455252453,-64.2,14.8154019543778));
#10244=CARTESIAN_POINT('Ctrl Pts',(16.7682408908612,-64.2,14.8156896201587));
#10245=CARTESIAN_POINT('Ctrl Pts',(16.7675278977208,-64.1999967467248,14.8159831496662));
#10246=CARTESIAN_POINT('Ctrl Pts',(16.6594286386532,-64.2000403922145,14.8595739336026));
#10247=CARTESIAN_POINT('Ctrl Pts',(16.533108115762,-64.1664755369941,14.9154019543779));
#10248=CARTESIAN_POINT('Ctrl Pts',(16.4861028127706,-64.0999999999999,14.9154019543778));
#10249=CARTESIAN_POINT('Ctrl Pts',(16.7689455252453,-64.2,14.8154019543778));
#10250=CARTESIAN_POINT('Ctrl Pts',(16.7682360415535,-64.2001759575273,14.8159537153764));
#10251=CARTESIAN_POINT('Ctrl Pts',(16.7677641287217,-64.1998240377892,14.8160129474049));
#10252=CARTESIAN_POINT('Ctrl Pts',(16.670158923232,-64.2049492947109,14.8784776926221));
#10253=CARTESIAN_POINT('Ctrl Pts',(16.5614823214923,-64.130049402593,14.9370456037168));
#10254=CARTESIAN_POINT('Ctrl Pts',(16.5354681787501,-64.0825467074799,14.9154019543778));
#10255=CARTESIAN_POINT('Ctrl Pts',(16.7689455252453,-64.2,14.8154019543778));
#10256=CARTESIAN_POINT('Ctrl Pts',(16.7682771546935,-64.2001735442371,14.8160152013237));
#10257=CARTESIAN_POINT('Ctrl Pts',(16.7679595232981,-64.1998257148223,14.8162439416081));
#10258=CARTESIAN_POINT('Ctrl Pts',(16.6809802338439,-64.2049129283658,14.8914644984842));
#10259=CARTESIAN_POINT('Ctrl Pts',(16.5926561826566,-64.1263710678831,14.9782941560543));
#10260=CARTESIAN_POINT('Ctrl Pts',(16.5803837169288,-64.0666666666665,14.9630420768179));
#10261=CARTESIAN_POINT('Ctrl Pts',(16.7689455252453,-64.2,14.8154019543778));
#10262=CARTESIAN_POINT('Ctrl Pts',(16.7684757689875,-64.2,14.815977285941));
#10263=CARTESIAN_POINT('Ctrl Pts',(16.768000440229,-64.1999956622998,14.8165643449546));
#10264=CARTESIAN_POINT('Ctrl Pts',(16.6959342675161,-64.2000538562866,14.9037459128287));
#10265=CARTESIAN_POINT('Ctrl Pts',(16.6117205855898,-64.1553007159921,15.015401954378));
#10266=CARTESIAN_POINT('Ctrl Pts',(16.5803837169288,-64.0666666666665,15.0154019543778));
#10267=CARTESIAN_POINT('',(16.5803837169288,-64.0666666666665,15.0154019543778));
#10268=CARTESIAN_POINT('',(16.4861028127706,-64.0999999999999,14.9154019543778));
#10269=CARTESIAN_POINT('Origin',(16.4861028127706,-64.0999999999997,15.0154019543778));
#10270=CARTESIAN_POINT('',(16.7689455252453,-64.2,14.8154019543778));
#10271=CARTESIAN_POINT('Ctrl Pts',(16.4861028127706,-64.0999999999999,14.9154019543778));
#10272=CARTESIAN_POINT('Ctrl Pts',(16.533108115762,-64.1664755369941,14.9154019543779));
#10273=CARTESIAN_POINT('Ctrl Pts',(16.6594286386532,-64.2000403922145,14.8595739336026));
#10274=CARTESIAN_POINT('Ctrl Pts',(16.7675278977208,-64.1999967467248,14.8159831496662));
#10275=CARTESIAN_POINT('Ctrl Pts',(16.7682408908612,-64.2,14.8156896201587));
#10276=CARTESIAN_POINT('Ctrl Pts',(16.7689455252453,-64.2,14.8154019543778));
#10277=CARTESIAN_POINT('Ctrl Pts',(16.7689455252453,-64.2,14.8154019543778));
#10278=CARTESIAN_POINT('Ctrl Pts',(16.7684757689875,-64.2,14.815977285941));
#10279=CARTESIAN_POINT('Ctrl Pts',(16.768000440229,-64.1999956622998,14.8165643449546));
#10280=CARTESIAN_POINT('Ctrl Pts',(16.6959342675161,-64.2000538562866,14.9037459128287));
#10281=CARTESIAN_POINT('Ctrl Pts',(16.6117205855898,-64.1553007159921,15.015401954378));
#10282=CARTESIAN_POINT('Ctrl Pts',(16.5803837169288,-64.0666666666665,15.0154019543778));
#10283=CARTESIAN_POINT('Origin',(16.7689455252453,-64.,15.0154019543778));
#10284=CARTESIAN_POINT('',(16.5689455252453,-64.,15.0154019543778));
#10285=CARTESIAN_POINT('',(16.4689455252453,-64.,14.9154019543778));
#10286=CARTESIAN_POINT('Origin',(16.4689455252453,-64.,15.0154019543778));
#10287=CARTESIAN_POINT('Origin',(16.7689455252453,-64.,14.9154019543778));
#10288=CARTESIAN_POINT('Origin',(16.7689455252453,-64.,15.0154019543778));
#10289=CARTESIAN_POINT('Origin',(16.4689455252453,-63.5625,15.0154019543778));
#10290=CARTESIAN_POINT('',(16.4689455252453,-63.55,14.9154019543778));
#10291=CARTESIAN_POINT('Origin',(16.4689455252453,-63.55,15.0154019543778));
#10292=CARTESIAN_POINT('',(16.4689455252453,-63.5625,14.9154019543778));
#10293=CARTESIAN_POINT('',(16.5689455252453,-63.5625,15.0154019543778));
#10294=CARTESIAN_POINT('Ctrl Pts',(16.4689455252453,-63.55,14.9154019543778));
#10295=CARTESIAN_POINT('Ctrl Pts',(16.4689455252453,-63.45,14.9154019543778));
#10296=CARTESIAN_POINT('Ctrl Pts',(16.3689455252453,-63.45,14.9154019543778));
#10297=CARTESIAN_POINT('Ctrl Pts',(16.5689455252453,-63.55,14.9154019543778));
#10298=CARTESIAN_POINT('Ctrl Pts',(16.5689455252453,-63.35,14.9154019543778));
#10299=CARTESIAN_POINT('Ctrl Pts',(16.3689455252453,-63.35,14.9154019543778));
#10300=CARTESIAN_POINT('Ctrl Pts',(16.5689455252453,-63.55,15.0154019543778));
#10301=CARTESIAN_POINT('Ctrl Pts',(16.5689455252453,-63.35,15.0154019543778));
#10302=CARTESIAN_POINT('Ctrl Pts',(16.3689455252453,-63.35,15.0154019543778));
#10303=CARTESIAN_POINT('',(16.3689455252453,-63.45,14.9154019543778));
#10304=CARTESIAN_POINT('Origin',(16.3689455252453,-63.45,15.0154019543778));
#10305=CARTESIAN_POINT('Origin',(16.3689455252453,-63.55,14.9154019543778));
#10306=CARTESIAN_POINT('Origin',(15.5939455252453,-63.45,15.0154019543778));
#10307=CARTESIAN_POINT('',(15.4689455252453,-63.45,14.9154019543778));
#10308=CARTESIAN_POINT('Origin',(15.4689455252453,-63.45,15.0154019543778));
#10309=CARTESIAN_POINT('',(15.5939455252453,-63.45,14.9154019543778));
#10310=CARTESIAN_POINT('Ctrl Pts',(15.4689455252453,-63.45,14.9154019543778));
#10311=CARTESIAN_POINT('Ctrl Pts',(15.3689455252453,-63.45,14.9154019543778));
#10312=CARTESIAN_POINT('Ctrl Pts',(15.3689455252453,-63.55,14.9154019543778));
#10313=CARTESIAN_POINT('Ctrl Pts',(15.4689455252453,-63.35,14.9154019543778));
#10314=CARTESIAN_POINT('Ctrl Pts',(15.2689455252453,-63.35,14.9154019543778));
#10315=CARTESIAN_POINT('Ctrl Pts',(15.2689455252453,-63.55,14.9154019543778));
#10316=CARTESIAN_POINT('Ctrl Pts',(15.4689455252453,-63.35,15.0154019543778));
#10317=CARTESIAN_POINT('Ctrl Pts',(15.2689455252453,-63.35,15.0154019543778));
#10318=CARTESIAN_POINT('Ctrl Pts',(15.2689455252453,-63.55,15.0154019543778));
#10319=CARTESIAN_POINT('',(15.3689455252453,-63.55,14.9154019543778));
#10320=CARTESIAN_POINT('Origin',(15.3689455252453,-63.55,15.0154019543778));
#10321=CARTESIAN_POINT('Origin',(15.4689455252453,-63.55,14.9154019543778));
#10322=CARTESIAN_POINT('Origin',(15.3689455252453,-63.9875,15.0154019543778));
#10323=CARTESIAN_POINT('',(15.3689455252453,-64.,14.9154019543778));
#10324=CARTESIAN_POINT('Origin',(15.3689455252453,-64.,15.0154019543778));
#10325=CARTESIAN_POINT('',(15.3689455252453,-63.9875,14.9154019543778));
#10326=CARTESIAN_POINT('Origin',(15.0689455252453,-64.,15.0154019543778));
#10327=CARTESIAN_POINT('',(15.3517882377199,-64.1,14.9154019543778));
#10328=CARTESIAN_POINT('Origin',(15.3517882377199,-64.1,15.0154019543778));
#10329=CARTESIAN_POINT('Origin',(15.0689455252453,-64.,14.9154019543778));
#10330=CARTESIAN_POINT('Ctrl Pts',(15.3517882377199,-64.1,14.9154019543778));
#10331=CARTESIAN_POINT('Ctrl Pts',(15.3047829347283,-64.1664755369941,14.9154019543778));
#10332=CARTESIAN_POINT('Ctrl Pts',(15.1789698438217,-64.1999955855255,14.8599175865792));
#10333=CARTESIAN_POINT('Ctrl Pts',(15.0703608050864,-64.1999969915078,14.8159815605518));
#10334=CARTESIAN_POINT('Ctrl Pts',(15.0696501596293,-64.2,14.8156896201603));
#10335=CARTESIAN_POINT('Ctrl Pts',(15.0689455252453,-64.2,14.8154019543778));
#10336=CARTESIAN_POINT('Ctrl Pts',(15.3235794571602,-64.0900266899886,14.9154019543778));
#10337=CARTESIAN_POINT('Ctrl Pts',(15.2853479826501,-64.1444100903431,14.9222344151764));
#10338=CARTESIAN_POINT('Ctrl Pts',(15.1725494817875,-64.200881391531,14.8698843167327));
#10339=CARTESIAN_POINT('Ctrl Pts',(15.0702683675734,-64.1999918528956,14.8160851950021));
#10340=CARTESIAN_POINT('Ctrl Pts',(15.0696054209382,-64.2,14.8157444136427));
#10341=CARTESIAN_POINT('Ctrl Pts',(15.0689455252453,-64.2,14.8154019543778));
#10342=CARTESIAN_POINT('Ctrl Pts',(15.274756065805,-64.0727650144347,14.9405274040685));
#10343=CARTESIAN_POINT('Ctrl Pts',(15.2510836964108,-64.1235297783963,14.9510628550642));
#10344=CARTESIAN_POINT('Ctrl Pts',(15.1612414393717,-64.2018409263539,14.8851878438552));
#10345=CARTESIAN_POINT('Ctrl Pts',(15.0701069182,-64.1999864578809,14.8162762502719));
#10346=CARTESIAN_POINT('Ctrl Pts',(15.069527128229,-64.2,14.815840302237));
#10347=CARTESIAN_POINT('Ctrl Pts',(15.0689455252453,-64.2,14.8154019543778));
#10348=CARTESIAN_POINT('Ctrl Pts',(15.2575073335617,-64.0666666666667,14.9929620068521));
#10349=CARTESIAN_POINT('Ctrl Pts',(15.2309154636692,-64.1420512439653,14.9961000814659));
#10350=CARTESIAN_POINT('Ctrl Pts',(15.1483082734456,-64.2006640583838,14.8986533324638));
#10351=CARTESIAN_POINT('Ctrl Pts',(15.0699529106538,-64.1999923939033,14.8164757194735));
#10352=CARTESIAN_POINT('Ctrl Pts',(15.0694488355197,-64.2,14.8159361908312));
#10353=CARTESIAN_POINT('Ctrl Pts',(15.0689455252453,-64.2,14.8154019543778));
#10354=CARTESIAN_POINT('Ctrl Pts',(15.2575073335617,-64.0666666666667,15.0154019543778));
#10355=CARTESIAN_POINT('Ctrl Pts',(15.2261704649007,-64.1553007159922,15.0154019543778));
#10356=CARTESIAN_POINT('Ctrl Pts',(15.1422950709644,-64.1999941140334,14.9044332187818));
#10357=CARTESIAN_POINT('Ctrl Pts',(15.0698890451393,-64.1999959886771,14.8165611667258));
#10358=CARTESIAN_POINT('Ctrl Pts',(15.0694152815014,-64.2,14.815977285943));
#10359=CARTESIAN_POINT('Ctrl Pts',(15.0689455252453,-64.2,14.8154019543778));
#10360=CARTESIAN_POINT('Ctrl Pts',(15.0689455252453,-64.2,14.8154019543778));
#10361=CARTESIAN_POINT('Ctrl Pts',(15.0696501596293,-64.2,14.8156896201603));
#10362=CARTESIAN_POINT('Ctrl Pts',(15.0703608050864,-64.1999969915078,14.8159815605518));
#10363=CARTESIAN_POINT('Ctrl Pts',(15.1789698438217,-64.1999955855255,14.8599175865792));
#10364=CARTESIAN_POINT('Ctrl Pts',(15.3047829347283,-64.1664755369941,14.9154019543778));
#10365=CARTESIAN_POINT('Ctrl Pts',(15.3517882377199,-64.1,14.9154019543778));
#10366=CARTESIAN_POINT('Origin',(16.5689455252453,-63.35,15.5154019543778));
#10367=CARTESIAN_POINT('',(16.5689455252453,-64.,15.5154019543778));
#10368=CARTESIAN_POINT('Origin',(16.7689455252453,-64.,15.5154019543778));
#10369=CARTESIAN_POINT('',(16.7689455252453,-64.2,15.5154019543778));
#10370=CARTESIAN_POINT('Origin',(17.4189455252453,-65.6,14.8154019543778));
#10371=CARTESIAN_POINT('',(17.4189455252453,-65.5,14.8154019543778));
#10372=CARTESIAN_POINT('',(17.4189455252453,-65.6,14.9154019543778));
#10373=CARTESIAN_POINT('Origin',(15.9189455252453,-65.925,14.9154019543778));
#10374=CARTESIAN_POINT('Origin',(14.4189455252453,-64.1,14.8154019543778));
#10375=CARTESIAN_POINT('',(14.4189455252453,-64.2,14.8154019543778));
#10376=CARTESIAN_POINT('',(14.4189455252453,-64.1,14.9154019543778));
#10377=CARTESIAN_POINT('Origin',(15.9189455252453,-63.775,14.9154019543778));
#10378=CARTESIAN_POINT('Ctrl Pts',(15.9189455252453,-64.2098051511817,14.2154019543778));
#10379=CARTESIAN_POINT('Ctrl Pts',(15.8713808800273,-64.2098051511817,14.2154019543778));
#10380=CARTESIAN_POINT('Ctrl Pts',(15.7831008666927,-64.2119936426844,14.2154019543778));
#10381=CARTESIAN_POINT('Ctrl Pts',(15.5535776373441,-64.2455559833719,14.2154019543778));
#10382=CARTESIAN_POINT('Ctrl Pts',(15.4010963582096,-64.2986090900616,14.2154019543778));
#10383=CARTESIAN_POINT('Ctrl Pts',(15.3530498340221,-64.32310789768,14.2154019543778));
#10384=CARTESIAN_POINT('Ctrl Pts',(15.8937205628615,-64.208553246481,14.2187294383645));
#10385=CARTESIAN_POINT('Ctrl Pts',(15.8485852262267,-64.2093328059507,14.2185762951427));
#10386=CARTESIAN_POINT('Ctrl Pts',(15.7623494482507,-64.2126349005902,14.2180552933135));
#10387=CARTESIAN_POINT('Ctrl Pts',(15.5333484132044,-64.2485086466083,14.2167210928828));
#10388=CARTESIAN_POINT('Ctrl Pts',(15.3961524062015,-64.2962760965736,14.2154019543778));
#10389=CARTESIAN_POINT('Ctrl Pts',(15.3512712047739,-64.3189416269156,14.2154019543778));
#10390=CARTESIAN_POINT('Ctrl Pts',(15.8414392488223,-64.2072862959841,14.2253892857304));
#10391=CARTESIAN_POINT('Ctrl Pts',(15.7989182345137,-64.2093046933298,14.2247025571775));
#10392=CARTESIAN_POINT('Ctrl Pts',(15.7138345496038,-64.2152993419144,14.2228526217851));
#10393=CARTESIAN_POINT('Ctrl Pts',(15.4899533411122,-64.254183362369,14.2187091774154));
#10394=CARTESIAN_POINT('Ctrl Pts',(15.3832195124633,-64.2928323264829,14.2154019543778));
#10395=CARTESIAN_POINT('Ctrl Pts',(15.346410424996,-64.3112432803873,14.2154019543778));
#10396=CARTESIAN_POINT('Ctrl Pts',(15.7409579845914,-64.2100648920684,14.2351131013454));
#10397=CARTESIAN_POINT('Ctrl Pts',(15.6988439402539,-64.2143043697394,14.2330598413747));
#10398=CARTESIAN_POINT('Ctrl Pts',(15.6076539863766,-64.2262368111216,14.2282659630281));
#10399=CARTESIAN_POINT('Ctrl Pts',(15.4143932146313,-64.263459417366,14.2202206425116));
#10400=CARTESIAN_POINT('Ctrl Pts',(15.3585407543786,-64.2893481484906,14.2154019543778));
#10401=CARTESIAN_POINT('Ctrl Pts',(15.3360961479129,-64.3034687422624,14.2154019543778));
#10402=CARTESIAN_POINT('Ctrl Pts',(15.5596124007712,-64.2251785115336,14.2436460735997));
#10403=CARTESIAN_POINT('Ctrl Pts',(15.5210483905995,-64.2306416890731,14.23947347681));
#10404=CARTESIAN_POINT('Ctrl Pts',(15.4403830040956,-64.243762840577,14.2311887906076));
#10405=CARTESIAN_POINT('Ctrl Pts',(15.349642108846,-64.2681618734458,14.2197445663889));
#10406=CARTESIAN_POINT('Ctrl Pts',(15.3330828801313,-64.2881477814263,14.2154019543778));
#10407=CARTESIAN_POINT('Ctrl Pts',(15.3233764461607,-64.300064712397,14.2154019543778));
#10408=CARTESIAN_POINT('Ctrl Pts',(15.4002413422079,-64.2292893218814,14.2446912762591));
#10409=CARTESIAN_POINT('Ctrl Pts',(15.3803747849297,-64.2345821598057,14.2393984383348));
#10410=CARTESIAN_POINT('Ctrl Pts',(15.3473261516795,-64.2469348946567,14.2293695279291));
#10411=CARTESIAN_POINT('Ctrl Pts',(15.3235184787271,-64.2709531740165,14.2183541372457));
#10412=CARTESIAN_POINT('Ctrl Pts',(15.3167242386958,-64.2900319106561,14.2154019543778));
#10413=CARTESIAN_POINT('Ctrl Pts',(15.3138407050935,-64.3,14.2154019543778));
#10414=CARTESIAN_POINT('Ctrl Pts',(15.3090586750262,-64.2292893218814,14.2446912762591));
#10415=CARTESIAN_POINT('Ctrl Pts',(15.3090586750262,-64.2354599926288,14.2385206055117));
#10416=CARTESIAN_POINT('Ctrl Pts',(15.3090586750262,-64.2494254663441,14.2278045525443));
#10417=CARTESIAN_POINT('Ctrl Pts',(15.3090586750262,-64.2738208788527,14.2176996418235));
#10418=CARTESIAN_POINT('Ctrl Pts',(15.3090586750262,-64.29127335374,14.2154019543778));
#10419=CARTESIAN_POINT('Ctrl Pts',(15.3090586750262,-64.3,14.2154019543778));
#10420=CARTESIAN_POINT('',(15.3090586750262,-64.3,14.2154019543778));
#10421=CARTESIAN_POINT('Origin',(15.3090586750262,-64.3,14.3154019543778));
#10422=CARTESIAN_POINT('Ctrl Pts',(15.3090586750262,-64.3,14.2154019543778));
#10423=CARTESIAN_POINT('Ctrl Pts',(15.3119318392084,-64.3,14.2154019543778));
#10424=CARTESIAN_POINT('Ctrl Pts',(15.3148031679982,-64.3000042084478,14.2154019543778));
#10425=CARTESIAN_POINT('Ctrl Pts',(15.3176112434625,-64.3001418574146,14.2154019543778));
#10426=CARTESIAN_POINT('Ctrl Pts',(15.3205040232391,-64.3002836584996,14.2154019543778));
#10427=CARTESIAN_POINT('Ctrl Pts',(15.3233300212879,-64.3005669646721,14.2154019543778));
#10428=CARTESIAN_POINT('Ctrl Pts',(15.3260424729779,-64.3010803444289,14.2154019543778));
#10429=CARTESIAN_POINT('Ctrl Pts',(15.3288456306273,-64.3016108919028,14.2154019543778));
#10430=CARTESIAN_POINT('Ctrl Pts',(15.3315279595587,-64.3023870193817,14.2154019543778));
#10431=CARTESIAN_POINT('Ctrl Pts',(15.3340532226669,-64.303452867781,14.2154019543778));
#10432=CARTESIAN_POINT('Ctrl Pts',(15.3367155530749,-64.3045765687509,14.2154019543778));
#10433=CARTESIAN_POINT('Ctrl Pts',(15.3392038881867,-64.3060222473365,14.2154019543778));
#10434=CARTESIAN_POINT('Ctrl Pts',(15.3414846218972,-64.3077841976184,14.2154019543778));
#10435=CARTESIAN_POINT('Ctrl Pts',(15.3438362797109,-64.3096009393665,14.2154019543778));
#10436=CARTESIAN_POINT('Ctrl Pts',(15.3459680269787,-64.3117535587003,14.2154019543778));
#10437=CARTESIAN_POINT('Ctrl Pts',(15.3478413030122,-64.3141798815043,14.2154019543778));
#10438=CARTESIAN_POINT('Ctrl Pts',(15.349773511547,-64.316682535436,14.2154019543778));
#10439=CARTESIAN_POINT('Ctrl Pts',(15.3514317380042,-64.3194758886905,14.2154019543778));
#10440=CARTESIAN_POINT('Ctrl Pts',(15.3527578096244,-64.3224398299141,14.2154019543778));
#10441=CARTESIAN_POINT('Ctrl Pts',(15.3528570322859,-64.3226616053692,14.2154019543778));
#10442=CARTESIAN_POINT('Ctrl Pts',(15.3529543838631,-64.3228843147116,14.2154019543778));
#10443=CARTESIAN_POINT('Ctrl Pts',(15.3530498340221,-64.32310789768,14.2154019543778));
#10444=CARTESIAN_POINT('Ctrl Pts',(15.9189455252453,-65.4901948488183,14.2154019543778));
#10445=CARTESIAN_POINT('Ctrl Pts',(15.9665101704632,-65.4901948488183,14.2154019543778));
#10446=CARTESIAN_POINT('Ctrl Pts',(16.0547901837978,-65.4880063573156,14.2154019543778));
#10447=CARTESIAN_POINT('Ctrl Pts',(16.2843134131464,-65.4544440166281,14.2154019543778));
#10448=CARTESIAN_POINT('Ctrl Pts',(16.4367946922809,-65.4013909099384,14.2154019543778));
#10449=CARTESIAN_POINT('Ctrl Pts',(16.4848412164684,-65.37689210232,14.2154019543778));
#10450=CARTESIAN_POINT('Ctrl Pts',(15.944170487629,-65.4914467535189,14.2187294383645));
#10451=CARTESIAN_POINT('Ctrl Pts',(15.9893058242639,-65.4906671940493,14.2185762951427));
#10452=CARTESIAN_POINT('Ctrl Pts',(16.0755416022398,-65.4873650994098,14.2180552933135));
#10453=CARTESIAN_POINT('Ctrl Pts',(16.3045426372861,-65.4514913533917,14.2167210928828));
#10454=CARTESIAN_POINT('Ctrl Pts',(16.4417386442891,-65.4037239034265,14.2154019543778));
#10455=CARTESIAN_POINT('Ctrl Pts',(16.4866198457167,-65.3810583730844,14.2154019543778));
#10456=CARTESIAN_POINT('Ctrl Pts',(15.9964518016682,-65.4927137040159,14.2253892857304));
#10457=CARTESIAN_POINT('Ctrl Pts',(16.0389728159769,-65.4906953066702,14.2247025571775));
#10458=CARTESIAN_POINT('Ctrl Pts',(16.1240565008867,-65.4847006580856,14.2228526217851));
#10459=CARTESIAN_POINT('Ctrl Pts',(16.3479377093784,-65.445816637631,14.2187091774154));
#10460=CARTESIAN_POINT('Ctrl Pts',(16.4546715380273,-65.4071676735171,14.2154019543778));
#10461=CARTESIAN_POINT('Ctrl Pts',(16.4914806254945,-65.3887567196127,14.2154019543778));
#10462=CARTESIAN_POINT('Ctrl Pts',(16.0969330658991,-65.4899351079316,14.2351131013454));
#10463=CARTESIAN_POINT('Ctrl Pts',(16.1390471102367,-65.4856956302607,14.2330598413747));
#10464=CARTESIAN_POINT('Ctrl Pts',(16.2302370641139,-65.4737631888784,14.2282659630281));
#10465=CARTESIAN_POINT('Ctrl Pts',(16.4234978358592,-65.436540582634,14.2202206425116));
#10466=CARTESIAN_POINT('Ctrl Pts',(16.479350296112,-65.4106518515094,14.2154019543778));
#10467=CARTESIAN_POINT('Ctrl Pts',(16.5017949025777,-65.3965312577376,14.2154019543778));
#10468=CARTESIAN_POINT('Ctrl Pts',(16.2782786497193,-65.4748214884664,14.2436460735997));
#10469=CARTESIAN_POINT('Ctrl Pts',(16.3168426598911,-65.4693583109269,14.23947347681));
#10470=CARTESIAN_POINT('Ctrl Pts',(16.397508046395,-65.456237159423,14.2311887906076));
#10471=CARTESIAN_POINT('Ctrl Pts',(16.4882489416446,-65.4318381265542,14.2197445663889));
#10472=CARTESIAN_POINT('Ctrl Pts',(16.5048081703592,-65.4118522185737,14.2154019543778));
#10473=CARTESIAN_POINT('Ctrl Pts',(16.5145146043298,-65.3999352876031,14.2154019543778));
#10474=CARTESIAN_POINT('Ctrl Pts',(16.4376497082827,-65.4707106781187,14.2446912762591));
#10475=CARTESIAN_POINT('Ctrl Pts',(16.4575162655609,-65.4654178401943,14.2393984383348));
#10476=CARTESIAN_POINT('Ctrl Pts',(16.490564898811,-65.4530651053433,14.2293695279291));
#10477=CARTESIAN_POINT('Ctrl Pts',(16.5143725717635,-65.4290468259835,14.2183541372457));
#10478=CARTESIAN_POINT('Ctrl Pts',(16.5211668117948,-65.4099680893439,14.2154019543778));
#10479=CARTESIAN_POINT('Ctrl Pts',(16.524050345397,-65.4,14.2154019543778));
#10480=CARTESIAN_POINT('Ctrl Pts',(16.5288323754643,-65.4707106781187,14.2446912762591));
#10481=CARTESIAN_POINT('Ctrl Pts',(16.5288323754643,-65.4645400073712,14.2385206055117));
#10482=CARTESIAN_POINT('Ctrl Pts',(16.5288323754643,-65.450574533656,14.2278045525443));
#10483=CARTESIAN_POINT('Ctrl Pts',(16.5288323754643,-65.4261791211473,14.2176996418235));
#10484=CARTESIAN_POINT('Ctrl Pts',(16.5288323754643,-65.40872664626,14.2154019543778));
#10485=CARTESIAN_POINT('Ctrl Pts',(16.5288323754643,-65.4,14.2154019543778));
#10486=CARTESIAN_POINT('',(16.5288323754643,-65.4,14.2154019543778));
#10487=CARTESIAN_POINT('Origin',(16.5288323754643,-65.4,14.3154019543778));
#10488=CARTESIAN_POINT('Ctrl Pts',(16.5288323754643,-65.4,14.2154019543778));
#10489=CARTESIAN_POINT('Ctrl Pts',(16.5259592112821,-65.4,14.2154019543778));
#10490=CARTESIAN_POINT('Ctrl Pts',(16.5230878824923,-65.3999957915523,14.2154019543778));
#10491=CARTESIAN_POINT('Ctrl Pts',(16.5202798070281,-65.3998581425854,14.2154019543778));
#10492=CARTESIAN_POINT('Ctrl Pts',(16.5173870272515,-65.3997163415005,14.2154019543778));
#10493=CARTESIAN_POINT('Ctrl Pts',(16.5145610292026,-65.3994330353279,14.2154019543778));
#10494=CARTESIAN_POINT('Ctrl Pts',(16.5118485775127,-65.3989196555711,14.2154019543778));
#10495=CARTESIAN_POINT('Ctrl Pts',(16.5090454198632,-65.3983891080972,14.2154019543778));
#10496=CARTESIAN_POINT('Ctrl Pts',(16.5063630909319,-65.3976129806183,14.2154019543778));
#10497=CARTESIAN_POINT('Ctrl Pts',(16.5038378278236,-65.396547132219,14.2154019543778));
#10498=CARTESIAN_POINT('Ctrl Pts',(16.5011754974157,-65.3954234312491,14.2154019543778));
#10499=CARTESIAN_POINT('Ctrl Pts',(16.4986871623039,-65.3939777526635,14.2154019543778));
#10500=CARTESIAN_POINT('Ctrl Pts',(16.4964064285934,-65.3922158023816,14.2154019543778));
#10501=CARTESIAN_POINT('Ctrl Pts',(16.4940547707796,-65.3903990606335,14.2154019543778));
#10502=CARTESIAN_POINT('Ctrl Pts',(16.4919230235118,-65.3882464412998,14.2154019543778));
#10503=CARTESIAN_POINT('Ctrl Pts',(16.4900497474783,-65.3858201184957,14.2154019543778));
#10504=CARTESIAN_POINT('Ctrl Pts',(16.4881175389435,-65.383317464564,14.2154019543778));
#10505=CARTESIAN_POINT('Ctrl Pts',(16.4864593124864,-65.3805241113096,14.2154019543778));
#10506=CARTESIAN_POINT('Ctrl Pts',(16.4851332408662,-65.3775601700859,14.2154019543778));
#10507=CARTESIAN_POINT('Ctrl Pts',(16.4850340182046,-65.3773383946309,14.2154019543778));
#10508=CARTESIAN_POINT('Ctrl Pts',(16.4849366666275,-65.3771156852884,14.2154019543778));
#10509=CARTESIAN_POINT('Ctrl Pts',(16.4848412164684,-65.37689210232,14.2154019543778));
#10510=CARTESIAN_POINT('Origin',(14.4189455252453,-64.3,14.3154019543778));
#10511=CARTESIAN_POINT('',(13.1189455252453,-64.3,14.2154019543778));
#10512=CARTESIAN_POINT('Origin',(13.1189455252453,-64.3,14.3154019543778));
#10513=CARTESIAN_POINT('',(14.4189455252453,-64.3,14.2154019543778));
#10514=CARTESIAN_POINT('',(14.4189455252453,-64.2,14.3154019543778));
#10515=CARTESIAN_POINT('Ctrl Pts',(13.1189455252453,-64.3,14.2154019543778));
#10516=CARTESIAN_POINT('Ctrl Pts',(13.0189455252453,-64.3,14.2154019543778));
#10517=CARTESIAN_POINT('Ctrl Pts',(13.0189455252453,-64.4,14.2154019543778));
#10518=CARTESIAN_POINT('Ctrl Pts',(13.1189455252453,-64.2,14.2154019543778));
#10519=CARTESIAN_POINT('Ctrl Pts',(12.9189455252453,-64.2,14.2154019543778));
#10520=CARTESIAN_POINT('Ctrl Pts',(12.9189455252453,-64.4,14.2154019543778));
#10521=CARTESIAN_POINT('Ctrl Pts',(13.1189455252453,-64.2,14.3154019543778));
#10522=CARTESIAN_POINT('Ctrl Pts',(12.9189455252453,-64.2,14.3154019543778));
#10523=CARTESIAN_POINT('Ctrl Pts',(12.9189455252453,-64.4,14.3154019543778));
#10524=CARTESIAN_POINT('',(13.0189455252453,-64.4,14.2154019543778));
#10525=CARTESIAN_POINT('Origin',(13.0189455252453,-64.4,14.3154019543778));
#10526=CARTESIAN_POINT('Origin',(13.1189455252453,-64.4,14.2154019543778));
#10527=CARTESIAN_POINT('Origin',(13.0189455252453,-65.175,14.3154019543778));
#10528=CARTESIAN_POINT('',(13.0189455252453,-65.3,14.2154019543778));
#10529=CARTESIAN_POINT('Origin',(13.0189455252453,-65.3,14.3154019543778));
#10530=CARTESIAN_POINT('',(13.0189455252453,-65.175,14.2154019543778));
#10531=CARTESIAN_POINT('Ctrl Pts',(13.0189455252453,-65.3,14.2154019543778));
#10532=CARTESIAN_POINT('Ctrl Pts',(13.0189455252453,-65.4,14.2154019543778));
#10533=CARTESIAN_POINT('Ctrl Pts',(13.1189455252453,-65.4,14.2154019543778));
#10534=CARTESIAN_POINT('Ctrl Pts',(12.9189455252453,-65.3,14.2154019543778));
#10535=CARTESIAN_POINT('Ctrl Pts',(12.9189455252453,-65.5,14.2154019543778));
#10536=CARTESIAN_POINT('Ctrl Pts',(13.1189455252453,-65.5,14.2154019543778));
#10537=CARTESIAN_POINT('Ctrl Pts',(12.9189455252453,-65.3,14.3154019543778));
#10538=CARTESIAN_POINT('Ctrl Pts',(12.9189455252453,-65.5,14.3154019543778));
#10539=CARTESIAN_POINT('Ctrl Pts',(13.1189455252453,-65.5,14.3154019543778));
#10540=CARTESIAN_POINT('',(13.1189455252453,-65.4,14.2154019543778));
#10541=CARTESIAN_POINT('Origin',(13.1189455252453,-65.4,14.3154019543778));
#10542=CARTESIAN_POINT('Origin',(13.1189455252453,-65.3,14.2154019543778));
#10543=CARTESIAN_POINT('Origin',(17.4189455252453,-65.4,14.3154019543778));
#10544=CARTESIAN_POINT('',(17.4189455252453,-65.5,14.3154019543778));
#10545=CARTESIAN_POINT('',(17.4189455252453,-65.4,14.2154019543778));
#10546=CARTESIAN_POINT('Origin',(17.4189455252453,-65.4,14.3154019543778));
#10547=CARTESIAN_POINT('',(18.7189455252453,-65.5,14.3154019543778));
#10548=CARTESIAN_POINT('',(18.7189455252453,-65.4,14.2154019543778));
#10549=CARTESIAN_POINT('Origin',(18.7189455252453,-65.4,14.3154019543778));
#10550=CARTESIAN_POINT('',(17.4189455252453,-65.4,14.2154019543778));
#10551=CARTESIAN_POINT('',(17.4189455252453,-65.5,14.3154019543778));
#10552=CARTESIAN_POINT('Ctrl Pts',(18.7189455252453,-65.4,14.2154019543778));
#10553=CARTESIAN_POINT('Ctrl Pts',(18.8189455252453,-65.4,14.2154019543778));
#10554=CARTESIAN_POINT('Ctrl Pts',(18.8189455252453,-65.3,14.2154019543778));
#10555=CARTESIAN_POINT('Ctrl Pts',(18.7189455252453,-65.5,14.2154019543778));
#10556=CARTESIAN_POINT('Ctrl Pts',(18.9189455252453,-65.5,14.2154019543778));
#10557=CARTESIAN_POINT('Ctrl Pts',(18.9189455252453,-65.3,14.2154019543778));
#10558=CARTESIAN_POINT('Ctrl Pts',(18.7189455252453,-65.5,14.3154019543778));
#10559=CARTESIAN_POINT('Ctrl Pts',(18.9189455252453,-65.5,14.3154019543778));
#10560=CARTESIAN_POINT('Ctrl Pts',(18.9189455252453,-65.3,14.3154019543778));
#10561=CARTESIAN_POINT('',(18.9189455252453,-65.3,14.3154019543778));
#10562=CARTESIAN_POINT('',(18.8189455252453,-65.3,14.2154019543778));
#10563=CARTESIAN_POINT('Origin',(18.8189455252453,-65.3,14.3154019543778));
#10564=CARTESIAN_POINT('Origin',(18.7189455252453,-65.3,14.2154019543778));
#10565=CARTESIAN_POINT('Origin',(18.7189455252453,-65.3,14.3154019543778));
#10566=CARTESIAN_POINT('Origin',(18.8189455252453,-64.525,14.3154019543778));
#10567=CARTESIAN_POINT('',(18.9189455252453,-64.4,14.3154019543778));
#10568=CARTESIAN_POINT('',(18.8189455252453,-64.4,14.2154019543778));
#10569=CARTESIAN_POINT('Origin',(18.8189455252453,-64.4,14.3154019543778));
#10570=CARTESIAN_POINT('',(18.8189455252453,-64.525,14.2154019543778));
#10571=CARTESIAN_POINT('',(18.9189455252453,-64.525,14.3154019543778));
#10572=CARTESIAN_POINT('Ctrl Pts',(18.8189455252453,-64.4,14.2154019543778));
#10573=CARTESIAN_POINT('Ctrl Pts',(18.8189455252453,-64.3,14.2154019543778));
#10574=CARTESIAN_POINT('Ctrl Pts',(18.7189455252453,-64.3,14.2154019543778));
#10575=CARTESIAN_POINT('Ctrl Pts',(18.9189455252453,-64.4,14.2154019543778));
#10576=CARTESIAN_POINT('Ctrl Pts',(18.9189455252453,-64.2,14.2154019543778));
#10577=CARTESIAN_POINT('Ctrl Pts',(18.7189455252453,-64.2,14.2154019543778));
#10578=CARTESIAN_POINT('Ctrl Pts',(18.9189455252453,-64.4,14.3154019543778));
#10579=CARTESIAN_POINT('Ctrl Pts',(18.9189455252453,-64.2,14.3154019543778));
#10580=CARTESIAN_POINT('Ctrl Pts',(18.7189455252453,-64.2,14.3154019543778));
#10581=CARTESIAN_POINT('',(18.7189455252453,-64.2,14.3154019543778));
#10582=CARTESIAN_POINT('',(18.7189455252453,-64.3,14.2154019543778));
#10583=CARTESIAN_POINT('Origin',(18.7189455252453,-64.3,14.3154019543778));
#10584=CARTESIAN_POINT('Origin',(18.7189455252453,-64.4,14.2154019543778));
#10585=CARTESIAN_POINT('Origin',(18.7189455252453,-64.4,14.3154019543778));
#10586=CARTESIAN_POINT('Origin',(14.4189455252453,-64.3,14.3154019543778));
#10587=CARTESIAN_POINT('',(14.4189455252453,-64.2,14.3154019543778));
#10588=CARTESIAN_POINT('',(14.4189455252453,-64.3,14.2154019543778));
#10589=CARTESIAN_POINT('Origin',(15.9189455252453,-64.85,14.1154019543778));
#10590=CARTESIAN_POINT('Origin',(15.9189455252453,-64.85,14.2154019543778));
#10591=CARTESIAN_POINT('',(16.5689455252453,-64.85,14.1154019543778));
#10592=CARTESIAN_POINT('Origin',(15.9189455252453,-64.85,14.1154019543778));
#10593=CARTESIAN_POINT('Origin',(15.9189455252453,-64.85,14.1154019543778));
#10594=CARTESIAN_POINT('Origin',(15.9189455252453,-64.85,14.1154019543778));
#10595=CARTESIAN_POINT('Origin',(15.9189455252453,-64.85,14.2154019543778));
#10596=CARTESIAN_POINT('Origin',(15.9189455252453,-64.85,14.1154019543778));
#10597=CARTESIAN_POINT('Origin',(18.7189455252453,-64.4,15.5154019543778));
#10598=CARTESIAN_POINT('',(18.7189455252453,-64.2,15.5154019543778));
#10599=CARTESIAN_POINT('',(18.9189455252453,-64.4,15.5154019543778));
#10600=CARTESIAN_POINT('Origin',(18.9189455252453,-64.2,15.5154019543778));
#10601=CARTESIAN_POINT('',(18.9189455252453,-65.3,15.5154019543778));
#10602=CARTESIAN_POINT('Origin',(18.7189455252453,-65.3,15.5154019543778));
#10603=CARTESIAN_POINT('',(18.7189455252453,-65.5,15.5154019543778));
#10604=CARTESIAN_POINT('Origin',(18.9189455252453,-65.5,15.5154019543778));
#10605=CARTESIAN_POINT('Origin',(15.9189455252453,-64.85,14.2154019543778));
#10606=CARTESIAN_POINT('Origin',(15.9189455252453,-64.85,15.5154019543778));
#10607=CARTESIAN_POINT('',(16.5689455252453,-64.85,13.5154019543778));
#10608=CARTESIAN_POINT('',(16.5689455252453,-64.85,15.5154019543778));
#10609=CARTESIAN_POINT('Origin',(15.9189455252453,-64.85,13.5154019543778));
#10610=CARTESIAN_POINT('Origin',(15.9189455252453,-64.85,14.2154019543778));
#10611=CARTESIAN_POINT('Origin',(12.9189455252453,-64.2,15.5154019543778));
#10612=CARTESIAN_POINT('Origin',(13.8189455252456,64.,15.3154019543778));
#10613=CARTESIAN_POINT('',(18.7189455252453,64.,15.5154019543778));
#10614=CARTESIAN_POINT('',(18.7189455252453,64.2,15.3154019543778));
#10615=CARTESIAN_POINT('Origin',(18.7189455252453,64.,15.3154019543778));
#10616=CARTESIAN_POINT('',(16.7689455252453,64.2,15.3154019543778));
#10617=CARTESIAN_POINT('',(13.8189455252456,64.2,15.3154019543778));
#10618=CARTESIAN_POINT('',(16.7689455252453,64.,15.5154019543778));
#10619=CARTESIAN_POINT('Origin',(16.7689455252453,64.,15.3154019543778));
#10620=CARTESIAN_POINT('',(13.8189455252456,64.,15.5154019543778));
#10621=CARTESIAN_POINT('Origin',(18.7189455252453,64.4,15.3154019543778));
#10622=CARTESIAN_POINT('',(19.1189455252453,64.4,15.5154019543778));
#10623=CARTESIAN_POINT('',(18.9189455252453,64.4,15.3154019543778));
#10624=CARTESIAN_POINT('Origin',(19.1189455252453,64.4,15.3154019543778));
#10625=CARTESIAN_POINT('Origin',(18.7189455252453,64.4,15.3154019543778));
#10626=CARTESIAN_POINT('Origin',(18.7189455252453,64.4,15.5154019543778));
#10627=CARTESIAN_POINT('Origin',(19.1189455252453,67.7499999999999,15.3154019543778));
#10628=CARTESIAN_POINT('',(19.1189455252453,65.3,15.5154019543778));
#10629=CARTESIAN_POINT('',(18.9189455252453,65.3,15.3154019543778));
#10630=CARTESIAN_POINT('Origin',(19.1189455252453,65.3,15.3154019543778));
#10631=CARTESIAN_POINT('',(18.9189455252453,67.7499999999999,15.3154019543778));
#10632=CARTESIAN_POINT('',(19.1189455252453,67.7499999999999,15.5154019543778));
#10633=CARTESIAN_POINT('Origin',(18.7189455252453,65.3,15.3154019543778));
#10634=CARTESIAN_POINT('',(18.7189455252453,65.7,15.5154019543778));
#10635=CARTESIAN_POINT('',(18.7189455252453,65.5,15.3154019543778));
#10636=CARTESIAN_POINT('Origin',(18.7189455252453,65.7,15.3154019543778));
#10637=CARTESIAN_POINT('Origin',(18.7189455252453,65.3,15.3154019543778));
#10638=CARTESIAN_POINT('Origin',(18.7189455252453,65.3,15.5154019543778));
#10639=CARTESIAN_POINT('Origin',(10.8189455252456,65.7,15.3154019543778));
#10640=CARTESIAN_POINT('',(16.7689455252453,65.7,15.5154019543778));
#10641=CARTESIAN_POINT('',(16.7689455252453,65.5,15.3154019543778));
#10642=CARTESIAN_POINT('Origin',(16.7689455252453,65.7,15.3154019543778));
#10643=CARTESIAN_POINT('',(10.8189455252456,65.5,15.3154019543778));
#10644=CARTESIAN_POINT('',(10.8189455252456,65.7,15.5154019543778));
#10645=CARTESIAN_POINT('Origin',(16.7689455252453,68.1749999999999,15.3154019543778));
#10646=CARTESIAN_POINT('',(16.7689455252453,66.15,15.5154019543778));
#10647=CARTESIAN_POINT('',(16.5689455252453,66.15,15.3154019543778));
#10648=CARTESIAN_POINT('Origin',(16.7689455252453,66.15,15.3154019543778));
#10649=CARTESIAN_POINT('',(16.5689455252453,65.7,15.3154019543778));
#10650=CARTESIAN_POINT('',(16.5689455252453,68.1749999999999,15.3154019543778));
#10651=CARTESIAN_POINT('Origin',(16.7689455252453,65.7,15.3154019543778));
#10652=CARTESIAN_POINT('',(16.7689455252453,68.1749999999999,15.5154019543778));
#10653=CARTESIAN_POINT('Origin',(16.3689455252453,66.15,15.3154019543778));
#10654=CARTESIAN_POINT('',(16.3689455252453,66.55,15.5154019543778));
#10655=CARTESIAN_POINT('',(16.3689455252453,66.35,15.3154019543778));
#10656=CARTESIAN_POINT('Origin',(16.3689455252453,66.55,15.3154019543778));
#10657=CARTESIAN_POINT('Origin',(16.3689455252453,66.15,15.3154019543778));
#10658=CARTESIAN_POINT('Origin',(16.3689455252453,66.15,15.5154019543778));
#10659=CARTESIAN_POINT('Origin',(11.9939455252456,66.55,15.3154019543778));
#10660=CARTESIAN_POINT('',(15.4689455252453,66.55,15.5154019543778));
#10661=CARTESIAN_POINT('',(15.4689455252453,66.35,15.3154019543778));
#10662=CARTESIAN_POINT('Origin',(15.4689455252453,66.55,15.3154019543778));
#10663=CARTESIAN_POINT('',(11.9939455252456,66.35,15.3154019543778));
#10664=CARTESIAN_POINT('',(11.9939455252456,66.55,15.5154019543778));
#10665=CARTESIAN_POINT('Origin',(15.4689455252453,66.15,15.3154019543778));
#10666=CARTESIAN_POINT('',(15.0689455252453,66.15,15.5154019543778));
#10667=CARTESIAN_POINT('',(15.2689455252453,66.15,15.3154019543778));
#10668=CARTESIAN_POINT('Origin',(15.0689455252453,66.15,15.3154019543778));
#10669=CARTESIAN_POINT('Origin',(15.4689455252453,66.15,15.3154019543778));
#10670=CARTESIAN_POINT('Origin',(15.4689455252453,66.15,15.5154019543778));
#10671=CARTESIAN_POINT('Origin',(15.0689455252453,67.7499999999999,15.3154019543778));
#10672=CARTESIAN_POINT('',(15.0689455252453,65.7,15.5154019543778));
#10673=CARTESIAN_POINT('',(15.2689455252453,65.7,15.3154019543778));
#10674=CARTESIAN_POINT('Origin',(15.0689455252453,65.7,15.3154019543778));
#10675=CARTESIAN_POINT('',(15.2689455252453,67.7499999999999,15.3154019543778));
#10676=CARTESIAN_POINT('',(15.0689455252453,67.7499999999999,15.5154019543778));
#10677=CARTESIAN_POINT('Origin',(16.7689455252453,65.7,15.3154019543778));
#10678=CARTESIAN_POINT('Origin',(16.7689455252453,65.7,15.3154019543778));
#10679=CARTESIAN_POINT('Origin',(10.8189455252456,65.7,15.3154019543778));
#10680=CARTESIAN_POINT('',(13.1189455252453,65.7,15.5154019543778));
#10681=CARTESIAN_POINT('',(13.1189455252453,65.5,15.3154019543778));
#10682=CARTESIAN_POINT('Origin',(13.1189455252453,65.7,15.3154019543778));
#10683=CARTESIAN_POINT('',(15.0689455252453,65.5,15.3154019543778));
#10684=CARTESIAN_POINT('',(10.8189455252456,65.5,15.3154019543778));
#10685=CARTESIAN_POINT('Origin',(15.0689455252453,65.7,15.3154019543778));
#10686=CARTESIAN_POINT('',(10.8189455252456,65.7,15.5154019543778));
#10687=CARTESIAN_POINT('Origin',(13.1189455252453,65.3,15.3154019543778));
#10688=CARTESIAN_POINT('',(12.7189455252453,65.3,15.5154019543778));
#10689=CARTESIAN_POINT('',(12.9189455252453,65.3,15.3154019543778));
#10690=CARTESIAN_POINT('Origin',(12.7189455252453,65.3,15.3154019543778));
#10691=CARTESIAN_POINT('Origin',(13.1189455252453,65.3,15.3154019543778));
#10692=CARTESIAN_POINT('Origin',(13.1189455252453,65.3,15.5154019543778));
#10693=CARTESIAN_POINT('Origin',(12.7189455252453,67.0999999999999,15.3154019543778));
#10694=CARTESIAN_POINT('',(12.7189455252453,64.4,15.5154019543778));
#10695=CARTESIAN_POINT('',(12.9189455252453,64.4,15.3154019543778));
#10696=CARTESIAN_POINT('Origin',(12.7189455252453,64.4,15.3154019543778));
#10697=CARTESIAN_POINT('',(12.9189455252453,67.0999999999999,15.3154019543778));
#10698=CARTESIAN_POINT('',(12.7189455252453,67.0999999999999,15.5154019543778));
#10699=CARTESIAN_POINT('Origin',(13.1189455252453,64.4,15.3154019543778));
#10700=CARTESIAN_POINT('',(13.1189455252453,64.,15.5154019543778));
#10701=CARTESIAN_POINT('',(13.1189455252453,64.2,15.3154019543778));
#10702=CARTESIAN_POINT('Origin',(13.1189455252453,64.,15.3154019543778));
#10703=CARTESIAN_POINT('Origin',(13.1189455252453,64.4,15.3154019543778));
#10704=CARTESIAN_POINT('Origin',(13.1189455252453,64.4,15.5154019543778));
#10705=CARTESIAN_POINT('Origin',(13.8189455252456,64.,15.3154019543778));
#10706=CARTESIAN_POINT('',(15.0689455252453,64.,15.5154019543778));
#10707=CARTESIAN_POINT('',(15.0689455252453,64.2,15.3154019543778));
#10708=CARTESIAN_POINT('Origin',(15.0689455252453,64.,15.3154019543778));
#10709=CARTESIAN_POINT('',(13.8189455252456,64.2,15.3154019543778));
#10710=CARTESIAN_POINT('',(13.8189455252456,64.,15.5154019543778));
#10711=CARTESIAN_POINT('Origin',(15.0689455252453,65.7,15.3154019543778));
#10712=CARTESIAN_POINT('Origin',(15.0689455252453,65.7,15.3154019543778));
#10713=CARTESIAN_POINT('Origin',(15.0689455252453,66.6749999999999,15.3154019543778));
#10714=CARTESIAN_POINT('',(15.0689455252453,63.55,15.5154019543778));
#10715=CARTESIAN_POINT('',(15.2689455252453,63.55,15.3154019543778));
#10716=CARTESIAN_POINT('Origin',(15.0689455252453,63.55,15.3154019543778));
#10717=CARTESIAN_POINT('',(15.2689455252453,64.,15.3154019543778));
#10718=CARTESIAN_POINT('',(15.2689455252453,66.6749999999999,15.3154019543778));
#10719=CARTESIAN_POINT('Origin',(15.0689455252453,64.,15.3154019543778));
#10720=CARTESIAN_POINT('',(15.0689455252453,66.6749999999999,15.5154019543778));
#10721=CARTESIAN_POINT('Origin',(15.4689455252453,63.55,15.3154019543778));
#10722=CARTESIAN_POINT('',(15.4689455252453,63.15,15.5154019543778));
#10723=CARTESIAN_POINT('',(15.4689455252453,63.35,15.3154019543778));
#10724=CARTESIAN_POINT('Origin',(15.4689455252453,63.15,15.3154019543778));
#10725=CARTESIAN_POINT('Origin',(15.4689455252453,63.55,15.3154019543778));
#10726=CARTESIAN_POINT('Origin',(15.4689455252453,63.55,15.5154019543778));
#10727=CARTESIAN_POINT('Origin',(12.6439455252456,63.15,15.3154019543778));
#10728=CARTESIAN_POINT('',(16.3689455252453,63.15,15.5154019543778));
#10729=CARTESIAN_POINT('',(16.3689455252453,63.35,15.3154019543778));
#10730=CARTESIAN_POINT('Origin',(16.3689455252453,63.15,15.3154019543778));
#10731=CARTESIAN_POINT('',(12.6439455252456,63.35,15.3154019543778));
#10732=CARTESIAN_POINT('',(12.6439455252456,63.15,15.5154019543778));
#10733=CARTESIAN_POINT('Origin',(16.3689455252453,63.55,15.3154019543778));
#10734=CARTESIAN_POINT('',(16.7689455252453,63.55,15.5154019543778));
#10735=CARTESIAN_POINT('',(16.5689455252453,63.55,15.3154019543778));
#10736=CARTESIAN_POINT('Origin',(16.7689455252453,63.55,15.3154019543778));
#10737=CARTESIAN_POINT('Origin',(16.3689455252453,63.55,15.3154019543778));
#10738=CARTESIAN_POINT('Origin',(16.3689455252453,63.55,15.5154019543778));
#10739=CARTESIAN_POINT('Origin',(16.7689455252453,67.0999999999999,15.3154019543778));
#10740=CARTESIAN_POINT('',(16.5689455252453,64.,15.3154019543778));
#10741=CARTESIAN_POINT('Origin',(16.7689455252453,64.,15.3154019543778));
#10742=CARTESIAN_POINT('',(16.5689455252453,67.0999999999999,15.3154019543778));
#10743=CARTESIAN_POINT('',(16.7689455252453,67.0999999999999,15.5154019543778));
#10744=CARTESIAN_POINT('Origin',(15.0689455252453,64.,15.3154019543778));
#10745=CARTESIAN_POINT('Origin',(15.0689455252453,64.,15.3154019543778));
#10746=CARTESIAN_POINT('Origin',(16.7689455252453,64.,15.3154019543778));
#10747=CARTESIAN_POINT('Origin',(16.7689455252453,64.,15.3154019543778));
#10748=CARTESIAN_POINT('Origin',(16.3689455252453,66.15,15.5154019543778));
#10749=CARTESIAN_POINT('',(16.3689455252453,66.35,15.0154019543778));
#10750=CARTESIAN_POINT('',(16.3689455252453,66.35,15.5154019543778));
#10751=CARTESIAN_POINT('',(16.5689455252453,66.15,15.0154019543778));
#10752=CARTESIAN_POINT('Origin',(16.3689455252453,66.15,15.0154019543778));
#10753=CARTESIAN_POINT('',(16.5689455252453,66.15,15.5154019543778));
#10754=CARTESIAN_POINT('Origin',(15.2689455252453,66.35,15.5154019543778));
#10755=CARTESIAN_POINT('',(15.4689455252453,66.35,15.0154019543778));
#10756=CARTESIAN_POINT('',(15.4689455252453,66.35,15.5154019543778));
#10757=CARTESIAN_POINT('',(15.5939455252453,66.35,15.0154019543778));
#10758=CARTESIAN_POINT('Origin',(15.4689455252453,66.15,15.5154019543778));
#10759=CARTESIAN_POINT('',(15.2689455252453,66.15,15.0154019543778));
#10760=CARTESIAN_POINT('',(15.2689455252453,66.15,15.5154019543778));
#10761=CARTESIAN_POINT('Origin',(15.4689455252453,66.15,15.0154019543778));
#10762=CARTESIAN_POINT('Origin',(15.2689455252453,65.5,15.5154019543778));
#10763=CARTESIAN_POINT('',(15.2689455252453,65.7,15.0154019543778));
#10764=CARTESIAN_POINT('',(15.2689455252453,65.7,15.5154019543778));
#10765=CARTESIAN_POINT('',(15.2689455252453,65.7125,15.0154019543778));
#10766=CARTESIAN_POINT('Origin',(15.0689455252453,65.7,15.5154019543778));
#10767=CARTESIAN_POINT('',(15.0689455252453,65.5,14.8154019543778));
#10768=CARTESIAN_POINT('',(15.0689455252453,65.5,15.5154019543778));
#10769=CARTESIAN_POINT('',(15.2575073335617,65.6333333333333,15.0154019543778));
#10770=CARTESIAN_POINT('Ctrl Pts',(15.2575073335617,65.6333333333333,15.0154019543778));
#10771=CARTESIAN_POINT('Ctrl Pts',(15.2261704649008,65.5446992840081,15.0154019543778));
#10772=CARTESIAN_POINT('Ctrl Pts',(15.1422950754512,65.5000058897547,14.9044332279844));
#10773=CARTESIAN_POINT('Ctrl Pts',(15.0698890451202,65.5000040113063,14.8165611666857));
#10774=CARTESIAN_POINT('Ctrl Pts',(15.0694152815021,65.5,14.815977285943));
#10775=CARTESIAN_POINT('Ctrl Pts',(15.0689455252453,65.5,14.8154019543778));
#10776=CARTESIAN_POINT('Origin',(15.0689455252453,65.7,15.0154019543778));
#10777=CARTESIAN_POINT('Origin',(13.1189455252453,65.3,15.5154019543778));
#10778=CARTESIAN_POINT('',(12.9189455252453,65.3,14.3154019543778));
#10779=CARTESIAN_POINT('',(12.9189455252453,65.3,15.5154019543778));
#10780=CARTESIAN_POINT('',(13.1189455252453,65.5,14.3154019543778));
#10781=CARTESIAN_POINT('Origin',(13.1189455252453,65.3,14.3154019543778));
#10782=CARTESIAN_POINT('',(13.1189455252453,65.5,15.5154019543778));
#10783=CARTESIAN_POINT('Origin',(12.9189455252453,64.2,15.5154019543778));
#10784=CARTESIAN_POINT('',(12.9189455252453,64.4,14.3154019543778));
#10785=CARTESIAN_POINT('',(12.9189455252453,64.4,15.5154019543778));
#10786=CARTESIAN_POINT('',(12.9189455252453,64.525,14.3154019543778));
#10787=CARTESIAN_POINT('Origin',(13.1189455252453,64.4,15.5154019543778));
#10788=CARTESIAN_POINT('',(13.1189455252453,64.2,14.3154019543778));
#10789=CARTESIAN_POINT('',(13.1189455252453,64.2,15.5154019543778));
#10790=CARTESIAN_POINT('Origin',(13.1189455252453,64.4,14.3154019543778));
#10791=CARTESIAN_POINT('Origin',(15.0689455252453,64.,15.5154019543778));
#10792=CARTESIAN_POINT('',(15.2689455252453,64.,15.0154019543778));
#10793=CARTESIAN_POINT('',(15.2689455252453,64.,15.5154019543778));
#10794=CARTESIAN_POINT('',(15.2575073335618,64.0666666666665,15.0154019543778));
#10795=CARTESIAN_POINT('Origin',(15.0689455252453,64.,15.0154019543778));
#10796=CARTESIAN_POINT('',(15.0689455252453,64.2,14.8154019543778));
#10797=CARTESIAN_POINT('Ctrl Pts',(15.0689455252453,64.2,14.8154019543778));
#10798=CARTESIAN_POINT('Ctrl Pts',(15.0694152815021,64.2,14.815977285943));
#10799=CARTESIAN_POINT('Ctrl Pts',(15.0698906102994,64.1999956622651,14.8165643450342));
#10800=CARTESIAN_POINT('Ctrl Pts',(15.1419567744131,64.2000538641709,14.9037458950786));
#10801=CARTESIAN_POINT('Ctrl Pts',(15.2261704649009,64.1553007159918,15.015401954378));
#10802=CARTESIAN_POINT('Ctrl Pts',(15.2575073335618,64.0666666666665,15.0154019543778));
#10803=CARTESIAN_POINT('',(15.0689455252453,64.2,15.5154019543778));
#10804=CARTESIAN_POINT('Origin',(15.2689455252453,63.35,15.5154019543778));
#10805=CARTESIAN_POINT('',(15.2689455252453,63.55,15.0154019543778));
#10806=CARTESIAN_POINT('',(15.2689455252453,63.55,15.5154019543778));
#10807=CARTESIAN_POINT('',(15.2689455252453,63.5625,15.0154019543778));
#10808=CARTESIAN_POINT('Origin',(8.71894552524588,69.9999999999998,15.5154019543778));
#10809=CARTESIAN_POINT('',(8.71894552524588,68.7499999999998,15.5154019543778));
#10810=CARTESIAN_POINT('',(23.1189455252459,68.7499999999998,15.5154019543778));
#10811=CARTESIAN_POINT('',(8.71894552524588,68.7499999999998,15.5154019543778));
#10812=CARTESIAN_POINT('',(8.71894552524588,59.9438248291795,15.5154019543778));
#10813=CARTESIAN_POINT('',(8.71894552524588,44.0406862816474,15.5154019543778));
#10814=CARTESIAN_POINT('',(23.1189455252459,59.9438248291795,15.5154019543778));
#10815=CARTESIAN_POINT('',(15.9189455252456,59.94382482918,15.5154019543778));
#10816=CARTESIAN_POINT('',(23.1189455252459,44.0406862816474,15.5154019543778));
#10817=CARTESIAN_POINT('Ctrl Pts',(15.0689455252453,64.2,14.8154019543778));
#10818=CARTESIAN_POINT('Ctrl Pts',(15.0696501596298,64.2,14.8156896201602));
#10819=CARTESIAN_POINT('Ctrl Pts',(15.0703631528264,64.1999967466988,14.815983149706));
#10820=CARTESIAN_POINT('Ctrl Pts',(15.1784623989948,64.2000403981279,14.8595739247276));
#10821=CARTESIAN_POINT('Ctrl Pts',(15.3047829347287,64.1664755369938,14.9154019543779));
#10822=CARTESIAN_POINT('Ctrl Pts',(15.35178823772,64.0999999999998,14.9154019543778));
#10823=CARTESIAN_POINT('Ctrl Pts',(15.0689455252453,64.2,14.8154019543778));
#10824=CARTESIAN_POINT('Ctrl Pts',(15.0696550089371,64.2001759575273,14.8159537153781));
#10825=CARTESIAN_POINT('Ctrl Pts',(15.0701269218255,64.1998240377632,14.816012947445));
#10826=CARTESIAN_POINT('Ctrl Pts',(15.1677321144159,64.204949300624,14.8784776837471));
#10827=CARTESIAN_POINT('Ctrl Pts',(15.2764087289983,64.1300494025927,14.9370456037167));
#10828=CARTESIAN_POINT('Ctrl Pts',(15.3024228717404,64.0825467074799,14.9154019543778));
#10829=CARTESIAN_POINT('Ctrl Pts',(15.0689455252453,64.2,14.8154019543778));
#10830=CARTESIAN_POINT('Ctrl Pts',(15.0696138957966,64.2001735442371,14.8160152013255));
#10831=CARTESIAN_POINT('Ctrl Pts',(15.0699315272303,64.1998257147876,14.8162439416875));
#10832=CARTESIAN_POINT('Ctrl Pts',(15.1569108080855,64.2049129362499,14.8914644807341));
#10833=CARTESIAN_POINT('Ctrl Pts',(15.2452348678339,64.1263710678828,14.9782941560541));
#10834=CARTESIAN_POINT('Ctrl Pts',(15.2575073335617,64.0666666666665,14.9630420768179));
#10835=CARTESIAN_POINT('Ctrl Pts',(15.0689455252453,64.2,14.8154019543778));
#10836=CARTESIAN_POINT('Ctrl Pts',(15.0694152815021,64.2,14.815977285943));
#10837=CARTESIAN_POINT('Ctrl Pts',(15.0698906102994,64.1999956622651,14.8165643450342));
#10838=CARTESIAN_POINT('Ctrl Pts',(15.1419567744131,64.2000538641709,14.9037458950786));
#10839=CARTESIAN_POINT('Ctrl Pts',(15.2261704649009,64.1553007159918,15.015401954378));
#10840=CARTESIAN_POINT('Ctrl Pts',(15.2575073335618,64.0666666666665,15.0154019543778));
#10841=CARTESIAN_POINT('',(15.35178823772,64.0999999999999,14.9154019543778));
#10842=CARTESIAN_POINT('Origin',(15.35178823772,64.0999999999997,15.0154019543778));
#10843=CARTESIAN_POINT('Ctrl Pts',(15.35178823772,64.0999999999998,14.9154019543778));
#10844=CARTESIAN_POINT('Ctrl Pts',(15.3047829347287,64.1664755369938,14.9154019543779));
#10845=CARTESIAN_POINT('Ctrl Pts',(15.1784623989948,64.2000403981279,14.8595739247276));
#10846=CARTESIAN_POINT('Ctrl Pts',(15.0703631528264,64.1999967466988,14.815983149706));
#10847=CARTESIAN_POINT('Ctrl Pts',(15.0696501596298,64.2,14.8156896201602));
#10848=CARTESIAN_POINT('Ctrl Pts',(15.0689455252453,64.2,14.8154019543778));
#10849=CARTESIAN_POINT('Origin',(15.0689455252453,64.,15.0154019543778));
#10850=CARTESIAN_POINT('',(15.3689455252453,64.,14.9154019543778));
#10851=CARTESIAN_POINT('Origin',(15.3689455252453,64.,15.0154019543778));
#10852=CARTESIAN_POINT('Origin',(15.0689455252453,64.,14.9154019543778));
#10853=CARTESIAN_POINT('Origin',(15.3689455252453,63.5625,15.0154019543778));
#10854=CARTESIAN_POINT('',(15.3689455252453,63.55,14.9154019543778));
#10855=CARTESIAN_POINT('Origin',(15.3689455252453,63.55,15.0154019543778));
#10856=CARTESIAN_POINT('',(15.3689455252453,63.5625,14.9154019543778));
#10857=CARTESIAN_POINT('Ctrl Pts',(15.3689455252453,63.55,14.9154019543778));
#10858=CARTESIAN_POINT('Ctrl Pts',(15.3689455252453,63.45,14.9154019543778));
#10859=CARTESIAN_POINT('Ctrl Pts',(15.4689455252453,63.45,14.9154019543778));
#10860=CARTESIAN_POINT('Ctrl Pts',(15.2689455252453,63.55,14.9154019543778));
#10861=CARTESIAN_POINT('Ctrl Pts',(15.2689455252453,63.35,14.9154019543778));
#10862=CARTESIAN_POINT('Ctrl Pts',(15.4689455252453,63.35,14.9154019543778));
#10863=CARTESIAN_POINT('Ctrl Pts',(15.2689455252453,63.55,15.0154019543778));
#10864=CARTESIAN_POINT('Ctrl Pts',(15.2689455252453,63.35,15.0154019543778));
#10865=CARTESIAN_POINT('Ctrl Pts',(15.4689455252453,63.35,15.0154019543778));
#10866=CARTESIAN_POINT('',(15.4689455252453,63.35,15.0154019543778));
#10867=CARTESIAN_POINT('',(15.4689455252453,63.45,14.9154019543778));
#10868=CARTESIAN_POINT('Origin',(15.4689455252453,63.45,15.0154019543778));
#10869=CARTESIAN_POINT('Origin',(15.4689455252453,63.55,14.9154019543778));
#10870=CARTESIAN_POINT('Origin',(15.4689455252453,63.55,15.0154019543778));
#10871=CARTESIAN_POINT('Origin',(16.2439455252453,63.45,15.0154019543778));
#10872=CARTESIAN_POINT('',(16.3689455252453,63.35,15.0154019543778));
#10873=CARTESIAN_POINT('',(16.3689455252453,63.45,14.9154019543778));
#10874=CARTESIAN_POINT('Origin',(16.3689455252453,63.45,15.0154019543778));
#10875=CARTESIAN_POINT('',(16.2439455252453,63.45,14.9154019543778));
#10876=CARTESIAN_POINT('',(16.2439455252453,63.35,15.0154019543778));
#10877=CARTESIAN_POINT('Ctrl Pts',(16.3689455252453,63.45,14.9154019543778));
#10878=CARTESIAN_POINT('Ctrl Pts',(16.4689455252453,63.45,14.9154019543778));
#10879=CARTESIAN_POINT('Ctrl Pts',(16.4689455252453,63.55,14.9154019543778));
#10880=CARTESIAN_POINT('Ctrl Pts',(16.3689455252453,63.35,14.9154019543778));
#10881=CARTESIAN_POINT('Ctrl Pts',(16.5689455252453,63.35,14.9154019543778));
#10882=CARTESIAN_POINT('Ctrl Pts',(16.5689455252453,63.55,14.9154019543778));
#10883=CARTESIAN_POINT('Ctrl Pts',(16.3689455252453,63.35,15.0154019543778));
#10884=CARTESIAN_POINT('Ctrl Pts',(16.5689455252453,63.35,15.0154019543778));
#10885=CARTESIAN_POINT('Ctrl Pts',(16.5689455252453,63.55,15.0154019543778));
#10886=CARTESIAN_POINT('',(16.5689455252453,63.55,15.0154019543778));
#10887=CARTESIAN_POINT('',(16.4689455252453,63.55,14.9154019543778));
#10888=CARTESIAN_POINT('Origin',(16.4689455252453,63.55,15.0154019543778));
#10889=CARTESIAN_POINT('Origin',(16.3689455252453,63.55,14.9154019543778));
#10890=CARTESIAN_POINT('Origin',(16.3689455252453,63.55,15.0154019543778));
#10891=CARTESIAN_POINT('Origin',(16.4689455252453,63.9875,15.0154019543778));
#10892=CARTESIAN_POINT('',(16.5689455252453,64.,15.0154019543778));
#10893=CARTESIAN_POINT('',(16.4689455252453,64.,14.9154019543778));
#10894=CARTESIAN_POINT('Origin',(16.4689455252453,64.,15.0154019543778));
#10895=CARTESIAN_POINT('',(16.4689455252453,63.9875,14.9154019543778));
#10896=CARTESIAN_POINT('',(16.5689455252453,63.9875,15.0154019543778));
#10897=CARTESIAN_POINT('Origin',(16.7689455252453,64.,15.0154019543778));
#10898=CARTESIAN_POINT('',(16.5803837169289,64.0666666666666,15.0154019543778));
#10899=CARTESIAN_POINT('',(16.4861028127707,64.1,14.9154019543778));
#10900=CARTESIAN_POINT('Origin',(16.4861028127707,64.1,15.0154019543778));
#10901=CARTESIAN_POINT('Origin',(16.7689455252453,64.,14.9154019543778));
#10902=CARTESIAN_POINT('Origin',(16.7689455252453,64.,15.0154019543778));
#10903=CARTESIAN_POINT('Ctrl Pts',(16.4861028127707,64.1,14.9154019543778));
#10904=CARTESIAN_POINT('Ctrl Pts',(16.5331081157621,64.1664755369939,14.9154019543778));
#10905=CARTESIAN_POINT('Ctrl Pts',(16.658921200441,64.1999955828969,14.8599175908346));
#10906=CARTESIAN_POINT('Ctrl Pts',(16.7675302454306,64.1999969915193,14.8159815605333));
#10907=CARTESIAN_POINT('Ctrl Pts',(16.7682408908607,64.2,14.8156896201602));
#10908=CARTESIAN_POINT('Ctrl Pts',(16.7689455252453,64.2,14.8154019543778));
#10909=CARTESIAN_POINT('Ctrl Pts',(16.5143115933304,64.0900266899886,14.9154019543778));
#10910=CARTESIAN_POINT('Ctrl Pts',(16.5525430678403,64.1444100903429,14.9222344151764));
#10911=CARTESIAN_POINT('Ctrl Pts',(16.6653415657911,64.200881385529,14.8698843148966));
#10912=CARTESIAN_POINT('Ctrl Pts',(16.767622682929,64.1999918529219,14.8160851950104));
#10913=CARTESIAN_POINT('Ctrl Pts',(16.7682856295517,64.2,14.8157444136426));
#10914=CARTESIAN_POINT('Ctrl Pts',(16.7689455252453,64.2,14.8154019543778));
#10915=CARTESIAN_POINT('Ctrl Pts',(16.5631348348289,64.072765067417,14.9405275365399));
#10916=CARTESIAN_POINT('Ctrl Pts',(16.586807204223,64.1235298313785,14.9510629875355));
#10917=CARTESIAN_POINT('Ctrl Pts',(16.6766495947359,64.201840923069,14.885187857141));
#10918=CARTESIAN_POINT('Ctrl Pts',(16.7677841323582,64.1999864578965,14.816276250217));
#10919=CARTESIAN_POINT('Ctrl Pts',(16.7683639222609,64.2,14.8158403022369));
#10920=CARTESIAN_POINT('Ctrl Pts',(16.7689455252453,64.2,14.8154019543778));
#10921=CARTESIAN_POINT('Ctrl Pts',(16.5803837169289,64.0666666666667,14.9929620068521));
#10922=CARTESIAN_POINT('Ctrl Pts',(16.6069755868213,64.142051243965,14.9961000814658));
#10923=CARTESIAN_POINT('Ctrl Pts',(16.6895827765247,64.2006640524608,14.8986533372293));
#10924=CARTESIAN_POINT('Ctrl Pts',(16.7679381398384,64.1999923939293,14.8164757194528));
#10925=CARTESIAN_POINT('Ctrl Pts',(16.7684422149702,64.2,14.8159361908312));
#10926=CARTESIAN_POINT('Ctrl Pts',(16.7689455252453,64.2,14.8154019543778));
#10927=CARTESIAN_POINT('Ctrl Pts',(16.5803837169289,64.0666666666667,15.0154019543778));
#10928=CARTESIAN_POINT('Ctrl Pts',(16.6117205855898,64.1553007159919,15.0154019543778));
#10929=CARTESIAN_POINT('Ctrl Pts',(16.6955959753742,64.1999941105289,14.9044332272925));
#10930=CARTESIAN_POINT('Ctrl Pts',(16.7680020053688,64.1999959886925,14.8165611666888));
#10931=CARTESIAN_POINT('Ctrl Pts',(16.7684757689884,64.2,14.815977285943));
#10932=CARTESIAN_POINT('Ctrl Pts',(16.7689455252453,64.2,14.8154019543778));
#10933=CARTESIAN_POINT('',(16.7689455252453,64.2,14.8154019543778));
#10934=CARTESIAN_POINT('Ctrl Pts',(16.5803837169289,64.0666666666667,15.0154019543778));
#10935=CARTESIAN_POINT('Ctrl Pts',(16.6117205855898,64.1553007159919,15.0154019543778));
#10936=CARTESIAN_POINT('Ctrl Pts',(16.6955959753742,64.1999941105289,14.9044332272925));
#10937=CARTESIAN_POINT('Ctrl Pts',(16.7680020053688,64.1999959886925,14.8165611666888));
#10938=CARTESIAN_POINT('Ctrl Pts',(16.7684757689884,64.2,14.815977285943));
#10939=CARTESIAN_POINT('Ctrl Pts',(16.7689455252453,64.2,14.8154019543778));
#10940=CARTESIAN_POINT('Ctrl Pts',(16.7689455252453,64.2,14.8154019543778));
#10941=CARTESIAN_POINT('Ctrl Pts',(16.7682408908607,64.2,14.8156896201602));
#10942=CARTESIAN_POINT('Ctrl Pts',(16.7675302454306,64.1999969915193,14.8159815605333));
#10943=CARTESIAN_POINT('Ctrl Pts',(16.658921200441,64.1999955828969,14.8599175908346));
#10944=CARTESIAN_POINT('Ctrl Pts',(16.5331081157621,64.1664755369939,14.9154019543778));
#10945=CARTESIAN_POINT('Ctrl Pts',(16.4861028127707,64.1,14.9154019543778));
#10946=CARTESIAN_POINT('Origin',(16.7689455252453,64.,15.5154019543778));
#10947=CARTESIAN_POINT('',(16.7689455252453,64.2,15.5154019543778));
#10948=CARTESIAN_POINT('',(16.5689455252453,64.,15.5154019543778));
#10949=CARTESIAN_POINT('Origin',(16.5689455252453,64.2,15.5154019543778));
#10950=CARTESIAN_POINT('',(16.5689455252453,63.55,15.5154019543778));
#10951=CARTESIAN_POINT('Origin',(16.3689455252453,63.55,15.5154019543778));
#10952=CARTESIAN_POINT('',(16.3689455252453,63.35,15.5154019543778));
#10953=CARTESIAN_POINT('Origin',(16.5689455252453,63.35,15.5154019543778));
#10954=CARTESIAN_POINT('',(15.4689455252453,63.35,15.5154019543778));
#10955=CARTESIAN_POINT('Origin',(15.4689455252453,63.55,15.5154019543778));
#10956=CARTESIAN_POINT('Ctrl Pts',(16.7689455252453,65.5,14.8154019543778));
#10957=CARTESIAN_POINT('Ctrl Pts',(16.7682408908607,65.5,14.8156896201602));
#10958=CARTESIAN_POINT('Ctrl Pts',(16.7675278977763,65.5000032532496,14.8159831496288));
#10959=CARTESIAN_POINT('Ctrl Pts',(16.6594286259744,65.4999596135968,14.8595739422934));
#10960=CARTESIAN_POINT('Ctrl Pts',(16.5331081157619,65.5335244630062,14.9154019543779));
#10961=CARTESIAN_POINT('Ctrl Pts',(16.4861028127706,65.6000000000001,14.9154019543778));
#10962=CARTESIAN_POINT('Ctrl Pts',(16.7689455252453,65.5,14.8154019543778));
#10963=CARTESIAN_POINT('Ctrl Pts',(16.7682360415534,65.4998240424727,14.8159537153781));
#10964=CARTESIAN_POINT('Ctrl Pts',(16.7677641287772,65.5001759621852,14.8160129473678));
#10965=CARTESIAN_POINT('Ctrl Pts',(16.6701589105534,65.4950507111006,14.8784777013128));
#10966=CARTESIAN_POINT('Ctrl Pts',(16.5614823214922,65.5699505974073,14.9370456037167));
#10967=CARTESIAN_POINT('Ctrl Pts',(16.5354681787501,65.61745329252,14.9154019543778));
#10968=CARTESIAN_POINT('Ctrl Pts',(16.7689455252453,65.5,14.8154019543778));
#10969=CARTESIAN_POINT('Ctrl Pts',(16.7682771546939,65.4998264557629,14.8160152013255));
#10970=CARTESIAN_POINT('Ctrl Pts',(16.7679595233351,65.5001742851436,14.816243941533));
#10971=CARTESIAN_POINT('Ctrl Pts',(16.6809802253911,65.4950870793831,14.8914645158655));
#10972=CARTESIAN_POINT('Ctrl Pts',(16.5926561826566,65.5736289321172,14.9782941560541));
#10973=CARTESIAN_POINT('Ctrl Pts',(16.5803837169288,65.6333333333335,14.9630420768179));
#10974=CARTESIAN_POINT('Ctrl Pts',(16.7689455252453,65.5,14.8154019543778));
#10975=CARTESIAN_POINT('Ctrl Pts',(16.7684757689884,65.5,14.815977285943));
#10976=CARTESIAN_POINT('Ctrl Pts',(16.768000440266,65.5000043376661,14.8165643448798));
#10977=CARTESIAN_POINT('Ctrl Pts',(16.6959342590634,65.4999461514622,14.90374593021));
#10978=CARTESIAN_POINT('Ctrl Pts',(16.6117205855897,65.5446992840082,15.015401954378));
#10979=CARTESIAN_POINT('Ctrl Pts',(16.5803837169288,65.6333333333335,15.0154019543778));
#10980=CARTESIAN_POINT('',(16.5803837169288,65.6333333333335,15.0154019543778));
#10981=CARTESIAN_POINT('',(16.4861028127706,65.6000000000001,14.9154019543778));
#10982=CARTESIAN_POINT('Origin',(16.4861028127706,65.6000000000003,15.0154019543778));
#10983=CARTESIAN_POINT('',(16.7689455252453,65.5,14.8154019543778));
#10984=CARTESIAN_POINT('Ctrl Pts',(16.4861028127706,65.6000000000001,14.9154019543778));
#10985=CARTESIAN_POINT('Ctrl Pts',(16.5331081157619,65.5335244630062,14.9154019543779));
#10986=CARTESIAN_POINT('Ctrl Pts',(16.6594286259744,65.4999596135968,14.8595739422934));
#10987=CARTESIAN_POINT('Ctrl Pts',(16.7675278977763,65.5000032532496,14.8159831496288));
#10988=CARTESIAN_POINT('Ctrl Pts',(16.7682408908607,65.5,14.8156896201602));
#10989=CARTESIAN_POINT('Ctrl Pts',(16.7689455252453,65.5,14.8154019543778));
#10990=CARTESIAN_POINT('Ctrl Pts',(16.7689455252453,65.5,14.8154019543778));
#10991=CARTESIAN_POINT('Ctrl Pts',(16.7684757689884,65.5,14.815977285943));
#10992=CARTESIAN_POINT('Ctrl Pts',(16.768000440266,65.5000043376661,14.8165643448798));
#10993=CARTESIAN_POINT('Ctrl Pts',(16.6959342590634,65.4999461514622,14.90374593021));
#10994=CARTESIAN_POINT('Ctrl Pts',(16.6117205855897,65.5446992840082,15.015401954378));
#10995=CARTESIAN_POINT('Ctrl Pts',(16.5803837169288,65.6333333333335,15.0154019543778));
#10996=CARTESIAN_POINT('Origin',(16.7689455252453,65.7,15.0154019543778));
#10997=CARTESIAN_POINT('',(16.5689455252453,65.7,15.0154019543778));
#10998=CARTESIAN_POINT('',(16.4689455252453,65.7,14.9154019543778));
#10999=CARTESIAN_POINT('Origin',(16.4689455252453,65.7,15.0154019543778));
#11000=CARTESIAN_POINT('Origin',(16.7689455252453,65.7,14.9154019543778));
#11001=CARTESIAN_POINT('Origin',(16.7689455252453,65.7,15.0154019543778));
#11002=CARTESIAN_POINT('Origin',(16.4689455252453,66.1375,15.0154019543778));
#11003=CARTESIAN_POINT('',(16.4689455252453,66.15,14.9154019543778));
#11004=CARTESIAN_POINT('Origin',(16.4689455252453,66.15,15.0154019543778));
#11005=CARTESIAN_POINT('',(16.4689455252453,66.1375,14.9154019543778));
#11006=CARTESIAN_POINT('',(16.5689455252453,66.1375,15.0154019543778));
#11007=CARTESIAN_POINT('Ctrl Pts',(16.4689455252453,66.15,14.9154019543778));
#11008=CARTESIAN_POINT('Ctrl Pts',(16.4689455252453,66.25,14.9154019543778));
#11009=CARTESIAN_POINT('Ctrl Pts',(16.3689455252453,66.25,14.9154019543778));
#11010=CARTESIAN_POINT('Ctrl Pts',(16.5689455252453,66.15,14.9154019543778));
#11011=CARTESIAN_POINT('Ctrl Pts',(16.5689455252453,66.35,14.9154019543778));
#11012=CARTESIAN_POINT('Ctrl Pts',(16.3689455252453,66.35,14.9154019543778));
#11013=CARTESIAN_POINT('Ctrl Pts',(16.5689455252453,66.15,15.0154019543778));
#11014=CARTESIAN_POINT('Ctrl Pts',(16.5689455252453,66.35,15.0154019543778));
#11015=CARTESIAN_POINT('Ctrl Pts',(16.3689455252453,66.35,15.0154019543778));
#11016=CARTESIAN_POINT('',(16.3689455252453,66.25,14.9154019543778));
#11017=CARTESIAN_POINT('Origin',(16.3689455252453,66.25,15.0154019543778));
#11018=CARTESIAN_POINT('Origin',(16.3689455252453,66.15,14.9154019543778));
#11019=CARTESIAN_POINT('Origin',(15.5939455252453,66.25,15.0154019543778));
#11020=CARTESIAN_POINT('',(15.4689455252453,66.25,14.9154019543778));
#11021=CARTESIAN_POINT('Origin',(15.4689455252453,66.25,15.0154019543778));
#11022=CARTESIAN_POINT('',(15.5939455252453,66.25,14.9154019543778));
#11023=CARTESIAN_POINT('Ctrl Pts',(15.4689455252453,66.25,14.9154019543778));
#11024=CARTESIAN_POINT('Ctrl Pts',(15.3689455252453,66.25,14.9154019543778));
#11025=CARTESIAN_POINT('Ctrl Pts',(15.3689455252453,66.15,14.9154019543778));
#11026=CARTESIAN_POINT('Ctrl Pts',(15.4689455252453,66.35,14.9154019543778));
#11027=CARTESIAN_POINT('Ctrl Pts',(15.2689455252453,66.35,14.9154019543778));
#11028=CARTESIAN_POINT('Ctrl Pts',(15.2689455252453,66.15,14.9154019543778));
#11029=CARTESIAN_POINT('Ctrl Pts',(15.4689455252453,66.35,15.0154019543778));
#11030=CARTESIAN_POINT('Ctrl Pts',(15.2689455252453,66.35,15.0154019543778));
#11031=CARTESIAN_POINT('Ctrl Pts',(15.2689455252453,66.15,15.0154019543778));
#11032=CARTESIAN_POINT('',(15.3689455252453,66.15,14.9154019543778));
#11033=CARTESIAN_POINT('Origin',(15.3689455252453,66.15,15.0154019543778));
#11034=CARTESIAN_POINT('Origin',(15.4689455252453,66.15,14.9154019543778));
#11035=CARTESIAN_POINT('Origin',(15.3689455252453,65.7125,15.0154019543778));
#11036=CARTESIAN_POINT('',(15.3689455252453,65.7,14.9154019543778));
#11037=CARTESIAN_POINT('Origin',(15.3689455252453,65.7,15.0154019543778));
#11038=CARTESIAN_POINT('',(15.3689455252453,65.7125,14.9154019543778));
#11039=CARTESIAN_POINT('Origin',(15.0689455252453,65.7,15.0154019543778));
#11040=CARTESIAN_POINT('',(15.3517882377199,65.6,14.9154019543778));
#11041=CARTESIAN_POINT('Origin',(15.3517882377199,65.6,15.0154019543778));
#11042=CARTESIAN_POINT('Origin',(15.0689455252453,65.7,14.9154019543778));
#11043=CARTESIAN_POINT('Ctrl Pts',(15.3517882377199,65.6,14.9154019543778));
#11044=CARTESIAN_POINT('Ctrl Pts',(15.3047829347285,65.5335244630061,14.9154019543778));
#11045=CARTESIAN_POINT('Ctrl Pts',(15.178969850552,65.5000044173154,14.8599175911805));
#11046=CARTESIAN_POINT('Ctrl Pts',(15.0703608050577,65.5000030084797,14.8159815605318));
#11047=CARTESIAN_POINT('Ctrl Pts',(15.0696501596298,65.5,14.8156896201602));
#11048=CARTESIAN_POINT('Ctrl Pts',(15.0689455252453,65.5,14.8154019543778));
#11049=CARTESIAN_POINT('Ctrl Pts',(15.3235794571602,65.6099733100114,14.9154019543778));
#11050=CARTESIAN_POINT('Ctrl Pts',(15.2853479826503,65.5555899096571,14.9222344151764));
#11051=CARTESIAN_POINT('Ctrl Pts',(15.1725494849333,65.4991186149575,14.8698843147491));
#11052=CARTESIAN_POINT('Ctrl Pts',(15.0702683675605,65.5000081470759,14.816085195011));
#11053=CARTESIAN_POINT('Ctrl Pts',(15.0696054209389,65.5,14.8157444136426));
#11054=CARTESIAN_POINT('Ctrl Pts',(15.0689455252453,65.5,14.8154019543778));
#11055=CARTESIAN_POINT('Ctrl Pts',(15.2747562278242,65.6272349282828,14.9405275472914));
#11056=CARTESIAN_POINT('Ctrl Pts',(15.2510838584301,65.5764701643214,14.9510629982871));
#11057=CARTESIAN_POINT('Ctrl Pts',(15.1612414570827,65.4981590771964,14.8851878582216));
#11058=CARTESIAN_POINT('Ctrl Pts',(15.0701069181268,65.5000135421022,14.8162762502125));
#11059=CARTESIAN_POINT('Ctrl Pts',(15.0695271282296,65.5,14.8158403022369));
#11060=CARTESIAN_POINT('Ctrl Pts',(15.0689455252453,65.5,14.8154019543778));
#11061=CARTESIAN_POINT('Ctrl Pts',(15.2575073335617,65.6333333333333,14.9929620068521));
#11062=CARTESIAN_POINT('Ctrl Pts',(15.2309154636693,65.557948756035,14.9961000814658));
#11063=CARTESIAN_POINT('Ctrl Pts',(15.1483082740065,65.4993359480183,14.8986533376177));
#11064=CARTESIAN_POINT('Ctrl Pts',(15.069952910652,65.5000076060685,14.8164757194511));
#11065=CARTESIAN_POINT('Ctrl Pts',(15.0694488355204,65.5,14.8159361908312));
#11066=CARTESIAN_POINT('Ctrl Pts',(15.0689455252453,65.5,14.8154019543778));
#11067=CARTESIAN_POINT('Ctrl Pts',(15.2575073335617,65.6333333333333,15.0154019543778));
#11068=CARTESIAN_POINT('Ctrl Pts',(15.2261704649008,65.5446992840081,15.0154019543778));
#11069=CARTESIAN_POINT('Ctrl Pts',(15.1422950754512,65.5000058897547,14.9044332279844));
#11070=CARTESIAN_POINT('Ctrl Pts',(15.0698890451202,65.5000040113063,14.8165611666857));
#11071=CARTESIAN_POINT('Ctrl Pts',(15.0694152815021,65.5,14.815977285943));
#11072=CARTESIAN_POINT('Ctrl Pts',(15.0689455252453,65.5,14.8154019543778));
#11073=CARTESIAN_POINT('Ctrl Pts',(15.0689455252453,65.5,14.8154019543778));
#11074=CARTESIAN_POINT('Ctrl Pts',(15.0696501596298,65.5,14.8156896201602));
#11075=CARTESIAN_POINT('Ctrl Pts',(15.0703608050577,65.5000030084797,14.8159815605318));
#11076=CARTESIAN_POINT('Ctrl Pts',(15.178969850552,65.5000044173154,14.8599175911805));
#11077=CARTESIAN_POINT('Ctrl Pts',(15.3047829347285,65.5335244630061,14.9154019543778));
#11078=CARTESIAN_POINT('Ctrl Pts',(15.3517882377199,65.6,14.9154019543778));
#11079=CARTESIAN_POINT('Origin',(16.5689455252453,66.35,15.5154019543778));
#11080=CARTESIAN_POINT('',(16.5689455252453,65.7,15.5154019543778));
#11081=CARTESIAN_POINT('Origin',(16.7689455252453,65.7,15.5154019543778));
#11082=CARTESIAN_POINT('',(16.7689455252453,65.5,15.5154019543778));
#11083=CARTESIAN_POINT('Origin',(17.4189455252453,64.1,14.8154019543778));
#11084=CARTESIAN_POINT('',(17.4189455252453,64.2,14.8154019543778));
#11085=CARTESIAN_POINT('',(17.4189455252453,64.1,14.9154019543778));
#11086=CARTESIAN_POINT('Origin',(15.9189455252453,63.775,14.9154019543778));
#11087=CARTESIAN_POINT('Origin',(14.4189455252453,65.6,14.8154019543778));
#11088=CARTESIAN_POINT('',(14.4189455252453,65.5,14.8154019543778));
#11089=CARTESIAN_POINT('',(14.4189455252453,65.6,14.9154019543778));
#11090=CARTESIAN_POINT('Origin',(15.9189455252453,65.925,14.9154019543778));
#11091=CARTESIAN_POINT('Ctrl Pts',(15.9189455252453,65.4901948488183,14.2154019543778));
#11092=CARTESIAN_POINT('Ctrl Pts',(15.8713808800273,65.4901948488183,14.2154019543778));
#11093=CARTESIAN_POINT('Ctrl Pts',(15.7831008666927,65.4880063573156,14.2154019543778));
#11094=CARTESIAN_POINT('Ctrl Pts',(15.5535776373441,65.4544440166281,14.2154019543778));
#11095=CARTESIAN_POINT('Ctrl Pts',(15.4010963582096,65.4013909099384,14.2154019543778));
#11096=CARTESIAN_POINT('Ctrl Pts',(15.3530498340221,65.37689210232,14.2154019543778));
#11097=CARTESIAN_POINT('Ctrl Pts',(15.8937205628615,65.4914467535189,14.2187294383645));
#11098=CARTESIAN_POINT('Ctrl Pts',(15.8485852262267,65.4906671940493,14.2185762951427));
#11099=CARTESIAN_POINT('Ctrl Pts',(15.7623494482507,65.4873650994097,14.2180552933135));
#11100=CARTESIAN_POINT('Ctrl Pts',(15.5333484132045,65.4514913533917,14.2167210928828));
#11101=CARTESIAN_POINT('Ctrl Pts',(15.3961524062015,65.4037239034264,14.2154019543778));
#11102=CARTESIAN_POINT('Ctrl Pts',(15.3512712047739,65.3810583730844,14.2154019543778));
#11103=CARTESIAN_POINT('Ctrl Pts',(15.8414392488223,65.4927137040159,14.2253892857304));
#11104=CARTESIAN_POINT('Ctrl Pts',(15.7989182345137,65.4906953066702,14.2247025571775));
#11105=CARTESIAN_POINT('Ctrl Pts',(15.7138345496038,65.4847006580856,14.2228526217851));
#11106=CARTESIAN_POINT('Ctrl Pts',(15.4899533411122,65.445816637631,14.2187091774154));
#11107=CARTESIAN_POINT('Ctrl Pts',(15.3832195124633,65.4071676735171,14.2154019543778));
#11108=CARTESIAN_POINT('Ctrl Pts',(15.346410424996,65.3887567196126,14.2154019543778));
#11109=CARTESIAN_POINT('Ctrl Pts',(15.7409579845914,65.4899351079316,14.2351131013454));
#11110=CARTESIAN_POINT('Ctrl Pts',(15.6988439402539,65.4856956302607,14.2330598413747));
#11111=CARTESIAN_POINT('Ctrl Pts',(15.6076539863766,65.4737631888783,14.2282659630281));
#11112=CARTESIAN_POINT('Ctrl Pts',(15.4143932146313,65.4365405826341,14.2202206425116));
#11113=CARTESIAN_POINT('Ctrl Pts',(15.3585407543786,65.4106518515094,14.2154019543778));
#11114=CARTESIAN_POINT('Ctrl Pts',(15.3360961479129,65.3965312577376,14.2154019543778));
#11115=CARTESIAN_POINT('Ctrl Pts',(15.5596124007712,65.4748214884664,14.2436460735997));
#11116=CARTESIAN_POINT('Ctrl Pts',(15.5210483905995,65.4693583109269,14.23947347681));
#11117=CARTESIAN_POINT('Ctrl Pts',(15.4403830040956,65.456237159423,14.2311887906076));
#11118=CARTESIAN_POINT('Ctrl Pts',(15.349642108846,65.4318381265542,14.2197445663889));
#11119=CARTESIAN_POINT('Ctrl Pts',(15.3330828801313,65.4118522185737,14.2154019543778));
#11120=CARTESIAN_POINT('Ctrl Pts',(15.3233764461607,65.399935287603,14.2154019543778));
#11121=CARTESIAN_POINT('Ctrl Pts',(15.4002413422079,65.4707106781186,14.2446912762591));
#11122=CARTESIAN_POINT('Ctrl Pts',(15.3803747849297,65.4654178401943,14.2393984383348));
#11123=CARTESIAN_POINT('Ctrl Pts',(15.3473261516796,65.4530651053433,14.2293695279291));
#11124=CARTESIAN_POINT('Ctrl Pts',(15.3235184787271,65.4290468259835,14.2183541372457));
#11125=CARTESIAN_POINT('Ctrl Pts',(15.3167242386958,65.4099680893439,14.2154019543778));
#11126=CARTESIAN_POINT('Ctrl Pts',(15.3138407050935,65.4,14.2154019543778));
#11127=CARTESIAN_POINT('Ctrl Pts',(15.3090586750262,65.4707106781186,14.2446912762591));
#11128=CARTESIAN_POINT('Ctrl Pts',(15.3090586750262,65.4645400073712,14.2385206055117));
#11129=CARTESIAN_POINT('Ctrl Pts',(15.3090586750262,65.450574533656,14.2278045525443));
#11130=CARTESIAN_POINT('Ctrl Pts',(15.3090586750262,65.4261791211473,14.2176996418235));
#11131=CARTESIAN_POINT('Ctrl Pts',(15.3090586750262,65.40872664626,14.2154019543778));
#11132=CARTESIAN_POINT('Ctrl Pts',(15.3090586750262,65.4,14.2154019543778));
#11133=CARTESIAN_POINT('',(15.3090586750262,65.4,14.2154019543778));
#11134=CARTESIAN_POINT('Origin',(15.3090586750262,65.4,14.3154019543778));
#11135=CARTESIAN_POINT('Ctrl Pts',(15.3090586750262,65.4,14.2154019543778));
#11136=CARTESIAN_POINT('Ctrl Pts',(15.3119318392084,65.4,14.2154019543778));
#11137=CARTESIAN_POINT('Ctrl Pts',(15.3148031679982,65.3999957915522,14.2154019543778));
#11138=CARTESIAN_POINT('Ctrl Pts',(15.3176112434625,65.3998581425854,14.2154019543778));
#11139=CARTESIAN_POINT('Ctrl Pts',(15.3205040232391,65.3997163415005,14.2154019543778));
#11140=CARTESIAN_POINT('Ctrl Pts',(15.3233300212879,65.3994330353279,14.2154019543778));
#11141=CARTESIAN_POINT('Ctrl Pts',(15.3260424729779,65.3989196555711,14.2154019543778));
#11142=CARTESIAN_POINT('Ctrl Pts',(15.3288456306273,65.3983891080972,14.2154019543778));
#11143=CARTESIAN_POINT('Ctrl Pts',(15.3315279595587,65.3976129806183,14.2154019543778));
#11144=CARTESIAN_POINT('Ctrl Pts',(15.3340532226669,65.396547132219,14.2154019543778));
#11145=CARTESIAN_POINT('Ctrl Pts',(15.3367155530749,65.3954234312491,14.2154019543778));
#11146=CARTESIAN_POINT('Ctrl Pts',(15.3392038881867,65.3939777526635,14.2154019543778));
#11147=CARTESIAN_POINT('Ctrl Pts',(15.3414846218972,65.3922158023816,14.2154019543778));
#11148=CARTESIAN_POINT('Ctrl Pts',(15.343836279711,65.3903990606335,14.2154019543778));
#11149=CARTESIAN_POINT('Ctrl Pts',(15.3459680269788,65.3882464412997,14.2154019543778));
#11150=CARTESIAN_POINT('Ctrl Pts',(15.3478413030123,65.3858201184956,14.2154019543778));
#11151=CARTESIAN_POINT('Ctrl Pts',(15.3497735115471,65.383317464564,14.2154019543778));
#11152=CARTESIAN_POINT('Ctrl Pts',(15.3514317380042,65.3805241113095,14.2154019543778));
#11153=CARTESIAN_POINT('Ctrl Pts',(15.3527578096244,65.3775601700858,14.2154019543778));
#11154=CARTESIAN_POINT('Ctrl Pts',(15.352857032286,65.3773383946308,14.2154019543778));
#11155=CARTESIAN_POINT('Ctrl Pts',(15.3529543838631,65.3771156852883,14.2154019543778));
#11156=CARTESIAN_POINT('Ctrl Pts',(15.3530498340221,65.37689210232,14.2154019543778));
#11157=CARTESIAN_POINT('Ctrl Pts',(15.9189455252453,64.2098051511817,14.2154019543778));
#11158=CARTESIAN_POINT('Ctrl Pts',(15.9665101704632,64.2098051511817,14.2154019543778));
#11159=CARTESIAN_POINT('Ctrl Pts',(16.0547901837978,64.2119936426844,14.2154019543778));
#11160=CARTESIAN_POINT('Ctrl Pts',(16.2843134131464,64.2455559833719,14.2154019543778));
#11161=CARTESIAN_POINT('Ctrl Pts',(16.4367946922809,64.2986090900616,14.2154019543778));
#11162=CARTESIAN_POINT('Ctrl Pts',(16.4848412164684,64.32310789768,14.2154019543778));
#11163=CARTESIAN_POINT('Ctrl Pts',(15.944170487629,64.208553246481,14.2187294383645));
#11164=CARTESIAN_POINT('Ctrl Pts',(15.9893058242639,64.2093328059507,14.2185762951427));
#11165=CARTESIAN_POINT('Ctrl Pts',(16.0755416022398,64.2126349005902,14.2180552933135));
#11166=CARTESIAN_POINT('Ctrl Pts',(16.3045426372861,64.2485086466083,14.2167210928828));
#11167=CARTESIAN_POINT('Ctrl Pts',(16.441738644289,64.2962760965736,14.2154019543778));
#11168=CARTESIAN_POINT('Ctrl Pts',(16.4866198457167,64.3189416269156,14.2154019543778));
#11169=CARTESIAN_POINT('Ctrl Pts',(15.9964518016682,64.2072862959841,14.2253892857304));
#11170=CARTESIAN_POINT('Ctrl Pts',(16.0389728159769,64.2093046933298,14.2247025571775));
#11171=CARTESIAN_POINT('Ctrl Pts',(16.1240565008867,64.2152993419144,14.2228526217851));
#11172=CARTESIAN_POINT('Ctrl Pts',(16.3479377093784,64.254183362369,14.2187091774154));
#11173=CARTESIAN_POINT('Ctrl Pts',(16.4546715380273,64.2928323264829,14.2154019543778));
#11174=CARTESIAN_POINT('Ctrl Pts',(16.4914806254945,64.3112432803873,14.2154019543778));
#11175=CARTESIAN_POINT('Ctrl Pts',(16.0969330658991,64.2100648920684,14.2351131013454));
#11176=CARTESIAN_POINT('Ctrl Pts',(16.1390471102367,64.2143043697394,14.2330598413747));
#11177=CARTESIAN_POINT('Ctrl Pts',(16.2302370641139,64.2262368111217,14.2282659630281));
#11178=CARTESIAN_POINT('Ctrl Pts',(16.4234978358592,64.2634594173659,14.2202206425116));
#11179=CARTESIAN_POINT('Ctrl Pts',(16.4793502961119,64.2893481484905,14.2154019543778));
#11180=CARTESIAN_POINT('Ctrl Pts',(16.5017949025776,64.3034687422624,14.2154019543778));
#11181=CARTESIAN_POINT('Ctrl Pts',(16.2782786497193,64.2251785115335,14.2436460735997));
#11182=CARTESIAN_POINT('Ctrl Pts',(16.316842659891,64.230641689073,14.23947347681));
#11183=CARTESIAN_POINT('Ctrl Pts',(16.397508046395,64.243762840577,14.2311887906076));
#11184=CARTESIAN_POINT('Ctrl Pts',(16.4882489416446,64.2681618734458,14.2197445663889));
#11185=CARTESIAN_POINT('Ctrl Pts',(16.5048081703592,64.2881477814263,14.2154019543778));
#11186=CARTESIAN_POINT('Ctrl Pts',(16.5145146043298,64.3000647123969,14.2154019543778));
#11187=CARTESIAN_POINT('Ctrl Pts',(16.4376497082827,64.2292893218813,14.2446912762591));
#11188=CARTESIAN_POINT('Ctrl Pts',(16.4575162655608,64.2345821598057,14.2393984383348));
#11189=CARTESIAN_POINT('Ctrl Pts',(16.490564898811,64.2469348946567,14.2293695279291));
#11190=CARTESIAN_POINT('Ctrl Pts',(16.5143725717634,64.2709531740165,14.2183541372457));
#11191=CARTESIAN_POINT('Ctrl Pts',(16.5211668117948,64.2900319106561,14.2154019543778));
#11192=CARTESIAN_POINT('Ctrl Pts',(16.524050345397,64.3,14.2154019543778));
#11193=CARTESIAN_POINT('Ctrl Pts',(16.5288323754643,64.2292893218813,14.2446912762591));
#11194=CARTESIAN_POINT('Ctrl Pts',(16.5288323754643,64.2354599926288,14.2385206055117));
#11195=CARTESIAN_POINT('Ctrl Pts',(16.5288323754643,64.249425466344,14.2278045525443));
#11196=CARTESIAN_POINT('Ctrl Pts',(16.5288323754643,64.2738208788527,14.2176996418235));
#11197=CARTESIAN_POINT('Ctrl Pts',(16.5288323754643,64.29127335374,14.2154019543778));
#11198=CARTESIAN_POINT('Ctrl Pts',(16.5288323754643,64.3,14.2154019543778));
#11199=CARTESIAN_POINT('',(16.5288323754643,64.3,14.2154019543778));
#11200=CARTESIAN_POINT('Origin',(16.5288323754643,64.3,14.3154019543778));
#11201=CARTESIAN_POINT('Ctrl Pts',(16.5288323754643,64.3,14.2154019543778));
#11202=CARTESIAN_POINT('Ctrl Pts',(16.5259592112821,64.3,14.2154019543778));
#11203=CARTESIAN_POINT('Ctrl Pts',(16.5230878824923,64.3000042084477,14.2154019543778));
#11204=CARTESIAN_POINT('Ctrl Pts',(16.5202798070281,64.3001418574146,14.2154019543778));
#11205=CARTESIAN_POINT('Ctrl Pts',(16.5173870272515,64.3002836584995,14.2154019543778));
#11206=CARTESIAN_POINT('Ctrl Pts',(16.5145610292026,64.3005669646721,14.2154019543778));
#11207=CARTESIAN_POINT('Ctrl Pts',(16.5118485775127,64.3010803444289,14.2154019543778));
#11208=CARTESIAN_POINT('Ctrl Pts',(16.5090454198632,64.3016108919028,14.2154019543778));
#11209=CARTESIAN_POINT('Ctrl Pts',(16.5063630909318,64.3023870193817,14.2154019543778));
#11210=CARTESIAN_POINT('Ctrl Pts',(16.5038378278236,64.303452867781,14.2154019543778));
#11211=CARTESIAN_POINT('Ctrl Pts',(16.5011754974156,64.3045765687509,14.2154019543778));
#11212=CARTESIAN_POINT('Ctrl Pts',(16.4986871623038,64.3060222473365,14.2154019543778));
#11213=CARTESIAN_POINT('Ctrl Pts',(16.4964064285934,64.3077841976184,14.2154019543778));
#11214=CARTESIAN_POINT('Ctrl Pts',(16.4940547707796,64.3096009393665,14.2154019543778));
#11215=CARTESIAN_POINT('Ctrl Pts',(16.4919230235118,64.3117535587002,14.2154019543778));
#11216=CARTESIAN_POINT('Ctrl Pts',(16.4900497474783,64.3141798815043,14.2154019543778));
#11217=CARTESIAN_POINT('Ctrl Pts',(16.4881175389435,64.316682535436,14.2154019543778));
#11218=CARTESIAN_POINT('Ctrl Pts',(16.4864593124863,64.3194758886905,14.2154019543778));
#11219=CARTESIAN_POINT('Ctrl Pts',(16.4851332408662,64.3224398299141,14.2154019543778));
#11220=CARTESIAN_POINT('Ctrl Pts',(16.4850340182046,64.3226616053691,14.2154019543778));
#11221=CARTESIAN_POINT('Ctrl Pts',(16.4849366666274,64.3228843147116,14.2154019543778));
#11222=CARTESIAN_POINT('Ctrl Pts',(16.4848412164684,64.32310789768,14.2154019543778));
#11223=CARTESIAN_POINT('Origin',(14.4189455252453,65.4,14.3154019543778));
#11224=CARTESIAN_POINT('',(13.1189455252453,65.4,14.2154019543778));
#11225=CARTESIAN_POINT('Origin',(13.1189455252453,65.4,14.3154019543778));
#11226=CARTESIAN_POINT('',(14.4189455252453,65.4,14.2154019543778));
#11227=CARTESIAN_POINT('',(14.4189455252453,65.5,14.3154019543778));
#11228=CARTESIAN_POINT('Ctrl Pts',(13.1189455252453,65.4,14.2154019543778));
#11229=CARTESIAN_POINT('Ctrl Pts',(13.0189455252453,65.4,14.2154019543778));
#11230=CARTESIAN_POINT('Ctrl Pts',(13.0189455252453,65.3,14.2154019543778));
#11231=CARTESIAN_POINT('Ctrl Pts',(13.1189455252453,65.5,14.2154019543778));
#11232=CARTESIAN_POINT('Ctrl Pts',(12.9189455252453,65.5,14.2154019543778));
#11233=CARTESIAN_POINT('Ctrl Pts',(12.9189455252453,65.3,14.2154019543778));
#11234=CARTESIAN_POINT('Ctrl Pts',(13.1189455252453,65.5,14.3154019543778));
#11235=CARTESIAN_POINT('Ctrl Pts',(12.9189455252453,65.5,14.3154019543778));
#11236=CARTESIAN_POINT('Ctrl Pts',(12.9189455252453,65.3,14.3154019543778));
#11237=CARTESIAN_POINT('',(13.0189455252453,65.3,14.2154019543778));
#11238=CARTESIAN_POINT('Origin',(13.0189455252453,65.3,14.3154019543778));
#11239=CARTESIAN_POINT('Origin',(13.1189455252453,65.3,14.2154019543778));
#11240=CARTESIAN_POINT('Origin',(13.0189455252453,64.525,14.3154019543778));
#11241=CARTESIAN_POINT('',(13.0189455252453,64.4,14.2154019543778));
#11242=CARTESIAN_POINT('Origin',(13.0189455252453,64.4,14.3154019543778));
#11243=CARTESIAN_POINT('',(13.0189455252453,64.525,14.2154019543778));
#11244=CARTESIAN_POINT('Ctrl Pts',(13.0189455252453,64.4,14.2154019543778));
#11245=CARTESIAN_POINT('Ctrl Pts',(13.0189455252453,64.3,14.2154019543778));
#11246=CARTESIAN_POINT('Ctrl Pts',(13.1189455252453,64.3,14.2154019543778));
#11247=CARTESIAN_POINT('Ctrl Pts',(12.9189455252453,64.4,14.2154019543778));
#11248=CARTESIAN_POINT('Ctrl Pts',(12.9189455252453,64.2,14.2154019543778));
#11249=CARTESIAN_POINT('Ctrl Pts',(13.1189455252453,64.2,14.2154019543778));
#11250=CARTESIAN_POINT('Ctrl Pts',(12.9189455252453,64.4,14.3154019543778));
#11251=CARTESIAN_POINT('Ctrl Pts',(12.9189455252453,64.2,14.3154019543778));
#11252=CARTESIAN_POINT('Ctrl Pts',(13.1189455252453,64.2,14.3154019543778));
#11253=CARTESIAN_POINT('',(13.1189455252453,64.3,14.2154019543778));
#11254=CARTESIAN_POINT('Origin',(13.1189455252453,64.3,14.3154019543778));
#11255=CARTESIAN_POINT('Origin',(13.1189455252453,64.4,14.2154019543778));
#11256=CARTESIAN_POINT('Origin',(17.4189455252453,64.3,14.3154019543778));
#11257=CARTESIAN_POINT('',(17.4189455252453,64.2,14.3154019543778));
#11258=CARTESIAN_POINT('',(17.4189455252453,64.3,14.2154019543778));
#11259=CARTESIAN_POINT('Origin',(17.4189455252453,64.3,14.3154019543778));
#11260=CARTESIAN_POINT('',(18.7189455252453,64.2,14.3154019543778));
#11261=CARTESIAN_POINT('',(18.7189455252453,64.3,14.2154019543778));
#11262=CARTESIAN_POINT('Origin',(18.7189455252453,64.3,14.3154019543778));
#11263=CARTESIAN_POINT('',(17.4189455252453,64.3,14.2154019543778));
#11264=CARTESIAN_POINT('',(17.4189455252453,64.2,14.3154019543778));
#11265=CARTESIAN_POINT('Ctrl Pts',(18.7189455252453,64.3,14.2154019543778));
#11266=CARTESIAN_POINT('Ctrl Pts',(18.8189455252453,64.3,14.2154019543778));
#11267=CARTESIAN_POINT('Ctrl Pts',(18.8189455252453,64.4,14.2154019543778));
#11268=CARTESIAN_POINT('Ctrl Pts',(18.7189455252453,64.2,14.2154019543778));
#11269=CARTESIAN_POINT('Ctrl Pts',(18.9189455252453,64.2,14.2154019543778));
#11270=CARTESIAN_POINT('Ctrl Pts',(18.9189455252453,64.4,14.2154019543778));
#11271=CARTESIAN_POINT('Ctrl Pts',(18.7189455252453,64.2,14.3154019543778));
#11272=CARTESIAN_POINT('Ctrl Pts',(18.9189455252453,64.2,14.3154019543778));
#11273=CARTESIAN_POINT('Ctrl Pts',(18.9189455252453,64.4,14.3154019543778));
#11274=CARTESIAN_POINT('',(18.9189455252453,64.4,14.3154019543778));
#11275=CARTESIAN_POINT('',(18.8189455252453,64.4,14.2154019543778));
#11276=CARTESIAN_POINT('Origin',(18.8189455252453,64.4,14.3154019543778));
#11277=CARTESIAN_POINT('Origin',(18.7189455252453,64.4,14.2154019543778));
#11278=CARTESIAN_POINT('Origin',(18.7189455252453,64.4,14.3154019543778));
#11279=CARTESIAN_POINT('Origin',(18.8189455252453,65.175,14.3154019543778));
#11280=CARTESIAN_POINT('',(18.9189455252453,65.3,14.3154019543778));
#11281=CARTESIAN_POINT('',(18.8189455252453,65.3,14.2154019543778));
#11282=CARTESIAN_POINT('Origin',(18.8189455252453,65.3,14.3154019543778));
#11283=CARTESIAN_POINT('',(18.8189455252453,65.175,14.2154019543778));
#11284=CARTESIAN_POINT('',(18.9189455252453,65.175,14.3154019543778));
#11285=CARTESIAN_POINT('Ctrl Pts',(18.8189455252453,65.3,14.2154019543778));
#11286=CARTESIAN_POINT('Ctrl Pts',(18.8189455252453,65.4,14.2154019543778));
#11287=CARTESIAN_POINT('Ctrl Pts',(18.7189455252453,65.4,14.2154019543778));
#11288=CARTESIAN_POINT('Ctrl Pts',(18.9189455252453,65.3,14.2154019543778));
#11289=CARTESIAN_POINT('Ctrl Pts',(18.9189455252453,65.5,14.2154019543778));
#11290=CARTESIAN_POINT('Ctrl Pts',(18.7189455252453,65.5,14.2154019543778));
#11291=CARTESIAN_POINT('Ctrl Pts',(18.9189455252453,65.3,14.3154019543778));
#11292=CARTESIAN_POINT('Ctrl Pts',(18.9189455252453,65.5,14.3154019543778));
#11293=CARTESIAN_POINT('Ctrl Pts',(18.7189455252453,65.5,14.3154019543778));
#11294=CARTESIAN_POINT('',(18.7189455252453,65.5,14.3154019543778));
#11295=CARTESIAN_POINT('',(18.7189455252453,65.4,14.2154019543778));
#11296=CARTESIAN_POINT('Origin',(18.7189455252453,65.4,14.3154019543778));
#11297=CARTESIAN_POINT('Origin',(18.7189455252453,65.3,14.2154019543778));
#11298=CARTESIAN_POINT('Origin',(18.7189455252453,65.3,14.3154019543778));
#11299=CARTESIAN_POINT('Origin',(14.4189455252453,65.4,14.3154019543778));
#11300=CARTESIAN_POINT('',(14.4189455252453,65.5,14.3154019543778));
#11301=CARTESIAN_POINT('',(14.4189455252453,65.4,14.2154019543778));
#11302=CARTESIAN_POINT('Origin',(15.9189455252453,64.85,14.1154019543778));
#11303=CARTESIAN_POINT('Origin',(15.9189455252453,64.85,14.2154019543778));
#11304=CARTESIAN_POINT('',(16.5689455252453,64.85,14.1154019543778));
#11305=CARTESIAN_POINT('Origin',(15.9189455252453,64.85,14.1154019543778));
#11306=CARTESIAN_POINT('Origin',(15.9189455252453,64.85,14.1154019543778));
#11307=CARTESIAN_POINT('Origin',(15.9189455252453,64.85,14.1154019543778));
#11308=CARTESIAN_POINT('Origin',(15.9189455252453,64.85,14.2154019543778));
#11309=CARTESIAN_POINT('Origin',(15.9189455252453,64.85,14.1154019543778));
#11310=CARTESIAN_POINT('Origin',(18.7189455252453,65.3,15.5154019543778));
#11311=CARTESIAN_POINT('',(18.7189455252453,65.5,15.5154019543778));
#11312=CARTESIAN_POINT('',(18.9189455252453,65.3,15.5154019543778));
#11313=CARTESIAN_POINT('Origin',(18.9189455252453,65.5,15.5154019543778));
#11314=CARTESIAN_POINT('',(18.9189455252453,64.4,15.5154019543778));
#11315=CARTESIAN_POINT('Origin',(18.7189455252453,64.4,15.5154019543778));
#11316=CARTESIAN_POINT('',(18.7189455252453,64.2,15.5154019543778));
#11317=CARTESIAN_POINT('Origin',(18.9189455252453,64.2,15.5154019543778));
#11318=CARTESIAN_POINT('Origin',(15.9189455252453,64.85,14.2154019543778));
#11319=CARTESIAN_POINT('Origin',(15.9189455252453,64.85,14.2154019543778));
#11320=CARTESIAN_POINT('Origin',(15.9189455252453,64.85,15.5154019543778));
#11321=CARTESIAN_POINT('',(16.5689455252453,64.85,13.5154019543778));
#11322=CARTESIAN_POINT('',(16.5689455252453,64.85,15.5154019543778));
#11323=CARTESIAN_POINT('Origin',(15.9189455252453,64.85,13.5154019543778));
#11324=CARTESIAN_POINT('Origin',(12.9189455252453,65.5,15.5154019543778));
#11325=CARTESIAN_POINT('Origin',(15.9189455252453,-64.85,13.5154019543778));
#11326=CARTESIAN_POINT('Origin',(15.9189455252453,64.85,13.5154019543778));
#11327=CARTESIAN_POINT('Origin',(8.71894552524588,48.8831381805706,3.25377910989985));
#11328=CARTESIAN_POINT('',(23.1189455252459,48.8831381805706,2.00377910989983));
#11329=CARTESIAN_POINT('',(23.1189455252459,47.9779657704984,4.115848079324));
#11330=CARTESIAN_POINT('Origin',(23.1189455252459,48.8831381805706,3.25377910989985));
#11331=CARTESIAN_POINT('',(8.71894552524536,47.9779657704984,4.11584807932401));
#11332=CARTESIAN_POINT('',(8.71894552524588,47.9779657704984,4.115848079324));
#11333=CARTESIAN_POINT('',(8.71894552524588,48.8831381805706,2.00377910989985));
#11334=CARTESIAN_POINT('Origin',(8.71894552524587,48.8831381805706,3.25377910989985));
#11335=CARTESIAN_POINT('',(8.71894552524588,48.8831381805706,2.00377910989985));
#11336=CARTESIAN_POINT('Origin',(8.71894552524588,55.9391862816477,2.00377910989986));
#11337=CARTESIAN_POINT('',(8.71894552524588,68.7499999999998,2.00377910989987));
#11338=CARTESIAN_POINT('',(8.71894552524588,67.0495360074455,2.00377910989987));
#11339=CARTESIAN_POINT('',(23.1189455252459,68.7499999999998,2.00377910990016));
#11340=CARTESIAN_POINT('',(8.71894552524588,68.7499999999998,2.00377910989987));
#11341=CARTESIAN_POINT('',(23.1189455252459,55.9391862816476,2.00377910989994));
#11342=CARTESIAN_POINT('Origin',(8.71894552524587,0.849999985099866,17.8394478198899));
#11343=CARTESIAN_POINT('',(8.71894552524588,55.3000000000009,11.8039839538555));
#11344=CARTESIAN_POINT('',(8.71894552524544,41.286483653162,-2.9102080831551));
#11345=CARTESIAN_POINT('',(8.71894552524588,55.3000000000009,12.9000000000004));
#11346=CARTESIAN_POINT('',(8.71894552524588,55.3000000000009,12.9000000000004));
#11347=CARTESIAN_POINT('',(8.71894552524565,19.7612268195894,12.8999999999998));
#11348=CARTESIAN_POINT('',(8.71894552524554,31.6398161507623,12.9000000000003));
#11349=CARTESIAN_POINT('',(8.71894552524563,20.8884518467909,12.190244146707));
#11350=CARTESIAN_POINT('Origin',(8.71894552524565,19.7612268195894,11.6500000000005));
#11351=CARTESIAN_POINT('',(8.71894552524562,22.1679427691829,9.5205730385794));
#11352=CARTESIAN_POINT('',(8.71894552524562,22.1679427691829,9.5205730385794));
#11353=CARTESIAN_POINT('',(8.71894552524561,23.2951677963844,8.81081718528589));
#11354=CARTESIAN_POINT('Origin',(8.71894552524561,23.2951677963844,10.0608171852859));
#11355=CARTESIAN_POINT('',(8.71894552524561,23.4518964219872,8.81081718528589));
#11356=CARTESIAN_POINT('',(8.71894552524561,23.4518964219872,8.81081718528589));
#11357=CARTESIAN_POINT('',(8.71894552524559,24.7018964219872,10.0608171852859));
#11358=CARTESIAN_POINT('Origin',(8.71894552524561,23.4518964219872,10.0608171852859));
#11359=CARTESIAN_POINT('',(8.71894552524559,24.7018964219872,11.1148149915722));
#11360=CARTESIAN_POINT('',(8.71894552524559,24.7018964219872,11.6500000000005));
#11361=CARTESIAN_POINT('',(8.71894552524558,26.3794216011442,12.2894307675546));
#11362=CARTESIAN_POINT('Origin',(8.71894552524558,25.9518964219872,11.1148149915722));
#11363=CARTESIAN_POINT('',(8.71894552524554,29.2398004112119,11.2483380219642));
#11364=CARTESIAN_POINT('',(8.71894552524559,24.7018964219872,12.8999999999998));
#11365=CARTESIAN_POINT('',(8.71894552524554,29.2398004112119,0.589803963771709));
#11366=CARTESIAN_POINT('',(8.71894552524554,29.2398004112119,0.589803963771709));
#11367=CARTESIAN_POINT('',(8.71894552524556,27.9898004112119,-0.660196036228291));
#11368=CARTESIAN_POINT('Origin',(8.71894552524556,27.9898004112119,0.589803963771709));
#11369=CARTESIAN_POINT('',(8.71894552524565,19.3539237031473,-0.660196036228296));
#11370=CARTESIAN_POINT('',(8.71894552524565,19.3539237031473,-0.660196036228295));
#11371=CARTESIAN_POINT('',(8.71894552524566,18.461818592533,-0.285780681831292));
#11372=CARTESIAN_POINT('Origin',(8.71894552524565,19.3539237031473,0.589803963771691));
#11373=CARTESIAN_POINT('',(8.71894552524568,16.9054353011445,1.29996833203619));
#11374=CARTESIAN_POINT('',(8.71894552524568,16.5360279856266,1.67634559690349));
#11375=CARTESIAN_POINT('',(8.71894552524568,16.6794267688475,1.6584159052001));
#11376=CARTESIAN_POINT('Origin',(8.71894552524569,17.619119389636,2.00043604851858));
#11377=CARTESIAN_POINT('',(8.71894552524568,16.3376323124887,2.59748845616287));
#11378=CARTESIAN_POINT('',(8.71894552524569,16.1499999999993,3.11300399789986));
#11379=CARTESIAN_POINT('',(8.7189455252457,16.7151770104239,3.76654530533645));
#11380=CARTESIAN_POINT('Origin',(8.71894552524581,17.2773249332772,2.93950859948136));
#11381=CARTESIAN_POINT('',(8.71894552524568,17.7499999999993,4.46992834745826));
#11382=CARTESIAN_POINT('',(8.71894552524572,14.7904242004036,2.45826504824625));
#11383=CARTESIAN_POINT('',(8.71894552524568,17.7499999999993,5.39999999999986));
#11384=CARTESIAN_POINT('',(8.71894552524568,17.7499999999993,5.39999999999986));
#11385=CARTESIAN_POINT('',(8.71894552524569,16.178133096241,5.39999999999986));
#11386=CARTESIAN_POINT('',(8.71894552524569,16.1499999999993,5.39999999999986));
#11387=CARTESIAN_POINT('',(8.71894552524569,16.178133096241,5.56042910345032));
#11388=CARTESIAN_POINT('',(8.71894552524569,16.178133096241,5.56042910345032));
#11389=CARTESIAN_POINT('',(8.71894552524568,16.5442496197578,6.4443125799335));
#11390=CARTESIAN_POINT('Origin',(8.71894552524567,17.428133096241,5.56042910345032));
#11391=CARTESIAN_POINT('',(8.71894552524567,17.6489667153328,7.54902967550855));
#11392=CARTESIAN_POINT('',(8.71894552524567,17.6489667153328,7.54902967550855));
#11393=CARTESIAN_POINT('',(8.71894552524567,17.8476149935802,9.05791315199174));
#11394=CARTESIAN_POINT('Origin',(8.71894552524568,16.7650832388497,8.43291315199174));
#11395=CARTESIAN_POINT('',(8.71894552524568,16.4731183940668,11.4386110971797));
#11396=CARTESIAN_POINT('',(8.71894552524568,16.711916872363,11.0250000000005));
#11397=CARTESIAN_POINT('',(8.7189455252457,16.1128838839385,12.1902441467068));
#11398=CARTESIAN_POINT('',(8.71894552524573,13.4773144611769,17.6893871404352));
#11399=CARTESIAN_POINT('',(8.71894552524571,14.985658856737,12.9000000000003));
#11400=CARTESIAN_POINT('Origin',(8.71894552524587,14.985658856737,11.6500000000003));
#11401=CARTESIAN_POINT('',(8.71894552524578,9.60626713817094,12.9000000000003));
#11402=CARTESIAN_POINT('',(8.71894552524611,21.0445931482738,12.9000000000003));
#11403=CARTESIAN_POINT('',(8.71894552524588,8.52373538344039,11.0250000000003));
#11404=CARTESIAN_POINT('Origin',(8.71894552524587,9.60626713817094,11.6500000000003));
#11405=CARTESIAN_POINT('',(8.71894552524588,12.0825317547298,4.86098387113536));
#11406=CARTESIAN_POINT('',(8.71894552524588,12.2499999999992,4.57092036167426));
#11407=CARTESIAN_POINT('',(8.71894552524588,12.2499999999992,4.23598387113536));
#11408=CARTESIAN_POINT('Origin',(8.71894552524587,10.9999999999992,4.23598387113536));
#11409=CARTESIAN_POINT('',(8.71894552524588,12.2499999999992,0.649999999999852));
#11410=CARTESIAN_POINT('',(8.71894552524588,12.2499999999992,-0.600000000000148));
#11411=CARTESIAN_POINT('',(8.71894552524588,10.9999999999992,-0.600000000000147));
#11412=CARTESIAN_POINT('Origin',(8.71894552524587,10.9999999999992,0.649999999999853));
#11413=CARTESIAN_POINT('',(8.71894552524588,9.29999999999921,-0.600000000000147));
#11414=CARTESIAN_POINT('',(8.71894552524588,8.04999999999921,-0.600000000000147));
#11415=CARTESIAN_POINT('',(8.71894552524588,8.04999999999921,0.649999999999853));
#11416=CARTESIAN_POINT('Origin',(8.71894552524587,9.29999999999921,0.649999999999853));
#11417=CARTESIAN_POINT('',(8.71894552524588,8.04999999999921,3.11059726292465));
#11418=CARTESIAN_POINT('',(8.71894552524588,8.04999999999921,4.57092036167426));
#11419=CARTESIAN_POINT('',(8.71894552524588,7.88253175472976,3.73559726292465));
#11420=CARTESIAN_POINT('Origin',(8.71894552524587,6.79999999999921,3.11059726292465));
#11421=CARTESIAN_POINT('',(8.71894552524588,3.98298233092977,10.4898149915722));
#11422=CARTESIAN_POINT('',(8.71894552524588,2.59146136751698,12.9000000000003));
#11423=CARTESIAN_POINT('',(8.71894552524588,2.90045057619922,11.1148149915722));
#11424=CARTESIAN_POINT('Origin',(8.71894552524587,2.90045057619922,9.86481499157219));
#11425=CARTESIAN_POINT('',(8.71894552524588,-2.36635835965981,11.1148149915722));
#11426=CARTESIAN_POINT('',(8.71894552524588,-3.08804619614684,11.1148149915722));
#11427=CARTESIAN_POINT('',(8.71894552524588,-3.44889011439036,10.4898149915722));
#11428=CARTESIAN_POINT('Origin',(8.71894552524587,-2.36635835965981,9.86481499157219));
#11429=CARTESIAN_POINT('',(8.71894552524588,-7.88253175473026,2.81052240795046));
#11430=CARTESIAN_POINT('',(8.71894552524588,-2.05736915097758,12.9000000000003));
#11431=CARTESIAN_POINT('',(8.71894552524588,-8.04999999999971,2.18552240795046));
#11432=CARTESIAN_POINT('Origin',(8.71894552524587,-6.79999999999971,2.18552240795046));
#11433=CARTESIAN_POINT('',(8.71894552524588,-8.04999999999971,0.649999999999853));
#11434=CARTESIAN_POINT('',(8.71894552524588,-8.04999999999971,3.64584550670008));
#11435=CARTESIAN_POINT('',(8.71894552524588,-9.29999999999971,-0.600000000000147));
#11436=CARTESIAN_POINT('Origin',(8.71894552524587,-9.29999999999971,0.649999999999853));
#11437=CARTESIAN_POINT('',(8.71894552524588,-10.9999999999997,-0.600000000000147));
#11438=CARTESIAN_POINT('',(8.71894552524588,-8.04999999999971,-0.600000000000147));
#11439=CARTESIAN_POINT('',(8.71894552524588,-12.2499999999997,0.649999999999853));
#11440=CARTESIAN_POINT('Origin',(8.71894552524587,-10.9999999999997,0.649999999999853));
#11441=CARTESIAN_POINT('',(8.71894552524588,-12.2499999999997,3.31090901616118));
#11442=CARTESIAN_POINT('',(8.71894552524588,-12.2499999999997,-0.600000000000147));
#11443=CARTESIAN_POINT('',(8.71894552524588,-12.0825317547303,3.93590901616118));
#11444=CARTESIAN_POINT('Origin',(8.71894552524587,-10.9999999999997,3.31090901616118));
#11445=CARTESIAN_POINT('',(8.71894552524588,-7.98964316690098,11.0250000000003));
#11446=CARTESIAN_POINT('',(8.71894552524588,-12.2499999999997,3.64584550670008));
#11447=CARTESIAN_POINT('',(8.71894552524598,-9.07217492163153,12.9000000000003));
#11448=CARTESIAN_POINT('Origin',(8.71894552524587,-9.07217492163153,11.6500000000003));
#11449=CARTESIAN_POINT('',(8.71894552524605,-14.9856588567375,12.9000000000003));
#11450=CARTESIAN_POINT('',(8.71894552524611,21.0445931482738,12.9000000000003));
#11451=CARTESIAN_POINT('',(8.71894552524607,-16.112883883939,12.1902441467068));
#11452=CARTESIAN_POINT('Origin',(8.71894552524587,-14.9856588567375,11.6500000000003));
#11453=CARTESIAN_POINT('',(8.71894552524605,-16.4731183940671,11.4386110971797));
#11454=CARTESIAN_POINT('',(8.71894552524604,-13.62204167901,17.3874122961862));
#11455=CARTESIAN_POINT('',(8.71894552524607,-17.8476149935805,9.05791315199174));
#11456=CARTESIAN_POINT('',(8.71894552524606,-16.7119168723633,11.0250000000005));
#11457=CARTESIAN_POINT('',(8.71894552524607,-17.6489667153332,7.54902967550855));
#11458=CARTESIAN_POINT('Origin',(8.71894552524606,-16.76508323885,8.43291315199174));
#11459=CARTESIAN_POINT('',(8.71894552524606,-16.5442496197581,6.4443125799335));
#11460=CARTESIAN_POINT('',(8.71894552524607,-17.6489667153332,7.54902967550855));
#11461=CARTESIAN_POINT('',(8.71894552524605,-16.1781330962413,5.56042910345032));
#11462=CARTESIAN_POINT('Origin',(8.71894552524607,-17.4281330962413,5.56042910345032));
#11463=CARTESIAN_POINT('',(8.71894552524605,-16.1781330962413,5.39999999999986));
#11464=CARTESIAN_POINT('',(8.71894552524605,-16.1781330962413,5.56042910345032));
#11465=CARTESIAN_POINT('',(8.71894552524606,-17.7499999999996,5.39999999999986));
#11466=CARTESIAN_POINT('',(8.71894552524605,-16.1499999999996,5.39999999999986));
#11467=CARTESIAN_POINT('',(8.71894552524606,-17.7499999999996,4.46992834745814));
#11468=CARTESIAN_POINT('',(8.71894552524606,-17.7499999999996,5.39999999999986));
#11469=CARTESIAN_POINT('',(8.71894552524607,-16.7151770104242,3.76654530533635));
#11470=CARTESIAN_POINT('',(8.71894552524603,-13.6771020746016,1.70152509214055));
#11471=CARTESIAN_POINT('',(8.71894552524606,-16.3376323124891,2.59748845616277));
#11472=CARTESIAN_POINT('Origin',(8.71894552524595,-17.2773249332776,2.93950859948126));
#11473=CARTESIAN_POINT('',(8.71894552524606,-16.6794267688478,1.65841590520009));
#11474=CARTESIAN_POINT('',(8.71894552524605,-16.1499999999996,3.11300399789986));
#11475=CARTESIAN_POINT('',(8.71894552524606,-16.9054353011448,1.29996833203618));
#11476=CARTESIAN_POINT('Origin',(8.71894552524608,-17.6191193896363,2.00043604851858));
#11477=CARTESIAN_POINT('',(8.71894552524608,-18.4618185925333,-0.285780681831292));
#11478=CARTESIAN_POINT('',(8.71894552524606,-16.5360279856269,1.67634559690349));
#11479=CARTESIAN_POINT('',(8.71894552524609,-19.3539237031476,-0.660196036228296));
#11480=CARTESIAN_POINT('Origin',(8.71894552524609,-19.3539237031476,0.589803963771691));
#11481=CARTESIAN_POINT('',(8.71894552524618,-27.9898004112122,-0.660196036228291));
#11482=CARTESIAN_POINT('',(8.71894552524609,-19.3539237031476,-0.660196036228295));
#11483=CARTESIAN_POINT('',(8.71894552524619,-29.2398004112122,0.589803963771709));
#11484=CARTESIAN_POINT('Origin',(8.71894552524618,-27.9898004112122,0.589803963771709));
#11485=CARTESIAN_POINT('',(8.71894552524619,-29.2398004112122,11.2483380219641));
#11486=CARTESIAN_POINT('',(8.71894552524619,-29.2398004112122,0.589803963771709));
#11487=CARTESIAN_POINT('',(8.71894552524616,-26.3794216011447,12.2894307675551));
#11488=CARTESIAN_POINT('',(8.71894552524614,-24.7018964219875,12.9000000000008));
#11489=CARTESIAN_POINT('',(8.71894552524614,-24.7018964219875,11.1148149915721));
#11490=CARTESIAN_POINT('Origin',(8.71894552524616,-25.9518964219875,11.1148149915721));
#11491=CARTESIAN_POINT('',(8.71894552524614,-24.7018964219875,10.0608171852859));
#11492=CARTESIAN_POINT('',(8.71894552524614,-24.7018964219875,11.6500000000005));
#11493=CARTESIAN_POINT('',(8.71894552524613,-23.4518964219875,8.81081718528589));
#11494=CARTESIAN_POINT('Origin',(8.71894552524613,-23.4518964219875,10.0608171852859));
#11495=CARTESIAN_POINT('',(8.71894552524613,-23.2951677963847,8.81081718528589));
#11496=CARTESIAN_POINT('',(8.71894552524613,-23.4518964219875,8.81081718528589));
#11497=CARTESIAN_POINT('',(8.71894552524612,-22.1679427691833,9.5205730385794));
#11498=CARTESIAN_POINT('Origin',(8.71894552524613,-23.2951677963847,10.0608171852859));
#11499=CARTESIAN_POINT('',(8.7189455252461,-20.8884518467912,12.190244146707));
#11500=CARTESIAN_POINT('',(8.71894552524612,-22.1679427691833,9.5205730385794));
#11501=CARTESIAN_POINT('',(8.71894552524609,-19.7612268195898,12.8999999999998));
#11502=CARTESIAN_POINT('Origin',(8.71894552524609,-19.7612268195898,11.6500000000005));
#11503=CARTESIAN_POINT('',(8.71894552524588,-55.3000000000011,12.9000000000003));
#11504=CARTESIAN_POINT('',(8.71894552524611,21.0445931482738,12.9000000000003));
#11505=CARTESIAN_POINT('',(8.71894552524588,-55.3000000000011,11.8039839538554));
#11506=CARTESIAN_POINT('',(8.71894552524588,-55.3000000000011,11.8039839538554));
#11507=CARTESIAN_POINT('',(8.71894552524588,-47.6336782019228,4.13766261272475));
#11508=CARTESIAN_POINT('',(8.71894552524588,-55.3000000000011,11.8039839538554));
#11509=CARTESIAN_POINT('',(8.71894552524588,-48.5175616520643,2.00377910989983));
#11510=CARTESIAN_POINT('Origin',(8.71894552524587,-48.5175616520643,3.25377910989983));
#11511=CARTESIAN_POINT('',(8.71894552524588,-68.7500000000004,2.00377910990014));
#11512=CARTESIAN_POINT('',(8.71894552524588,-64.9848513971996,2.00377910990008));
#11513=CARTESIAN_POINT('',(8.71894552524588,-70.0000000000004,3.25377910990016));
#11514=CARTESIAN_POINT('Origin',(8.71894552524587,-68.7500000000004,3.25377910990014));
#11515=CARTESIAN_POINT('',(8.71894552524588,-70.0000000000002,14.2654019543778));
#11516=CARTESIAN_POINT('',(8.71894552524588,-70.0000000000004,4.10527910990031));
#11517=CARTESIAN_POINT('Origin',(8.71894552524587,-68.7500000000002,14.2654019543778));
#11518=CARTESIAN_POINT('',(8.71894552524589,-55.9653983053553,19.6927497682902));
#11519=CARTESIAN_POINT('',(8.71894552524589,-56.3586206935259,19.2798662642795));
#11520=CARTESIAN_POINT('',(8.71894552524648,-54.1981569258589,19.7358532089383));
#11521=CARTESIAN_POINT('Origin',(8.71894552524554,-55.060225895283,18.8306807988661));
#11522=CARTESIAN_POINT('',(8.71894552524648,-54.1082639285269,19.650240829787));
#11523=CARTESIAN_POINT('',(8.71894552524631,-38.1012025530362,4.40542034042149));
#11524=CARTESIAN_POINT('',(8.71894552524646,-54.0651604878787,17.8829994502905));
#11525=CARTESIAN_POINT('Origin',(8.71894552524587,-54.970332897951,18.7450684197147));
#11526=CARTESIAN_POINT('',(8.7189455252453,-54.7999999701987,17.1114180005227));
#11527=CARTESIAN_POINT('',(8.71894552524633,-41.3839638773641,31.198255776251));
#11528=CARTESIAN_POINT('',(8.71894552524529,-55.300000000001,16.6114180005227));
#11529=CARTESIAN_POINT('',(8.71894552524632,-40.7304925265324,31.1809254441891));
#11530=CARTESIAN_POINT('',(8.71894552524529,-55.300000000001,15.5154019543778));
#11531=CARTESIAN_POINT('',(8.71894552524529,-55.300000000001,17.177424887134));
#11532=CARTESIAN_POINT('',(8.71894552524529,55.300000000001,15.5154019543778));
#11533=CARTESIAN_POINT('',(8.71894552524614,-33.9500000298003,15.5154019543769));
#11534=CARTESIAN_POINT('',(8.71894552524529,55.300000000001,16.6114180005227));
#11535=CARTESIAN_POINT('',(8.71894552524529,55.300000000001,17.177424887134));
#11536=CARTESIAN_POINT('',(8.7189455252453,54.0678995612156,17.8435184095057));
#11537=CARTESIAN_POINT('',(8.71894552524545,40.1437499765929,31.7676679941285));
#11538=CARTESIAN_POINT('',(8.7189455252453,54.0897140682747,19.6325742960612));
#11539=CARTESIAN_POINT('Origin',(8.71894552524557,54.9517830376988,18.7274018859889));
#11540=CARTESIAN_POINT('',(8.7189455252453,54.1981569258587,19.7358532089386));
#11541=CARTESIAN_POINT('',(8.71894552524545,39.7192762593499,5.94644293118236));
#11542=CARTESIAN_POINT('',(8.71894552524589,55.9653983053549,19.6927497682904));
#11543=CARTESIAN_POINT('Origin',(8.71894552524555,55.0602258952828,18.8306807988663));
#11544=CARTESIAN_POINT('',(8.71894552524589,56.3586206935257,19.2798662642795));
#11545=CARTESIAN_POINT('',(8.71894552524588,69.9999999999998,14.2654019543778));
#11546=CARTESIAN_POINT('Origin',(8.71894552524587,68.7499999999998,14.2654019543778));
#11547=CARTESIAN_POINT('',(8.71894552524588,69.9999999999998,3.25377910989987));
#11548=CARTESIAN_POINT('',(8.71894552524588,69.9999999999998,15.5154019543778));
#11549=CARTESIAN_POINT('Origin',(8.71894552524587,68.7499999999998,3.25377910989987));
#11550=CARTESIAN_POINT('',(8.71894552524588,51.5679000995508,4.10527910989987));
#11551=CARTESIAN_POINT('',(8.71894552524515,67.8984999999999,4.10527910990032));
#11552=CARTESIAN_POINT('',(8.7189455252456,26.2089500423254,4.10527910989947));
#11553=CARTESIAN_POINT('',(8.71894552524588,67.8984999999999,12.9000000000003));
#11554=CARTESIAN_POINT('',(8.71894552524588,67.8984999999999,4.10527910990032));
#11555=CARTESIAN_POINT('',(8.71894552524588,59.9438248291794,12.9000000000004));
#11556=CARTESIAN_POINT('',(8.71894552524554,31.6398161507623,12.9000000000003));
#11557=CARTESIAN_POINT('',(8.71894552524541,43.6148201349497,-4.24545478075844));
#11558=CARTESIAN_POINT('',(8.71894552524612,-21.9293731294699,6.18108711418271));
#11559=CARTESIAN_POINT('',(8.7189455252461,-20.6793731294699,4.93108711418271));
#11560=CARTESIAN_POINT('Origin',(8.71894552524612,-21.9293731294699,4.93108711418271));
#11561=CARTESIAN_POINT('',(8.71894552524614,-24.6982350439536,6.18108711418271));
#11562=CARTESIAN_POINT('',(8.71894552524612,-21.9293731294699,6.18108711418271));
#11563=CARTESIAN_POINT('',(8.71894552524614,-24.6982350439536,2.10809911330865));
#11564=CARTESIAN_POINT('',(8.71894552524614,-24.6982350439536,2.96665437450327));
#11565=CARTESIAN_POINT('',(8.7189455252461,-20.6793731294699,2.10809911330865));
#11566=CARTESIAN_POINT('',(8.71894552524611,-21.5408421309916,2.10809911330865));
#11567=CARTESIAN_POINT('',(8.7189455252461,-20.6793731294699,2.10809911330865));
#11568=CARTESIAN_POINT('',(8.71894552524562,21.9293731294695,6.18108711418271));
#11569=CARTESIAN_POINT('',(8.71894552524564,20.6793731294695,4.93108711418271));
#11570=CARTESIAN_POINT('Origin',(8.71894552524562,21.9293731294695,4.93108711418271));
#11571=CARTESIAN_POINT('',(8.71894552524564,20.6793731294696,2.10809911330865));
#11572=CARTESIAN_POINT('',(8.71894552524564,20.6793731294696,2.10809911330865));
#11573=CARTESIAN_POINT('',(8.71894552524559,24.6982350439533,2.10809911330865));
#11574=CARTESIAN_POINT('',(8.71894552524563,21.5408421309913,2.10809911330865));
#11575=CARTESIAN_POINT('',(8.71894552524559,24.6982350439533,6.18108711418271));
#11576=CARTESIAN_POINT('',(8.71894552524559,24.6982350439533,2.96665437450327));
#11577=CARTESIAN_POINT('',(8.71894552524562,21.9293731294695,6.18108711418271));
#11578=CARTESIAN_POINT('',(8.71894552524661,-67.8985000000004,4.10527910990031));
#11579=CARTESIAN_POINT('',(8.71894552524588,-51.5679000995512,4.10527910989987));
#11580=CARTESIAN_POINT('',(8.71894552524621,-38.3707132040249,4.10527910989964));
#11581=CARTESIAN_POINT('',(8.71894552524588,-59.94382482918,12.9000000000003));
#11582=CARTESIAN_POINT('',(8.71894552524634,-42.5317470892774,-5.38268146888639));
#11583=CARTESIAN_POINT('',(8.71894552524588,-67.8985000000004,12.9000000000003));
#11584=CARTESIAN_POINT('',(8.71894552524588,-70.0000000000002,12.9000000000003));
#11585=CARTESIAN_POINT('',(8.71894552524588,-67.8985000000004,4.10527910990031));
#11586=CARTESIAN_POINT('Origin',(8.71894552524588,-48.5175616520643,3.25377910989983));
#11587=CARTESIAN_POINT('',(23.1189455252459,-47.6336782019228,4.13766261272475));
#11588=CARTESIAN_POINT('',(23.1189455252459,-48.5175616520643,2.00377910989983));
#11589=CARTESIAN_POINT('Origin',(23.1189455252459,-48.5175616520643,3.25377910989983));
#11590=CARTESIAN_POINT('',(8.71894552524588,-48.5175616520643,2.00377910989983));
#11591=CARTESIAN_POINT('',(8.71894552524588,-47.6336782019228,4.13766261272474));
#11592=CARTESIAN_POINT('Origin',(8.71894552524588,-64.9848513971996,2.00377910990008));
#11593=CARTESIAN_POINT('',(23.1189455252459,-68.7500000000004,2.00377910990014));
#11594=CARTESIAN_POINT('',(23.1189455252459,-64.9848513971996,2.00377910990008));
#11595=CARTESIAN_POINT('',(8.71894552524588,-68.7500000000004,2.00377910990014));
#11596=CARTESIAN_POINT('Origin',(23.1189455252459,0.849999985100037,17.8394478198899));
#11597=CARTESIAN_POINT('',(23.1189455252459,69.9999999999998,3.25377910989987));
#11598=CARTESIAN_POINT('Origin',(23.1189455252459,68.7499999999998,3.25377910989987));
#11599=CARTESIAN_POINT('',(23.1189455252459,69.9999999999998,14.2654019543778));
#11600=CARTESIAN_POINT('',(23.1189455252459,69.9999999999998,15.5154019543778));
#11601=CARTESIAN_POINT('Origin',(23.1189455252459,68.7499999999998,14.2654019543778));
#11602=CARTESIAN_POINT('',(23.1189455252453,55.9653983053551,19.6927497682905));
#11603=CARTESIAN_POINT('',(23.1189455252454,47.0981272360485,29.0033843105935));
#11604=CARTESIAN_POINT('',(23.1189455252453,54.1981569258588,19.7358532089386));
#11605=CARTESIAN_POINT('Origin',(23.1189455252456,55.0602258952829,18.8306807988664));
#11606=CARTESIAN_POINT('',(23.1189455252459,54.0897140682748,19.6325742960613));
#11607=CARTESIAN_POINT('',(23.1189455252459,52.2208157836146,17.8526711524305));
#11608=CARTESIAN_POINT('',(23.1189455252459,54.0678995612156,17.8435184095057));
#11609=CARTESIAN_POINT('Origin',(23.1189455252456,54.9517830376989,18.727401885989));
#11610=CARTESIAN_POINT('',(23.1189455252453,55.2999999701989,16.6114180005227));
#11611=CARTESIAN_POINT('',(23.1189455252459,53.6999999701987,18.2114180005227));
#11612=CARTESIAN_POINT('',(23.1189455252453,55.3000000000012,15.5154019543778));
#11613=CARTESIAN_POINT('',(23.1189455252453,55.2999999701989,20.5473163337658));
#11614=CARTESIAN_POINT('',(23.1189455252453,-55.3000000000012,15.5154019543778));
#11615=CARTESIAN_POINT('',(23.1189455252463,-34.5500000298011,15.5154019543774));
#11616=CARTESIAN_POINT('',(23.1189455252453,-55.2999999701989,16.6114180005227));
#11617=CARTESIAN_POINT('',(23.1189455252453,-55.2999999701989,20.5473163337658));
#11618=CARTESIAN_POINT('',(23.1189455252453,-54.7999999701989,17.1114180005227));
#11619=CARTESIAN_POINT('',(23.1189455252463,-40.7304925265324,31.1809254441893));
#11620=CARTESIAN_POINT('',(23.1189455252465,-54.0651604878787,17.8829994502905));
#11621=CARTESIAN_POINT('',(23.1189455252463,-41.383963877364,31.1982557762511));
#11622=CARTESIAN_POINT('',(23.1189455252465,-54.1082639285269,19.6502408297869));
#11623=CARTESIAN_POINT('Origin',(23.1189455252459,-54.970332897951,18.7450684197147));
#11624=CARTESIAN_POINT('',(23.1189455252465,-54.198156925859,19.7358532089384));
#11625=CARTESIAN_POINT('',(23.1189455252463,-38.1012025530361,4.40542034042141));
#11626=CARTESIAN_POINT('',(23.1189455252453,-55.9653983053553,19.6927497682903));
#11627=CARTESIAN_POINT('Origin',(23.1189455252455,-55.0602258952831,18.8306807988661));
#11628=CARTESIAN_POINT('',(23.1189455252454,-47.0981272360485,29.0033843105935));
#11629=CARTESIAN_POINT('',(23.1189455252459,-70.0000000000002,14.2654019543778));
#11630=CARTESIAN_POINT('Origin',(23.1189455252459,-68.7500000000002,14.2654019543778));
#11631=CARTESIAN_POINT('',(23.1189455252459,-70.0000000000004,3.25377910990016));
#11632=CARTESIAN_POINT('',(23.1189455252459,-70.0000000000004,4.10527910990031));
#11633=CARTESIAN_POINT('Origin',(23.1189455252459,-68.7500000000004,3.25377910990014));
#11634=CARTESIAN_POINT('',(23.1189455252459,-55.3000000000011,11.8039839538554));
#11635=CARTESIAN_POINT('',(23.1189455252459,-55.3000000000011,11.8039839538554));
#11636=CARTESIAN_POINT('',(23.1189455252459,-55.3000000000011,12.9000000000003));
#11637=CARTESIAN_POINT('',(23.1189455252459,-55.3000000000011,11.8039839538554));
#11638=CARTESIAN_POINT('',(23.1189455252461,-19.7612268195896,12.8999999999998));
#11639=CARTESIAN_POINT('',(23.1189455252461,22.1445931482737,12.9000000000003));
#11640=CARTESIAN_POINT('',(23.1189455252461,-20.8884518467911,12.190244146707));
#11641=CARTESIAN_POINT('Origin',(23.1189455252461,-19.7612268195896,11.6500000000005));
#11642=CARTESIAN_POINT('',(23.1189455252461,-22.1679427691831,9.5205730385794));
#11643=CARTESIAN_POINT('',(23.1189455252461,-22.1679427691831,9.5205730385794));
#11644=CARTESIAN_POINT('',(23.1189455252461,-23.2951677963846,8.81081718528589));
#11645=CARTESIAN_POINT('Origin',(23.1189455252461,-23.2951677963846,10.0608171852859));
#11646=CARTESIAN_POINT('',(23.1189455252461,-23.4518964219873,8.81081718528589));
#11647=CARTESIAN_POINT('',(23.1189455252461,-23.4518964219873,8.81081718528589));
#11648=CARTESIAN_POINT('',(23.1189455252461,-24.7018964219873,10.0608171852859));
#11649=CARTESIAN_POINT('Origin',(23.1189455252461,-23.4518964219873,10.0608171852859));
#11650=CARTESIAN_POINT('',(23.1189455252461,-24.7018964219873,11.1148149915721));
#11651=CARTESIAN_POINT('',(23.1189455252461,-24.7018964219873,11.6500000000005));
#11652=CARTESIAN_POINT('',(23.1189455252462,-26.3794216011444,12.2894307675545));
#11653=CARTESIAN_POINT('Origin',(23.1189455252462,-25.9518964219873,11.1148149915721));
#11654=CARTESIAN_POINT('',(23.1189455252462,-29.239800411212,11.2483380219641));
#11655=CARTESIAN_POINT('',(23.1189455252462,-29.5769315180072,11.1256323340455));
#11656=CARTESIAN_POINT('',(23.1189455252462,-29.239800411212,0.589803963771709));
#11657=CARTESIAN_POINT('',(23.1189455252462,-29.239800411212,0.589803963771709));
#11658=CARTESIAN_POINT('',(23.1189455252462,-27.989800411212,-0.660196036228291));
#11659=CARTESIAN_POINT('Origin',(23.1189455252462,-27.989800411212,0.589803963771709));
#11660=CARTESIAN_POINT('',(23.1189455252461,-19.3539237031475,-0.660196036228295));
#11661=CARTESIAN_POINT('',(23.1189455252461,-19.3539237031475,-0.660196036228295));
#11662=CARTESIAN_POINT('',(23.1189455252461,-18.4618185925331,-0.285780681831292));
#11663=CARTESIAN_POINT('Origin',(23.1189455252461,-19.3539237031475,0.589803963771691));
#11664=CARTESIAN_POINT('',(23.1189455252461,-16.9054353011447,1.29996833203618));
#11665=CARTESIAN_POINT('',(23.1189455252461,-16.5360279856268,1.67634559690349));
#11666=CARTESIAN_POINT('',(23.1189455252461,-16.6794267688476,1.65841590520009));
#11667=CARTESIAN_POINT('Origin',(23.1189455252461,-17.6191193896362,2.00043604851858));
#11668=CARTESIAN_POINT('',(23.1189455252461,-16.3376323124889,2.59748845616269));
#11669=CARTESIAN_POINT('',(23.1189455252461,-16.1499999999995,3.11300399789986));
#11670=CARTESIAN_POINT('',(23.1189455252461,-16.7151770104241,3.76654530533626));
#11671=CARTESIAN_POINT('Origin',(23.118945525246,-17.2773249332775,2.93950859948118));
#11672=CARTESIAN_POINT('',(23.1189455252461,-17.7499999999995,4.46992834745803));
#11673=CARTESIAN_POINT('',(23.118945525246,-13.6771020746014,1.70152509214047));
#11674=CARTESIAN_POINT('',(23.1189455252461,-17.7499999999995,5.39999999999986));
#11675=CARTESIAN_POINT('',(23.1189455252461,-17.7499999999995,5.39999999999986));
#11676=CARTESIAN_POINT('',(23.1189455252461,-16.1781330962411,5.39999999999986));
#11677=CARTESIAN_POINT('',(23.1189455252461,-16.1499999999995,5.39999999999986));
#11678=CARTESIAN_POINT('',(23.1189455252461,-16.1781330962411,5.56042910345032));
#11679=CARTESIAN_POINT('',(23.1189455252461,-16.1781330962411,5.56042910345032));
#11680=CARTESIAN_POINT('',(23.1189455252461,-16.5442496197579,6.4443125799335));
#11681=CARTESIAN_POINT('Origin',(23.1189455252461,-17.4281330962411,5.56042910345032));
#11682=CARTESIAN_POINT('',(23.1189455252461,-17.648966715333,7.54902967550855));
#11683=CARTESIAN_POINT('',(23.1189455252461,-17.648966715333,7.54902967550855));
#11684=CARTESIAN_POINT('',(23.1189455252461,-17.8476149935804,9.05791315199174));
#11685=CARTESIAN_POINT('Origin',(23.1189455252461,-16.7650832388498,8.43291315199174));
#11686=CARTESIAN_POINT('',(23.1189455252461,-16.4731183940669,11.4386110971797));
#11687=CARTESIAN_POINT('',(23.1189455252461,-16.7119168723631,11.0250000000005));
#11688=CARTESIAN_POINT('',(23.1189455252461,-16.112883883939,12.1902441467068));
#11689=CARTESIAN_POINT('',(23.118945525246,-13.62204167901,17.3874122961862));
#11690=CARTESIAN_POINT('',(23.1189455252461,-14.9856588567375,12.9000000000003));
#11691=CARTESIAN_POINT('Origin',(23.1189455252459,-14.9856588567375,11.6500000000003));
#11692=CARTESIAN_POINT('',(23.118945525246,-9.07217492163153,12.9000000000003));
#11693=CARTESIAN_POINT('',(23.1189455252461,22.1445931482737,12.9000000000003));
#11694=CARTESIAN_POINT('',(23.1189455252459,-7.98964316690098,11.0250000000003));
#11695=CARTESIAN_POINT('Origin',(23.1189455252459,-9.07217492163153,11.6500000000003));
#11696=CARTESIAN_POINT('',(23.1189455252459,-12.0825317547303,3.93590901616118));
#11697=CARTESIAN_POINT('',(23.1189455252459,-12.2499999999997,3.64584550670008));
#11698=CARTESIAN_POINT('',(23.1189455252459,-12.2499999999997,3.31090901616118));
#11699=CARTESIAN_POINT('Origin',(23.1189455252459,-10.9999999999997,3.31090901616118));
#11700=CARTESIAN_POINT('',(23.1189455252459,-12.2499999999997,0.649999999999853));
#11701=CARTESIAN_POINT('',(23.1189455252459,-12.2499999999997,-0.600000000000147));
#11702=CARTESIAN_POINT('',(23.1189455252459,-10.9999999999997,-0.600000000000147));
#11703=CARTESIAN_POINT('Origin',(23.1189455252459,-10.9999999999997,0.649999999999853));
#11704=CARTESIAN_POINT('',(23.1189455252459,-9.29999999999971,-0.600000000000147));
#11705=CARTESIAN_POINT('',(23.1189455252459,-8.04999999999971,-0.600000000000147));
#11706=CARTESIAN_POINT('',(23.1189455252459,-8.04999999999971,0.649999999999853));
#11707=CARTESIAN_POINT('Origin',(23.1189455252459,-9.29999999999971,0.649999999999853));
#11708=CARTESIAN_POINT('',(23.1189455252459,-8.04999999999971,2.18552240795046));
#11709=CARTESIAN_POINT('',(23.1189455252459,-8.04999999999971,3.64584550670008));
#11710=CARTESIAN_POINT('',(23.1189455252459,-7.88253175473026,2.81052240795046));
#11711=CARTESIAN_POINT('Origin',(23.1189455252459,-6.79999999999971,2.18552240795046));
#11712=CARTESIAN_POINT('',(23.1189455252459,-3.44889011439036,10.4898149915722));
#11713=CARTESIAN_POINT('',(23.1189455252459,-2.05736915097758,12.9000000000003));
#11714=CARTESIAN_POINT('',(23.1189455252459,-2.36635835965981,11.1148149915722));
#11715=CARTESIAN_POINT('Origin',(23.1189455252459,-2.36635835965981,9.86481499157219));
#11716=CARTESIAN_POINT('',(23.1189455252459,2.90045057619922,11.1148149915722));
#11717=CARTESIAN_POINT('',(23.1189455252459,-3.08804619614684,11.1148149915722));
#11718=CARTESIAN_POINT('',(23.1189455252459,3.98298233092977,10.4898149915722));
#11719=CARTESIAN_POINT('Origin',(23.1189455252459,2.90045057619922,9.86481499157219));
#11720=CARTESIAN_POINT('',(23.1189455252459,7.88253175472976,3.73559726292465));
#11721=CARTESIAN_POINT('',(23.1189455252459,2.59146136751698,12.9000000000003));
#11722=CARTESIAN_POINT('',(23.1189455252459,8.04999999999921,3.11059726292465));
#11723=CARTESIAN_POINT('Origin',(23.1189455252459,6.79999999999921,3.11059726292465));
#11724=CARTESIAN_POINT('',(23.1189455252459,8.04999999999921,0.649999999999853));
#11725=CARTESIAN_POINT('',(23.1189455252459,8.04999999999921,4.57092036167426));
#11726=CARTESIAN_POINT('',(23.1189455252459,9.29999999999921,-0.600000000000147));
#11727=CARTESIAN_POINT('Origin',(23.1189455252459,9.29999999999921,0.649999999999853));
#11728=CARTESIAN_POINT('',(23.1189455252459,10.9999999999992,-0.600000000000147));
#11729=CARTESIAN_POINT('',(23.1189455252459,8.04999999999921,-0.600000000000147));
#11730=CARTESIAN_POINT('',(23.1189455252459,12.2499999999992,0.649999999999852));
#11731=CARTESIAN_POINT('Origin',(23.1189455252459,10.9999999999992,0.649999999999853));
#11732=CARTESIAN_POINT('',(23.1189455252459,12.2499999999992,4.23598387113536));
#11733=CARTESIAN_POINT('',(23.1189455252459,12.2499999999992,-0.600000000000148));
#11734=CARTESIAN_POINT('',(23.1189455252459,12.0825317547298,4.86098387113536));
#11735=CARTESIAN_POINT('Origin',(23.1189455252459,10.9999999999992,4.23598387113536));
#11736=CARTESIAN_POINT('',(23.1189455252459,8.52373538344039,11.0250000000003));
#11737=CARTESIAN_POINT('',(23.1189455252459,12.2499999999992,4.57092036167426));
#11738=CARTESIAN_POINT('',(23.1189455252458,9.60626713817094,12.9000000000003));
#11739=CARTESIAN_POINT('Origin',(23.1189455252459,9.60626713817094,11.6500000000003));
#11740=CARTESIAN_POINT('',(23.1189455252457,14.985658856737,12.9000000000003));
#11741=CARTESIAN_POINT('',(23.1189455252461,22.1445931482737,12.9000000000003));
#11742=CARTESIAN_POINT('',(23.1189455252457,16.1128838839385,12.1902441467068));
#11743=CARTESIAN_POINT('Origin',(23.1189455252459,14.985658856737,11.6500000000003));
#11744=CARTESIAN_POINT('',(23.1189455252457,16.4731183940669,11.4386110971797));
#11745=CARTESIAN_POINT('',(23.1189455252457,13.4773144611769,17.6893871404351));
#11746=CARTESIAN_POINT('',(23.1189455252457,17.8476149935804,9.05791315199174));
#11747=CARTESIAN_POINT('',(23.1189455252457,16.7119168723631,11.0250000000005));
#11748=CARTESIAN_POINT('',(23.1189455252457,17.648966715333,7.54902967550855));
#11749=CARTESIAN_POINT('Origin',(23.1189455252457,16.7650832388498,8.43291315199174));
#11750=CARTESIAN_POINT('',(23.1189455252457,16.5442496197579,6.4443125799335));
#11751=CARTESIAN_POINT('',(23.1189455252457,17.648966715333,7.54902967550855));
#11752=CARTESIAN_POINT('',(23.1189455252457,16.1781330962411,5.56042910345032));
#11753=CARTESIAN_POINT('Origin',(23.1189455252457,17.4281330962411,5.56042910345032));
#11754=CARTESIAN_POINT('',(23.1189455252457,16.1781330962411,5.39999999999986));
#11755=CARTESIAN_POINT('',(23.1189455252457,16.1781330962411,5.56042910345032));
#11756=CARTESIAN_POINT('',(23.1189455252457,17.7499999999995,5.39999999999986));
#11757=CARTESIAN_POINT('',(23.1189455252457,16.1499999999995,5.39999999999986));
#11758=CARTESIAN_POINT('',(23.1189455252457,17.7499999999995,4.46992834745837));
#11759=CARTESIAN_POINT('',(23.1189455252457,17.7499999999995,5.39999999999986));
#11760=CARTESIAN_POINT('',(23.1189455252457,16.715177010424,3.76654530533653));
#11761=CARTESIAN_POINT('',(23.1189455252457,14.7904242004037,2.45826504824632));
#11762=CARTESIAN_POINT('',(23.1189455252457,16.3376323124888,2.59748845616296));
#11763=CARTESIAN_POINT('Origin',(23.1189455252458,17.2773249332774,2.93950859948145));
#11764=CARTESIAN_POINT('',(23.1189455252457,16.6794267688476,1.6584159052001));
#11765=CARTESIAN_POINT('',(23.1189455252457,16.1499999999995,3.11300399789986));
#11766=CARTESIAN_POINT('',(23.1189455252457,16.9054353011447,1.29996833203619));
#11767=CARTESIAN_POINT('Origin',(23.1189455252457,17.6191193896362,2.00043604851858));
#11768=CARTESIAN_POINT('',(23.1189455252457,18.4618185925331,-0.285780681831292));
#11769=CARTESIAN_POINT('',(23.1189455252457,16.5360279856268,1.67634559690349));
#11770=CARTESIAN_POINT('',(23.1189455252457,19.3539237031475,-0.660196036228295));
#11771=CARTESIAN_POINT('Origin',(23.1189455252457,19.3539237031475,0.589803963771691));
#11772=CARTESIAN_POINT('',(23.1189455252456,27.989800411212,-0.660196036228291));
#11773=CARTESIAN_POINT('',(23.1189455252457,19.3539237031475,-0.660196036228295));
#11774=CARTESIAN_POINT('',(23.1189455252455,29.239800411212,0.589803963771709));
#11775=CARTESIAN_POINT('Origin',(23.1189455252456,27.989800411212,0.589803963771709));
#11776=CARTESIAN_POINT('',(23.1189455252456,29.239800411212,11.2483380219642));
#11777=CARTESIAN_POINT('',(23.1189455252455,29.239800411212,0.589803963771709));
#11778=CARTESIAN_POINT('',(23.1189455252456,26.3794216011444,12.2894307675546));
#11779=CARTESIAN_POINT('',(23.1189455252456,29.5769315180075,11.1256323340454));
#11780=CARTESIAN_POINT('',(23.1189455252456,24.7018964219873,11.1148149915722));
#11781=CARTESIAN_POINT('Origin',(23.1189455252456,25.9518964219873,11.1148149915722));
#11782=CARTESIAN_POINT('',(23.1189455252456,24.7018964219873,10.0608171852859));
#11783=CARTESIAN_POINT('',(23.1189455252456,24.7018964219873,11.6500000000005));
#11784=CARTESIAN_POINT('',(23.1189455252456,23.4518964219873,8.81081718528589));
#11785=CARTESIAN_POINT('Origin',(23.1189455252456,23.4518964219873,10.0608171852859));
#11786=CARTESIAN_POINT('',(23.1189455252456,23.2951677963846,8.81081718528589));
#11787=CARTESIAN_POINT('',(23.1189455252456,23.4518964219873,8.81081718528589));
#11788=CARTESIAN_POINT('',(23.1189455252456,22.1679427691831,9.5205730385794));
#11789=CARTESIAN_POINT('Origin',(23.1189455252456,23.2951677963846,10.0608171852859));
#11790=CARTESIAN_POINT('',(23.1189455252456,20.8884518467911,12.190244146707));
#11791=CARTESIAN_POINT('',(23.1189455252456,22.1679427691831,9.5205730385794));
#11792=CARTESIAN_POINT('',(23.1189455252456,19.7612268195896,12.8999999999998));
#11793=CARTESIAN_POINT('Origin',(23.1189455252456,19.7612268195896,11.6500000000005));
#11794=CARTESIAN_POINT('',(23.1189455252459,55.3000000000009,12.9000000000004));
#11795=CARTESIAN_POINT('',(23.1189455252459,57.5000000000009,12.9000000000003));
#11796=CARTESIAN_POINT('',(23.1189455252459,55.3000000000009,11.8039839538555));
#11797=CARTESIAN_POINT('',(23.1189455252459,55.3000000000009,12.9000000000004));
#11798=CARTESIAN_POINT('',(23.1189455252459,55.3000000000009,11.8039839538555));
#11799=CARTESIAN_POINT('',(23.1189455252461,-20.6793731294697,4.93108711418271));
#11800=CARTESIAN_POINT('',(23.1189455252461,-21.9293731294697,6.18108711418271));
#11801=CARTESIAN_POINT('Origin',(23.1189455252461,-21.9293731294697,4.93108711418271));
#11802=CARTESIAN_POINT('',(23.1189455252461,-20.6793731294697,2.10809911330865));
#11803=CARTESIAN_POINT('',(23.1189455252461,-20.6793731294697,2.10809911330865));
#11804=CARTESIAN_POINT('',(23.1189455252461,-24.6982350439534,2.10809911330865));
#11805=CARTESIAN_POINT('',(23.1189455252461,-24.6982350439534,2.10809911330865));
#11806=CARTESIAN_POINT('',(23.1189455252461,-24.6982350439534,6.18108711418271));
#11807=CARTESIAN_POINT('',(23.1189455252461,-24.6982350439534,6.18108711418271));
#11808=CARTESIAN_POINT('',(23.1189455252461,-21.9293731294697,6.18108711418271));
#11809=CARTESIAN_POINT('',(23.1189455252456,20.6793731294697,4.93108711418271));
#11810=CARTESIAN_POINT('',(23.1189455252456,21.9293731294697,6.18108711418271));
#11811=CARTESIAN_POINT('Origin',(23.1189455252456,21.9293731294697,4.93108711418271));
#11812=CARTESIAN_POINT('',(23.1189455252456,24.6982350439534,6.18108711418271));
#11813=CARTESIAN_POINT('',(23.1189455252456,21.9293731294697,6.18108711418271));
#11814=CARTESIAN_POINT('',(23.1189455252456,24.6982350439534,2.10809911330865));
#11815=CARTESIAN_POINT('',(23.1189455252456,24.6982350439534,6.18108711418271));
#11816=CARTESIAN_POINT('',(23.1189455252456,20.6793731294697,2.10809911330865));
#11817=CARTESIAN_POINT('',(23.1189455252456,24.6982350439534,2.10809911330865));
#11818=CARTESIAN_POINT('',(23.1189455252456,20.6793731294697,2.10809911330865));
#11819=CARTESIAN_POINT('',(23.1189455252452,67.8984999999999,4.10527910990015));
#11820=CARTESIAN_POINT('',(23.1189455252453,51.5679000995508,4.10527910989987));
#11821=CARTESIAN_POINT('',(23.1189455252456,36.9174256911498,4.10527910989962));
#11822=CARTESIAN_POINT('',(23.1189455252459,59.9438248291794,12.9000000000004));
#11823=CARTESIAN_POINT('',(23.1189455252459,55.9653983053549,8.7226521860877));
#11824=CARTESIAN_POINT('',(23.1189455252459,67.8984999999999,12.9000000000003));
#11825=CARTESIAN_POINT('',(23.1189455252459,57.5000000000009,12.9000000000003));
#11826=CARTESIAN_POINT('',(23.1189455252459,67.8984999999999,4.10527910990032));
#11827=CARTESIAN_POINT('',(23.1189455252464,-51.5679000995512,4.10527910989987));
#11828=CARTESIAN_POINT('',(23.1189455252459,-67.8985000000004,4.10527910990014));
#11829=CARTESIAN_POINT('',(23.1189455252462,-27.544593148274,4.10527910989949));
#11830=CARTESIAN_POINT('',(23.1189455252459,-67.8985000000004,12.9000000000003));
#11831=CARTESIAN_POINT('',(23.1189455252459,-67.8985000000004,4.10527910990031));
#11832=CARTESIAN_POINT('',(23.1189455252459,-59.94382482918,12.9000000000003));
#11833=CARTESIAN_POINT('',(23.1189455252462,-29.0807089928107,12.9000000000003));
#11834=CARTESIAN_POINT('',(23.1189455252463,-42.5317470892773,-5.38268146888648));
#11835=CARTESIAN_POINT('Origin',(8.71894552524588,50.1565646649113,6.40337689868713));
#11836=CARTESIAN_POINT('',(8.71894552524588,55.3000000000009,11.8039839538555));
#11837=CARTESIAN_POINT('Origin',(8.71894552524588,-59.94382482918,12.9000000000003));
#11838=CARTESIAN_POINT('',(8.71894552524588,-51.5679000995512,4.10527910989987));
#11839=CARTESIAN_POINT('',(8.71894552524588,-59.94382482918,12.9000000000003));
#11840=CARTESIAN_POINT('Origin',(8.71894552524588,-55.3000000000011,11.8039839538554));
#11841=CARTESIAN_POINT('',(8.71894552524588,-55.3000000000011,12.9000000000003));
#11842=CARTESIAN_POINT('',(8.71894552524588,-55.3000000000011,11.8039839538554));
#11843=CARTESIAN_POINT('Origin',(8.71894552524588,-67.8985000000004,12.9000000000003));
#11844=CARTESIAN_POINT('',(8.71894552524588,-67.8985000000004,12.9000000000003));
#11845=CARTESIAN_POINT('Origin',(8.71894552524588,-45.4997945719087,2.00377910989979));
#11846=CARTESIAN_POINT('Origin',(8.71894552524588,55.3000000000009,12.9000000000004));
#11847=CARTESIAN_POINT('',(8.71894552524588,55.3000000000009,12.9000000000003));
#11848=CARTESIAN_POINT('Origin',(8.71894552524588,52.9254849611187,5.53074320222634));
#11849=CARTESIAN_POINT('',(8.71894552524588,59.9438248291799,12.9000000000003));
#11850=CARTESIAN_POINT('',(8.71894552524588,51.5679000995508,4.10527910989987));
#11851=CARTESIAN_POINT('Origin',(8.71894552524588,62.4296323164247,12.9000000000003));
#11852=CARTESIAN_POINT('',(8.71894552524588,67.8984999999999,12.9000000000003));
#11853=CARTESIAN_POINT('Origin',(8.71894552524588,68.7499999999998,14.2654019543778));
#11854=CARTESIAN_POINT('',(8.71894552524588,69.9999999999998,14.2654019543778));
#11855=CARTESIAN_POINT('Origin',(8.71894552524588,69.9999999999998,2.00377910990032));
#11856=CARTESIAN_POINT('',(8.71894552524588,69.9999999999998,3.25377910989987));
#11857=CARTESIAN_POINT('Origin',(8.71894552524588,68.7499999999998,3.25377910989987));
#11858=CARTESIAN_POINT('Origin',(8.71894552524588,-68.7500000000002,14.2654019543778));
#11859=CARTESIAN_POINT('',(8.71894552524588,-70.0000000000002,14.2654019543778));
#11860=CARTESIAN_POINT('Origin',(8.71894552524588,-68.7500000000004,3.25377910990014));
#11861=CARTESIAN_POINT('',(8.71894552524588,-70.0000000000004,3.25377910990016));
#11862=CARTESIAN_POINT('Origin',(8.71894552524588,-67.8985000000004,4.10527910990031));
#11863=CARTESIAN_POINT('',(8.71894552524588,-67.8985000000004,4.10527910990031));
#11864=CARTESIAN_POINT('Origin',(8.71894552524588,-69.5914263931494,4.10527910990017));
#11865=CARTESIAN_POINT('Origin',(8.71894552524588,-70.0000000000002,15.5154019543778));
#11866=CARTESIAN_POINT('Origin',(8.71894552524588,75.8984999999999,4.10527910990028));
#11867=CARTESIAN_POINT('',(8.71894552524588,67.8984999999999,4.10527910990032));
#11868=CARTESIAN_POINT('Origin',(8.71894552524588,67.8984999999999,12.9000000000003));
#11869=CARTESIAN_POINT('Origin',(23.1189455252452,63.5195276403126,11.7609140351375));
#11870=CARTESIAN_POINT('',(23.1189455252455,55.9653983053551,19.6927497682905));
#11871=CARTESIAN_POINT('Origin',(19.5189455252456,54.9517830376989,18.727401885989));
#11872=CARTESIAN_POINT('',(19.5189455252456,54.0678995612157,17.8435184095058));
#11873=CARTESIAN_POINT('',(19.5189455252456,54.0897140682748,19.6325742960613));
#11874=CARTESIAN_POINT('Origin',(15.9189455252453,55.0499999701988,16.8614180005227));
#11875=CARTESIAN_POINT('',(15.9189455252453,55.2999999701988,16.6114180005227));
#11876=CARTESIAN_POINT('Origin',(23.1189455252459,55.1033293359308,20.5979221783626));
#11877=CARTESIAN_POINT('',(23.1189455252456,54.1981569258588,19.7358532089386));
#11878=CARTESIAN_POINT('Origin',(23.1189455252459,-54.970332897951,18.7450684197147));
#11879=CARTESIAN_POINT('',(23.1189455252459,-54.1082639285268,19.6502408297869));
#11880=CARTESIAN_POINT('',(23.1189455252459,-54.0651604878787,17.8829994502905));
#11881=CARTESIAN_POINT('Origin',(23.1189455252459,-52.758620663724,18.3648662807705));
#11882=CARTESIAN_POINT('',(23.1189455252455,-54.198156925859,19.7358532089384));
#11883=CARTESIAN_POINT('Origin',(23.1189455252459,-54.7999999701991,17.1114180005227));
#11884=CARTESIAN_POINT('',(15.9189455252453,-54.7999999701988,17.1114180005227));
#11885=CARTESIAN_POINT('Origin',(23.1189455252455,-55.0602258952831,18.8306807988661));
#11886=CARTESIAN_POINT('',(23.1189455252455,-55.9653983053553,19.6927497682903));
#11887=CARTESIAN_POINT('Origin',(23.1189455252456,55.0602258952829,18.8306807988664));
#11888=CARTESIAN_POINT('Origin',(23.1189455252461,-17.6191193896362,2.00043604851858));
#11889=CARTESIAN_POINT('',(23.1189455252461,-16.6794267688476,1.65841590520009));
#11890=CARTESIAN_POINT('',(23.1189455252461,-16.9054353011447,1.29996833203618));
#11891=CARTESIAN_POINT('Origin',(23.1189455252461,-18.4618185925331,-0.285780681831292));
#11892=CARTESIAN_POINT('',(23.1189455252461,-18.4618185925331,-0.285780681831292));
#11893=CARTESIAN_POINT('Origin',(23.1189455252461,-16.8114257712816,1.29575162661366));
#11894=CARTESIAN_POINT('',(23.1189455252459,-16.3376323124889,2.59748845616269));
#11895=CARTESIAN_POINT('Origin',(23.1189455252459,-14.9856588567375,11.6500000000003));
#11896=CARTESIAN_POINT('',(23.1189455252459,-16.112883883939,12.1902441467068));
#11897=CARTESIAN_POINT('',(23.1189455252459,-14.9856588567375,12.9000000000003));
#11898=CARTESIAN_POINT('Origin',(23.1189455252459,-16.4731183940671,11.4386110971797));
#11899=CARTESIAN_POINT('',(23.1189455252461,-16.4731183940669,11.4386110971797));
#11900=CARTESIAN_POINT('Origin',(23.1189455252459,-16.7781330962414,3.80933739983777));
#11901=CARTESIAN_POINT('',(23.1189455252459,-16.7151770104241,3.76654530533626));
#11902=CARTESIAN_POINT('',(23.118945525246,-17.7499999999995,4.46992834745803));
#11903=CARTESIAN_POINT('Origin',(23.1189455252462,-25.9518964219873,11.1148149915721));
#11904=CARTESIAN_POINT('',(23.1189455252462,-26.3794216011444,12.2894307675545));
#11905=CARTESIAN_POINT('',(23.1189455252461,-24.7018964219873,11.1148149915721));
#11906=CARTESIAN_POINT('Origin',(23.1189455252461,-24.7018964219873,10.0608171852859));
#11907=CARTESIAN_POINT('',(23.1189455252461,-24.7018964219873,10.0608171852859));
#11908=CARTESIAN_POINT('Origin',(23.1189455252461,-17.8476149935804,9.05791315199174));
#11909=CARTESIAN_POINT('',(23.1189455252461,-17.8476149935804,9.05791315199174));
#11910=CARTESIAN_POINT('Origin',(23.1189455252461,-24.6982350439534,6.18108711418271));
#11911=CARTESIAN_POINT('',(23.1189455252461,-24.6982350439534,6.18108711418271));
#11912=CARTESIAN_POINT('',(23.1189455252461,-21.9293731294697,6.18108711418271));
#11913=CARTESIAN_POINT('Origin',(23.1189455252461,-24.6982350439534,2.10809911330865));
#11914=CARTESIAN_POINT('',(23.1189455252461,-24.6982350439534,2.10809911330865));
#11915=CARTESIAN_POINT('Origin',(23.1189455252461,-20.6793731294697,2.10809911330865));
#11916=CARTESIAN_POINT('',(23.1189455252461,-20.6793731294697,2.10809911330865));
#11917=CARTESIAN_POINT('Origin',(23.1189455252461,-20.6793731294697,4.93108711418271));
#11918=CARTESIAN_POINT('',(23.1189455252461,-20.6793731294697,4.93108711418271));
#11919=CARTESIAN_POINT('Origin',(23.1189455252461,-21.9293731294697,4.93108711418271));
#11920=CARTESIAN_POINT('Origin',(23.1189455252461,-17.4281330962411,5.56042910345032));
#11921=CARTESIAN_POINT('',(23.1189455252461,-16.1781330962411,5.56042910345032));
#11922=CARTESIAN_POINT('',(23.1189455252461,-16.5442496197579,6.4443125799335));
#11923=CARTESIAN_POINT('Origin',(23.1189455252461,-16.1781330962411,5.39999999999986));
#11924=CARTESIAN_POINT('',(23.1189455252461,-16.1781330962411,5.39999999999986));
#11925=CARTESIAN_POINT('Origin',(23.1189455252461,-16.8999999999995,5.39999999999986));
#11926=CARTESIAN_POINT('',(23.1189455252461,-17.7499999999995,5.39999999999986));
#11927=CARTESIAN_POINT('Origin',(23.1189455252461,-17.7499999999995,4.39999999999986));
#11928=CARTESIAN_POINT('Origin',(23.1189455252461,-19.3539237031475,0.589803963771691));
#11929=CARTESIAN_POINT('',(23.1189455252461,-19.3539237031475,-0.660196036228295));
#11930=CARTESIAN_POINT('Origin',(23.1189455252462,-27.989800411212,-0.660196036228291));
#11931=CARTESIAN_POINT('',(23.1189455252462,-27.989800411212,-0.660196036228291));
#11932=CARTESIAN_POINT('Origin',(23.1189455252462,-27.989800411212,0.589803963771709));
#11933=CARTESIAN_POINT('',(23.1189455252462,-29.239800411212,0.589803963771709));
#11934=CARTESIAN_POINT('Origin',(23.1189455252462,-29.239800411212,12.8999999999998));
#11935=CARTESIAN_POINT('',(23.1189455252462,-29.239800411212,11.2483380219641));
#11936=CARTESIAN_POINT('Origin',(23.1189455252462,-25.8765121979694,12.4724748208428));
#11937=CARTESIAN_POINT('Origin',(23.1189455252461,-23.4518964219873,10.0608171852859));
#11938=CARTESIAN_POINT('',(23.1189455252461,-23.4518964219873,8.81081718528589));
#11939=CARTESIAN_POINT('Origin',(23.1189455252461,-23.2951677963846,8.8108171852859));
#11940=CARTESIAN_POINT('',(23.1189455252461,-23.2951677963846,8.81081718528589));
#11941=CARTESIAN_POINT('Origin',(23.1189455252461,-23.2951677963846,10.0608171852859));
#11942=CARTESIAN_POINT('',(23.1189455252461,-22.1679427691831,9.5205730385794));
#11943=CARTESIAN_POINT('Origin',(23.1189455252461,-20.8884518467911,12.190244146707));
#11944=CARTESIAN_POINT('',(23.1189455252461,-20.8884518467911,12.190244146707));
#11945=CARTESIAN_POINT('Origin',(23.1189455252461,-19.7612268195896,11.6500000000005));
#11946=CARTESIAN_POINT('',(23.1189455252461,-19.7612268195896,12.9000000000003));
#11947=CARTESIAN_POINT('Origin',(23.1189455252461,-16.7650832388498,8.43291315199174));
#11948=CARTESIAN_POINT('',(23.1189455252461,-17.648966715333,7.54902967550855));
#11949=CARTESIAN_POINT('Origin',(23.1189455252461,-16.5442496197579,6.4443125799335));
#11950=CARTESIAN_POINT('Origin',(23.1189455252459,-17.2773249332775,2.93950859948118));
#11951=CARTESIAN_POINT('Origin',(23.1189455252454,46.1391862816479,12.9000000000003));
#11952=CARTESIAN_POINT('Origin',(8.71894552524588,12.2499999999992,-0.600000000000148));
#11953=CARTESIAN_POINT('',(8.71894552524588,12.2499999999992,4.23598387113536));
#11954=CARTESIAN_POINT('',(8.71894552524588,12.2499999999992,0.649999999999853));
#11955=CARTESIAN_POINT('Origin',(8.71894552524588,10.9999999999992,0.649999999999853));
#11956=CARTESIAN_POINT('',(8.71894552524588,10.9999999999992,-0.600000000000147));
#11957=CARTESIAN_POINT('Origin',(8.71894552524588,8.04999999999921,-0.600000000000147));
#11958=CARTESIAN_POINT('',(8.71894552524588,9.29999999999921,-0.600000000000147));
#11959=CARTESIAN_POINT('Origin',(8.71894552524588,9.29999999999921,0.649999999999853));
#11960=CARTESIAN_POINT('',(8.71894552524588,8.04999999999921,0.649999999999853));
#11961=CARTESIAN_POINT('Origin',(8.71894552524588,8.04999999999921,3.44553375346356));
#11962=CARTESIAN_POINT('',(8.71894552524588,8.04999999999921,3.11059726292465));
#11963=CARTESIAN_POINT('Origin',(8.71894552524588,6.79999999999921,3.11059726292465));
#11964=CARTESIAN_POINT('',(8.71894552524588,7.88253175472976,3.73559726292465));
#11965=CARTESIAN_POINT('Origin',(8.71894552524588,10.9999999999992,4.23598387113536));
#11966=CARTESIAN_POINT('',(8.71894552524588,12.0825317547298,4.86098387113536));
#11967=CARTESIAN_POINT('Origin',(8.71894552524588,-8.04999999999971,2.52045889848936));
#11968=CARTESIAN_POINT('',(8.71894552524588,-3.44889011439036,10.4898149915722));
#11969=CARTESIAN_POINT('',(8.71894552524588,-7.88253175473026,2.81052240795046));
#11970=CARTESIAN_POINT('Origin',(8.71894552524588,-6.79999999999971,2.18552240795046));
#11971=CARTESIAN_POINT('',(8.71894552524588,-8.04999999999971,2.18552240795046));
#11972=CARTESIAN_POINT('Origin',(8.71894552524588,-8.04999999999971,-0.600000000000147));
#11973=CARTESIAN_POINT('',(8.71894552524588,-8.04999999999971,0.649999999999853));
#11974=CARTESIAN_POINT('Origin',(8.71894552524588,-9.29999999999971,0.649999999999853));
#11975=CARTESIAN_POINT('',(8.71894552524588,-9.29999999999971,-0.600000000000147));
#11976=CARTESIAN_POINT('Origin',(8.71894552524588,-12.2499999999997,-0.600000000000147));
#11977=CARTESIAN_POINT('',(8.71894552524588,-10.9999999999997,-0.600000000000147));
#11978=CARTESIAN_POINT('Origin',(8.71894552524588,-10.9999999999997,0.649999999999853));
#11979=CARTESIAN_POINT('',(8.71894552524588,-12.2499999999997,0.649999999999853));
#11980=CARTESIAN_POINT('Origin',(8.71894552524588,-12.2499999999997,3.64584550670008));
#11981=CARTESIAN_POINT('',(8.71894552524588,-12.2499999999997,3.31090901616118));
#11982=CARTESIAN_POINT('Origin',(8.71894552524588,-10.9999999999997,3.31090901616118));
#11983=CARTESIAN_POINT('',(8.71894552524588,-12.0825317547303,3.93590901616118));
#11984=CARTESIAN_POINT('Origin',(8.71894552524588,3.62213841268625,11.1148149915722));
#11985=CARTESIAN_POINT('',(8.71894552524588,3.98298233092977,10.4898149915722));
#11986=CARTESIAN_POINT('Origin',(8.71894552524588,2.90045057619922,9.86481499157219));
#11987=CARTESIAN_POINT('',(8.71894552524588,2.90045057619922,11.1148149915722));
#11988=CARTESIAN_POINT('Origin',(8.71894552524588,-3.08804619614684,11.1148149915722));
#11989=CARTESIAN_POINT('',(8.71894552524588,-2.36635835965981,11.1148149915722));
#11990=CARTESIAN_POINT('Origin',(8.71894552524588,-2.36635835965981,9.86481499157219));
#11991=CARTESIAN_POINT('Origin',(8.71894552524588,-6.90711141217044,12.9000000000003));
#11992=CARTESIAN_POINT('',(15.9189455252459,-7.98964316690098,11.0250000000003));
#11993=CARTESIAN_POINT('Origin',(15.9189455252459,-9.07217492163153,11.6500000000003));
#11994=CARTESIAN_POINT('',(15.9189455252459,-9.07217492163153,12.9000000000003));
#11995=CARTESIAN_POINT('Origin',(8.71894552524588,12.2499999999992,4.57092036167426));
#11996=CARTESIAN_POINT('',(15.9189455252459,8.52373538344039,11.0250000000003));
#11997=CARTESIAN_POINT('Origin',(15.9189455252459,9.60626713817094,11.6500000000003));
#11998=CARTESIAN_POINT('',(15.9189455252459,9.60626713817094,12.9000000000003));
#11999=CARTESIAN_POINT('Origin',(23.1189455252454,46.1391862816479,12.9000000000003));
#12000=CARTESIAN_POINT('',(23.1189455252459,14.985658856737,12.9000000000003));
#12001=CARTESIAN_POINT('Origin',(23.1189455252457,17.6191193896362,2.00043604851858));
#12002=CARTESIAN_POINT('',(23.1189455252457,16.9054353011447,1.29996833203619));
#12003=CARTESIAN_POINT('',(23.1189455252457,16.6794267688476,1.6584159052001));
#12004=CARTESIAN_POINT('Origin',(23.1189455252457,16.8114257712816,1.29575162661366));
#12005=CARTESIAN_POINT('',(23.1189455252457,16.3376323124888,2.59748845616296));
#12006=CARTESIAN_POINT('Origin',(23.1189455252457,18.4618185925331,-0.285780681831292));
#12007=CARTESIAN_POINT('',(23.1189455252457,18.4618185925331,-0.285780681831292));
#12008=CARTESIAN_POINT('Origin',(23.1189455252457,17.2773249332774,2.93950859948145));
#12009=CARTESIAN_POINT('',(23.1189455252457,16.715177010424,3.76654530533653));
#12010=CARTESIAN_POINT('Origin',(23.1189455252459,17.4999999999992,4.29999999999986));
#12011=CARTESIAN_POINT('',(23.1189455252458,17.7499999999995,4.46992834745837));
#12012=CARTESIAN_POINT('Origin',(23.1189455252457,16.5442496197579,6.4443125799335));
#12013=CARTESIAN_POINT('',(23.1189455252457,17.648966715333,7.54902967550855));
#12014=CARTESIAN_POINT('',(23.1189455252457,16.5442496197579,6.4443125799335));
#12015=CARTESIAN_POINT('Origin',(23.1189455252457,16.7650832388498,8.43291315199174));
#12016=CARTESIAN_POINT('',(23.1189455252457,17.8476149935804,9.05791315199174));
#12017=CARTESIAN_POINT('Origin',(23.1189455252456,19.7612268195896,11.6500000000005));
#12018=CARTESIAN_POINT('',(23.1189455252456,20.8884518467911,12.190244146707));
#12019=CARTESIAN_POINT('',(23.1189455252456,19.7612268195896,12.9000000000003));
#12020=CARTESIAN_POINT('Origin',(23.1189455252456,20.8884518467911,12.190244146707));
#12021=CARTESIAN_POINT('',(23.1189455252456,22.1679427691831,9.5205730385794));
#12022=CARTESIAN_POINT('Origin',(23.1189455252456,23.2951677963846,10.0608171852859));
#12023=CARTESIAN_POINT('',(23.1189455252456,23.2951677963846,8.81081718528589));
#12024=CARTESIAN_POINT('Origin',(23.1189455252456,23.2951677963846,8.8108171852859));
#12025=CARTESIAN_POINT('',(23.1189455252456,23.4518964219873,8.81081718528589));
#12026=CARTESIAN_POINT('Origin',(23.1189455252456,23.4518964219873,10.0608171852859));
#12027=CARTESIAN_POINT('',(23.1189455252456,24.7018964219873,10.0608171852859));
#12028=CARTESIAN_POINT('Origin',(23.1189455252456,25.8765121979697,12.4724748208428));
#12029=CARTESIAN_POINT('',(23.1189455252456,26.3794216011444,12.2894307675546));
#12030=CARTESIAN_POINT('',(23.1189455252456,29.239800411212,11.2483380219642));
#12031=CARTESIAN_POINT('Origin',(23.1189455252455,29.239800411212,12.8999999999998));
#12032=CARTESIAN_POINT('',(23.1189455252455,29.239800411212,0.589803963771709));
#12033=CARTESIAN_POINT('Origin',(23.1189455252456,27.989800411212,0.589803963771709));
#12034=CARTESIAN_POINT('',(23.1189455252456,27.989800411212,-0.660196036228291));
#12035=CARTESIAN_POINT('Origin',(23.1189455252456,27.989800411212,-0.660196036228291));
#12036=CARTESIAN_POINT('',(23.1189455252457,19.3539237031475,-0.660196036228295));
#12037=CARTESIAN_POINT('Origin',(23.1189455252457,19.3539237031475,0.589803963771691));
#12038=CARTESIAN_POINT('Origin',(23.1189455252457,17.7499999999995,4.39999999999986));
#12039=CARTESIAN_POINT('',(23.1189455252457,17.7499999999995,5.39999999999986));
#12040=CARTESIAN_POINT('Origin',(23.1189455252457,16.8999999999995,5.39999999999986));
#12041=CARTESIAN_POINT('',(23.1189455252457,16.1781330962411,5.39999999999986));
#12042=CARTESIAN_POINT('Origin',(23.1189455252457,16.1781330962411,5.39999999999986));
#12043=CARTESIAN_POINT('',(23.1189455252457,16.1781330962411,5.56042910345032));
#12044=CARTESIAN_POINT('Origin',(23.1189455252457,17.4281330962411,5.56042910345032));
#12045=CARTESIAN_POINT('Origin',(23.1189455252456,21.9293731294697,4.93108711418271));
#12046=CARTESIAN_POINT('',(23.1189455252456,20.6793731294697,4.93108711418271));
#12047=CARTESIAN_POINT('',(23.1189455252456,21.9293731294697,6.18108711418271));
#12048=CARTESIAN_POINT('Origin',(23.1189455252456,20.6793731294697,4.93108711418271));
#12049=CARTESIAN_POINT('',(23.1189455252456,20.6793731294697,2.10809911330865));
#12050=CARTESIAN_POINT('Origin',(23.1189455252456,23.864079929668,2.10809911330865));
#12051=CARTESIAN_POINT('',(23.1189455252456,24.6982350439534,2.10809911330865));
#12052=CARTESIAN_POINT('Origin',(23.1189455252456,24.6982350439534,5.28989217317974));
#12053=CARTESIAN_POINT('',(23.1189455252456,24.6982350439534,6.18108711418271));
#12054=CARTESIAN_POINT('Origin',(23.1189455252456,24.6982350439534,6.18108711418271));
#12055=CARTESIAN_POINT('Origin',(23.1189455252457,17.8476149935804,9.05791315199174));
#12056=CARTESIAN_POINT('',(23.1189455252457,16.4731183940669,11.4386110971797));
#12057=CARTESIAN_POINT('Origin',(23.1189455252456,24.7018964219873,10.0608171852859));
#12058=CARTESIAN_POINT('',(23.1189455252456,24.7018964219873,11.1148149915722));
#12059=CARTESIAN_POINT('Origin',(23.1189455252456,25.9518964219873,11.1148149915722));
#12060=CARTESIAN_POINT('Origin',(23.1189455252459,15.7727198207927,12.9000000000003));
#12061=CARTESIAN_POINT('',(23.1189455252459,16.1128838839385,12.1902441467068));
#12062=CARTESIAN_POINT('Origin',(23.1189455252459,14.985658856737,11.6500000000003));
#12063=CARTESIAN_POINT('Origin',(23.1189455252454,46.1391862816479,12.9000000000003));
#12064=CARTESIAN_POINT('Origin',(23.1189455252454,46.1391862816479,12.9000000000003));
#12065=CARTESIAN_POINT('Origin',(15.9189455252453,-55.0499999701988,16.8614180005227));
#12066=CARTESIAN_POINT('',(15.9189455252453,-55.2999999701988,16.6114180005227));
#12067=CARTESIAN_POINT('Origin',(23.9189455252453,-55.2999999701989,16.5154019543778));
#12068=CARTESIAN_POINT('',(23.7189455252453,-55.3000000000012,15.5154019543778));
#12069=CARTESIAN_POINT('Origin',(23.1189455252452,-63.5195276403126,11.7609140351375));
#12070=CARTESIAN_POINT('Origin',(23.9189455252464,-51.6499999999988,15.5154019543773));
#12071=CARTESIAN_POINT('',(23.7189455252453,55.3000000000012,15.5154019543778));
#12072=CARTESIAN_POINT('Origin',(23.9189455252453,55.2999999701989,16.5154019543778));
#12073=UNCERTAINTY_MEASURE_WITH_UNIT(LENGTH_MEASURE(0.01),#12077,
'DISTANCE_ACCURACY_VALUE',
'Maximum model space distance between geometric entities at asserted c
onnectivities');
#12074=UNCERTAINTY_MEASURE_WITH_UNIT(LENGTH_MEASURE(0.01),#12077,
'DISTANCE_ACCURACY_VALUE',
'Maximum model space distance between geometric entities at asserted c
onnectivities');
#12075=(
GEOMETRIC_REPRESENTATION_CONTEXT(3)
GLOBAL_UNCERTAINTY_ASSIGNED_CONTEXT((#12073))
GLOBAL_UNIT_ASSIGNED_CONTEXT((#12077,#12078,#12079))
REPRESENTATION_CONTEXT('','3D')
);
#12076=(
GEOMETRIC_REPRESENTATION_CONTEXT(3)
GLOBAL_UNCERTAINTY_ASSIGNED_CONTEXT((#12074))
GLOBAL_UNIT_ASSIGNED_CONTEXT((#12077,#12078,#12079))
REPRESENTATION_CONTEXT('','3D')
);
#12077=(
LENGTH_UNIT()
NAMED_UNIT(*)
SI_UNIT(.MILLI.,.METRE.)
);
#12078=(
NAMED_UNIT(*)
PLANE_ANGLE_UNIT()
SI_UNIT($,.RADIAN.)
);
#12079=(
NAMED_UNIT(*)
SI_UNIT($,.STERADIAN.)
SOLID_ANGLE_UNIT()
);
#12080=SHAPE_DEFINITION_REPRESENTATION(#12081,#12082);
#12081=PRODUCT_DEFINITION_SHAPE('',$,#12084);
#12082=SHAPE_REPRESENTATION('',(#5693),#12075);
#12083=PRODUCT_DEFINITION_CONTEXT('part definition',#12088,'design');
#12084=PRODUCT_DEFINITION('bracketC45_02','bracketC45_02 v9',#12085,#12083);
#12085=PRODUCT_DEFINITION_FORMATION('',$,#12090);
#12086=PRODUCT_RELATED_PRODUCT_CATEGORY('bracketC45_02 v9',
'bracketC45_02 v9',(#12090));
#12087=APPLICATION_PROTOCOL_DEFINITION('international standard',
'ap242_managed_model_based_3d_engineering',2011,#12088);
#12088=APPLICATION_CONTEXT('Managed model based 3d engineering');
#12089=PRODUCT_CONTEXT('part definition',#12088,'mechanical');
#12090=PRODUCT('bracketC45_02','bracketC45_02 v9',$,(#12089));
#12091=PRESENTATION_STYLE_ASSIGNMENT((#12098));
#12092=PRESENTATION_STYLE_ASSIGNMENT((#12099));
#12093=PRESENTATION_STYLE_ASSIGNMENT((#12100));
#12094=PRESENTATION_STYLE_ASSIGNMENT((#12101));
#12095=PRESENTATION_STYLE_ASSIGNMENT((#12102));
#12096=PRESENTATION_STYLE_ASSIGNMENT((#12103));
#12097=PRESENTATION_STYLE_ASSIGNMENT((#12104));
#12098=SURFACE_STYLE_USAGE(.BOTH.,#12105);
#12099=SURFACE_STYLE_USAGE(.BOTH.,#12106);
#12100=SURFACE_STYLE_USAGE(.BOTH.,#12107);
#12101=SURFACE_STYLE_USAGE(.BOTH.,#12108);
#12102=SURFACE_STYLE_USAGE(.BOTH.,#12109);
#12103=SURFACE_STYLE_USAGE(.BOTH.,#12110);
#12104=SURFACE_STYLE_USAGE(.BOTH.,#12111);
#12105=SURFACE_SIDE_STYLE('',(#12112));
#12106=SURFACE_SIDE_STYLE('',(#12113));
#12107=SURFACE_SIDE_STYLE('',(#12114));
#12108=SURFACE_SIDE_STYLE('',(#12115));
#12109=SURFACE_SIDE_STYLE('',(#12116));
#12110=SURFACE_SIDE_STYLE('',(#12117));
#12111=SURFACE_SIDE_STYLE('',(#12118));
#12112=SURFACE_STYLE_FILL_AREA(#12119);
#12113=SURFACE_STYLE_FILL_AREA(#12120);
#12114=SURFACE_STYLE_FILL_AREA(#12121);
#12115=SURFACE_STYLE_FILL_AREA(#12122);
#12116=SURFACE_STYLE_FILL_AREA(#12123);
#12117=SURFACE_STYLE_FILL_AREA(#12124);
#12118=SURFACE_STYLE_FILL_AREA(#12125);
#12119=FILL_AREA_STYLE('Steel - Satin',(#12126));
#12120=FILL_AREA_STYLE('Plastic - Translucent Matte (Blue)',(#12127));
#12121=FILL_AREA_STYLE('Opaque(202,209,238)',(#12128));
#12122=FILL_AREA_STYLE('Opaque(144,144,144)',(#12129));
#12123=FILL_AREA_STYLE('Opaque(192,192,192)',(#12130));
#12124=FILL_AREA_STYLE('Opaque(151,158,166)',(#12131));
#12125=FILL_AREA_STYLE('Opaque(89,190,89)',(#12132));
#12126=FILL_AREA_STYLE_COLOUR('Steel - Satin',#12133);
#12127=FILL_AREA_STYLE_COLOUR('Plastic - Translucent Matte (Blue)',#12134);
#12128=FILL_AREA_STYLE_COLOUR('Opaque(202,209,238)',#12135);
#12129=FILL_AREA_STYLE_COLOUR('Opaque(144,144,144)',#12136);
#12130=FILL_AREA_STYLE_COLOUR('Opaque(192,192,192)',#12137);
#12131=FILL_AREA_STYLE_COLOUR('Opaque(151,158,166)',#12138);
#12132=FILL_AREA_STYLE_COLOUR('Opaque(89,190,89)',#12139);
#12133=COLOUR_RGB('Steel - Satin',0.627450980392157,0.627450980392157,0.627450980392157);
#12134=COLOUR_RGB('Plastic - Translucent Matte (Blue)',0.,0.117647058823529,
1.);
#12135=COLOUR_RGB('Opaque(202,209,238)',0.792156862745098,0.819607843137255,
0.933333333333333);
#12136=COLOUR_RGB('Opaque(144,144,144)',0.564705882352941,0.564705882352941,
0.564705882352941);
#12137=COLOUR_RGB('Opaque(192,192,192)',0.752941176470588,0.752941176470588,
0.752941176470588);
#12138=COLOUR_RGB('Opaque(151,158,166)',0.592156862745098,0.619607843137255,
0.650980392156863);
#12139=COLOUR_RGB('Opaque(89,190,89)',0.349019607843137,0.745098039215686,
0.349019607843137);
ENDSEC;
END-ISO-10303-21;
